protocol,target,model,method,refinement,fold,feature,importance,rank,selected,selection_frequency
speaker_independent,emotion_original,random_forest,rf_impurity,importance,0,F0semitoneFrom27.5Hz_sma3nz_amean,0.010819574752673958,37,False,0.0
speaker_independent,emotion_original,random_forest,rf_impurity,importance,0,F0semitoneFrom27.5Hz_sma3nz_stddevNorm,0.015904636224012763,12,True,1.0
speaker_independent,emotion_original,random_forest,rf_impurity,importance,0,F0semitoneFrom27.5Hz_sma3nz_percentile20.0,0.012883241102426718,20,False,0.0
speaker_independent,emotion_original,random_forest,rf_impurity,importance,0,F0semitoneFrom27.5Hz_sma3nz_percentile50.0,0.009733438434167031,49,False,0.0
speaker_independent,emotion_original,random_forest,rf_impurity,importance,0,F0semitoneFrom27.5Hz_sma3nz_percentile80.0,0.010406751869944116,40,False,0.0
speaker_independent,emotion_original,random_forest,rf_impurity,importance,0,F0semitoneFrom27.5Hz_sma3nz_pctlrange0-2,0.021313199251366245,3,True,1.0
speaker_independent,emotion_original,random_forest,rf_impurity,importance,0,F0semitoneFrom27.5Hz_sma3nz_meanRisingSlope,0.009160784605281806,57,False,0.0
speaker_independent,emotion_original,random_forest,rf_impurity,importance,0,F0semitoneFrom27.5Hz_sma3nz_stddevRisingSlope,0.00789506278639379,76,False,0.0
speaker_independent,emotion_original,random_forest,rf_impurity,importance,0,F0semitoneFrom27.5Hz_sma3nz_meanFallingSlope,0.011485885953199432,30,False,0.0
speaker_independent,emotion_original,random_forest,rf_impurity,importance,0,F0semitoneFrom27.5Hz_sma3nz_stddevFallingSlope,0.018128423696886387,10,True,1.0
speaker_independent,emotion_original,random_forest,rf_impurity,importance,0,loudness_sma3_amean,0.014417828390576407,18,False,0.8
speaker_independent,emotion_original,random_forest,rf_impurity,importance,0,loudness_sma3_stddevNorm,0.011778017895476183,24,False,0.0
speaker_independent,emotion_original,random_forest,rf_impurity,importance,0,loudness_sma3_percentile20.0,0.009826509440754564,48,False,0.0
speaker_independent,emotion_original,random_forest,rf_impurity,importance,0,loudness_sma3_percentile50.0,0.015257064772788917,13,True,0.4
speaker_independent,emotion_original,random_forest,rf_impurity,importance,0,loudness_sma3_percentile80.0,0.018681453990233313,9,True,1.0
speaker_independent,emotion_original,random_forest,rf_impurity,importance,0,loudness_sma3_pctlrange0-2,0.021232296995136842,4,True,1.0
speaker_independent,emotion_original,random_forest,rf_impurity,importance,0,loudness_sma3_meanRisingSlope,0.01674501214904744,11,True,1.0
speaker_independent,emotion_original,random_forest,rf_impurity,importance,0,loudness_sma3_stddevRisingSlope,0.011819354102768286,23,False,0.4
speaker_independent,emotion_original,random_forest,rf_impurity,importance,0,loudness_sma3_meanFallingSlope,0.020955016249852534,5,True,1.0
speaker_independent,emotion_original,random_forest,rf_impurity,importance,0,loudness_sma3_stddevFallingSlope,0.014731723321453304,16,False,0.0
speaker_independent,emotion_original,random_forest,rf_impurity,importance,0,spectralFlux_sma3_amean,0.020114544765713456,8,True,1.0
speaker_independent,emotion_original,random_forest,rf_impurity,importance,0,spectralFlux_sma3_stddevNorm,0.007977245770331497,74,False,0.0
speaker_independent,emotion_original,random_forest,rf_impurity,importance,0,mfcc1_sma3_amean,0.009837576572498586,47,False,0.0
speaker_independent,emotion_original,random_forest,rf_impurity,importance,0,mfcc1_sma3_stddevNorm,0.010178321752147142,43,False,0.0
speaker_independent,emotion_original,random_forest,rf_impurity,importance,0,mfcc2_sma3_amean,0.008503084818040444,64,False,0.0
speaker_independent,emotion_original,random_forest,rf_impurity,importance,0,mfcc2_sma3_stddevNorm,0.008584258936446352,62,False,0.0
speaker_independent,emotion_original,random_forest,rf_impurity,importance,0,mfcc3_sma3_amean,0.007456605964451973,83,False,0.0
speaker_independent,emotion_original,random_forest,rf_impurity,importance,0,mfcc3_sma3_stddevNorm,0.00821715140183759,70,False,0.0
speaker_independent,emotion_original,random_forest,rf_impurity,importance,0,mfcc4_sma3_amean,0.009627173350560904,53,False,0.0
speaker_independent,emotion_original,random_forest,rf_impurity,importance,0,mfcc4_sma3_stddevNorm,0.010068991393831685,45,False,0.0
speaker_independent,emotion_original,random_forest,rf_impurity,importance,0,jitterLocal_sma3nz_amean,0.022670686669363352,2,True,1.0
speaker_independent,emotion_original,random_forest,rf_impurity,importance,0,jitterLocal_sma3nz_stddevNorm,0.007993535598543784,73,False,0.0
speaker_independent,emotion_original,random_forest,rf_impurity,importance,0,shimmerLocaldB_sma3nz_amean,0.011478056226958243,31,False,0.0
speaker_independent,emotion_original,random_forest,rf_impurity,importance,0,shimmerLocaldB_sma3nz_stddevNorm,0.015023970541830635,15,True,0.4
speaker_independent,emotion_original,random_forest,rf_impurity,importance,0,HNRdBACF_sma3nz_amean,0.020299702911105028,7,True,0.8
speaker_independent,emotion_original,random_forest,rf_impurity,importance,0,HNRdBACF_sma3nz_stddevNorm,0.02040609638060293,6,True,1.0
speaker_independent,emotion_original,random_forest,rf_impurity,importance,0,logRelF0-H1-H2_sma3nz_amean,0.009215208579349337,56,False,0.0
speaker_independent,emotion_original,random_forest,rf_impurity,importance,0,logRelF0-H1-H2_sma3nz_stddevNorm,0.009838877507287576,46,False,0.0
speaker_independent,emotion_original,random_forest,rf_impurity,importance,0,logRelF0-H1-A3_sma3nz_amean,0.011636696036421552,29,False,0.0
speaker_independent,emotion_original,random_forest,rf_impurity,importance,0,logRelF0-H1-A3_sma3nz_stddevNorm,0.007327033071910657,85,False,0.0
speaker_independent,emotion_original,random_forest,rf_impurity,importance,0,F1frequency_sma3nz_amean,0.011696085187237438,26,False,0.0
speaker_independent,emotion_original,random_forest,rf_impurity,importance,0,F1frequency_sma3nz_stddevNorm,0.007679366400389862,80,False,0.0
speaker_independent,emotion_original,random_forest,rf_impurity,importance,0,F1bandwidth_sma3nz_amean,0.008123025221667567,72,False,0.0
speaker_independent,emotion_original,random_forest,rf_impurity,importance,0,F1bandwidth_sma3nz_stddevNorm,0.008602276719002353,61,False,0.0
speaker_independent,emotion_original,random_forest,rf_impurity,importance,0,F1amplitudeLogRelF0_sma3nz_amean,0.00830118687519289,67,False,0.0
speaker_independent,emotion_original,random_forest,rf_impurity,importance,0,F1amplitudeLogRelF0_sma3nz_stddevNorm,0.009287488568936644,54,False,0.0
speaker_independent,emotion_original,random_forest,rf_impurity,importance,0,F2frequency_sma3nz_amean,0.011685385550649744,27,False,0.0
speaker_independent,emotion_original,random_forest,rf_impurity,importance,0,F2frequency_sma3nz_stddevNorm,0.00835808984390448,66,False,0.0
speaker_independent,emotion_original,random_forest,rf_impurity,importance,0,F2bandwidth_sma3nz_amean,0.006836594618291825,88,False,0.0
speaker_independent,emotion_original,random_forest,rf_impurity,importance,0,F2bandwidth_sma3nz_stddevNorm,0.007504097544399319,82,False,0.0
speaker_independent,emotion_original,random_forest,rf_impurity,importance,0,F2amplitudeLogRelF0_sma3nz_amean,0.011119404853376537,35,False,0.0
speaker_independent,emotion_original,random_forest,rf_impurity,importance,0,F2amplitudeLogRelF0_sma3nz_stddevNorm,0.011103260791384266,36,False,0.0
speaker_independent,emotion_original,random_forest,rf_impurity,importance,0,F3frequency_sma3nz_amean,0.010700434532706634,38,False,0.0
speaker_independent,emotion_original,random_forest,rf_impurity,importance,0,F3frequency_sma3nz_stddevNorm,0.008276545313555934,69,False,0.0
speaker_independent,emotion_original,random_forest,rf_impurity,importance,0,F3bandwidth_sma3nz_amean,0.00700940138687862,87,False,0.0
speaker_independent,emotion_original,random_forest,rf_impurity,importance,0,F3bandwidth_sma3nz_stddevNorm,0.007813623207023775,78,False,0.0
speaker_independent,emotion_original,random_forest,rf_impurity,importance,0,F3amplitudeLogRelF0_sma3nz_amean,0.010200222800675847,42,False,0.0
speaker_independent,emotion_original,random_forest,rf_impurity,importance,0,F3amplitudeLogRelF0_sma3nz_stddevNorm,0.014583069177433326,17,False,0.2
speaker_independent,emotion_original,random_forest,rf_impurity,importance,0,alphaRatioV_sma3nz_amean,0.009720322702424357,50,False,0.0
speaker_independent,emotion_original,random_forest,rf_impurity,importance,0,alphaRatioV_sma3nz_stddevNorm,0.011126682705081584,34,False,0.0
speaker_independent,emotion_original,random_forest,rf_impurity,importance,0,hammarbergIndexV_sma3nz_amean,0.010563388529622067,39,False,0.0
speaker_independent,emotion_original,random_forest,rf_impurity,importance,0,hammarbergIndexV_sma3nz_stddevNorm,0.012598602124787429,21,False,0.0
speaker_independent,emotion_original,random_forest,rf_impurity,importance,0,slopeV0-500_sma3nz_amean,0.0096779047427648,51,False,0.0
speaker_independent,emotion_original,random_forest,rf_impurity,importance,0,slopeV0-500_sma3nz_stddevNorm,0.007852538174728606,77,False,0.0
speaker_independent,emotion_original,random_forest,rf_impurity,importance,0,slopeV500-1500_sma3nz_amean,0.011209673634599416,33,False,0.0
speaker_independent,emotion_original,random_forest,rf_impurity,importance,0,slopeV500-1500_sma3nz_stddevNorm,0.010225609018521882,41,False,0.0
speaker_independent,emotion_original,random_forest,rf_impurity,importance,0,spectralFluxV_sma3nz_amean,0.025797674819395378,1,True,1.0
speaker_independent,emotion_original,random_forest,rf_impurity,importance,0,spectralFluxV_sma3nz_stddevNorm,0.011382165956420578,32,False,0.0
speaker_independent,emotion_original,random_forest,rf_impurity,importance,0,mfcc1V_sma3nz_amean,0.011771492867405113,25,False,0.0
speaker_independent,emotion_original,random_forest,rf_impurity,importance,0,mfcc1V_sma3nz_stddevNorm,0.008278135783713515,68,False,0.0
speaker_independent,emotion_original,random_forest,rf_impurity,importance,0,mfcc2V_sma3nz_amean,0.010154804196403744,44,False,0.0
speaker_independent,emotion_original,random_forest,rf_impurity,importance,0,mfcc2V_sma3nz_stddevNorm,0.008547755835804388,63,False,0.0
speaker_independent,emotion_original,random_forest,rf_impurity,importance,0,mfcc3V_sma3nz_amean,0.00759208847570701,81,False,0.0
speaker_independent,emotion_original,random_forest,rf_impurity,importance,0,mfcc3V_sma3nz_stddevNorm,0.007152616038764537,86,False,0.0
speaker_independent,emotion_original,random_forest,rf_impurity,importance,0,mfcc4V_sma3nz_amean,0.0096577153107672,52,False,0.0
speaker_independent,emotion_original,random_forest,rf_impurity,importance,0,mfcc4V_sma3nz_stddevNorm,0.009036425586928663,58,False,0.0
speaker_independent,emotion_original,random_forest,rf_impurity,importance,0,alphaRatioUV_sma3nz_amean,0.008424210243001388,65,False,0.0
speaker_independent,emotion_original,random_forest,rf_impurity,importance,0,hammarbergIndexUV_sma3nz_amean,0.007905995376591417,75,False,0.0
speaker_independent,emotion_original,random_forest,rf_impurity,importance,0,slopeUV0-500_sma3nz_amean,0.007441823304859475,84,False,0.0
speaker_independent,emotion_original,random_forest,rf_impurity,importance,0,slopeUV500-1500_sma3nz_amean,0.008936810949251561,59,False,0.0
speaker_independent,emotion_original,random_forest,rf_impurity,importance,0,spectralFluxUV_sma3nz_amean,0.015044421059233756,14,True,0.2
speaker_independent,emotion_original,random_forest,rf_impurity,importance,0,loudnessPeaksPerSec,0.011648121136444409,28,False,0.0
speaker_independent,emotion_original,random_forest,rf_impurity,importance,0,VoicedSegmentsPerSec,0.008194005132944477,71,False,0.0
speaker_independent,emotion_original,random_forest,rf_impurity,importance,0,MeanVoicedSegmentLengthSec,0.007702516664523787,79,False,0.0
speaker_independent,emotion_original,random_forest,rf_impurity,importance,0,StddevVoicedSegmentLengthSec,0.008720396048471355,60,False,0.0
speaker_independent,emotion_original,random_forest,rf_impurity,importance,0,MeanUnvoicedSegmentLength,0.011949563900534223,22,False,0.0
speaker_independent,emotion_original,random_forest,rf_impurity,importance,0,StddevUnvoicedSegmentLength,0.009259467718197818,55,False,0.0
speaker_independent,emotion_original,random_forest,rf_impurity,importance,0,equivalentSoundLevel_dBp,0.013917419135726349,19,False,0.8
speaker_independent,emotion_original,random_forest,rf_permutation,importance,0,F0semitoneFrom27.5Hz_sma3nz_amean,-0.014453125,76,False,0.0
speaker_independent,emotion_original,random_forest,rf_permutation,importance,0,F0semitoneFrom27.5Hz_sma3nz_stddevNorm,-0.00546875,30,False,0.2
speaker_independent,emotion_original,random_forest,rf_permutation,importance,0,F0semitoneFrom27.5Hz_sma3nz_percentile20.0,-0.00625,37,False,0.2
speaker_independent,emotion_original,random_forest,rf_permutation,importance,0,F0semitoneFrom27.5Hz_sma3nz_percentile50.0,-0.01171875,68,False,0.2
speaker_independent,emotion_original,random_forest,rf_permutation,importance,0,F0semitoneFrom27.5Hz_sma3nz_percentile80.0,-0.009375,58,False,0.2
speaker_independent,emotion_original,random_forest,rf_permutation,importance,0,F0semitoneFrom27.5Hz_sma3nz_pctlrange0-2,-0.009765625,63,False,0.8
speaker_independent,emotion_original,random_forest,rf_permutation,importance,0,F0semitoneFrom27.5Hz_sma3nz_meanRisingSlope,-0.0078125,47,False,0.0
speaker_independent,emotion_original,random_forest,rf_permutation,importance,0,F0semitoneFrom27.5Hz_sma3nz_stddevRisingSlope,0.0,3,True,0.2
speaker_independent,emotion_original,random_forest,rf_permutation,importance,0,F0semitoneFrom27.5Hz_sma3nz_meanFallingSlope,-0.00703125,40,False,0.4
speaker_independent,emotion_original,random_forest,rf_permutation,importance,0,F0semitoneFrom27.5Hz_sma3nz_stddevFallingSlope,-0.0140625,75,False,0.6
speaker_independent,emotion_original,random_forest,rf_permutation,importance,0,loudness_sma3_amean,-0.009375,58,False,0.0
speaker_independent,emotion_original,random_forest,rf_permutation,importance,0,loudness_sma3_stddevNorm,-0.0078125,47,False,0.2
speaker_independent,emotion_original,random_forest,rf_permutation,importance,0,loudness_sma3_percentile20.0,-0.003515625,15,True,0.4
speaker_independent,emotion_original,random_forest,rf_permutation,importance,0,loudness_sma3_percentile50.0,-0.016015625,78,False,0.0
speaker_independent,emotion_original,random_forest,rf_permutation,importance,0,loudness_sma3_percentile80.0,-0.017578125,83,False,0.2
speaker_independent,emotion_original,random_forest,rf_permutation,importance,0,loudness_sma3_pctlrange0-2,-0.016015625,78,False,0.2
speaker_independent,emotion_original,random_forest,rf_permutation,importance,0,loudness_sma3_meanRisingSlope,-0.01015625,64,False,0.2
speaker_independent,emotion_original,random_forest,rf_permutation,importance,0,loudness_sma3_stddevRisingSlope,-0.012890625,72,False,0.4
speaker_independent,emotion_original,random_forest,rf_permutation,importance,0,loudness_sma3_meanFallingSlope,-0.001953125,9,True,0.2
speaker_independent,emotion_original,random_forest,rf_permutation,importance,0,loudness_sma3_stddevFallingSlope,-0.00625,37,False,0.0
speaker_independent,emotion_original,random_forest,rf_permutation,importance,0,spectralFlux_sma3_amean,-0.012890625,72,False,0.0
speaker_independent,emotion_original,random_forest,rf_permutation,importance,0,spectralFlux_sma3_stddevNorm,-0.0015625,7,True,0.2
speaker_independent,emotion_original,random_forest,rf_permutation,importance,0,mfcc1_sma3_amean,-0.00234375,11,True,0.6
speaker_independent,emotion_original,random_forest,rf_permutation,importance,0,mfcc1_sma3_stddevNorm,-0.005078125,28,False,0.2
speaker_independent,emotion_original,random_forest,rf_permutation,importance,0,mfcc2_sma3_amean,-0.00703125,40,False,0.0
speaker_independent,emotion_original,random_forest,rf_permutation,importance,0,mfcc2_sma3_stddevNorm,0.0,3,True,0.2
speaker_independent,emotion_original,random_forest,rf_permutation,importance,0,mfcc3_sma3_amean,-0.0015625,7,True,0.2
speaker_independent,emotion_original,random_forest,rf_permutation,importance,0,mfcc3_sma3_stddevNorm,-0.00859375,53,False,0.0
speaker_independent,emotion_original,random_forest,rf_permutation,importance,0,mfcc4_sma3_amean,-0.017578125,83,False,0.2
speaker_independent,emotion_original,random_forest,rf_permutation,importance,0,mfcc4_sma3_stddevNorm,-0.00703125,40,False,0.2
speaker_independent,emotion_original,random_forest,rf_permutation,importance,0,jitterLocal_sma3nz_amean,-0.019921875,86,False,0.2
speaker_independent,emotion_original,random_forest,rf_permutation,importance,0,jitterLocal_sma3nz_stddevNorm,-0.003515625,15,True,0.2
speaker_independent,emotion_original,random_forest,rf_permutation,importance,0,shimmerLocaldB_sma3nz_amean,-0.00546875,30,False,0.0
speaker_independent,emotion_original,random_forest,rf_permutation,importance,0,shimmerLocaldB_sma3nz_stddevNorm,-0.01015625,64,False,0.0
speaker_independent,emotion_original,random_forest,rf_permutation,importance,0,HNRdBACF_sma3nz_amean,-0.014453125,76,False,0.2
speaker_independent,emotion_original,random_forest,rf_permutation,importance,0,HNRdBACF_sma3nz_stddevNorm,-0.003125,13,True,0.4
speaker_independent,emotion_original,random_forest,rf_permutation,importance,0,logRelF0-H1-H2_sma3nz_amean,-0.00859375,53,False,0.2
speaker_independent,emotion_original,random_forest,rf_permutation,importance,0,logRelF0-H1-H2_sma3nz_stddevNorm,-0.003515625,15,True,0.6
speaker_independent,emotion_original,random_forest,rf_permutation,importance,0,logRelF0-H1-A3_sma3nz_amean,-0.007421875,44,False,0.0
speaker_independent,emotion_original,random_forest,rf_permutation,importance,0,logRelF0-H1-A3_sma3nz_stddevNorm,-0.009375,58,False,0.0
speaker_independent,emotion_original,random_forest,rf_permutation,importance,0,F1frequency_sma3nz_amean,-0.003515625,15,True,0.4
speaker_independent,emotion_original,random_forest,rf_permutation,importance,0,F1frequency_sma3nz_stddevNorm,-0.00546875,30,False,0.2
speaker_independent,emotion_original,random_forest,rf_permutation,importance,0,F1bandwidth_sma3nz_amean,-0.00078125,6,True,0.4
speaker_independent,emotion_original,random_forest,rf_permutation,importance,0,F1bandwidth_sma3nz_stddevNorm,-0.00703125,40,False,0.0
speaker_independent,emotion_original,random_forest,rf_permutation,importance,0,F1amplitudeLogRelF0_sma3nz_amean,-0.00625,37,False,0.4
speaker_independent,emotion_original,random_forest,rf_permutation,importance,0,F1amplitudeLogRelF0_sma3nz_stddevNorm,-0.01171875,68,False,0.0
speaker_independent,emotion_original,random_forest,rf_permutation,importance,0,F2frequency_sma3nz_amean,-0.010546875,67,False,0.0
speaker_independent,emotion_original,random_forest,rf_permutation,importance,0,F2frequency_sma3nz_stddevNorm,0.000390625,2,True,0.4
speaker_independent,emotion_original,random_forest,rf_permutation,importance,0,F2bandwidth_sma3nz_amean,-0.001953125,9,True,0.2
speaker_independent,emotion_original,random_forest,rf_permutation,importance,0,F2bandwidth_sma3nz_stddevNorm,-0.0078125,47,False,0.0
speaker_independent,emotion_original,random_forest,rf_permutation,importance,0,F2amplitudeLogRelF0_sma3nz_amean,-0.01640625,81,False,0.2
speaker_independent,emotion_original,random_forest,rf_permutation,importance,0,F2amplitudeLogRelF0_sma3nz_stddevNorm,-0.0171875,82,False,0.4
speaker_independent,emotion_original,random_forest,rf_permutation,importance,0,F3frequency_sma3nz_amean,-0.00859375,53,False,0.0
speaker_independent,emotion_original,random_forest,rf_permutation,importance,0,F3frequency_sma3nz_stddevNorm,-0.0078125,47,False,0.0
speaker_independent,emotion_original,random_forest,rf_permutation,importance,0,F3bandwidth_sma3nz_amean,-0.00546875,30,False,0.0
speaker_independent,emotion_original,random_forest,rf_permutation,importance,0,F3bandwidth_sma3nz_stddevNorm,-0.0125,71,False,0.0
speaker_independent,emotion_original,random_forest,rf_permutation,importance,0,F3amplitudeLogRelF0_sma3nz_amean,-0.008984375,56,False,0.4
speaker_independent,emotion_original,random_forest,rf_permutation,importance,0,F3amplitudeLogRelF0_sma3nz_stddevNorm,-0.022265625,88,False,0.2
speaker_independent,emotion_original,random_forest,rf_permutation,importance,0,alphaRatioV_sma3nz_amean,-0.012890625,72,False,0.0
speaker_independent,emotion_original,random_forest,rf_permutation,importance,0,alphaRatioV_sma3nz_stddevNorm,-0.003515625,15,True,0.6
speaker_independent,emotion_original,random_forest,rf_permutation,importance,0,hammarbergIndexV_sma3nz_amean,-0.004296875,25,False,0.2
speaker_independent,emotion_original,random_forest,rf_permutation,importance,0,hammarbergIndexV_sma3nz_stddevNorm,-0.005859375,34,False,0.2
speaker_independent,emotion_original,random_forest,rf_permutation,importance,0,slopeV0-500_sma3nz_amean,-0.000390625,5,True,0.4
speaker_independent,emotion_original,random_forest,rf_permutation,importance,0,slopeV0-500_sma3nz_stddevNorm,-0.004296875,25,False,0.0
speaker_independent,emotion_original,random_forest,rf_permutation,importance,0,slopeV500-1500_sma3nz_amean,-0.005078125,28,False,0.2
speaker_independent,emotion_original,random_forest,rf_permutation,importance,0,slopeV500-1500_sma3nz_stddevNorm,-0.016015625,78,False,0.2
speaker_independent,emotion_original,random_forest,rf_permutation,importance,0,spectralFluxV_sma3nz_amean,0.00390625,1,True,0.4
speaker_independent,emotion_original,random_forest,rf_permutation,importance,0,spectralFluxV_sma3nz_stddevNorm,-0.008203125,51,False,0.2
speaker_independent,emotion_original,random_forest,rf_permutation,importance,0,mfcc1V_sma3nz_amean,-0.007421875,44,False,0.2
speaker_independent,emotion_original,random_forest,rf_permutation,importance,0,mfcc1V_sma3nz_stddevNorm,-0.002734375,12,True,0.2
speaker_independent,emotion_original,random_forest,rf_permutation,importance,0,mfcc2V_sma3nz_amean,-0.012109375,70,False,0.0
speaker_independent,emotion_original,random_forest,rf_permutation,importance,0,mfcc2V_sma3nz_stddevNorm,-0.003515625,15,True,0.2
speaker_independent,emotion_original,random_forest,rf_permutation,importance,0,mfcc3V_sma3nz_amean,-0.005859375,34,False,0.4
speaker_independent,emotion_original,random_forest,rf_permutation,importance,0,mfcc3V_sma3nz_stddevNorm,-0.00390625,23,False,0.0
speaker_independent,emotion_original,random_forest,rf_permutation,importance,0,mfcc4V_sma3nz_amean,-0.008984375,56,False,0.2
speaker_independent,emotion_original,random_forest,rf_permutation,importance,0,mfcc4V_sma3nz_stddevNorm,-0.008203125,51,False,0.0
speaker_independent,emotion_original,random_forest,rf_permutation,importance,0,alphaRatioUV_sma3nz_amean,-0.007421875,44,False,0.6
speaker_independent,emotion_original,random_forest,rf_permutation,importance,0,hammarbergIndexUV_sma3nz_amean,-0.003515625,15,True,0.2
speaker_independent,emotion_original,random_forest,rf_permutation,importance,0,slopeUV0-500_sma3nz_amean,-0.00390625,23,False,0.2
speaker_independent,emotion_original,random_forest,rf_permutation,importance,0,slopeUV500-1500_sma3nz_amean,-0.009375,58,False,0.4
speaker_independent,emotion_original,random_forest,rf_permutation,importance,0,spectralFluxUV_sma3nz_amean,-0.0203125,87,False,0.0
speaker_independent,emotion_original,random_forest,rf_permutation,importance,0,loudnessPeaksPerSec,-0.003125,13,True,0.4
speaker_independent,emotion_original,random_forest,rf_permutation,importance,0,VoicedSegmentsPerSec,-0.0046875,27,False,0.0
speaker_independent,emotion_original,random_forest,rf_permutation,importance,0,MeanVoicedSegmentLengthSec,-0.003515625,15,True,0.2
speaker_independent,emotion_original,random_forest,rf_permutation,importance,0,StddevVoicedSegmentLengthSec,-0.005859375,34,False,0.4
speaker_independent,emotion_original,random_forest,rf_permutation,importance,0,MeanUnvoicedSegmentLength,-0.01875,85,False,0.0
speaker_independent,emotion_original,random_forest,rf_permutation,importance,0,StddevUnvoicedSegmentLength,-0.009375,58,False,0.0
speaker_independent,emotion_original,random_forest,rf_permutation,importance,0,equivalentSoundLevel_dBp,-0.01015625,64,False,0.2
speaker_independent,emotion_original,logistic_regression,logreg_coefficient,importance,0,F0semitoneFrom27.5Hz_sma3nz_amean,0.637861877952618,10,True,0.8
speaker_independent,emotion_original,logistic_regression,logreg_coefficient,importance,0,F0semitoneFrom27.5Hz_sma3nz_stddevNorm,0.39504987149462045,38,False,0.0
speaker_independent,emotion_original,logistic_regression,logreg_coefficient,importance,0,F0semitoneFrom27.5Hz_sma3nz_percentile20.0,0.4069984963610739,36,False,0.0
speaker_independent,emotion_original,logistic_regression,logreg_coefficient,importance,0,F0semitoneFrom27.5Hz_sma3nz_percentile50.0,0.45852993033604184,25,False,0.8
speaker_independent,emotion_original,logistic_regression,logreg_coefficient,importance,0,F0semitoneFrom27.5Hz_sma3nz_percentile80.0,0.39430228201857087,39,False,0.0
speaker_independent,emotion_original,logistic_regression,logreg_coefficient,importance,0,F0semitoneFrom27.5Hz_sma3nz_pctlrange0-2,0.416472128881637,33,False,0.2
speaker_independent,emotion_original,logistic_regression,logreg_coefficient,importance,0,F0semitoneFrom27.5Hz_sma3nz_meanRisingSlope,0.2634281184619297,62,False,0.0
speaker_independent,emotion_original,logistic_regression,logreg_coefficient,importance,0,F0semitoneFrom27.5Hz_sma3nz_stddevRisingSlope,0.20144248479257093,77,False,0.0
speaker_independent,emotion_original,logistic_regression,logreg_coefficient,importance,0,F0semitoneFrom27.5Hz_sma3nz_meanFallingSlope,0.20086866266458298,78,False,0.0
speaker_independent,emotion_original,logistic_regression,logreg_coefficient,importance,0,F0semitoneFrom27.5Hz_sma3nz_stddevFallingSlope,0.4518396245291927,27,False,0.2
speaker_independent,emotion_original,logistic_regression,logreg_coefficient,importance,0,loudness_sma3_amean,0.21908708934844648,75,False,0.0
speaker_independent,emotion_original,logistic_regression,logreg_coefficient,importance,0,loudness_sma3_stddevNorm,0.7243425525264328,5,True,1.0
speaker_independent,emotion_original,logistic_regression,logreg_coefficient,importance,0,loudness_sma3_percentile20.0,0.2497024323225223,63,False,0.2
speaker_independent,emotion_original,logistic_regression,logreg_coefficient,importance,0,loudness_sma3_percentile50.0,0.32824537307598856,52,False,0.0
speaker_independent,emotion_original,logistic_regression,logreg_coefficient,importance,0,loudness_sma3_percentile80.0,0.31683918795601385,54,False,0.0
speaker_independent,emotion_original,logistic_regression,logreg_coefficient,importance,0,loudness_sma3_pctlrange0-2,0.387031324814455,41,False,0.0
speaker_independent,emotion_original,logistic_regression,logreg_coefficient,importance,0,loudness_sma3_meanRisingSlope,0.5400472587415337,13,True,0.8
speaker_independent,emotion_original,logistic_regression,logreg_coefficient,importance,0,loudness_sma3_stddevRisingSlope,0.3848956859237732,42,False,0.0
speaker_independent,emotion_original,logistic_regression,logreg_coefficient,importance,0,loudness_sma3_meanFallingSlope,0.5011013983827867,15,True,0.4
speaker_independent,emotion_original,logistic_regression,logreg_coefficient,importance,0,loudness_sma3_stddevFallingSlope,0.3724697679813095,46,False,0.0
speaker_independent,emotion_original,logistic_regression,logreg_coefficient,importance,0,spectralFlux_sma3_amean,0.3329848665999976,51,False,0.0
speaker_independent,emotion_original,logistic_regression,logreg_coefficient,importance,0,spectralFlux_sma3_stddevNorm,0.24001177545536773,70,False,0.0
speaker_independent,emotion_original,logistic_regression,logreg_coefficient,importance,0,mfcc1_sma3_amean,0.8528931771617606,2,True,1.0
speaker_independent,emotion_original,logistic_regression,logreg_coefficient,importance,0,mfcc1_sma3_stddevNorm,0.29040600853611837,58,False,0.0
speaker_independent,emotion_original,logistic_regression,logreg_coefficient,importance,0,mfcc2_sma3_amean,0.5131091832850014,14,True,0.6
speaker_independent,emotion_original,logistic_regression,logreg_coefficient,importance,0,mfcc2_sma3_stddevNorm,0.4462574198659855,28,False,0.0
speaker_independent,emotion_original,logistic_regression,logreg_coefficient,importance,0,mfcc3_sma3_amean,0.7012426523063665,6,True,0.8
speaker_independent,emotion_original,logistic_regression,logreg_coefficient,importance,0,mfcc3_sma3_stddevNorm,0.22246816651602633,74,False,0.0
speaker_independent,emotion_original,logistic_regression,logreg_coefficient,importance,0,mfcc4_sma3_amean,0.5748841141526311,11,True,0.8
speaker_independent,emotion_original,logistic_regression,logreg_coefficient,importance,0,mfcc4_sma3_stddevNorm,0.19486346397707918,80,False,0.0
speaker_independent,emotion_original,logistic_regression,logreg_coefficient,importance,0,jitterLocal_sma3nz_amean,0.43705062431529407,29,False,0.0
speaker_independent,emotion_original,logistic_regression,logreg_coefficient,importance,0,jitterLocal_sma3nz_stddevNorm,0.17180876246753418,83,False,0.0
speaker_independent,emotion_original,logistic_regression,logreg_coefficient,importance,0,shimmerLocaldB_sma3nz_amean,0.24750295663586278,66,False,0.0
speaker_independent,emotion_original,logistic_regression,logreg_coefficient,importance,0,shimmerLocaldB_sma3nz_stddevNorm,0.2320140793374102,71,False,0.0
speaker_independent,emotion_original,logistic_regression,logreg_coefficient,importance,0,HNRdBACF_sma3nz_amean,0.8867053278895115,1,True,1.0
speaker_independent,emotion_original,logistic_regression,logreg_coefficient,importance,0,HNRdBACF_sma3nz_stddevNorm,0.3498666286895871,49,False,0.0
speaker_independent,emotion_original,logistic_regression,logreg_coefficient,importance,0,logRelF0-H1-H2_sma3nz_amean,0.21816832694339644,76,False,0.0
speaker_independent,emotion_original,logistic_regression,logreg_coefficient,importance,0,logRelF0-H1-H2_sma3nz_stddevNorm,0.18302773652030502,81,False,0.0
speaker_independent,emotion_original,logistic_regression,logreg_coefficient,importance,0,logRelF0-H1-A3_sma3nz_amean,0.34014498854585884,50,False,0.0
speaker_independent,emotion_original,logistic_regression,logreg_coefficient,importance,0,logRelF0-H1-A3_sma3nz_stddevNorm,0.29420968746541365,57,False,0.2
speaker_independent,emotion_original,logistic_regression,logreg_coefficient,importance,0,F1frequency_sma3nz_amean,0.6741710991872858,8,True,1.0
speaker_independent,emotion_original,logistic_regression,logreg_coefficient,importance,0,F1frequency_sma3nz_stddevNorm,0.15471081348728183,84,False,0.0
speaker_independent,emotion_original,logistic_regression,logreg_coefficient,importance,0,F1bandwidth_sma3nz_amean,0.29944320333865004,56,False,0.0
speaker_independent,emotion_original,logistic_regression,logreg_coefficient,importance,0,F1bandwidth_sma3nz_stddevNorm,0.22615113512224727,72,False,0.0
speaker_independent,emotion_original,logistic_regression,logreg_coefficient,importance,0,F1amplitudeLogRelF0_sma3nz_amean,0.8166146873963376,3,True,0.8
speaker_independent,emotion_original,logistic_regression,logreg_coefficient,importance,0,F1amplitudeLogRelF0_sma3nz_stddevNorm,0.6909322851825781,7,True,0.6
speaker_independent,emotion_original,logistic_regression,logreg_coefficient,importance,0,F2frequency_sma3nz_amean,0.39086360606660076,40,False,0.0
speaker_independent,emotion_original,logistic_regression,logreg_coefficient,importance,0,F2frequency_sma3nz_stddevNorm,0.248674804221853,65,False,0.0
speaker_independent,emotion_original,logistic_regression,logreg_coefficient,importance,0,F2bandwidth_sma3nz_amean,0.1418500451355856,85,False,0.0
speaker_independent,emotion_original,logistic_regression,logreg_coefficient,importance,0,F2bandwidth_sma3nz_stddevNorm,0.18177446691693946,82,False,0.0
speaker_independent,emotion_original,logistic_regression,logreg_coefficient,importance,0,F2amplitudeLogRelF0_sma3nz_amean,0.31586464811505144,55,False,0.0
speaker_independent,emotion_original,logistic_regression,logreg_coefficient,importance,0,F2amplitudeLogRelF0_sma3nz_stddevNorm,0.3831104336521215,43,False,0.0
speaker_independent,emotion_original,logistic_regression,logreg_coefficient,importance,0,F3frequency_sma3nz_amean,0.6513030146065004,9,True,0.2
speaker_independent,emotion_original,logistic_regression,logreg_coefficient,importance,0,F3frequency_sma3nz_stddevNorm,0.2886318566005413,59,False,0.0
speaker_independent,emotion_original,logistic_regression,logreg_coefficient,importance,0,F3bandwidth_sma3nz_amean,0.24470173791762476,69,False,0.0
speaker_independent,emotion_original,logistic_regression,logreg_coefficient,importance,0,F3bandwidth_sma3nz_stddevNorm,0.24704252819393657,67,False,0.0
speaker_independent,emotion_original,logistic_regression,logreg_coefficient,importance,0,F3amplitudeLogRelF0_sma3nz_amean,0.3260120130367627,53,False,0.0
speaker_independent,emotion_original,logistic_regression,logreg_coefficient,importance,0,F3amplitudeLogRelF0_sma3nz_stddevNorm,0.5484424886935018,12,True,0.4
speaker_independent,emotion_original,logistic_regression,logreg_coefficient,importance,0,alphaRatioV_sma3nz_amean,0.3784790639256357,44,False,0.4
speaker_independent,emotion_original,logistic_regression,logreg_coefficient,importance,0,alphaRatioV_sma3nz_stddevNorm,0.19571542581709891,79,False,0.0
speaker_independent,emotion_original,logistic_regression,logreg_coefficient,importance,0,hammarbergIndexV_sma3nz_amean,0.45961576300966694,24,False,0.0
speaker_independent,emotion_original,logistic_regression,logreg_coefficient,importance,0,hammarbergIndexV_sma3nz_stddevNorm,0.475586497096501,22,False,0.2
speaker_independent,emotion_original,logistic_regression,logreg_coefficient,importance,0,slopeV0-500_sma3nz_amean,0.484014732841214,21,False,0.2
speaker_independent,emotion_original,logistic_regression,logreg_coefficient,importance,0,slopeV0-500_sma3nz_stddevNorm,0.2459788863109879,68,False,0.0
speaker_independent,emotion_original,logistic_regression,logreg_coefficient,importance,0,slopeV500-1500_sma3nz_amean,0.4995701302102557,16,False,0.0
speaker_independent,emotion_original,logistic_regression,logreg_coefficient,importance,0,slopeV500-1500_sma3nz_stddevNorm,0.48445221103689984,20,False,0.0
speaker_independent,emotion_original,logistic_regression,logreg_coefficient,importance,0,spectralFluxV_sma3nz_amean,0.48826908108164263,19,False,0.0
speaker_independent,emotion_original,logistic_regression,logreg_coefficient,importance,0,spectralFluxV_sma3nz_stddevNorm,0.4895965572223097,18,False,0.2
speaker_independent,emotion_original,logistic_regression,logreg_coefficient,importance,0,mfcc1V_sma3nz_amean,0.4244034978091171,32,False,0.0
speaker_independent,emotion_original,logistic_regression,logreg_coefficient,importance,0,mfcc1V_sma3nz_stddevNorm,0.09493998689443796,88,False,0.0
speaker_independent,emotion_original,logistic_regression,logreg_coefficient,importance,0,mfcc2V_sma3nz_amean,0.49208072300974587,17,False,0.6
speaker_independent,emotion_original,logistic_regression,logreg_coefficient,importance,0,mfcc2V_sma3nz_stddevNorm,0.12437234734239709,86,False,0.0
speaker_independent,emotion_original,logistic_regression,logreg_coefficient,importance,0,mfcc3V_sma3nz_amean,0.35590997881682457,48,False,0.0
speaker_independent,emotion_original,logistic_regression,logreg_coefficient,importance,0,mfcc3V_sma3nz_stddevNorm,0.2763223141012503,61,False,0.0
speaker_independent,emotion_original,logistic_regression,logreg_coefficient,importance,0,mfcc4V_sma3nz_amean,0.4340537919458071,30,False,0.0
speaker_independent,emotion_original,logistic_regression,logreg_coefficient,importance,0,mfcc4V_sma3nz_stddevNorm,0.1232813624502066,87,False,0.0
speaker_independent,emotion_original,logistic_regression,logreg_coefficient,importance,0,alphaRatioUV_sma3nz_amean,0.40702219731835976,35,False,0.0
speaker_independent,emotion_original,logistic_regression,logreg_coefficient,importance,0,hammarbergIndexUV_sma3nz_amean,0.46676687117154664,23,False,0.4
speaker_independent,emotion_original,logistic_regression,logreg_coefficient,importance,0,slopeUV0-500_sma3nz_amean,0.28442750341456824,60,False,0.0
speaker_independent,emotion_original,logistic_regression,logreg_coefficient,importance,0,slopeUV500-1500_sma3nz_amean,0.43220217331817096,31,False,0.0
speaker_independent,emotion_original,logistic_regression,logreg_coefficient,importance,0,spectralFluxUV_sma3nz_amean,0.3996159109149998,37,False,0.0
speaker_independent,emotion_original,logistic_regression,logreg_coefficient,importance,0,loudnessPeaksPerSec,0.3697091758274071,47,False,0.0
speaker_independent,emotion_original,logistic_regression,logreg_coefficient,importance,0,VoicedSegmentsPerSec,0.4163531555246697,34,False,0.0
speaker_independent,emotion_original,logistic_regression,logreg_coefficient,importance,0,MeanVoicedSegmentLengthSec,0.22400149534713,73,False,0.0
speaker_independent,emotion_original,logistic_regression,logreg_coefficient,importance,0,StddevVoicedSegmentLengthSec,0.24935723170149304,64,False,0.0
speaker_independent,emotion_original,logistic_regression,logreg_coefficient,importance,0,MeanUnvoicedSegmentLength,0.3776885730464358,45,False,0.0
speaker_independent,emotion_original,logistic_regression,logreg_coefficient,importance,0,StddevUnvoicedSegmentLength,0.45632803075985817,26,False,0.2
speaker_independent,emotion_original,logistic_regression,logreg_coefficient,importance,0,equivalentSoundLevel_dBp,0.7318773667526692,4,True,1.0
speaker_independent,emotion_original,random_forest,rf_impurity,importance,1,F0semitoneFrom27.5Hz_sma3nz_amean,0.010932965012816336,32,False,0.0
speaker_independent,emotion_original,random_forest,rf_impurity,importance,1,F0semitoneFrom27.5Hz_sma3nz_stddevNorm,0.017542835568138977,10,True,1.0
speaker_independent,emotion_original,random_forest,rf_impurity,importance,1,F0semitoneFrom27.5Hz_sma3nz_percentile20.0,0.013624387979638183,20,False,0.0
speaker_independent,emotion_original,random_forest,rf_impurity,importance,1,F0semitoneFrom27.5Hz_sma3nz_percentile50.0,0.01017045031612575,39,False,0.0
speaker_independent,emotion_original,random_forest,rf_impurity,importance,1,F0semitoneFrom27.5Hz_sma3nz_percentile80.0,0.011772420971898323,26,False,0.0
speaker_independent,emotion_original,random_forest,rf_impurity,importance,1,F0semitoneFrom27.5Hz_sma3nz_pctlrange0-2,0.025436764428995482,1,True,1.0
speaker_independent,emotion_original,random_forest,rf_impurity,importance,1,F0semitoneFrom27.5Hz_sma3nz_meanRisingSlope,0.009900072067035573,40,False,0.0
speaker_independent,emotion_original,random_forest,rf_impurity,importance,1,F0semitoneFrom27.5Hz_sma3nz_stddevRisingSlope,0.008713753468356079,61,False,0.0
speaker_independent,emotion_original,random_forest,rf_impurity,importance,1,F0semitoneFrom27.5Hz_sma3nz_meanFallingSlope,0.011633823128494522,27,False,0.0
speaker_independent,emotion_original,random_forest,rf_impurity,importance,1,F0semitoneFrom27.5Hz_sma3nz_stddevFallingSlope,0.016252695149742546,14,True,1.0
speaker_independent,emotion_original,random_forest,rf_impurity,importance,1,loudness_sma3_amean,0.016115693842657958,15,True,0.8
speaker_independent,emotion_original,random_forest,rf_impurity,importance,1,loudness_sma3_stddevNorm,0.010296282777213806,36,False,0.0
speaker_independent,emotion_original,random_forest,rf_impurity,importance,1,loudness_sma3_percentile20.0,0.009127684085962883,53,False,0.0
speaker_independent,emotion_original,random_forest,rf_impurity,importance,1,loudness_sma3_percentile50.0,0.018031196856046126,9,True,0.4
speaker_independent,emotion_original,random_forest,rf_impurity,importance,1,loudness_sma3_percentile80.0,0.01928177299437416,7,True,1.0
speaker_independent,emotion_original,random_forest,rf_impurity,importance,1,loudness_sma3_pctlrange0-2,0.023582629416557702,3,True,1.0
speaker_independent,emotion_original,random_forest,rf_impurity,importance,1,loudness_sma3_meanRisingSlope,0.02217171751792428,6,True,1.0
speaker_independent,emotion_original,random_forest,rf_impurity,importance,1,loudness_sma3_stddevRisingSlope,0.016489243143224693,13,True,0.4
speaker_independent,emotion_original,random_forest,rf_impurity,importance,1,loudness_sma3_meanFallingSlope,0.022456129999114477,4,True,1.0
speaker_independent,emotion_original,random_forest,rf_impurity,importance,1,loudness_sma3_stddevFallingSlope,0.015896735058848983,16,False,0.0
speaker_independent,emotion_original,random_forest,rf_impurity,importance,1,spectralFlux_sma3_amean,0.022371607289379956,5,True,1.0
speaker_independent,emotion_original,random_forest,rf_impurity,importance,1,spectralFlux_sma3_stddevNorm,0.009234550145931525,52,False,0.0
speaker_independent,emotion_original,random_forest,rf_impurity,importance,1,mfcc1_sma3_amean,0.008360971016380045,68,False,0.0
speaker_independent,emotion_original,random_forest,rf_impurity,importance,1,mfcc1_sma3_stddevNorm,0.010903469197460209,33,False,0.0
speaker_independent,emotion_original,random_forest,rf_impurity,importance,1,mfcc2_sma3_amean,0.010192166613009824,37,False,0.0
speaker_independent,emotion_original,random_forest,rf_impurity,importance,1,mfcc2_sma3_stddevNorm,0.009528987900474009,47,False,0.0
speaker_independent,emotion_original,random_forest,rf_impurity,importance,1,mfcc3_sma3_amean,0.006886840789987794,84,False,0.0
speaker_independent,emotion_original,random_forest,rf_impurity,importance,1,mfcc3_sma3_stddevNorm,0.007445722279638249,78,False,0.0
speaker_independent,emotion_original,random_forest,rf_impurity,importance,1,mfcc4_sma3_amean,0.008292660473041334,69,False,0.0
speaker_independent,emotion_original,random_forest,rf_impurity,importance,1,mfcc4_sma3_stddevNorm,0.008373566961752585,67,False,0.0
speaker_independent,emotion_original,random_forest,rf_impurity,importance,1,jitterLocal_sma3nz_amean,0.018583174746599648,8,True,1.0
speaker_independent,emotion_original,random_forest,rf_impurity,importance,1,jitterLocal_sma3nz_stddevNorm,0.006859851342200264,85,False,0.0
speaker_independent,emotion_original,random_forest,rf_impurity,importance,1,shimmerLocaldB_sma3nz_amean,0.008113281087076523,74,False,0.0
speaker_independent,emotion_original,random_forest,rf_impurity,importance,1,shimmerLocaldB_sma3nz_stddevNorm,0.012531102072297925,22,False,0.4
speaker_independent,emotion_original,random_forest,rf_impurity,importance,1,HNRdBACF_sma3nz_amean,0.014877486774496513,18,False,0.8
speaker_independent,emotion_original,random_forest,rf_impurity,importance,1,HNRdBACF_sma3nz_stddevNorm,0.01710862084157358,11,True,1.0
speaker_independent,emotion_original,random_forest,rf_impurity,importance,1,logRelF0-H1-H2_sma3nz_amean,0.009582667476556752,46,False,0.0
speaker_independent,emotion_original,random_forest,rf_impurity,importance,1,logRelF0-H1-H2_sma3nz_stddevNorm,0.009081913127637418,54,False,0.0
speaker_independent,emotion_original,random_forest,rf_impurity,importance,1,logRelF0-H1-A3_sma3nz_amean,0.010557938355586903,35,False,0.0
speaker_independent,emotion_original,random_forest,rf_impurity,importance,1,logRelF0-H1-A3_sma3nz_stddevNorm,0.008566122587837819,64,False,0.0
speaker_independent,emotion_original,random_forest,rf_impurity,importance,1,F1frequency_sma3nz_amean,0.010748430763853291,34,False,0.0
speaker_independent,emotion_original,random_forest,rf_impurity,importance,1,F1frequency_sma3nz_stddevNorm,0.008399118138185727,66,False,0.0
speaker_independent,emotion_original,random_forest,rf_impurity,importance,1,F1bandwidth_sma3nz_amean,0.008826181597356923,59,False,0.0
speaker_independent,emotion_original,random_forest,rf_impurity,importance,1,F1bandwidth_sma3nz_stddevNorm,0.008201358812515084,71,False,0.0
speaker_independent,emotion_original,random_forest,rf_impurity,importance,1,F1amplitudeLogRelF0_sma3nz_amean,0.008285355203406891,70,False,0.0
speaker_independent,emotion_original,random_forest,rf_impurity,importance,1,F1amplitudeLogRelF0_sma3nz_stddevNorm,0.008981126392671736,58,False,0.0
speaker_independent,emotion_original,random_forest,rf_impurity,importance,1,F2frequency_sma3nz_amean,0.00899099268927927,57,False,0.0
speaker_independent,emotion_original,random_forest,rf_impurity,importance,1,F2frequency_sma3nz_stddevNorm,0.008999938659931693,56,False,0.0
speaker_independent,emotion_original,random_forest,rf_impurity,importance,1,F2bandwidth_sma3nz_amean,0.00874095127407289,60,False,0.0
speaker_independent,emotion_original,random_forest,rf_impurity,importance,1,F2bandwidth_sma3nz_stddevNorm,0.007205445610081476,83,False,0.0
speaker_independent,emotion_original,random_forest,rf_impurity,importance,1,F2amplitudeLogRelF0_sma3nz_amean,0.010189848281826822,38,False,0.0
speaker_independent,emotion_original,random_forest,rf_impurity,importance,1,F2amplitudeLogRelF0_sma3nz_stddevNorm,0.011222931774343045,29,False,0.0
speaker_independent,emotion_original,random_forest,rf_impurity,importance,1,F3frequency_sma3nz_amean,0.009482326698696098,48,False,0.0
speaker_independent,emotion_original,random_forest,rf_impurity,importance,1,F3frequency_sma3nz_stddevNorm,0.009434664159926408,50,False,0.0
speaker_independent,emotion_original,random_forest,rf_impurity,importance,1,F3bandwidth_sma3nz_amean,0.009050698970295023,55,False,0.0
speaker_independent,emotion_original,random_forest,rf_impurity,importance,1,F3bandwidth_sma3nz_stddevNorm,0.007780334562110176,75,False,0.0
speaker_independent,emotion_original,random_forest,rf_impurity,importance,1,F3amplitudeLogRelF0_sma3nz_amean,0.009804048468871703,42,False,0.0
speaker_independent,emotion_original,random_forest,rf_impurity,importance,1,F3amplitudeLogRelF0_sma3nz_stddevNorm,0.012365009519128434,23,False,0.2
speaker_independent,emotion_original,random_forest,rf_impurity,importance,1,alphaRatioV_sma3nz_amean,0.009804081697880553,41,False,0.0
speaker_independent,emotion_original,random_forest,rf_impurity,importance,1,alphaRatioV_sma3nz_stddevNorm,0.012753005161881662,21,False,0.0
speaker_independent,emotion_original,random_forest,rf_impurity,importance,1,hammarbergIndexV_sma3nz_amean,0.009635479148604771,45,False,0.0
speaker_independent,emotion_original,random_forest,rf_impurity,importance,1,hammarbergIndexV_sma3nz_stddevNorm,0.011008972454207707,30,False,0.0
speaker_independent,emotion_original,random_forest,rf_impurity,importance,1,slopeV0-500_sma3nz_amean,0.008589330870666828,63,False,0.0
speaker_independent,emotion_original,random_forest,rf_impurity,importance,1,slopeV0-500_sma3nz_stddevNorm,0.007220706449813066,81,False,0.0
speaker_independent,emotion_original,random_forest,rf_impurity,importance,1,slopeV500-1500_sma3nz_amean,0.015561843720666439,17,False,0.0
speaker_independent,emotion_original,random_forest,rf_impurity,importance,1,slopeV500-1500_sma3nz_stddevNorm,0.010952054770605305,31,False,0.0
speaker_independent,emotion_original,random_forest,rf_impurity,importance,1,spectralFluxV_sma3nz_amean,0.025237618163282276,2,True,1.0
speaker_independent,emotion_original,random_forest,rf_impurity,importance,1,spectralFluxV_sma3nz_stddevNorm,0.01140673195340668,28,False,0.0
speaker_independent,emotion_original,random_forest,rf_impurity,importance,1,mfcc1V_sma3nz_amean,0.012352372636050678,24,False,0.0
speaker_independent,emotion_original,random_forest,rf_impurity,importance,1,mfcc1V_sma3nz_stddevNorm,0.009749236431963263,43,False,0.0
speaker_independent,emotion_original,random_forest,rf_impurity,importance,1,mfcc2V_sma3nz_amean,0.00945210421533249,49,False,0.0
speaker_independent,emotion_original,random_forest,rf_impurity,importance,1,mfcc2V_sma3nz_stddevNorm,0.00860125024087362,62,False,0.0
speaker_independent,emotion_original,random_forest,rf_impurity,importance,1,mfcc3V_sma3nz_amean,0.0064906916702041,86,False,0.0
speaker_independent,emotion_original,random_forest,rf_impurity,importance,1,mfcc3V_sma3nz_stddevNorm,0.006334819100024013,88,False,0.0
speaker_independent,emotion_original,random_forest,rf_impurity,importance,1,mfcc4V_sma3nz_amean,0.009309918924031142,51,False,0.0
speaker_independent,emotion_original,random_forest,rf_impurity,importance,1,mfcc4V_sma3nz_stddevNorm,0.008128549818253818,73,False,0.0
speaker_independent,emotion_original,random_forest,rf_impurity,importance,1,alphaRatioUV_sma3nz_amean,0.007208308669698263,82,False,0.0
speaker_independent,emotion_original,random_forest,rf_impurity,importance,1,hammarbergIndexUV_sma3nz_amean,0.006485392965155631,87,False,0.0
speaker_independent,emotion_original,random_forest,rf_impurity,importance,1,slopeUV0-500_sma3nz_amean,0.007275726113604131,80,False,0.0
speaker_independent,emotion_original,random_forest,rf_impurity,importance,1,slopeUV500-1500_sma3nz_amean,0.008182701217556715,72,False,0.0
speaker_independent,emotion_original,random_forest,rf_impurity,importance,1,spectralFluxUV_sma3nz_amean,0.014848291245961261,19,False,0.2
speaker_independent,emotion_original,random_forest,rf_impurity,importance,1,loudnessPeaksPerSec,0.01193965217584689,25,False,0.0
speaker_independent,emotion_original,random_forest,rf_impurity,importance,1,VoicedSegmentsPerSec,0.007442996148125422,79,False,0.0
speaker_independent,emotion_original,random_forest,rf_impurity,importance,1,MeanVoicedSegmentLengthSec,0.007686043006941012,76,False,0.0
speaker_independent,emotion_original,random_forest,rf_impurity,importance,1,StddevVoicedSegmentLengthSec,0.00853572701531832,65,False,0.0
speaker_independent,emotion_original,random_forest,rf_impurity,importance,1,MeanUnvoicedSegmentLength,0.009745700217420135,44,False,0.0
speaker_independent,emotion_original,random_forest,rf_impurity,importance,1,StddevUnvoicedSegmentLength,0.007474136059428662,77,False,0.0
speaker_independent,emotion_original,random_forest,rf_impurity,importance,1,equivalentSoundLevel_dBp,0.016995841298556778,12,True,0.8
speaker_independent,emotion_original,random_forest,rf_permutation,importance,1,F0semitoneFrom27.5Hz_sma3nz_amean,-0.0109375,77,False,0.0
speaker_independent,emotion_original,random_forest,rf_permutation,importance,1,F0semitoneFrom27.5Hz_sma3nz_stddevNorm,-0.00078125,20,False,0.2
speaker_independent,emotion_original,random_forest,rf_permutation,importance,1,F0semitoneFrom27.5Hz_sma3nz_percentile20.0,-0.013671875,85,False,0.2
speaker_independent,emotion_original,random_forest,rf_permutation,importance,1,F0semitoneFrom27.5Hz_sma3nz_percentile50.0,-0.007421875,62,False,0.2
speaker_independent,emotion_original,random_forest,rf_permutation,importance,1,F0semitoneFrom27.5Hz_sma3nz_percentile80.0,-0.02890625,88,False,0.2
speaker_independent,emotion_original,random_forest,rf_permutation,importance,1,F0semitoneFrom27.5Hz_sma3nz_pctlrange0-2,0.01640625,1,True,0.8
speaker_independent,emotion_original,random_forest,rf_permutation,importance,1,F0semitoneFrom27.5Hz_sma3nz_meanRisingSlope,-0.007421875,62,False,0.0
speaker_independent,emotion_original,random_forest,rf_permutation,importance,1,F0semitoneFrom27.5Hz_sma3nz_stddevRisingSlope,-0.008984375,71,False,0.2
speaker_independent,emotion_original,random_forest,rf_permutation,importance,1,F0semitoneFrom27.5Hz_sma3nz_meanFallingSlope,0.001171875,11,True,0.4
speaker_independent,emotion_original,random_forest,rf_permutation,importance,1,F0semitoneFrom27.5Hz_sma3nz_stddevFallingSlope,0.011328125,2,True,0.6
speaker_independent,emotion_original,random_forest,rf_permutation,importance,1,loudness_sma3_amean,-0.01328125,84,False,0.0
speaker_independent,emotion_original,random_forest,rf_permutation,importance,1,loudness_sma3_stddevNorm,0.005078125,8,True,0.2
speaker_independent,emotion_original,random_forest,rf_permutation,importance,1,loudness_sma3_percentile20.0,-0.0015625,24,False,0.4
speaker_independent,emotion_original,random_forest,rf_permutation,importance,1,loudness_sma3_percentile50.0,-0.012109375,81,False,0.0
speaker_independent,emotion_original,random_forest,rf_permutation,importance,1,loudness_sma3_percentile80.0,-0.0125,82,False,0.2
speaker_independent,emotion_original,random_forest,rf_permutation,importance,1,loudness_sma3_pctlrange0-2,-0.0109375,77,False,0.2
speaker_independent,emotion_original,random_forest,rf_permutation,importance,1,loudness_sma3_meanRisingSlope,-0.00234375,27,False,0.2
speaker_independent,emotion_original,random_forest,rf_permutation,importance,1,loudness_sma3_stddevRisingSlope,-0.0046875,46,False,0.4
speaker_independent,emotion_original,random_forest,rf_permutation,importance,1,loudness_sma3_meanFallingSlope,-0.00390625,36,False,0.2
speaker_independent,emotion_original,random_forest,rf_permutation,importance,1,loudness_sma3_stddevFallingSlope,-0.001171875,22,False,0.0
speaker_independent,emotion_original,random_forest,rf_permutation,importance,1,spectralFlux_sma3_amean,-0.010546875,76,False,0.0
speaker_independent,emotion_original,random_forest,rf_permutation,importance,1,spectralFlux_sma3_stddevNorm,-0.0078125,64,False,0.2
speaker_independent,emotion_original,random_forest,rf_permutation,importance,1,mfcc1_sma3_amean,-0.00546875,49,False,0.6
speaker_independent,emotion_original,random_forest,rf_permutation,importance,1,mfcc1_sma3_stddevNorm,0.00390625,9,True,0.2
speaker_independent,emotion_original,random_forest,rf_permutation,importance,1,mfcc2_sma3_amean,-0.015234375,86,False,0.0
speaker_independent,emotion_original,random_forest,rf_permutation,importance,1,mfcc2_sma3_stddevNorm,-0.006640625,58,False,0.2
speaker_independent,emotion_original,random_forest,rf_permutation,importance,1,mfcc3_sma3_amean,-0.00859375,68,False,0.2
speaker_independent,emotion_original,random_forest,rf_permutation,importance,1,mfcc3_sma3_stddevNorm,-0.00703125,61,False,0.0
speaker_independent,emotion_original,random_forest,rf_permutation,importance,1,mfcc4_sma3_amean,-0.001953125,26,False,0.2
speaker_independent,emotion_original,random_forest,rf_permutation,importance,1,mfcc4_sma3_stddevNorm,-0.009375,72,False,0.2
speaker_independent,emotion_original,random_forest,rf_permutation,importance,1,jitterLocal_sma3nz_amean,0.009765625,4,True,0.2
speaker_independent,emotion_original,random_forest,rf_permutation,importance,1,jitterLocal_sma3nz_stddevNorm,-0.0015625,24,False,0.2
speaker_independent,emotion_original,random_forest,rf_permutation,importance,1,shimmerLocaldB_sma3nz_amean,-0.005859375,51,False,0.0
speaker_independent,emotion_original,random_forest,rf_permutation,importance,1,shimmerLocaldB_sma3nz_stddevNorm,-0.004296875,43,False,0.0
speaker_independent,emotion_original,random_forest,rf_permutation,importance,1,HNRdBACF_sma3nz_amean,0.00859375,5,True,0.2
speaker_independent,emotion_original,random_forest,rf_permutation,importance,1,HNRdBACF_sma3nz_stddevNorm,0.0109375,3,True,0.4
speaker_independent,emotion_original,random_forest,rf_permutation,importance,1,logRelF0-H1-H2_sma3nz_amean,-0.0109375,77,False,0.2
speaker_independent,emotion_original,random_forest,rf_permutation,importance,1,logRelF0-H1-H2_sma3nz_stddevNorm,0.00078125,13,True,0.6
speaker_independent,emotion_original,random_forest,rf_permutation,importance,1,logRelF0-H1-A3_sma3nz_amean,-0.003515625,33,False,0.0
speaker_independent,emotion_original,random_forest,rf_permutation,importance,1,logRelF0-H1-A3_sma3nz_stddevNorm,-0.00390625,36,False,0.0
speaker_independent,emotion_original,random_forest,rf_permutation,importance,1,F1frequency_sma3nz_amean,-0.003515625,33,False,0.4
speaker_independent,emotion_original,random_forest,rf_permutation,importance,1,F1frequency_sma3nz_stddevNorm,-0.01171875,80,False,0.2
speaker_independent,emotion_original,random_forest,rf_permutation,importance,1,F1bandwidth_sma3nz_amean,-0.012890625,83,False,0.4
speaker_independent,emotion_original,random_forest,rf_permutation,importance,1,F1bandwidth_sma3nz_stddevNorm,-0.00390625,36,False,0.0
speaker_independent,emotion_original,random_forest,rf_permutation,importance,1,F1amplitudeLogRelF0_sma3nz_amean,-0.005859375,51,False,0.4
speaker_independent,emotion_original,random_forest,rf_permutation,importance,1,F1amplitudeLogRelF0_sma3nz_stddevNorm,-0.009765625,74,False,0.0
speaker_independent,emotion_original,random_forest,rf_permutation,importance,1,F2frequency_sma3nz_amean,-0.004296875,43,False,0.0
speaker_independent,emotion_original,random_forest,rf_permutation,importance,1,F2frequency_sma3nz_stddevNorm,-0.008203125,65,False,0.4
speaker_independent,emotion_original,random_forest,rf_permutation,importance,1,F2bandwidth_sma3nz_amean,-0.008203125,65,False,0.2
speaker_independent,emotion_original,random_forest,rf_permutation,importance,1,F2bandwidth_sma3nz_stddevNorm,-0.005859375,51,False,0.0
speaker_independent,emotion_original,random_forest,rf_permutation,importance,1,F2amplitudeLogRelF0_sma3nz_amean,-0.00390625,36,False,0.2
speaker_independent,emotion_original,random_forest,rf_permutation,importance,1,F2amplitudeLogRelF0_sma3nz_stddevNorm,-0.002734375,30,False,0.4
speaker_independent,emotion_original,random_forest,rf_permutation,importance,1,F3frequency_sma3nz_amean,-0.00625,56,False,0.0
speaker_independent,emotion_original,random_forest,rf_permutation,importance,1,F3frequency_sma3nz_stddevNorm,-0.009375,72,False,0.0
speaker_independent,emotion_original,random_forest,rf_permutation,importance,1,F3bandwidth_sma3nz_amean,-0.006640625,58,False,0.0
speaker_independent,emotion_original,random_forest,rf_permutation,importance,1,F3bandwidth_sma3nz_stddevNorm,-0.003515625,33,False,0.0
speaker_independent,emotion_original,random_forest,rf_permutation,importance,1,F3amplitudeLogRelF0_sma3nz_amean,0.001171875,11,True,0.4
speaker_independent,emotion_original,random_forest,rf_permutation,importance,1,F3amplitudeLogRelF0_sma3nz_stddevNorm,-0.00078125,20,False,0.2
speaker_independent,emotion_original,random_forest,rf_permutation,importance,1,alphaRatioV_sma3nz_amean,-0.005078125,47,False,0.0
speaker_independent,emotion_original,random_forest,rf_permutation,importance,1,alphaRatioV_sma3nz_stddevNorm,0.000390625,17,False,0.6
speaker_independent,emotion_original,random_forest,rf_permutation,importance,1,hammarbergIndexV_sma3nz_amean,-0.00390625,36,False,0.2
speaker_independent,emotion_original,random_forest,rf_permutation,importance,1,hammarbergIndexV_sma3nz_stddevNorm,-0.005078125,47,False,0.2
speaker_independent,emotion_original,random_forest,rf_permutation,importance,1,slopeV0-500_sma3nz_amean,0.00078125,13,True,0.4
speaker_independent,emotion_original,random_forest,rf_permutation,importance,1,slopeV0-500_sma3nz_stddevNorm,-0.005859375,51,False,0.0
speaker_independent,emotion_original,random_forest,rf_permutation,importance,1,slopeV500-1500_sma3nz_amean,-0.00234375,27,False,0.2
speaker_independent,emotion_original,random_forest,rf_permutation,importance,1,slopeV500-1500_sma3nz_stddevNorm,0.00546875,7,True,0.2
speaker_independent,emotion_original,random_forest,rf_permutation,importance,1,spectralFluxV_sma3nz_amean,-0.019140625,87,False,0.4
speaker_independent,emotion_original,random_forest,rf_permutation,importance,1,spectralFluxV_sma3nz_stddevNorm,0.00703125,6,True,0.2
speaker_independent,emotion_original,random_forest,rf_permutation,importance,1,mfcc1V_sma3nz_amean,-0.002734375,30,False,0.2
speaker_independent,emotion_original,random_forest,rf_permutation,importance,1,mfcc1V_sma3nz_stddevNorm,-0.00625,56,False,0.2
speaker_independent,emotion_original,random_forest,rf_permutation,importance,1,mfcc2V_sma3nz_amean,-0.008203125,65,False,0.0
speaker_independent,emotion_original,random_forest,rf_permutation,importance,1,mfcc2V_sma3nz_stddevNorm,-0.00859375,68,False,0.2
speaker_independent,emotion_original,random_forest,rf_permutation,importance,1,mfcc3V_sma3nz_amean,0.002734375,10,True,0.4
speaker_independent,emotion_original,random_forest,rf_permutation,importance,1,mfcc3V_sma3nz_stddevNorm,-0.006640625,58,False,0.0
speaker_independent,emotion_original,random_forest,rf_permutation,importance,1,mfcc4V_sma3nz_amean,-0.000390625,19,False,0.2
speaker_independent,emotion_original,random_forest,rf_permutation,importance,1,mfcc4V_sma3nz_stddevNorm,-0.003125,32,False,0.0
speaker_independent,emotion_original,random_forest,rf_permutation,importance,1,alphaRatioUV_sma3nz_amean,0.00078125,13,True,0.6
speaker_independent,emotion_original,random_forest,rf_permutation,importance,1,hammarbergIndexUV_sma3nz_amean,-0.001171875,22,False,0.2
speaker_independent,emotion_original,random_forest,rf_permutation,importance,1,slopeUV0-500_sma3nz_amean,-0.00859375,68,False,0.2
speaker_independent,emotion_original,random_forest,rf_permutation,importance,1,slopeUV500-1500_sma3nz_amean,0.00078125,13,True,0.4
speaker_independent,emotion_original,random_forest,rf_permutation,importance,1,spectralFluxUV_sma3nz_amean,-0.01015625,75,False,0.0
speaker_independent,emotion_original,random_forest,rf_permutation,importance,1,loudnessPeaksPerSec,-0.00546875,49,False,0.4
speaker_independent,emotion_original,random_forest,rf_permutation,importance,1,VoicedSegmentsPerSec,-0.00390625,36,False,0.0
speaker_independent,emotion_original,random_forest,rf_permutation,importance,1,MeanVoicedSegmentLengthSec,-0.004296875,43,False,0.2
speaker_independent,emotion_original,random_forest,rf_permutation,importance,1,StddevVoicedSegmentLengthSec,-0.00390625,36,False,0.4
speaker_independent,emotion_original,random_forest,rf_permutation,importance,1,MeanUnvoicedSegmentLength,-0.00234375,27,False,0.0
speaker_independent,emotion_original,random_forest,rf_permutation,importance,1,StddevUnvoicedSegmentLength,0.000390625,17,False,0.0
speaker_independent,emotion_original,random_forest,rf_permutation,importance,1,equivalentSoundLevel_dBp,-0.005859375,51,False,0.2
speaker_independent,emotion_original,logistic_regression,logreg_coefficient,importance,1,F0semitoneFrom27.5Hz_sma3nz_amean,0.7644468414563795,6,True,0.8
speaker_independent,emotion_original,logistic_regression,logreg_coefficient,importance,1,F0semitoneFrom27.5Hz_sma3nz_stddevNorm,0.3787939684396674,44,False,0.0
speaker_independent,emotion_original,logistic_regression,logreg_coefficient,importance,1,F0semitoneFrom27.5Hz_sma3nz_percentile20.0,0.44720352227975624,26,False,0.0
speaker_independent,emotion_original,logistic_regression,logreg_coefficient,importance,1,F0semitoneFrom27.5Hz_sma3nz_percentile50.0,0.7718524288468198,5,True,0.8
speaker_independent,emotion_original,logistic_regression,logreg_coefficient,importance,1,F0semitoneFrom27.5Hz_sma3nz_percentile80.0,0.43318358613210417,29,False,0.0
speaker_independent,emotion_original,logistic_regression,logreg_coefficient,importance,1,F0semitoneFrom27.5Hz_sma3nz_pctlrange0-2,0.44207108289819486,27,False,0.2
speaker_independent,emotion_original,logistic_regression,logreg_coefficient,importance,1,F0semitoneFrom27.5Hz_sma3nz_meanRisingSlope,0.40744871344826195,40,False,0.0
speaker_independent,emotion_original,logistic_regression,logreg_coefficient,importance,1,F0semitoneFrom27.5Hz_sma3nz_stddevRisingSlope,0.28409048532542946,64,False,0.0
speaker_independent,emotion_original,logistic_regression,logreg_coefficient,importance,1,F0semitoneFrom27.5Hz_sma3nz_meanFallingSlope,0.285720650095314,63,False,0.0
speaker_independent,emotion_original,logistic_regression,logreg_coefficient,importance,1,F0semitoneFrom27.5Hz_sma3nz_stddevFallingSlope,0.43811194477499643,28,False,0.2
speaker_independent,emotion_original,logistic_regression,logreg_coefficient,importance,1,loudness_sma3_amean,0.14302470335917042,81,False,0.0
speaker_independent,emotion_original,logistic_regression,logreg_coefficient,importance,1,loudness_sma3_stddevNorm,0.7989311114811484,4,True,1.0
speaker_independent,emotion_original,logistic_regression,logreg_coefficient,importance,1,loudness_sma3_percentile20.0,0.3554169741133996,50,False,0.2
speaker_independent,emotion_original,logistic_regression,logreg_coefficient,importance,1,loudness_sma3_percentile50.0,0.3572160240666754,48,False,0.0
speaker_independent,emotion_original,logistic_regression,logreg_coefficient,importance,1,loudness_sma3_percentile80.0,0.23118607260830593,73,False,0.0
speaker_independent,emotion_original,logistic_regression,logreg_coefficient,importance,1,loudness_sma3_pctlrange0-2,0.2917836058936101,62,False,0.0
speaker_independent,emotion_original,logistic_regression,logreg_coefficient,importance,1,loudness_sma3_meanRisingSlope,0.7639788798137641,7,True,0.8
speaker_independent,emotion_original,logistic_regression,logreg_coefficient,importance,1,loudness_sma3_stddevRisingSlope,0.42995652200331136,32,False,0.0
speaker_independent,emotion_original,logistic_regression,logreg_coefficient,importance,1,loudness_sma3_meanFallingSlope,0.6056838724052108,12,True,0.4
speaker_independent,emotion_original,logistic_regression,logreg_coefficient,importance,1,loudness_sma3_stddevFallingSlope,0.3155650503002677,59,False,0.0
speaker_independent,emotion_original,logistic_regression,logreg_coefficient,importance,1,spectralFlux_sma3_amean,0.3359965788877976,54,False,0.0
speaker_independent,emotion_original,logistic_regression,logreg_coefficient,importance,1,spectralFlux_sma3_stddevNorm,0.4180627329537395,37,False,0.0
speaker_independent,emotion_original,logistic_regression,logreg_coefficient,importance,1,mfcc1_sma3_amean,0.8540066237763803,3,True,1.0
speaker_independent,emotion_original,logistic_regression,logreg_coefficient,importance,1,mfcc1_sma3_stddevNorm,0.10487428818221751,86,False,0.0
speaker_independent,emotion_original,logistic_regression,logreg_coefficient,importance,1,mfcc2_sma3_amean,0.3746406442031599,46,False,0.6
speaker_independent,emotion_original,logistic_regression,logreg_coefficient,importance,1,mfcc2_sma3_stddevNorm,0.13770935242969795,84,False,0.0
speaker_independent,emotion_original,logistic_regression,logreg_coefficient,importance,1,mfcc3_sma3_amean,0.49932094683915224,18,False,0.8
speaker_independent,emotion_original,logistic_regression,logreg_coefficient,importance,1,mfcc3_sma3_stddevNorm,0.3476013457158643,52,False,0.0
speaker_independent,emotion_original,logistic_regression,logreg_coefficient,importance,1,mfcc4_sma3_amean,0.5878887261631657,14,True,0.8
speaker_independent,emotion_original,logistic_regression,logreg_coefficient,importance,1,mfcc4_sma3_stddevNorm,0.14290855819615766,82,False,0.0
speaker_independent,emotion_original,logistic_regression,logreg_coefficient,importance,1,jitterLocal_sma3nz_amean,0.4937254701487271,19,False,0.0
speaker_independent,emotion_original,logistic_regression,logreg_coefficient,importance,1,jitterLocal_sma3nz_stddevNorm,0.1728702065365822,79,False,0.0
speaker_independent,emotion_original,logistic_regression,logreg_coefficient,importance,1,shimmerLocaldB_sma3nz_amean,0.3151640356738728,60,False,0.0
speaker_independent,emotion_original,logistic_regression,logreg_coefficient,importance,1,shimmerLocaldB_sma3nz_stddevNorm,0.20497780421271766,76,False,0.0
speaker_independent,emotion_original,logistic_regression,logreg_coefficient,importance,1,HNRdBACF_sma3nz_amean,0.9601280842221276,2,True,1.0
speaker_independent,emotion_original,logistic_regression,logreg_coefficient,importance,1,HNRdBACF_sma3nz_stddevNorm,0.25219327837739464,69,False,0.0
speaker_independent,emotion_original,logistic_regression,logreg_coefficient,importance,1,logRelF0-H1-H2_sma3nz_amean,0.1684470212516307,80,False,0.0
speaker_independent,emotion_original,logistic_regression,logreg_coefficient,importance,1,logRelF0-H1-H2_sma3nz_stddevNorm,0.3150574174114463,61,False,0.0
speaker_independent,emotion_original,logistic_regression,logreg_coefficient,importance,1,logRelF0-H1-A3_sma3nz_amean,0.46292297884365585,22,False,0.0
speaker_independent,emotion_original,logistic_regression,logreg_coefficient,importance,1,logRelF0-H1-A3_sma3nz_stddevNorm,0.6653507920762939,8,True,0.2
speaker_independent,emotion_original,logistic_regression,logreg_coefficient,importance,1,F1frequency_sma3nz_amean,0.6459798869896183,9,True,1.0
speaker_independent,emotion_original,logistic_regression,logreg_coefficient,importance,1,F1frequency_sma3nz_stddevNorm,0.20464438867528137,77,False,0.0
speaker_independent,emotion_original,logistic_regression,logreg_coefficient,importance,1,F1bandwidth_sma3nz_amean,0.42200388981673714,34,False,0.0
speaker_independent,emotion_original,logistic_regression,logreg_coefficient,importance,1,F1bandwidth_sma3nz_stddevNorm,0.2503653880449966,71,False,0.0
speaker_independent,emotion_original,logistic_regression,logreg_coefficient,importance,1,F1amplitudeLogRelF0_sma3nz_amean,0.5385420066826206,17,False,0.8
speaker_independent,emotion_original,logistic_regression,logreg_coefficient,importance,1,F1amplitudeLogRelF0_sma3nz_stddevNorm,0.4558863197669014,24,False,0.6
speaker_independent,emotion_original,logistic_regression,logreg_coefficient,importance,1,F2frequency_sma3nz_amean,0.4240533961900167,33,False,0.0
speaker_independent,emotion_original,logistic_regression,logreg_coefficient,importance,1,F2frequency_sma3nz_stddevNorm,0.20885892717444923,75,False,0.0
speaker_independent,emotion_original,logistic_regression,logreg_coefficient,importance,1,F2bandwidth_sma3nz_amean,0.2514512187393467,70,False,0.0
speaker_independent,emotion_original,logistic_regression,logreg_coefficient,importance,1,F2bandwidth_sma3nz_stddevNorm,0.2318632398455118,72,False,0.0
speaker_independent,emotion_original,logistic_regression,logreg_coefficient,importance,1,F2amplitudeLogRelF0_sma3nz_amean,0.4216410540382568,35,False,0.0
speaker_independent,emotion_original,logistic_regression,logreg_coefficient,importance,1,F2amplitudeLogRelF0_sma3nz_stddevNorm,0.26504924722029166,68,False,0.0
speaker_independent,emotion_original,logistic_regression,logreg_coefficient,importance,1,F3frequency_sma3nz_amean,0.3565028042846963,49,False,0.2
speaker_independent,emotion_original,logistic_regression,logreg_coefficient,importance,1,F3frequency_sma3nz_stddevNorm,0.2732446925222384,66,False,0.0
speaker_independent,emotion_original,logistic_regression,logreg_coefficient,importance,1,F3bandwidth_sma3nz_amean,0.3312082806473217,56,False,0.0
speaker_independent,emotion_original,logistic_regression,logreg_coefficient,importance,1,F3bandwidth_sma3nz_stddevNorm,0.3178733640287701,58,False,0.0
speaker_independent,emotion_original,logistic_regression,logreg_coefficient,importance,1,F3amplitudeLogRelF0_sma3nz_amean,0.3862813093019203,43,False,0.0
speaker_independent,emotion_original,logistic_regression,logreg_coefficient,importance,1,F3amplitudeLogRelF0_sma3nz_stddevNorm,0.4306940269806962,31,False,0.4
speaker_independent,emotion_original,logistic_regression,logreg_coefficient,importance,1,alphaRatioV_sma3nz_amean,0.6107316057174607,11,True,0.4
speaker_independent,emotion_original,logistic_regression,logreg_coefficient,importance,1,alphaRatioV_sma3nz_stddevNorm,0.08380319788269588,87,False,0.0
speaker_independent,emotion_original,logistic_regression,logreg_coefficient,importance,1,hammarbergIndexV_sma3nz_amean,0.45253969020741325,25,False,0.0
speaker_independent,emotion_original,logistic_regression,logreg_coefficient,importance,1,hammarbergIndexV_sma3nz_stddevNorm,0.5590638234579487,15,True,0.2
speaker_independent,emotion_original,logistic_regression,logreg_coefficient,importance,1,slopeV0-500_sma3nz_amean,0.3745807658539785,47,False,0.2
speaker_independent,emotion_original,logistic_regression,logreg_coefficient,importance,1,slopeV0-500_sma3nz_stddevNorm,0.33367746141500104,55,False,0.0
speaker_independent,emotion_original,logistic_regression,logreg_coefficient,importance,1,slopeV500-1500_sma3nz_amean,0.40848709049453746,39,False,0.0
speaker_independent,emotion_original,logistic_regression,logreg_coefficient,importance,1,slopeV500-1500_sma3nz_stddevNorm,0.37709273547998257,45,False,0.0
speaker_independent,emotion_original,logistic_regression,logreg_coefficient,importance,1,spectralFluxV_sma3nz_amean,0.41499517325833524,38,False,0.0
speaker_independent,emotion_original,logistic_regression,logreg_coefficient,importance,1,spectralFluxV_sma3nz_stddevNorm,0.6001018453080503,13,True,0.2
speaker_independent,emotion_original,logistic_regression,logreg_coefficient,importance,1,mfcc1V_sma3nz_amean,0.4577795124352373,23,False,0.0
speaker_independent,emotion_original,logistic_regression,logreg_coefficient,importance,1,mfcc1V_sma3nz_stddevNorm,0.08216814156388334,88,False,0.0
speaker_independent,emotion_original,logistic_regression,logreg_coefficient,importance,1,mfcc2V_sma3nz_amean,0.5562750203388089,16,False,0.6
speaker_independent,emotion_original,logistic_regression,logreg_coefficient,importance,1,mfcc2V_sma3nz_stddevNorm,0.10898958329375932,85,False,0.0
speaker_independent,emotion_original,logistic_regression,logreg_coefficient,importance,1,mfcc3V_sma3nz_amean,0.4329494340047754,30,False,0.0
speaker_independent,emotion_original,logistic_regression,logreg_coefficient,importance,1,mfcc3V_sma3nz_stddevNorm,0.13907459312645024,83,False,0.0
speaker_independent,emotion_original,logistic_regression,logreg_coefficient,importance,1,mfcc4V_sma3nz_amean,0.39822097623585706,41,False,0.0
speaker_independent,emotion_original,logistic_regression,logreg_coefficient,importance,1,mfcc4V_sma3nz_stddevNorm,0.20294160977553713,78,False,0.0
speaker_independent,emotion_original,logistic_regression,logreg_coefficient,importance,1,alphaRatioUV_sma3nz_amean,0.4894230419506492,20,False,0.0
speaker_independent,emotion_original,logistic_regression,logreg_coefficient,importance,1,hammarbergIndexUV_sma3nz_amean,0.6427978378443774,10,True,0.4
speaker_independent,emotion_original,logistic_regression,logreg_coefficient,importance,1,slopeUV0-500_sma3nz_amean,0.35214592381248566,51,False,0.0
speaker_independent,emotion_original,logistic_regression,logreg_coefficient,importance,1,slopeUV500-1500_sma3nz_amean,0.3233488998276027,57,False,0.0
speaker_independent,emotion_original,logistic_regression,logreg_coefficient,importance,1,spectralFluxUV_sma3nz_amean,0.4684183926559297,21,False,0.0
speaker_independent,emotion_original,logistic_regression,logreg_coefficient,importance,1,loudnessPeaksPerSec,0.38956910415930746,42,False,0.0
speaker_independent,emotion_original,logistic_regression,logreg_coefficient,importance,1,VoicedSegmentsPerSec,0.42100849547163655,36,False,0.0
speaker_independent,emotion_original,logistic_regression,logreg_coefficient,importance,1,MeanVoicedSegmentLengthSec,0.21296082263236632,74,False,0.0
speaker_independent,emotion_original,logistic_regression,logreg_coefficient,importance,1,StddevVoicedSegmentLengthSec,0.26953216552983994,67,False,0.0
speaker_independent,emotion_original,logistic_regression,logreg_coefficient,importance,1,MeanUnvoicedSegmentLength,0.2779173364961194,65,False,0.0
speaker_independent,emotion_original,logistic_regression,logreg_coefficient,importance,1,StddevUnvoicedSegmentLength,0.34275393800305165,53,False,0.2
speaker_independent,emotion_original,logistic_regression,logreg_coefficient,importance,1,equivalentSoundLevel_dBp,1.033749952709318,1,True,1.0
speaker_independent,emotion_original,random_forest,rf_impurity,importance,2,F0semitoneFrom27.5Hz_sma3nz_amean,0.010576634529133948,33,False,0.0
speaker_independent,emotion_original,random_forest,rf_impurity,importance,2,F0semitoneFrom27.5Hz_sma3nz_stddevNorm,0.015721188212659193,13,True,1.0
speaker_independent,emotion_original,random_forest,rf_impurity,importance,2,F0semitoneFrom27.5Hz_sma3nz_percentile20.0,0.013077967690592576,20,False,0.0
speaker_independent,emotion_original,random_forest,rf_impurity,importance,2,F0semitoneFrom27.5Hz_sma3nz_percentile50.0,0.009468952074344759,46,False,0.0
speaker_independent,emotion_original,random_forest,rf_impurity,importance,2,F0semitoneFrom27.5Hz_sma3nz_percentile80.0,0.010058776615903155,39,False,0.0
speaker_independent,emotion_original,random_forest,rf_impurity,importance,2,F0semitoneFrom27.5Hz_sma3nz_pctlrange0-2,0.024749191987221194,2,True,1.0
speaker_independent,emotion_original,random_forest,rf_impurity,importance,2,F0semitoneFrom27.5Hz_sma3nz_meanRisingSlope,0.00819995437171138,73,False,0.0
speaker_independent,emotion_original,random_forest,rf_impurity,importance,2,F0semitoneFrom27.5Hz_sma3nz_stddevRisingSlope,0.007944812713836898,77,False,0.0
speaker_independent,emotion_original,random_forest,rf_impurity,importance,2,F0semitoneFrom27.5Hz_sma3nz_meanFallingSlope,0.011759421599048348,25,False,0.0
speaker_independent,emotion_original,random_forest,rf_impurity,importance,2,F0semitoneFrom27.5Hz_sma3nz_stddevFallingSlope,0.015308150742165601,15,True,1.0
speaker_independent,emotion_original,random_forest,rf_impurity,importance,2,loudness_sma3_amean,0.018066200160362235,10,True,0.8
speaker_independent,emotion_original,random_forest,rf_impurity,importance,2,loudness_sma3_stddevNorm,0.010926381332280513,30,False,0.0
speaker_independent,emotion_original,random_forest,rf_impurity,importance,2,loudness_sma3_percentile20.0,0.010747643454273243,32,False,0.0
speaker_independent,emotion_original,random_forest,rf_impurity,importance,2,loudness_sma3_percentile50.0,0.013769257182965709,18,False,0.4
speaker_independent,emotion_original,random_forest,rf_impurity,importance,2,loudness_sma3_percentile80.0,0.02246289400481477,5,True,1.0
speaker_independent,emotion_original,random_forest,rf_impurity,importance,2,loudness_sma3_pctlrange0-2,0.02376223014700233,3,True,1.0
speaker_independent,emotion_original,random_forest,rf_impurity,importance,2,loudness_sma3_meanRisingSlope,0.020409827100861276,6,True,1.0
speaker_independent,emotion_original,random_forest,rf_impurity,importance,2,loudness_sma3_stddevRisingSlope,0.015326688026447316,14,True,0.4
speaker_independent,emotion_original,random_forest,rf_impurity,importance,2,loudness_sma3_meanFallingSlope,0.017860381621103497,11,True,1.0
speaker_independent,emotion_original,random_forest,rf_impurity,importance,2,loudness_sma3_stddevFallingSlope,0.015288594468047147,16,False,0.0
speaker_independent,emotion_original,random_forest,rf_impurity,importance,2,spectralFlux_sma3_amean,0.023413305869358476,4,True,1.0
speaker_independent,emotion_original,random_forest,rf_impurity,importance,2,spectralFlux_sma3_stddevNorm,0.007896031328147025,80,False,0.0
speaker_independent,emotion_original,random_forest,rf_impurity,importance,2,mfcc1_sma3_amean,0.012709192225602078,21,False,0.0
speaker_independent,emotion_original,random_forest,rf_impurity,importance,2,mfcc1_sma3_stddevNorm,0.01150107788266361,27,False,0.0
speaker_independent,emotion_original,random_forest,rf_impurity,importance,2,mfcc2_sma3_amean,0.008538276643842378,67,False,0.0
speaker_independent,emotion_original,random_forest,rf_impurity,importance,2,mfcc2_sma3_stddevNorm,0.007644018856772584,86,False,0.0
speaker_independent,emotion_original,random_forest,rf_impurity,importance,2,mfcc3_sma3_amean,0.008066121148046612,74,False,0.0
speaker_independent,emotion_original,random_forest,rf_impurity,importance,2,mfcc3_sma3_stddevNorm,0.0079658610721063,76,False,0.0
speaker_independent,emotion_original,random_forest,rf_impurity,importance,2,mfcc4_sma3_amean,0.009984255118994471,40,False,0.0
speaker_independent,emotion_original,random_forest,rf_impurity,importance,2,mfcc4_sma3_stddevNorm,0.009698024294458556,43,False,0.0
speaker_independent,emotion_original,random_forest,rf_impurity,importance,2,jitterLocal_sma3nz_amean,0.018908302452434876,8,True,1.0
speaker_independent,emotion_original,random_forest,rf_impurity,importance,2,jitterLocal_sma3nz_stddevNorm,0.008607933849494279,63,False,0.0
speaker_independent,emotion_original,random_forest,rf_impurity,importance,2,shimmerLocaldB_sma3nz_amean,0.008889531509219502,61,False,0.0
speaker_independent,emotion_original,random_forest,rf_impurity,importance,2,shimmerLocaldB_sma3nz_stddevNorm,0.013290170446745304,19,False,0.4
speaker_independent,emotion_original,random_forest,rf_impurity,importance,2,HNRdBACF_sma3nz_amean,0.01638888543337782,12,True,0.8
speaker_independent,emotion_original,random_forest,rf_impurity,importance,2,HNRdBACF_sma3nz_stddevNorm,0.018927002820248767,7,True,1.0
speaker_independent,emotion_original,random_forest,rf_impurity,importance,2,logRelF0-H1-H2_sma3nz_amean,0.008915235714791773,60,False,0.0
speaker_independent,emotion_original,random_forest,rf_impurity,importance,2,logRelF0-H1-H2_sma3nz_stddevNorm,0.00919833677102945,54,False,0.0
speaker_independent,emotion_original,random_forest,rf_impurity,importance,2,logRelF0-H1-A3_sma3nz_amean,0.00923928437372213,51,False,0.0
speaker_independent,emotion_original,random_forest,rf_impurity,importance,2,logRelF0-H1-A3_sma3nz_stddevNorm,0.007863918485831687,82,False,0.0
speaker_independent,emotion_original,random_forest,rf_impurity,importance,2,F1frequency_sma3nz_amean,0.011950539015081984,23,False,0.0
speaker_independent,emotion_original,random_forest,rf_impurity,importance,2,F1frequency_sma3nz_stddevNorm,0.00789657564509818,79,False,0.0
speaker_independent,emotion_original,random_forest,rf_impurity,importance,2,F1bandwidth_sma3nz_amean,0.008336837235618927,69,False,0.0
speaker_independent,emotion_original,random_forest,rf_impurity,importance,2,F1bandwidth_sma3nz_stddevNorm,0.009555156763689445,44,False,0.0
speaker_independent,emotion_original,random_forest,rf_impurity,importance,2,F1amplitudeLogRelF0_sma3nz_amean,0.008368637790135896,68,False,0.0
speaker_independent,emotion_original,random_forest,rf_impurity,importance,2,F1amplitudeLogRelF0_sma3nz_stddevNorm,0.007729085228926766,83,False,0.0
speaker_independent,emotion_original,random_forest,rf_impurity,importance,2,F2frequency_sma3nz_amean,0.009424819919727241,49,False,0.0
speaker_independent,emotion_original,random_forest,rf_impurity,importance,2,F2frequency_sma3nz_stddevNorm,0.008225767408810642,72,False,0.0
speaker_independent,emotion_original,random_forest,rf_impurity,importance,2,F2bandwidth_sma3nz_amean,0.007882101307609609,81,False,0.0
speaker_independent,emotion_original,random_forest,rf_impurity,importance,2,F2bandwidth_sma3nz_stddevNorm,0.00740586243220875,88,False,0.0
speaker_independent,emotion_original,random_forest,rf_impurity,importance,2,F2amplitudeLogRelF0_sma3nz_amean,0.009440504974987591,47,False,0.0
speaker_independent,emotion_original,random_forest,rf_impurity,importance,2,F2amplitudeLogRelF0_sma3nz_stddevNorm,0.01024140477616099,37,False,0.0
speaker_independent,emotion_original,random_forest,rf_impurity,importance,2,F3frequency_sma3nz_amean,0.008992270500877782,57,False,0.0
speaker_independent,emotion_original,random_forest,rf_impurity,importance,2,F3frequency_sma3nz_stddevNorm,0.009429844170697595,48,False,0.0
speaker_independent,emotion_original,random_forest,rf_impurity,importance,2,F3bandwidth_sma3nz_amean,0.00953040962885483,45,False,0.0
speaker_independent,emotion_original,random_forest,rf_impurity,importance,2,F3bandwidth_sma3nz_stddevNorm,0.007619385552022012,87,False,0.0
speaker_independent,emotion_original,random_forest,rf_impurity,importance,2,F3amplitudeLogRelF0_sma3nz_amean,0.010887184903128962,31,False,0.0
speaker_independent,emotion_original,random_forest,rf_impurity,importance,2,F3amplitudeLogRelF0_sma3nz_stddevNorm,0.012396744137272446,22,False,0.2
speaker_independent,emotion_original,random_forest,rf_impurity,importance,2,alphaRatioV_sma3nz_amean,0.00928214331393167,50,False,0.0
speaker_independent,emotion_original,random_forest,rf_impurity,importance,2,alphaRatioV_sma3nz_stddevNorm,0.010450113455291949,36,False,0.0
speaker_independent,emotion_original,random_forest,rf_impurity,importance,2,hammarbergIndexV_sma3nz_amean,0.009744609353982152,41,False,0.0
speaker_independent,emotion_original,random_forest,rf_impurity,importance,2,hammarbergIndexV_sma3nz_stddevNorm,0.01046784402455861,35,False,0.0
speaker_independent,emotion_original,random_forest,rf_impurity,importance,2,slopeV0-500_sma3nz_amean,0.009209990620623993,53,False,0.0
speaker_independent,emotion_original,random_forest,rf_impurity,importance,2,slopeV0-500_sma3nz_stddevNorm,0.009067042885466585,56,False,0.0
speaker_independent,emotion_original,random_forest,rf_impurity,importance,2,slopeV500-1500_sma3nz_amean,0.014168711420086431,17,False,0.0
speaker_independent,emotion_original,random_forest,rf_impurity,importance,2,slopeV500-1500_sma3nz_stddevNorm,0.01184744484388968,24,False,0.0
speaker_independent,emotion_original,random_forest,rf_impurity,importance,2,spectralFluxV_sma3nz_amean,0.02552217766021578,1,True,1.0
speaker_independent,emotion_original,random_forest,rf_impurity,importance,2,spectralFluxV_sma3nz_stddevNorm,0.011143020147838134,29,False,0.0
speaker_independent,emotion_original,random_forest,rf_impurity,importance,2,mfcc1V_sma3nz_amean,0.01021652958102919,38,False,0.0
speaker_independent,emotion_original,random_forest,rf_impurity,importance,2,mfcc1V_sma3nz_stddevNorm,0.008753998511387426,62,False,0.0
speaker_independent,emotion_original,random_forest,rf_impurity,importance,2,mfcc2V_sma3nz_amean,0.009212265978776502,52,False,0.0
speaker_independent,emotion_original,random_forest,rf_impurity,importance,2,mfcc2V_sma3nz_stddevNorm,0.008984950978793428,58,False,0.0
speaker_independent,emotion_original,random_forest,rf_impurity,importance,2,mfcc3V_sma3nz_amean,0.00772365340751808,84,False,0.0
speaker_independent,emotion_original,random_forest,rf_impurity,importance,2,mfcc3V_sma3nz_stddevNorm,0.009094339239204299,55,False,0.0
speaker_independent,emotion_original,random_forest,rf_impurity,importance,2,mfcc4V_sma3nz_amean,0.008921547337589045,59,False,0.0
speaker_independent,emotion_original,random_forest,rf_impurity,importance,2,mfcc4V_sma3nz_stddevNorm,0.008229098760729978,71,False,0.0
speaker_independent,emotion_original,random_forest,rf_impurity,importance,2,alphaRatioUV_sma3nz_amean,0.0079031941404746,78,False,0.0
speaker_independent,emotion_original,random_forest,rf_impurity,importance,2,hammarbergIndexUV_sma3nz_amean,0.008548125878854708,66,False,0.0
speaker_independent,emotion_original,random_forest,rf_impurity,importance,2,slopeUV0-500_sma3nz_amean,0.007644629510775223,85,False,0.0
speaker_independent,emotion_original,random_forest,rf_impurity,importance,2,slopeUV500-1500_sma3nz_amean,0.0085605419654135,65,False,0.0
speaker_independent,emotion_original,random_forest,rf_impurity,importance,2,spectralFluxUV_sma3nz_amean,0.011476776495578165,28,False,0.2
speaker_independent,emotion_original,random_forest,rf_impurity,importance,2,loudnessPeaksPerSec,0.011740694076158468,26,False,0.0
speaker_independent,emotion_original,random_forest,rf_impurity,importance,2,VoicedSegmentsPerSec,0.008007513181286537,75,False,0.0
speaker_independent,emotion_original,random_forest,rf_impurity,importance,2,MeanVoicedSegmentLengthSec,0.008595369242214837,64,False,0.0
speaker_independent,emotion_original,random_forest,rf_impurity,importance,2,StddevVoicedSegmentLengthSec,0.009724955562196155,42,False,0.0
speaker_independent,emotion_original,random_forest,rf_impurity,importance,2,MeanUnvoicedSegmentLength,0.010505094198209927,34,False,0.0
speaker_independent,emotion_original,random_forest,rf_impurity,importance,2,StddevUnvoicedSegmentLength,0.008280647883987533,70,False,0.0
speaker_independent,emotion_original,random_forest,rf_impurity,importance,2,equivalentSoundLevel_dBp,0.01852993062136503,9,True,0.8
speaker_independent,emotion_original,random_forest,rf_permutation,importance,2,F0semitoneFrom27.5Hz_sma3nz_amean,-0.01015625,71,False,0.0
speaker_independent,emotion_original,random_forest,rf_permutation,importance,2,F0semitoneFrom27.5Hz_sma3nz_stddevNorm,0.007421875,2,True,0.2
speaker_independent,emotion_original,random_forest,rf_permutation,importance,2,F0semitoneFrom27.5Hz_sma3nz_percentile20.0,-0.005859375,49,False,0.2
speaker_independent,emotion_original,random_forest,rf_permutation,importance,2,F0semitoneFrom27.5Hz_sma3nz_percentile50.0,-0.003515625,33,False,0.2
speaker_independent,emotion_original,random_forest,rf_permutation,importance,2,F0semitoneFrom27.5Hz_sma3nz_percentile80.0,0.0,9,True,0.2
speaker_independent,emotion_original,random_forest,rf_permutation,importance,2,F0semitoneFrom27.5Hz_sma3nz_pctlrange0-2,0.003515625,3,True,0.8
speaker_independent,emotion_original,random_forest,rf_permutation,importance,2,F0semitoneFrom27.5Hz_sma3nz_meanRisingSlope,-0.01484375,83,False,0.0
speaker_independent,emotion_original,random_forest,rf_permutation,importance,2,F0semitoneFrom27.5Hz_sma3nz_stddevRisingSlope,-0.00234375,22,False,0.2
speaker_independent,emotion_original,random_forest,rf_permutation,importance,2,F0semitoneFrom27.5Hz_sma3nz_meanFallingSlope,-0.010546875,73,False,0.4
speaker_independent,emotion_original,random_forest,rf_permutation,importance,2,F0semitoneFrom27.5Hz_sma3nz_stddevFallingSlope,0.01328125,1,True,0.6
speaker_independent,emotion_original,random_forest,rf_permutation,importance,2,loudness_sma3_amean,-0.008984375,65,False,0.0
speaker_independent,emotion_original,random_forest,rf_permutation,importance,2,loudness_sma3_stddevNorm,-0.003515625,33,False,0.2
speaker_independent,emotion_original,random_forest,rf_permutation,importance,2,loudness_sma3_percentile20.0,-0.002734375,28,False,0.4
speaker_independent,emotion_original,random_forest,rf_permutation,importance,2,loudness_sma3_percentile50.0,-0.00625,53,False,0.0
speaker_independent,emotion_original,random_forest,rf_permutation,importance,2,loudness_sma3_percentile80.0,-0.0125,80,False,0.2
speaker_independent,emotion_original,random_forest,rf_permutation,importance,2,loudness_sma3_pctlrange0-2,-0.009765625,69,False,0.2
speaker_independent,emotion_original,random_forest,rf_permutation,importance,2,loudness_sma3_meanRisingSlope,-0.01328125,82,False,0.2
speaker_independent,emotion_original,random_forest,rf_permutation,importance,2,loudness_sma3_stddevRisingSlope,-0.0015625,14,True,0.4
speaker_independent,emotion_original,random_forest,rf_permutation,importance,2,loudness_sma3_meanFallingSlope,-0.001953125,18,False,0.2
speaker_independent,emotion_original,random_forest,rf_permutation,importance,2,loudness_sma3_stddevFallingSlope,-0.01171875,77,False,0.0
speaker_independent,emotion_original,random_forest,rf_permutation,importance,2,spectralFlux_sma3_amean,-0.016796875,86,False,0.0
speaker_independent,emotion_original,random_forest,rf_permutation,importance,2,spectralFlux_sma3_stddevNorm,-0.00234375,22,False,0.2
speaker_independent,emotion_original,random_forest,rf_permutation,importance,2,mfcc1_sma3_amean,-0.0015625,14,True,0.6
speaker_independent,emotion_original,random_forest,rf_permutation,importance,2,mfcc1_sma3_stddevNorm,-0.00625,53,False,0.2
speaker_independent,emotion_original,random_forest,rf_permutation,importance,2,mfcc2_sma3_amean,-0.005078125,44,False,0.0
speaker_independent,emotion_original,random_forest,rf_permutation,importance,2,mfcc2_sma3_stddevNorm,-0.003515625,33,False,0.2
speaker_independent,emotion_original,random_forest,rf_permutation,importance,2,mfcc3_sma3_amean,-0.003125,32,False,0.2
speaker_independent,emotion_original,random_forest,rf_permutation,importance,2,mfcc3_sma3_stddevNorm,-0.00625,53,False,0.0
speaker_independent,emotion_original,random_forest,rf_permutation,importance,2,mfcc4_sma3_amean,0.001953125,6,True,0.2
speaker_independent,emotion_original,random_forest,rf_permutation,importance,2,mfcc4_sma3_stddevNorm,-0.00078125,11,True,0.2
speaker_independent,emotion_original,random_forest,rf_permutation,importance,2,jitterLocal_sma3nz_amean,-0.01796875,87,False,0.2
speaker_independent,emotion_original,random_forest,rf_permutation,importance,2,jitterLocal_sma3nz_stddevNorm,-0.0109375,74,False,0.2
speaker_independent,emotion_original,random_forest,rf_permutation,importance,2,shimmerLocaldB_sma3nz_amean,-0.003515625,33,False,0.0
speaker_independent,emotion_original,random_forest,rf_permutation,importance,2,shimmerLocaldB_sma3nz_stddevNorm,-0.003515625,33,False,0.0
speaker_independent,emotion_original,random_forest,rf_permutation,importance,2,HNRdBACF_sma3nz_amean,-0.01171875,77,False,0.2
speaker_independent,emotion_original,random_forest,rf_permutation,importance,2,HNRdBACF_sma3nz_stddevNorm,-0.015625,84,False,0.4
speaker_independent,emotion_original,random_forest,rf_permutation,importance,2,logRelF0-H1-H2_sma3nz_amean,0.0015625,8,True,0.2
speaker_independent,emotion_original,random_forest,rf_permutation,importance,2,logRelF0-H1-H2_sma3nz_stddevNorm,-0.00234375,22,False,0.6
speaker_independent,emotion_original,random_forest,rf_permutation,importance,2,logRelF0-H1-A3_sma3nz_amean,-0.001953125,18,False,0.0
speaker_independent,emotion_original,random_forest,rf_permutation,importance,2,logRelF0-H1-A3_sma3nz_stddevNorm,-0.003515625,33,False,0.0
speaker_independent,emotion_original,random_forest,rf_permutation,importance,2,F1frequency_sma3nz_amean,-0.007421875,61,False,0.4
speaker_independent,emotion_original,random_forest,rf_permutation,importance,2,F1frequency_sma3nz_stddevNorm,-0.0046875,41,False,0.2
speaker_independent,emotion_original,random_forest,rf_permutation,importance,2,F1bandwidth_sma3nz_amean,-0.00703125,59,False,0.4
speaker_independent,emotion_original,random_forest,rf_permutation,importance,2,F1bandwidth_sma3nz_stddevNorm,-0.005859375,49,False,0.0
speaker_independent,emotion_original,random_forest,rf_permutation,importance,2,F1amplitudeLogRelF0_sma3nz_amean,-0.00078125,11,True,0.4
speaker_independent,emotion_original,random_forest,rf_permutation,importance,2,F1amplitudeLogRelF0_sma3nz_stddevNorm,-0.009375,67,False,0.0
speaker_independent,emotion_original,random_forest,rf_permutation,importance,2,F2frequency_sma3nz_amean,-0.002734375,28,False,0.0
speaker_independent,emotion_original,random_forest,rf_permutation,importance,2,F2frequency_sma3nz_stddevNorm,0.002734375,5,True,0.4
speaker_independent,emotion_original,random_forest,rf_permutation,importance,2,F2bandwidth_sma3nz_amean,-0.0046875,41,False,0.2
speaker_independent,emotion_original,random_forest,rf_permutation,importance,2,F2bandwidth_sma3nz_stddevNorm,-0.009765625,69,False,0.0
speaker_independent,emotion_original,random_forest,rf_permutation,importance,2,F2amplitudeLogRelF0_sma3nz_amean,-0.012109375,79,False,0.2
speaker_independent,emotion_original,random_forest,rf_permutation,importance,2,F2amplitudeLogRelF0_sma3nz_stddevNorm,-0.016015625,85,False,0.4
speaker_independent,emotion_original,random_forest,rf_permutation,importance,2,F3frequency_sma3nz_amean,-0.006640625,57,False,0.0
speaker_independent,emotion_original,random_forest,rf_permutation,importance,2,F3frequency_sma3nz_stddevNorm,-0.00859375,64,False,0.0
speaker_independent,emotion_original,random_forest,rf_permutation,importance,2,F3bandwidth_sma3nz_amean,-0.00234375,22,False,0.0
speaker_independent,emotion_original,random_forest,rf_permutation,importance,2,F3bandwidth_sma3nz_stddevNorm,-0.00390625,39,False,0.0
speaker_independent,emotion_original,random_forest,rf_permutation,importance,2,F3amplitudeLogRelF0_sma3nz_amean,-0.005859375,49,False,0.4
speaker_independent,emotion_original,random_forest,rf_permutation,importance,2,F3amplitudeLogRelF0_sma3nz_stddevNorm,-0.00625,53,False,0.2
speaker_independent,emotion_original,random_forest,rf_permutation,importance,2,alphaRatioV_sma3nz_amean,-0.004296875,40,False,0.0
speaker_independent,emotion_original,random_forest,rf_permutation,importance,2,alphaRatioV_sma3nz_stddevNorm,-0.0109375,74,False,0.6
speaker_independent,emotion_original,random_forest,rf_permutation,importance,2,hammarbergIndexV_sma3nz_amean,0.003515625,3,True,0.2
speaker_independent,emotion_original,random_forest,rf_permutation,importance,2,hammarbergIndexV_sma3nz_stddevNorm,-0.012890625,81,False,0.2
speaker_independent,emotion_original,random_forest,rf_permutation,importance,2,slopeV0-500_sma3nz_amean,-0.00234375,22,False,0.4
speaker_independent,emotion_original,random_forest,rf_permutation,importance,2,slopeV0-500_sma3nz_stddevNorm,-0.001953125,18,False,0.0
speaker_independent,emotion_original,random_forest,rf_permutation,importance,2,slopeV500-1500_sma3nz_amean,-0.00703125,59,False,0.2
speaker_independent,emotion_original,random_forest,rf_permutation,importance,2,slopeV500-1500_sma3nz_stddevNorm,-0.011328125,76,False,0.2
speaker_independent,emotion_original,random_forest,rf_permutation,importance,2,spectralFluxV_sma3nz_amean,-0.020703125,88,False,0.4
speaker_independent,emotion_original,random_forest,rf_permutation,importance,2,spectralFluxV_sma3nz_stddevNorm,-0.006640625,57,False,0.2
speaker_independent,emotion_original,random_forest,rf_permutation,importance,2,mfcc1V_sma3nz_amean,-0.01015625,71,False,0.2
speaker_independent,emotion_original,random_forest,rf_permutation,importance,2,mfcc1V_sma3nz_stddevNorm,-0.005078125,44,False,0.2
speaker_independent,emotion_original,random_forest,rf_permutation,importance,2,mfcc2V_sma3nz_amean,-0.007421875,61,False,0.0
speaker_independent,emotion_original,random_forest,rf_permutation,importance,2,mfcc2V_sma3nz_stddevNorm,-0.009375,67,False,0.2
speaker_independent,emotion_original,random_forest,rf_permutation,importance,2,mfcc3V_sma3nz_amean,-0.00234375,22,False,0.4
speaker_independent,emotion_original,random_forest,rf_permutation,importance,2,mfcc3V_sma3nz_stddevNorm,-0.005078125,44,False,0.0
speaker_independent,emotion_original,random_forest,rf_permutation,importance,2,mfcc4V_sma3nz_amean,0.001953125,6,True,0.2
speaker_independent,emotion_original,random_forest,rf_permutation,importance,2,mfcc4V_sma3nz_stddevNorm,-0.005078125,44,False,0.0
speaker_independent,emotion_original,random_forest,rf_permutation,importance,2,alphaRatioUV_sma3nz_amean,-0.0015625,14,True,0.6
speaker_independent,emotion_original,random_forest,rf_permutation,importance,2,hammarbergIndexUV_sma3nz_amean,-0.008984375,65,False,0.2
speaker_independent,emotion_original,random_forest,rf_permutation,importance,2,slopeUV0-500_sma3nz_amean,0.0,9,True,0.2
speaker_independent,emotion_original,random_forest,rf_permutation,importance,2,slopeUV500-1500_sma3nz_amean,-0.00078125,11,True,0.4
speaker_independent,emotion_original,random_forest,rf_permutation,importance,2,spectralFluxUV_sma3nz_amean,-0.001953125,18,False,0.0
speaker_independent,emotion_original,random_forest,rf_permutation,importance,2,loudnessPeaksPerSec,-0.007421875,61,False,0.4
speaker_independent,emotion_original,random_forest,rf_permutation,importance,2,VoicedSegmentsPerSec,-0.005859375,49,False,0.0
speaker_independent,emotion_original,random_forest,rf_permutation,importance,2,MeanVoicedSegmentLengthSec,-0.002734375,28,False,0.2
speaker_independent,emotion_original,random_forest,rf_permutation,importance,2,StddevVoicedSegmentLengthSec,-0.0015625,14,True,0.4
speaker_independent,emotion_original,random_forest,rf_permutation,importance,2,MeanUnvoicedSegmentLength,-0.005078125,44,False,0.0
speaker_independent,emotion_original,random_forest,rf_permutation,importance,2,StddevUnvoicedSegmentLength,-0.002734375,28,False,0.0
speaker_independent,emotion_original,random_forest,rf_permutation,importance,2,equivalentSoundLevel_dBp,-0.0046875,41,False,0.2
speaker_independent,emotion_original,logistic_regression,logreg_coefficient,importance,2,F0semitoneFrom27.5Hz_sma3nz_amean,0.5497764821851535,15,True,0.8
speaker_independent,emotion_original,logistic_regression,logreg_coefficient,importance,2,F0semitoneFrom27.5Hz_sma3nz_stddevNorm,0.2672431061183222,67,False,0.0
speaker_independent,emotion_original,logistic_regression,logreg_coefficient,importance,2,F0semitoneFrom27.5Hz_sma3nz_percentile20.0,0.39059652699695524,42,False,0.0
speaker_independent,emotion_original,logistic_regression,logreg_coefficient,importance,2,F0semitoneFrom27.5Hz_sma3nz_percentile50.0,0.5791090609172311,9,True,0.8
speaker_independent,emotion_original,logistic_regression,logreg_coefficient,importance,2,F0semitoneFrom27.5Hz_sma3nz_percentile80.0,0.280016550577346,64,False,0.0
speaker_independent,emotion_original,logistic_regression,logreg_coefficient,importance,2,F0semitoneFrom27.5Hz_sma3nz_pctlrange0-2,0.5738226266990986,10,True,0.2
speaker_independent,emotion_original,logistic_regression,logreg_coefficient,importance,2,F0semitoneFrom27.5Hz_sma3nz_meanRisingSlope,0.32342772506374956,53,False,0.0
speaker_independent,emotion_original,logistic_regression,logreg_coefficient,importance,2,F0semitoneFrom27.5Hz_sma3nz_stddevRisingSlope,0.21333148308247463,79,False,0.0
speaker_independent,emotion_original,logistic_regression,logreg_coefficient,importance,2,F0semitoneFrom27.5Hz_sma3nz_meanFallingSlope,0.25405785567149763,71,False,0.0
speaker_independent,emotion_original,logistic_regression,logreg_coefficient,importance,2,F0semitoneFrom27.5Hz_sma3nz_stddevFallingSlope,0.4961796060598122,22,False,0.2
speaker_independent,emotion_original,logistic_regression,logreg_coefficient,importance,2,loudness_sma3_amean,0.3480334801417939,46,False,0.0
speaker_independent,emotion_original,logistic_regression,logreg_coefficient,importance,2,loudness_sma3_stddevNorm,0.8701999182125524,1,True,1.0
speaker_independent,emotion_original,logistic_regression,logreg_coefficient,importance,2,loudness_sma3_percentile20.0,0.5701253763710644,11,True,0.2
speaker_independent,emotion_original,logistic_regression,logreg_coefficient,importance,2,loudness_sma3_percentile50.0,0.44980636052372736,33,False,0.0
speaker_independent,emotion_original,logistic_regression,logreg_coefficient,importance,2,loudness_sma3_percentile80.0,0.4074260169970646,41,False,0.0
speaker_independent,emotion_original,logistic_regression,logreg_coefficient,importance,2,loudness_sma3_pctlrange0-2,0.44555197773071964,35,False,0.0
speaker_independent,emotion_original,logistic_regression,logreg_coefficient,importance,2,loudness_sma3_meanRisingSlope,0.5322049278610422,19,False,0.8
speaker_independent,emotion_original,logistic_regression,logreg_coefficient,importance,2,loudness_sma3_stddevRisingSlope,0.4584477270034255,30,False,0.0
speaker_independent,emotion_original,logistic_regression,logreg_coefficient,importance,2,loudness_sma3_meanFallingSlope,0.5335470053535458,18,False,0.4
speaker_independent,emotion_original,logistic_regression,logreg_coefficient,importance,2,loudness_sma3_stddevFallingSlope,0.2729831057704964,66,False,0.0
speaker_independent,emotion_original,logistic_regression,logreg_coefficient,importance,2,spectralFlux_sma3_amean,0.3430156898662481,47,False,0.0
speaker_independent,emotion_original,logistic_regression,logreg_coefficient,importance,2,spectralFlux_sma3_stddevNorm,0.286709012347541,60,False,0.0
speaker_independent,emotion_original,logistic_regression,logreg_coefficient,importance,2,mfcc1_sma3_amean,0.5585959414576859,13,True,1.0
speaker_independent,emotion_original,logistic_regression,logreg_coefficient,importance,2,mfcc1_sma3_stddevNorm,0.27370119102376694,65,False,0.0
speaker_independent,emotion_original,logistic_regression,logreg_coefficient,importance,2,mfcc2_sma3_amean,0.5343457492625533,17,False,0.6
speaker_independent,emotion_original,logistic_regression,logreg_coefficient,importance,2,mfcc2_sma3_stddevNorm,0.32258383118670453,54,False,0.0
speaker_independent,emotion_original,logistic_regression,logreg_coefficient,importance,2,mfcc3_sma3_amean,0.6630017594301744,6,True,0.8
speaker_independent,emotion_original,logistic_regression,logreg_coefficient,importance,2,mfcc3_sma3_stddevNorm,0.12431630927191493,86,False,0.0
speaker_independent,emotion_original,logistic_regression,logreg_coefficient,importance,2,mfcc4_sma3_amean,0.5565880909547785,14,True,0.8
speaker_independent,emotion_original,logistic_regression,logreg_coefficient,importance,2,mfcc4_sma3_stddevNorm,0.24637487955062762,73,False,0.0
speaker_independent,emotion_original,logistic_regression,logreg_coefficient,importance,2,jitterLocal_sma3nz_amean,0.4229844307000794,40,False,0.0
speaker_independent,emotion_original,logistic_regression,logreg_coefficient,importance,2,jitterLocal_sma3nz_stddevNorm,0.1826939108972791,82,False,0.0
speaker_independent,emotion_original,logistic_regression,logreg_coefficient,importance,2,shimmerLocaldB_sma3nz_amean,0.22598917294631257,76,False,0.0
speaker_independent,emotion_original,logistic_regression,logreg_coefficient,importance,2,shimmerLocaldB_sma3nz_stddevNorm,0.23138088282671837,74,False,0.0
speaker_independent,emotion_original,logistic_regression,logreg_coefficient,importance,2,HNRdBACF_sma3nz_amean,0.8657657479188007,2,True,1.0
speaker_independent,emotion_original,logistic_regression,logreg_coefficient,importance,2,HNRdBACF_sma3nz_stddevNorm,0.4338422791042414,38,False,0.0
speaker_independent,emotion_original,logistic_regression,logreg_coefficient,importance,2,logRelF0-H1-H2_sma3nz_amean,0.18744943767529196,80,False,0.0
speaker_independent,emotion_original,logistic_regression,logreg_coefficient,importance,2,logRelF0-H1-H2_sma3nz_stddevNorm,0.24966492495067327,72,False,0.0
speaker_independent,emotion_original,logistic_regression,logreg_coefficient,importance,2,logRelF0-H1-A3_sma3nz_amean,0.33540211075414517,49,False,0.0
speaker_independent,emotion_original,logistic_regression,logreg_coefficient,importance,2,logRelF0-H1-A3_sma3nz_stddevNorm,0.358403709064377,44,False,0.2
speaker_independent,emotion_original,logistic_regression,logreg_coefficient,importance,2,F1frequency_sma3nz_amean,0.5815501133764996,8,True,1.0
speaker_independent,emotion_original,logistic_regression,logreg_coefficient,importance,2,F1frequency_sma3nz_stddevNorm,0.22743748680541562,75,False,0.0
speaker_independent,emotion_original,logistic_regression,logreg_coefficient,importance,2,F1bandwidth_sma3nz_amean,0.29674455802859034,59,False,0.0
speaker_independent,emotion_original,logistic_regression,logreg_coefficient,importance,2,F1bandwidth_sma3nz_stddevNorm,0.29904104579561475,57,False,0.0
speaker_independent,emotion_original,logistic_regression,logreg_coefficient,importance,2,F1amplitudeLogRelF0_sma3nz_amean,0.7425377810333549,5,True,0.8
speaker_independent,emotion_original,logistic_regression,logreg_coefficient,importance,2,F1amplitudeLogRelF0_sma3nz_stddevNorm,0.6125839085918454,7,True,0.6
speaker_independent,emotion_original,logistic_regression,logreg_coefficient,importance,2,F2frequency_sma3nz_amean,0.33205358409120556,50,False,0.0
speaker_independent,emotion_original,logistic_regression,logreg_coefficient,importance,2,F2frequency_sma3nz_stddevNorm,0.22401410867234156,78,False,0.0
speaker_independent,emotion_original,logistic_regression,logreg_coefficient,importance,2,F2bandwidth_sma3nz_amean,0.1553563938950256,84,False,0.0
speaker_independent,emotion_original,logistic_regression,logreg_coefficient,importance,2,F2bandwidth_sma3nz_stddevNorm,0.26082037927772556,69,False,0.0
speaker_independent,emotion_original,logistic_regression,logreg_coefficient,importance,2,F2amplitudeLogRelF0_sma3nz_amean,0.32348491806018176,52,False,0.0
speaker_independent,emotion_original,logistic_regression,logreg_coefficient,importance,2,F2amplitudeLogRelF0_sma3nz_stddevNorm,0.28579522892794174,61,False,0.0
speaker_independent,emotion_original,logistic_regression,logreg_coefficient,importance,2,F3frequency_sma3nz_amean,0.4849487266384103,25,False,0.2
speaker_independent,emotion_original,logistic_regression,logreg_coefficient,importance,2,F3frequency_sma3nz_stddevNorm,0.32692451247201704,51,False,0.0
speaker_independent,emotion_original,logistic_regression,logreg_coefficient,importance,2,F3bandwidth_sma3nz_amean,0.16450256555375584,83,False,0.0
speaker_independent,emotion_original,logistic_regression,logreg_coefficient,importance,2,F3bandwidth_sma3nz_stddevNorm,0.2983679743863722,58,False,0.0
speaker_independent,emotion_original,logistic_regression,logreg_coefficient,importance,2,F3amplitudeLogRelF0_sma3nz_amean,0.28032733228587176,63,False,0.0
speaker_independent,emotion_original,logistic_regression,logreg_coefficient,importance,2,F3amplitudeLogRelF0_sma3nz_stddevNorm,0.4525013111904115,32,False,0.4
speaker_independent,emotion_original,logistic_regression,logreg_coefficient,importance,2,alphaRatioV_sma3nz_amean,0.4595414719776199,29,False,0.4
speaker_independent,emotion_original,logistic_regression,logreg_coefficient,importance,2,alphaRatioV_sma3nz_stddevNorm,0.045903087012243445,88,False,0.0
speaker_independent,emotion_original,logistic_regression,logreg_coefficient,importance,2,hammarbergIndexV_sma3nz_amean,0.44228242171338034,36,False,0.0
speaker_independent,emotion_original,logistic_regression,logreg_coefficient,importance,2,hammarbergIndexV_sma3nz_stddevNorm,0.4387506530333961,37,False,0.2
speaker_independent,emotion_original,logistic_regression,logreg_coefficient,importance,2,slopeV0-500_sma3nz_amean,0.4599897702642838,28,False,0.2
speaker_independent,emotion_original,logistic_regression,logreg_coefficient,importance,2,slopeV0-500_sma3nz_stddevNorm,0.3407819937409311,48,False,0.0
speaker_independent,emotion_original,logistic_regression,logreg_coefficient,importance,2,slopeV500-1500_sma3nz_amean,0.4883689310977974,24,False,0.0
speaker_independent,emotion_original,logistic_regression,logreg_coefficient,importance,2,slopeV500-1500_sma3nz_stddevNorm,0.5219445142362388,20,False,0.0
speaker_independent,emotion_original,logistic_regression,logreg_coefficient,importance,2,spectralFluxV_sma3nz_amean,0.349674748163344,45,False,0.0
speaker_independent,emotion_original,logistic_regression,logreg_coefficient,importance,2,spectralFluxV_sma3nz_stddevNorm,0.5458680938976104,16,False,0.2
speaker_independent,emotion_original,logistic_regression,logreg_coefficient,importance,2,mfcc1V_sma3nz_amean,0.4626582010295997,27,False,0.0
speaker_independent,emotion_original,logistic_regression,logreg_coefficient,importance,2,mfcc1V_sma3nz_stddevNorm,0.07942397812824847,87,False,0.0
speaker_independent,emotion_original,logistic_regression,logreg_coefficient,importance,2,mfcc2V_sma3nz_amean,0.8214171205095194,4,True,0.6
speaker_independent,emotion_original,logistic_regression,logreg_coefficient,importance,2,mfcc2V_sma3nz_stddevNorm,0.2663379193955333,68,False,0.0
speaker_independent,emotion_original,logistic_regression,logreg_coefficient,importance,2,mfcc3V_sma3nz_amean,0.44647410642963137,34,False,0.0
speaker_independent,emotion_original,logistic_regression,logreg_coefficient,importance,2,mfcc3V_sma3nz_stddevNorm,0.2248992344036757,77,False,0.0
speaker_independent,emotion_original,logistic_regression,logreg_coefficient,importance,2,mfcc4V_sma3nz_amean,0.48452955284064453,26,False,0.0
speaker_independent,emotion_original,logistic_regression,logreg_coefficient,importance,2,mfcc4V_sma3nz_stddevNorm,0.15008084226530483,85,False,0.0
speaker_independent,emotion_original,logistic_regression,logreg_coefficient,importance,2,alphaRatioUV_sma3nz_amean,0.4575258817315468,31,False,0.0
speaker_independent,emotion_original,logistic_regression,logreg_coefficient,importance,2,hammarbergIndexUV_sma3nz_amean,0.5025328442543832,21,False,0.4
speaker_independent,emotion_original,logistic_regression,logreg_coefficient,importance,2,slopeUV0-500_sma3nz_amean,0.31917905904208665,55,False,0.0
speaker_independent,emotion_original,logistic_regression,logreg_coefficient,importance,2,slopeUV500-1500_sma3nz_amean,0.48880651601675174,23,False,0.0
speaker_independent,emotion_original,logistic_regression,logreg_coefficient,importance,2,spectralFluxUV_sma3nz_amean,0.25646942745858525,70,False,0.0
speaker_independent,emotion_original,logistic_regression,logreg_coefficient,importance,2,loudnessPeaksPerSec,0.2824770703933772,62,False,0.0
speaker_independent,emotion_original,logistic_regression,logreg_coefficient,importance,2,VoicedSegmentsPerSec,0.4267623515023081,39,False,0.0
speaker_independent,emotion_original,logistic_regression,logreg_coefficient,importance,2,MeanVoicedSegmentLengthSec,0.3061715586177116,56,False,0.0
speaker_independent,emotion_original,logistic_regression,logreg_coefficient,importance,2,StddevVoicedSegmentLengthSec,0.18435448954933897,81,False,0.0
speaker_independent,emotion_original,logistic_regression,logreg_coefficient,importance,2,MeanUnvoicedSegmentLength,0.3612009666491073,43,False,0.0
speaker_independent,emotion_original,logistic_regression,logreg_coefficient,importance,2,StddevUnvoicedSegmentLength,0.5694034858273743,12,True,0.2
speaker_independent,emotion_original,logistic_regression,logreg_coefficient,importance,2,equivalentSoundLevel_dBp,0.826217202536741,3,True,1.0
speaker_independent,emotion_original,random_forest,rf_impurity,importance,3,F0semitoneFrom27.5Hz_sma3nz_amean,0.011622900724241486,28,False,0.0
speaker_independent,emotion_original,random_forest,rf_impurity,importance,3,F0semitoneFrom27.5Hz_sma3nz_stddevNorm,0.015695119108386738,14,True,1.0
speaker_independent,emotion_original,random_forest,rf_impurity,importance,3,F0semitoneFrom27.5Hz_sma3nz_percentile20.0,0.012269696029259399,23,False,0.0
speaker_independent,emotion_original,random_forest,rf_impurity,importance,3,F0semitoneFrom27.5Hz_sma3nz_percentile50.0,0.011897146411931153,25,False,0.0
speaker_independent,emotion_original,random_forest,rf_impurity,importance,3,F0semitoneFrom27.5Hz_sma3nz_percentile80.0,0.010255167284692791,39,False,0.0
speaker_independent,emotion_original,random_forest,rf_impurity,importance,3,F0semitoneFrom27.5Hz_sma3nz_pctlrange0-2,0.023249994758442753,2,True,1.0
speaker_independent,emotion_original,random_forest,rf_impurity,importance,3,F0semitoneFrom27.5Hz_sma3nz_meanRisingSlope,0.008061901047273827,82,False,0.0
speaker_independent,emotion_original,random_forest,rf_impurity,importance,3,F0semitoneFrom27.5Hz_sma3nz_stddevRisingSlope,0.008489505007150447,68,False,0.0
speaker_independent,emotion_original,random_forest,rf_impurity,importance,3,F0semitoneFrom27.5Hz_sma3nz_meanFallingSlope,0.010796114429104976,32,False,0.0
speaker_independent,emotion_original,random_forest,rf_impurity,importance,3,F0semitoneFrom27.5Hz_sma3nz_stddevFallingSlope,0.01953751794945992,7,True,1.0
speaker_independent,emotion_original,random_forest,rf_impurity,importance,3,loudness_sma3_amean,0.015291342055216827,15,True,0.8
speaker_independent,emotion_original,random_forest,rf_impurity,importance,3,loudness_sma3_stddevNorm,0.010564808307538944,36,False,0.0
speaker_independent,emotion_original,random_forest,rf_impurity,importance,3,loudness_sma3_percentile20.0,0.008725086609183785,65,False,0.0
speaker_independent,emotion_original,random_forest,rf_impurity,importance,3,loudness_sma3_percentile50.0,0.013081703744997945,21,False,0.4
speaker_independent,emotion_original,random_forest,rf_impurity,importance,3,loudness_sma3_percentile80.0,0.01964319531841882,5,True,1.0
speaker_independent,emotion_original,random_forest,rf_impurity,importance,3,loudness_sma3_pctlrange0-2,0.02168597733039712,4,True,1.0
speaker_independent,emotion_original,random_forest,rf_impurity,importance,3,loudness_sma3_meanRisingSlope,0.01822196249588987,9,True,1.0
speaker_independent,emotion_original,random_forest,rf_impurity,importance,3,loudness_sma3_stddevRisingSlope,0.013683044583916632,18,False,0.4
speaker_independent,emotion_original,random_forest,rf_impurity,importance,3,loudness_sma3_meanFallingSlope,0.01826857833342406,8,True,1.0
speaker_independent,emotion_original,random_forest,rf_impurity,importance,3,loudness_sma3_stddevFallingSlope,0.01414564892594965,17,False,0.0
speaker_independent,emotion_original,random_forest,rf_impurity,importance,3,spectralFlux_sma3_amean,0.019587382937817064,6,True,1.0
speaker_independent,emotion_original,random_forest,rf_impurity,importance,3,spectralFlux_sma3_stddevNorm,0.008094605257670143,80,False,0.0
speaker_independent,emotion_original,random_forest,rf_impurity,importance,3,mfcc1_sma3_amean,0.00917576632876514,54,False,0.0
speaker_independent,emotion_original,random_forest,rf_impurity,importance,3,mfcc1_sma3_stddevNorm,0.010050115263146139,40,False,0.0
speaker_independent,emotion_original,random_forest,rf_impurity,importance,3,mfcc2_sma3_amean,0.009710658940251173,47,False,0.0
speaker_independent,emotion_original,random_forest,rf_impurity,importance,3,mfcc2_sma3_stddevNorm,0.008132767022411754,78,False,0.0
speaker_independent,emotion_original,random_forest,rf_impurity,importance,3,mfcc3_sma3_amean,0.008379648848753094,74,False,0.0
speaker_independent,emotion_original,random_forest,rf_impurity,importance,3,mfcc3_sma3_stddevNorm,0.008289801189917555,76,False,0.0
speaker_independent,emotion_original,random_forest,rf_impurity,importance,3,mfcc4_sma3_amean,0.008826754115025055,62,False,0.0
speaker_independent,emotion_original,random_forest,rf_impurity,importance,3,mfcc4_sma3_stddevNorm,0.00813111358636053,79,False,0.0
speaker_independent,emotion_original,random_forest,rf_impurity,importance,3,jitterLocal_sma3nz_amean,0.023716527475265772,1,True,1.0
speaker_independent,emotion_original,random_forest,rf_impurity,importance,3,jitterLocal_sma3nz_stddevNorm,0.008588131712075188,67,False,0.0
speaker_independent,emotion_original,random_forest,rf_impurity,importance,3,shimmerLocaldB_sma3nz_amean,0.00961806549488939,49,False,0.0
speaker_independent,emotion_original,random_forest,rf_impurity,importance,3,shimmerLocaldB_sma3nz_stddevNorm,0.015770587914225455,13,True,0.4
speaker_independent,emotion_original,random_forest,rf_impurity,importance,3,HNRdBACF_sma3nz_amean,0.017546713590933176,10,True,0.8
speaker_independent,emotion_original,random_forest,rf_impurity,importance,3,HNRdBACF_sma3nz_stddevNorm,0.017439425595776315,11,True,1.0
speaker_independent,emotion_original,random_forest,rf_impurity,importance,3,logRelF0-H1-H2_sma3nz_amean,0.008797114561929794,63,False,0.0
speaker_independent,emotion_original,random_forest,rf_impurity,importance,3,logRelF0-H1-H2_sma3nz_stddevNorm,0.009550450626468872,51,False,0.0
speaker_independent,emotion_original,random_forest,rf_impurity,importance,3,logRelF0-H1-A3_sma3nz_amean,0.011603555408230999,29,False,0.0
speaker_independent,emotion_original,random_forest,rf_impurity,importance,3,logRelF0-H1-A3_sma3nz_stddevNorm,0.00775026053782632,84,False,0.0
speaker_independent,emotion_original,random_forest,rf_impurity,importance,3,F1frequency_sma3nz_amean,0.011830397170148813,26,False,0.0
speaker_independent,emotion_original,random_forest,rf_impurity,importance,3,F1frequency_sma3nz_stddevNorm,0.008149779608411243,77,False,0.0
speaker_independent,emotion_original,random_forest,rf_impurity,importance,3,F1bandwidth_sma3nz_amean,0.008090035892299395,81,False,0.0
speaker_independent,emotion_original,random_forest,rf_impurity,importance,3,F1bandwidth_sma3nz_stddevNorm,0.009820796777063151,45,False,0.0
speaker_independent,emotion_original,random_forest,rf_impurity,importance,3,F1amplitudeLogRelF0_sma3nz_amean,0.00864130428249297,66,False,0.0
speaker_independent,emotion_original,random_forest,rf_impurity,importance,3,F1amplitudeLogRelF0_sma3nz_stddevNorm,0.009048377722688511,58,False,0.0
speaker_independent,emotion_original,random_forest,rf_impurity,importance,3,F2frequency_sma3nz_amean,0.009426383512573595,52,False,0.0
speaker_independent,emotion_original,random_forest,rf_impurity,importance,3,F2frequency_sma3nz_stddevNorm,0.008897153035378587,60,False,0.0
speaker_independent,emotion_original,random_forest,rf_impurity,importance,3,F2bandwidth_sma3nz_amean,0.0077029512040601685,85,False,0.0
speaker_independent,emotion_original,random_forest,rf_impurity,importance,3,F2bandwidth_sma3nz_stddevNorm,0.008473361552859488,70,False,0.0
speaker_independent,emotion_original,random_forest,rf_impurity,importance,3,F2amplitudeLogRelF0_sma3nz_amean,0.009817018021600545,46,False,0.0
speaker_independent,emotion_original,random_forest,rf_impurity,importance,3,F2amplitudeLogRelF0_sma3nz_stddevNorm,0.011200812907638958,30,False,0.0
speaker_independent,emotion_original,random_forest,rf_impurity,importance,3,F3frequency_sma3nz_amean,0.010009862067238966,42,False,0.0
speaker_independent,emotion_original,random_forest,rf_impurity,importance,3,F3frequency_sma3nz_stddevNorm,0.010042064447111677,41,False,0.0
speaker_independent,emotion_original,random_forest,rf_impurity,importance,3,F3bandwidth_sma3nz_amean,0.009003492318356293,59,False,0.0
speaker_independent,emotion_original,random_forest,rf_impurity,importance,3,F3bandwidth_sma3nz_stddevNorm,0.007299082154910582,88,False,0.0
speaker_independent,emotion_original,random_forest,rf_impurity,importance,3,F3amplitudeLogRelF0_sma3nz_amean,0.01073078976488537,33,False,0.0
speaker_independent,emotion_original,random_forest,rf_impurity,importance,3,F3amplitudeLogRelF0_sma3nz_stddevNorm,0.014349014461879856,16,False,0.2
speaker_independent,emotion_original,random_forest,rf_impurity,importance,3,alphaRatioV_sma3nz_amean,0.010727078988798072,34,False,0.0
speaker_independent,emotion_original,random_forest,rf_impurity,importance,3,alphaRatioV_sma3nz_stddevNorm,0.010848420472680809,31,False,0.0
speaker_independent,emotion_original,random_forest,rf_impurity,importance,3,hammarbergIndexV_sma3nz_amean,0.013166287827566667,20,False,0.0
speaker_independent,emotion_original,random_forest,rf_impurity,importance,3,hammarbergIndexV_sma3nz_stddevNorm,0.009985492588409898,43,False,0.0
speaker_independent,emotion_original,random_forest,rf_impurity,importance,3,slopeV0-500_sma3nz_amean,0.010668870272257337,35,False,0.0
speaker_independent,emotion_original,random_forest,rf_impurity,importance,3,slopeV0-500_sma3nz_stddevNorm,0.00883276663713105,61,False,0.0
speaker_independent,emotion_original,random_forest,rf_impurity,importance,3,slopeV500-1500_sma3nz_amean,0.012741920096695973,22,False,0.0
speaker_independent,emotion_original,random_forest,rf_impurity,importance,3,slopeV500-1500_sma3nz_stddevNorm,0.009066684476392412,57,False,0.0
speaker_independent,emotion_original,random_forest,rf_impurity,importance,3,spectralFluxV_sma3nz_amean,0.022998813281192628,3,True,1.0
speaker_independent,emotion_original,random_forest,rf_impurity,importance,3,spectralFluxV_sma3nz_stddevNorm,0.009079269851079328,56,False,0.0
speaker_independent,emotion_original,random_forest,rf_impurity,importance,3,mfcc1V_sma3nz_amean,0.01200361273128803,24,False,0.0
speaker_independent,emotion_original,random_forest,rf_impurity,importance,3,mfcc1V_sma3nz_stddevNorm,0.008415116201079471,73,False,0.0
speaker_independent,emotion_original,random_forest,rf_impurity,importance,3,mfcc2V_sma3nz_amean,0.011767216886216673,27,False,0.0
speaker_independent,emotion_original,random_forest,rf_impurity,importance,3,mfcc2V_sma3nz_stddevNorm,0.008725886912957719,64,False,0.0
speaker_independent,emotion_original,random_forest,rf_impurity,importance,3,mfcc3V_sma3nz_amean,0.008487876533764904,69,False,0.0
speaker_independent,emotion_original,random_forest,rf_impurity,importance,3,mfcc3V_sma3nz_stddevNorm,0.007691461840346663,86,False,0.0
speaker_independent,emotion_original,random_forest,rf_impurity,importance,3,mfcc4V_sma3nz_amean,0.00956757043539745,50,False,0.0
speaker_independent,emotion_original,random_forest,rf_impurity,importance,3,mfcc4V_sma3nz_stddevNorm,0.009647884684081473,48,False,0.0
speaker_independent,emotion_original,random_forest,rf_impurity,importance,3,alphaRatioUV_sma3nz_amean,0.009093396040113472,55,False,0.0
speaker_independent,emotion_original,random_forest,rf_impurity,importance,3,hammarbergIndexUV_sma3nz_amean,0.007395284081146268,87,False,0.0
speaker_independent,emotion_original,random_forest,rf_impurity,importance,3,slopeUV0-500_sma3nz_amean,0.00792706766313436,83,False,0.0
speaker_independent,emotion_original,random_forest,rf_impurity,importance,3,slopeUV500-1500_sma3nz_amean,0.009844890678258066,44,False,0.0
speaker_independent,emotion_original,random_forest,rf_impurity,importance,3,spectralFluxUV_sma3nz_amean,0.013466633608525787,19,False,0.2
speaker_independent,emotion_original,random_forest,rf_impurity,importance,3,loudnessPeaksPerSec,0.01040330204590821,38,False,0.0
speaker_independent,emotion_original,random_forest,rf_impurity,importance,3,VoicedSegmentsPerSec,0.008451779821677252,71,False,0.0
speaker_independent,emotion_original,random_forest,rf_impurity,importance,3,MeanVoicedSegmentLengthSec,0.008419548842252938,72,False,0.0
speaker_independent,emotion_original,random_forest,rf_impurity,importance,3,StddevVoicedSegmentLengthSec,0.009385827710026586,53,False,0.0
speaker_independent,emotion_original,random_forest,rf_impurity,importance,3,MeanUnvoicedSegmentLength,0.010421001502986438,37,False,0.0
speaker_independent,emotion_original,random_forest,rf_impurity,importance,3,StddevUnvoicedSegmentLength,0.00837127289836541,75,False,0.0
speaker_independent,emotion_original,random_forest,rf_impurity,importance,3,equivalentSoundLevel_dBp,0.015919230626054444,12,True,0.8
speaker_independent,emotion_original,random_forest,rf_permutation,importance,3,F0semitoneFrom27.5Hz_sma3nz_amean,0.00078125,20,False,0.0
speaker_independent,emotion_original,random_forest,rf_permutation,importance,3,F0semitoneFrom27.5Hz_sma3nz_stddevNorm,-0.001953125,37,False,0.2
speaker_independent,emotion_original,random_forest,rf_permutation,importance,3,F0semitoneFrom27.5Hz_sma3nz_percentile20.0,0.00703125,5,True,0.2
speaker_independent,emotion_original,random_forest,rf_permutation,importance,3,F0semitoneFrom27.5Hz_sma3nz_percentile50.0,0.011328125,2,True,0.2
speaker_independent,emotion_original,random_forest,rf_permutation,importance,3,F0semitoneFrom27.5Hz_sma3nz_percentile80.0,0.0,26,False,0.2
speaker_independent,emotion_original,random_forest,rf_permutation,importance,3,F0semitoneFrom27.5Hz_sma3nz_pctlrange0-2,0.012109375,1,True,0.8
speaker_independent,emotion_original,random_forest,rf_permutation,importance,3,F0semitoneFrom27.5Hz_sma3nz_meanRisingSlope,-0.003515625,49,False,0.0
speaker_independent,emotion_original,random_forest,rf_permutation,importance,3,F0semitoneFrom27.5Hz_sma3nz_stddevRisingSlope,-0.00859375,71,False,0.2
speaker_independent,emotion_original,random_forest,rf_permutation,importance,3,F0semitoneFrom27.5Hz_sma3nz_meanFallingSlope,-0.0109375,77,False,0.4
speaker_independent,emotion_original,random_forest,rf_permutation,importance,3,F0semitoneFrom27.5Hz_sma3nz_stddevFallingSlope,-0.008203125,70,False,0.6
speaker_independent,emotion_original,random_forest,rf_permutation,importance,3,loudness_sma3_amean,-0.014453125,81,False,0.0
speaker_independent,emotion_original,random_forest,rf_permutation,importance,3,loudness_sma3_stddevNorm,-0.005859375,64,False,0.2
speaker_independent,emotion_original,random_forest,rf_permutation,importance,3,loudness_sma3_percentile20.0,-0.004296875,55,False,0.4
speaker_independent,emotion_original,random_forest,rf_permutation,importance,3,loudness_sma3_percentile50.0,-0.005859375,64,False,0.0
speaker_independent,emotion_original,random_forest,rf_permutation,importance,3,loudness_sma3_percentile80.0,-0.0171875,86,False,0.2
speaker_independent,emotion_original,random_forest,rf_permutation,importance,3,loudness_sma3_pctlrange0-2,-0.009765625,74,False,0.2
speaker_independent,emotion_original,random_forest,rf_permutation,importance,3,loudness_sma3_meanRisingSlope,-0.01015625,76,False,0.2
speaker_independent,emotion_original,random_forest,rf_permutation,importance,3,loudness_sma3_stddevRisingSlope,-0.007421875,67,False,0.4
speaker_independent,emotion_original,random_forest,rf_permutation,importance,3,loudness_sma3_meanFallingSlope,-0.008984375,72,False,0.2
speaker_independent,emotion_original,random_forest,rf_permutation,importance,3,loudness_sma3_stddevFallingSlope,-0.000390625,29,False,0.0
speaker_independent,emotion_original,random_forest,rf_permutation,importance,3,spectralFlux_sma3_amean,-0.014453125,81,False,0.0
speaker_independent,emotion_original,random_forest,rf_permutation,importance,3,spectralFlux_sma3_stddevNorm,0.0,26,False,0.2
speaker_independent,emotion_original,random_forest,rf_permutation,importance,3,mfcc1_sma3_amean,0.00625,8,True,0.6
speaker_independent,emotion_original,random_forest,rf_permutation,importance,3,mfcc1_sma3_stddevNorm,-0.003515625,49,False,0.2
speaker_independent,emotion_original,random_forest,rf_permutation,importance,3,mfcc2_sma3_amean,-0.00390625,52,False,0.0
speaker_independent,emotion_original,random_forest,rf_permutation,importance,3,mfcc2_sma3_stddevNorm,-0.002734375,42,False,0.2
speaker_independent,emotion_original,random_forest,rf_permutation,importance,3,mfcc3_sma3_amean,-0.009375,73,False,0.2
speaker_independent,emotion_original,random_forest,rf_permutation,importance,3,mfcc3_sma3_stddevNorm,-0.002734375,42,False,0.0
speaker_independent,emotion_original,random_forest,rf_permutation,importance,3,mfcc4_sma3_amean,-0.00234375,39,False,0.2
speaker_independent,emotion_original,random_forest,rf_permutation,importance,3,mfcc4_sma3_stddevNorm,-0.0015625,33,False,0.2
speaker_independent,emotion_original,random_forest,rf_permutation,importance,3,jitterLocal_sma3nz_amean,-0.01484375,83,False,0.2
speaker_independent,emotion_original,random_forest,rf_permutation,importance,3,jitterLocal_sma3nz_stddevNorm,-0.004296875,55,False,0.2
speaker_independent,emotion_original,random_forest,rf_permutation,importance,3,shimmerLocaldB_sma3nz_amean,-0.0015625,33,False,0.0
speaker_independent,emotion_original,random_forest,rf_permutation,importance,3,shimmerLocaldB_sma3nz_stddevNorm,-0.00078125,31,False,0.0
speaker_independent,emotion_original,random_forest,rf_permutation,importance,3,HNRdBACF_sma3nz_amean,0.000390625,24,False,0.2
speaker_independent,emotion_original,random_forest,rf_permutation,importance,3,HNRdBACF_sma3nz_stddevNorm,-0.003515625,49,False,0.4
speaker_independent,emotion_original,random_forest,rf_permutation,importance,3,logRelF0-H1-H2_sma3nz_amean,-0.004296875,55,False,0.2
speaker_independent,emotion_original,random_forest,rf_permutation,importance,3,logRelF0-H1-H2_sma3nz_stddevNorm,0.002734375,15,True,0.6
speaker_independent,emotion_original,random_forest,rf_permutation,importance,3,logRelF0-H1-A3_sma3nz_amean,-0.015625,85,False,0.0
speaker_independent,emotion_original,random_forest,rf_permutation,importance,3,logRelF0-H1-A3_sma3nz_stddevNorm,-0.004296875,55,False,0.0
speaker_independent,emotion_original,random_forest,rf_permutation,importance,3,F1frequency_sma3nz_amean,0.00625,8,True,0.4
speaker_independent,emotion_original,random_forest,rf_permutation,importance,3,F1frequency_sma3nz_stddevNorm,0.0046875,12,True,0.2
speaker_independent,emotion_original,random_forest,rf_permutation,importance,3,F1bandwidth_sma3nz_amean,0.005078125,11,True,0.4
speaker_independent,emotion_original,random_forest,rf_permutation,importance,3,F1bandwidth_sma3nz_stddevNorm,-0.002734375,42,False,0.0
speaker_independent,emotion_original,random_forest,rf_permutation,importance,3,F1amplitudeLogRelF0_sma3nz_amean,0.0046875,12,True,0.4
speaker_independent,emotion_original,random_forest,rf_permutation,importance,3,F1amplitudeLogRelF0_sma3nz_stddevNorm,0.0,26,False,0.0
speaker_independent,emotion_original,random_forest,rf_permutation,importance,3,F2frequency_sma3nz_amean,-0.0015625,33,False,0.0
speaker_independent,emotion_original,random_forest,rf_permutation,importance,3,F2frequency_sma3nz_stddevNorm,-0.00234375,39,False,0.4
speaker_independent,emotion_original,random_forest,rf_permutation,importance,3,F2bandwidth_sma3nz_amean,-0.0046875,60,False,0.2
speaker_independent,emotion_original,random_forest,rf_permutation,importance,3,F2bandwidth_sma3nz_stddevNorm,-0.005078125,61,False,0.0
speaker_independent,emotion_original,random_forest,rf_permutation,importance,3,F2amplitudeLogRelF0_sma3nz_amean,0.0015625,19,False,0.2
speaker_independent,emotion_original,random_forest,rf_permutation,importance,3,F2amplitudeLogRelF0_sma3nz_stddevNorm,0.00625,8,True,0.4
speaker_independent,emotion_original,random_forest,rf_permutation,importance,3,F3frequency_sma3nz_amean,-0.00234375,39,False,0.0
speaker_independent,emotion_original,random_forest,rf_permutation,importance,3,F3frequency_sma3nz_stddevNorm,0.00234375,17,False,0.0
speaker_independent,emotion_original,random_forest,rf_permutation,importance,3,F3bandwidth_sma3nz_amean,-0.00546875,63,False,0.0
speaker_independent,emotion_original,random_forest,rf_permutation,importance,3,F3bandwidth_sma3nz_stddevNorm,-0.0015625,33,False,0.0
speaker_independent,emotion_original,random_forest,rf_permutation,importance,3,F3amplitudeLogRelF0_sma3nz_amean,0.009375,3,True,0.4
speaker_independent,emotion_original,random_forest,rf_permutation,importance,3,F3amplitudeLogRelF0_sma3nz_stddevNorm,0.008203125,4,True,0.2
speaker_independent,emotion_original,random_forest,rf_permutation,importance,3,alphaRatioV_sma3nz_amean,-0.0171875,86,False,0.0
speaker_independent,emotion_original,random_forest,rf_permutation,importance,3,alphaRatioV_sma3nz_stddevNorm,0.00703125,5,True,0.6
speaker_independent,emotion_original,random_forest,rf_permutation,importance,3,hammarbergIndexV_sma3nz_amean,-0.0171875,86,False,0.2
speaker_independent,emotion_original,random_forest,rf_permutation,importance,3,hammarbergIndexV_sma3nz_stddevNorm,0.00078125,20,False,0.2
speaker_independent,emotion_original,random_forest,rf_permutation,importance,3,slopeV0-500_sma3nz_amean,0.00078125,20,False,0.4
speaker_independent,emotion_original,random_forest,rf_permutation,importance,3,slopeV0-500_sma3nz_stddevNorm,-0.003125,47,False,0.0
speaker_independent,emotion_original,random_forest,rf_permutation,importance,3,slopeV500-1500_sma3nz_amean,0.00703125,5,True,0.2
speaker_independent,emotion_original,random_forest,rf_permutation,importance,3,slopeV500-1500_sma3nz_stddevNorm,-0.002734375,42,False,0.2
speaker_independent,emotion_original,random_forest,rf_permutation,importance,3,spectralFluxV_sma3nz_amean,-0.01328125,80,False,0.4
speaker_independent,emotion_original,random_forest,rf_permutation,importance,3,spectralFluxV_sma3nz_stddevNorm,0.001953125,18,False,0.2
speaker_independent,emotion_original,random_forest,rf_permutation,importance,3,mfcc1V_sma3nz_amean,0.003125,14,True,0.2
speaker_independent,emotion_original,random_forest,rf_permutation,importance,3,mfcc1V_sma3nz_stddevNorm,-0.001953125,37,False,0.2
speaker_independent,emotion_original,random_forest,rf_permutation,importance,3,mfcc2V_sma3nz_amean,-0.00390625,52,False,0.0
speaker_independent,emotion_original,random_forest,rf_permutation,importance,3,mfcc2V_sma3nz_stddevNorm,-0.011328125,78,False,0.2
speaker_independent,emotion_original,random_forest,rf_permutation,importance,3,mfcc3V_sma3nz_amean,-0.00390625,52,False,0.4
speaker_independent,emotion_original,random_forest,rf_permutation,importance,3,mfcc3V_sma3nz_stddevNorm,-0.012890625,79,False,0.0
speaker_independent,emotion_original,random_forest,rf_permutation,importance,3,mfcc4V_sma3nz_amean,-0.003125,47,False,0.2
speaker_independent,emotion_original,random_forest,rf_permutation,importance,3,mfcc4V_sma3nz_stddevNorm,-0.0078125,68,False,0.0
speaker_independent,emotion_original,random_forest,rf_permutation,importance,3,alphaRatioUV_sma3nz_amean,0.002734375,15,True,0.6
speaker_independent,emotion_original,random_forest,rf_permutation,importance,3,hammarbergIndexUV_sma3nz_amean,-0.005078125,61,False,0.2
speaker_independent,emotion_original,random_forest,rf_permutation,importance,3,slopeUV0-500_sma3nz_amean,-0.000390625,29,False,0.2
speaker_independent,emotion_original,random_forest,rf_permutation,importance,3,slopeUV500-1500_sma3nz_amean,-0.00078125,31,False,0.4
speaker_independent,emotion_original,random_forest,rf_permutation,importance,3,spectralFluxUV_sma3nz_amean,-0.0078125,68,False,0.0
speaker_independent,emotion_original,random_forest,rf_permutation,importance,3,loudnessPeaksPerSec,-0.009765625,74,False,0.4
speaker_independent,emotion_original,random_forest,rf_permutation,importance,3,VoicedSegmentsPerSec,0.00078125,20,False,0.0
speaker_independent,emotion_original,random_forest,rf_permutation,importance,3,MeanVoicedSegmentLengthSec,0.000390625,24,False,0.2
speaker_independent,emotion_original,random_forest,rf_permutation,importance,3,StddevVoicedSegmentLengthSec,-0.004296875,55,False,0.4
speaker_independent,emotion_original,random_forest,rf_permutation,importance,3,MeanUnvoicedSegmentLength,-0.005859375,64,False,0.0
speaker_independent,emotion_original,random_forest,rf_permutation,importance,3,StddevUnvoicedSegmentLength,-0.002734375,42,False,0.0
speaker_independent,emotion_original,random_forest,rf_permutation,importance,3,equivalentSoundLevel_dBp,-0.01484375,83,False,0.2
speaker_independent,emotion_original,logistic_regression,logreg_coefficient,importance,3,F0semitoneFrom27.5Hz_sma3nz_amean,0.5414609787065718,18,False,0.8
speaker_independent,emotion_original,logistic_regression,logreg_coefficient,importance,3,F0semitoneFrom27.5Hz_sma3nz_stddevNorm,0.3010948809178689,58,False,0.0
speaker_independent,emotion_original,logistic_regression,logreg_coefficient,importance,3,F0semitoneFrom27.5Hz_sma3nz_percentile20.0,0.23414557999209665,71,False,0.0
speaker_independent,emotion_original,logistic_regression,logreg_coefficient,importance,3,F0semitoneFrom27.5Hz_sma3nz_percentile50.0,0.6242964596710054,12,True,0.8
speaker_independent,emotion_original,logistic_regression,logreg_coefficient,importance,3,F0semitoneFrom27.5Hz_sma3nz_percentile80.0,0.23956051071371,67,False,0.0
speaker_independent,emotion_original,logistic_regression,logreg_coefficient,importance,3,F0semitoneFrom27.5Hz_sma3nz_pctlrange0-2,0.42349501519926736,33,False,0.2
speaker_independent,emotion_original,logistic_regression,logreg_coefficient,importance,3,F0semitoneFrom27.5Hz_sma3nz_meanRisingSlope,0.2185847231878857,73,False,0.0
speaker_independent,emotion_original,logistic_regression,logreg_coefficient,importance,3,F0semitoneFrom27.5Hz_sma3nz_stddevRisingSlope,0.2374353227261874,68,False,0.0
speaker_independent,emotion_original,logistic_regression,logreg_coefficient,importance,3,F0semitoneFrom27.5Hz_sma3nz_meanFallingSlope,0.37343842363412216,40,False,0.0
speaker_independent,emotion_original,logistic_regression,logreg_coefficient,importance,3,F0semitoneFrom27.5Hz_sma3nz_stddevFallingSlope,0.5544298908422622,15,True,0.2
speaker_independent,emotion_original,logistic_regression,logreg_coefficient,importance,3,loudness_sma3_amean,0.23710801874430973,69,False,0.0
speaker_independent,emotion_original,logistic_regression,logreg_coefficient,importance,3,loudness_sma3_stddevNorm,0.7020300738465162,7,True,1.0
speaker_independent,emotion_original,logistic_regression,logreg_coefficient,importance,3,loudness_sma3_percentile20.0,0.40692163070466825,36,False,0.2
speaker_independent,emotion_original,logistic_regression,logreg_coefficient,importance,3,loudness_sma3_percentile50.0,0.38356825997627547,39,False,0.0
speaker_independent,emotion_original,logistic_regression,logreg_coefficient,importance,3,loudness_sma3_percentile80.0,0.3453883253682444,47,False,0.0
speaker_independent,emotion_original,logistic_regression,logreg_coefficient,importance,3,loudness_sma3_pctlrange0-2,0.4433372457332871,30,False,0.0
speaker_independent,emotion_original,logistic_regression,logreg_coefficient,importance,3,loudness_sma3_meanRisingSlope,0.7876575478770647,4,True,0.8
speaker_independent,emotion_original,logistic_regression,logreg_coefficient,importance,3,loudness_sma3_stddevRisingSlope,0.516721154986293,20,False,0.0
speaker_independent,emotion_original,logistic_regression,logreg_coefficient,importance,3,loudness_sma3_meanFallingSlope,0.5511281110561177,16,False,0.4
speaker_independent,emotion_original,logistic_regression,logreg_coefficient,importance,3,loudness_sma3_stddevFallingSlope,0.46200974302581155,29,False,0.0
speaker_independent,emotion_original,logistic_regression,logreg_coefficient,importance,3,spectralFlux_sma3_amean,0.30429776014529747,56,False,0.0
speaker_independent,emotion_original,logistic_regression,logreg_coefficient,importance,3,spectralFlux_sma3_stddevNorm,0.3923754082141372,38,False,0.0
speaker_independent,emotion_original,logistic_regression,logreg_coefficient,importance,3,mfcc1_sma3_amean,0.8354542302908026,3,True,1.0
speaker_independent,emotion_original,logistic_regression,logreg_coefficient,importance,3,mfcc1_sma3_stddevNorm,0.23406758247140713,72,False,0.0
speaker_independent,emotion_original,logistic_regression,logreg_coefficient,importance,3,mfcc2_sma3_amean,0.5642977169376808,14,True,0.6
speaker_independent,emotion_original,logistic_regression,logreg_coefficient,importance,3,mfcc2_sma3_stddevNorm,0.39966711974016333,37,False,0.0
speaker_independent,emotion_original,logistic_regression,logreg_coefficient,importance,3,mfcc3_sma3_amean,0.7810758375214103,5,True,0.8
speaker_independent,emotion_original,logistic_regression,logreg_coefficient,importance,3,mfcc3_sma3_stddevNorm,0.16833050882017736,82,False,0.0
speaker_independent,emotion_original,logistic_regression,logreg_coefficient,importance,3,mfcc4_sma3_amean,0.4893754737358489,25,False,0.8
speaker_independent,emotion_original,logistic_regression,logreg_coefficient,importance,3,mfcc4_sma3_stddevNorm,0.12149139212850041,85,False,0.0
speaker_independent,emotion_original,logistic_regression,logreg_coefficient,importance,3,jitterLocal_sma3nz_amean,0.36849920013647064,43,False,0.0
speaker_independent,emotion_original,logistic_regression,logreg_coefficient,importance,3,jitterLocal_sma3nz_stddevNorm,0.20222824799601347,79,False,0.0
speaker_independent,emotion_original,logistic_regression,logreg_coefficient,importance,3,shimmerLocaldB_sma3nz_amean,0.294401410084904,59,False,0.0
speaker_independent,emotion_original,logistic_regression,logreg_coefficient,importance,3,shimmerLocaldB_sma3nz_stddevNorm,0.3090439611633101,54,False,0.0
speaker_independent,emotion_original,logistic_regression,logreg_coefficient,importance,3,HNRdBACF_sma3nz_amean,1.0157349554408923,2,True,1.0
speaker_independent,emotion_original,logistic_regression,logreg_coefficient,importance,3,HNRdBACF_sma3nz_stddevNorm,0.41026988999442304,34,False,0.0
speaker_independent,emotion_original,logistic_regression,logreg_coefficient,importance,3,logRelF0-H1-H2_sma3nz_amean,0.16880778677785357,81,False,0.0
speaker_independent,emotion_original,logistic_regression,logreg_coefficient,importance,3,logRelF0-H1-H2_sma3nz_stddevNorm,0.24204409016887085,65,False,0.0
speaker_independent,emotion_original,logistic_regression,logreg_coefficient,importance,3,logRelF0-H1-A3_sma3nz_amean,0.34270082883546427,48,False,0.0
speaker_independent,emotion_original,logistic_regression,logreg_coefficient,importance,3,logRelF0-H1-A3_sma3nz_stddevNorm,0.32124317159313215,52,False,0.2
speaker_independent,emotion_original,logistic_regression,logreg_coefficient,importance,3,F1frequency_sma3nz_amean,0.7772241550441019,6,True,1.0
speaker_independent,emotion_original,logistic_regression,logreg_coefficient,importance,3,F1frequency_sma3nz_stddevNorm,0.11646026810740695,86,False,0.0
speaker_independent,emotion_original,logistic_regression,logreg_coefficient,importance,3,F1bandwidth_sma3nz_amean,0.21205511358341797,75,False,0.0
speaker_independent,emotion_original,logistic_regression,logreg_coefficient,importance,3,F1bandwidth_sma3nz_stddevNorm,0.33952897463652737,49,False,0.0
speaker_independent,emotion_original,logistic_regression,logreg_coefficient,importance,3,F1amplitudeLogRelF0_sma3nz_amean,0.6999541776643752,8,True,0.8
speaker_independent,emotion_original,logistic_regression,logreg_coefficient,importance,3,F1amplitudeLogRelF0_sma3nz_stddevNorm,0.5429478774877194,17,False,0.6
speaker_independent,emotion_original,logistic_regression,logreg_coefficient,importance,3,F2frequency_sma3nz_amean,0.3698077209235027,42,False,0.0
speaker_independent,emotion_original,logistic_regression,logreg_coefficient,importance,3,F2frequency_sma3nz_stddevNorm,0.2917136723842796,60,False,0.0
speaker_independent,emotion_original,logistic_regression,logreg_coefficient,importance,3,F2bandwidth_sma3nz_amean,0.14342008215444813,84,False,0.0
speaker_independent,emotion_original,logistic_regression,logreg_coefficient,importance,3,F2bandwidth_sma3nz_stddevNorm,0.21137757888624312,77,False,0.0
speaker_independent,emotion_original,logistic_regression,logreg_coefficient,importance,3,F2amplitudeLogRelF0_sma3nz_amean,0.3224696029114076,51,False,0.0
speaker_independent,emotion_original,logistic_regression,logreg_coefficient,importance,3,F2amplitudeLogRelF0_sma3nz_stddevNorm,0.3097217741586612,53,False,0.0
speaker_independent,emotion_original,logistic_regression,logreg_coefficient,importance,3,F3frequency_sma3nz_amean,0.5122651863465486,22,False,0.2
speaker_independent,emotion_original,logistic_regression,logreg_coefficient,importance,3,F3frequency_sma3nz_stddevNorm,0.29015985966521524,61,False,0.0
speaker_independent,emotion_original,logistic_regression,logreg_coefficient,importance,3,F3bandwidth_sma3nz_amean,0.2549047064410037,63,False,0.0
speaker_independent,emotion_original,logistic_regression,logreg_coefficient,importance,3,F3bandwidth_sma3nz_stddevNorm,0.25714790839028945,62,False,0.0
speaker_independent,emotion_original,logistic_regression,logreg_coefficient,importance,3,F3amplitudeLogRelF0_sma3nz_amean,0.3555227829727194,46,False,0.0
speaker_independent,emotion_original,logistic_regression,logreg_coefficient,importance,3,F3amplitudeLogRelF0_sma3nz_stddevNorm,0.6333629504285562,11,True,0.4
speaker_independent,emotion_original,logistic_regression,logreg_coefficient,importance,3,alphaRatioV_sma3nz_amean,0.6753043991676034,10,True,0.4
speaker_independent,emotion_original,logistic_regression,logreg_coefficient,importance,3,alphaRatioV_sma3nz_stddevNorm,0.06493129830272566,88,False,0.0
speaker_independent,emotion_original,logistic_regression,logreg_coefficient,importance,3,hammarbergIndexV_sma3nz_amean,0.5363818777176359,19,False,0.0
speaker_independent,emotion_original,logistic_regression,logreg_coefficient,importance,3,hammarbergIndexV_sma3nz_stddevNorm,0.4934122829350699,24,False,0.2
speaker_independent,emotion_original,logistic_regression,logreg_coefficient,importance,3,slopeV0-500_sma3nz_amean,0.4301570948649858,32,False,0.2
speaker_independent,emotion_original,logistic_regression,logreg_coefficient,importance,3,slopeV0-500_sma3nz_stddevNorm,0.21552264114795153,74,False,0.0
speaker_independent,emotion_original,logistic_regression,logreg_coefficient,importance,3,slopeV500-1500_sma3nz_amean,0.3682837824661556,44,False,0.0
speaker_independent,emotion_original,logistic_regression,logreg_coefficient,importance,3,slopeV500-1500_sma3nz_stddevNorm,0.3726907248750987,41,False,0.0
speaker_independent,emotion_original,logistic_regression,logreg_coefficient,importance,3,spectralFluxV_sma3nz_amean,0.3661859641846139,45,False,0.0
speaker_independent,emotion_original,logistic_regression,logreg_coefficient,importance,3,spectralFluxV_sma3nz_stddevNorm,0.40777646104426124,35,False,0.2
speaker_independent,emotion_original,logistic_regression,logreg_coefficient,importance,3,mfcc1V_sma3nz_amean,0.4888950857239347,26,False,0.0
speaker_independent,emotion_original,logistic_regression,logreg_coefficient,importance,3,mfcc1V_sma3nz_stddevNorm,0.10625331955486672,87,False,0.0
speaker_independent,emotion_original,logistic_regression,logreg_coefficient,importance,3,mfcc2V_sma3nz_amean,0.6837191424786728,9,True,0.6
speaker_independent,emotion_original,logistic_regression,logreg_coefficient,importance,3,mfcc2V_sma3nz_stddevNorm,0.18690340656589344,80,False,0.0
speaker_independent,emotion_original,logistic_regression,logreg_coefficient,importance,3,mfcc3V_sma3nz_amean,0.32946546345484945,50,False,0.0
speaker_independent,emotion_original,logistic_regression,logreg_coefficient,importance,3,mfcc3V_sma3nz_stddevNorm,0.30350734328363854,57,False,0.0
speaker_independent,emotion_original,logistic_regression,logreg_coefficient,importance,3,mfcc4V_sma3nz_amean,0.3066595930385969,55,False,0.0
speaker_independent,emotion_original,logistic_regression,logreg_coefficient,importance,3,mfcc4V_sma3nz_stddevNorm,0.21203157716968787,76,False,0.0
speaker_independent,emotion_original,logistic_regression,logreg_coefficient,importance,3,alphaRatioUV_sma3nz_amean,0.4647077121441799,28,False,0.0
speaker_independent,emotion_original,logistic_regression,logreg_coefficient,importance,3,hammarbergIndexUV_sma3nz_amean,0.5903916546463682,13,True,0.4
speaker_independent,emotion_original,logistic_regression,logreg_coefficient,importance,3,slopeUV0-500_sma3nz_amean,0.5155413282023982,21,False,0.0
speaker_independent,emotion_original,logistic_regression,logreg_coefficient,importance,3,slopeUV500-1500_sma3nz_amean,0.43092496957906223,31,False,0.0
speaker_independent,emotion_original,logistic_regression,logreg_coefficient,importance,3,spectralFluxUV_sma3nz_amean,0.24081656055176046,66,False,0.0
speaker_independent,emotion_original,logistic_regression,logreg_coefficient,importance,3,loudnessPeaksPerSec,0.23505359354987626,70,False,0.0
speaker_independent,emotion_original,logistic_regression,logreg_coefficient,importance,3,VoicedSegmentsPerSec,0.5053395076243687,23,False,0.0
speaker_independent,emotion_original,logistic_regression,logreg_coefficient,importance,3,MeanVoicedSegmentLengthSec,0.2052879898254847,78,False,0.0
speaker_independent,emotion_original,logistic_regression,logreg_coefficient,importance,3,StddevVoicedSegmentLengthSec,0.16789345743370884,83,False,0.0
speaker_independent,emotion_original,logistic_regression,logreg_coefficient,importance,3,MeanUnvoicedSegmentLength,0.24324952292682675,64,False,0.0
speaker_independent,emotion_original,logistic_regression,logreg_coefficient,importance,3,StddevUnvoicedSegmentLength,0.4853833209755287,27,False,0.2
speaker_independent,emotion_original,logistic_regression,logreg_coefficient,importance,3,equivalentSoundLevel_dBp,1.0318075286915769,1,True,1.0
speaker_independent,emotion_original,random_forest,rf_impurity,importance,4,F0semitoneFrom27.5Hz_sma3nz_amean,0.009803872598716332,43,False,0.0
speaker_independent,emotion_original,random_forest,rf_impurity,importance,4,F0semitoneFrom27.5Hz_sma3nz_stddevNorm,0.016587747897813355,11,True,1.0
speaker_independent,emotion_original,random_forest,rf_impurity,importance,4,F0semitoneFrom27.5Hz_sma3nz_percentile20.0,0.012063308571809293,27,False,0.0
speaker_independent,emotion_original,random_forest,rf_impurity,importance,4,F0semitoneFrom27.5Hz_sma3nz_percentile50.0,0.008628278830076299,71,False,0.0
speaker_independent,emotion_original,random_forest,rf_impurity,importance,4,F0semitoneFrom27.5Hz_sma3nz_percentile80.0,0.009444591115759812,51,False,0.0
speaker_independent,emotion_original,random_forest,rf_impurity,importance,4,F0semitoneFrom27.5Hz_sma3nz_pctlrange0-2,0.023537015600510684,2,True,1.0
speaker_independent,emotion_original,random_forest,rf_impurity,importance,4,F0semitoneFrom27.5Hz_sma3nz_meanRisingSlope,0.010280955650045774,38,False,0.0
speaker_independent,emotion_original,random_forest,rf_impurity,importance,4,F0semitoneFrom27.5Hz_sma3nz_stddevRisingSlope,0.008661349024985733,70,False,0.0
speaker_independent,emotion_original,random_forest,rf_impurity,importance,4,F0semitoneFrom27.5Hz_sma3nz_meanFallingSlope,0.012786047726075125,21,False,0.0
speaker_independent,emotion_original,random_forest,rf_impurity,importance,4,F0semitoneFrom27.5Hz_sma3nz_stddevFallingSlope,0.018662824225205123,7,True,1.0
speaker_independent,emotion_original,random_forest,rf_impurity,importance,4,loudness_sma3_amean,0.016106840725386123,12,True,0.8
speaker_independent,emotion_original,random_forest,rf_impurity,importance,4,loudness_sma3_stddevNorm,0.01206644631680424,26,False,0.0
speaker_independent,emotion_original,random_forest,rf_impurity,importance,4,loudness_sma3_percentile20.0,0.012180131135942886,25,False,0.0
speaker_independent,emotion_original,random_forest,rf_impurity,importance,4,loudness_sma3_percentile50.0,0.014548918577509446,16,False,0.4
speaker_independent,emotion_original,random_forest,rf_impurity,importance,4,loudness_sma3_percentile80.0,0.016656711645748827,10,True,1.0
speaker_independent,emotion_original,random_forest,rf_impurity,importance,4,loudness_sma3_pctlrange0-2,0.02263286177727949,3,True,1.0
speaker_independent,emotion_original,random_forest,rf_impurity,importance,4,loudness_sma3_meanRisingSlope,0.019077554897726227,6,True,1.0
speaker_independent,emotion_original,random_forest,rf_impurity,importance,4,loudness_sma3_stddevRisingSlope,0.011775640061640068,30,False,0.4
speaker_independent,emotion_original,random_forest,rf_impurity,importance,4,loudness_sma3_meanFallingSlope,0.01843719148165277,8,True,1.0
speaker_independent,emotion_original,random_forest,rf_impurity,importance,4,loudness_sma3_stddevFallingSlope,0.013838352747932717,17,False,0.0
speaker_independent,emotion_original,random_forest,rf_impurity,importance,4,spectralFlux_sma3_amean,0.020019577262807172,5,True,1.0
speaker_independent,emotion_original,random_forest,rf_impurity,importance,4,spectralFlux_sma3_stddevNorm,0.00924423567588945,57,False,0.0
speaker_independent,emotion_original,random_forest,rf_impurity,importance,4,mfcc1_sma3_amean,0.010497899657724167,37,False,0.0
speaker_independent,emotion_original,random_forest,rf_impurity,importance,4,mfcc1_sma3_stddevNorm,0.009904360949943684,41,False,0.0
speaker_independent,emotion_original,random_forest,rf_impurity,importance,4,mfcc2_sma3_amean,0.008015335131896747,79,False,0.0
speaker_independent,emotion_original,random_forest,rf_impurity,importance,4,mfcc2_sma3_stddevNorm,0.006769446710742487,87,False,0.0
speaker_independent,emotion_original,random_forest,rf_impurity,importance,4,mfcc3_sma3_amean,0.008968995866536761,66,False,0.0
speaker_independent,emotion_original,random_forest,rf_impurity,importance,4,mfcc3_sma3_stddevNorm,0.00826396652735618,76,False,0.0
speaker_independent,emotion_original,random_forest,rf_impurity,importance,4,mfcc4_sma3_amean,0.010101665270854729,39,False,0.0
speaker_independent,emotion_original,random_forest,rf_impurity,importance,4,mfcc4_sma3_stddevNorm,0.009166936228415917,61,False,0.0
speaker_independent,emotion_original,random_forest,rf_impurity,importance,4,jitterLocal_sma3nz_amean,0.020940598732744477,4,True,1.0
speaker_independent,emotion_original,random_forest,rf_impurity,importance,4,jitterLocal_sma3nz_stddevNorm,0.0068187265154494,85,False,0.0
speaker_independent,emotion_original,random_forest,rf_impurity,importance,4,shimmerLocaldB_sma3nz_amean,0.009640239530171204,47,False,0.0
speaker_independent,emotion_original,random_forest,rf_impurity,importance,4,shimmerLocaldB_sma3nz_stddevNorm,0.013414188751714224,19,False,0.4
speaker_independent,emotion_original,random_forest,rf_impurity,importance,4,HNRdBACF_sma3nz_amean,0.015308773588213474,13,True,0.8
speaker_independent,emotion_original,random_forest,rf_impurity,importance,4,HNRdBACF_sma3nz_stddevNorm,0.017105058019433662,9,True,1.0
speaker_independent,emotion_original,random_forest,rf_impurity,importance,4,logRelF0-H1-H2_sma3nz_amean,0.008594625373517047,73,False,0.0
speaker_independent,emotion_original,random_forest,rf_impurity,importance,4,logRelF0-H1-H2_sma3nz_stddevNorm,0.009403119646931036,52,False,0.0
speaker_independent,emotion_original,random_forest,rf_impurity,importance,4,logRelF0-H1-A3_sma3nz_amean,0.009363122419344455,54,False,0.0
speaker_independent,emotion_original,random_forest,rf_impurity,importance,4,logRelF0-H1-A3_sma3nz_stddevNorm,0.006603989952877418,88,False,0.0
speaker_independent,emotion_original,random_forest,rf_impurity,importance,4,F1frequency_sma3nz_amean,0.012557572918899118,22,False,0.0
speaker_independent,emotion_original,random_forest,rf_impurity,importance,4,F1frequency_sma3nz_stddevNorm,0.008759265764625455,68,False,0.0
speaker_independent,emotion_original,random_forest,rf_impurity,importance,4,F1bandwidth_sma3nz_amean,0.0094798872313908,50,False,0.0
speaker_independent,emotion_original,random_forest,rf_impurity,importance,4,F1bandwidth_sma3nz_stddevNorm,0.009560245747925725,48,False,0.0
speaker_independent,emotion_original,random_forest,rf_impurity,importance,4,F1amplitudeLogRelF0_sma3nz_amean,0.009122005583419855,63,False,0.0
speaker_independent,emotion_original,random_forest,rf_impurity,importance,4,F1amplitudeLogRelF0_sma3nz_stddevNorm,0.011737217250374472,31,False,0.0
speaker_independent,emotion_original,random_forest,rf_impurity,importance,4,F2frequency_sma3nz_amean,0.011672416536378027,32,False,0.0
speaker_independent,emotion_original,random_forest,rf_impurity,importance,4,F2frequency_sma3nz_stddevNorm,0.007707875551767668,83,False,0.0
speaker_independent,emotion_original,random_forest,rf_impurity,importance,4,F2bandwidth_sma3nz_amean,0.008200338435497462,77,False,0.0
speaker_independent,emotion_original,random_forest,rf_impurity,importance,4,F2bandwidth_sma3nz_stddevNorm,0.007779668006361255,82,False,0.0
speaker_independent,emotion_original,random_forest,rf_impurity,importance,4,F2amplitudeLogRelF0_sma3nz_amean,0.010730784377076353,36,False,0.0
speaker_independent,emotion_original,random_forest,rf_impurity,importance,4,F2amplitudeLogRelF0_sma3nz_stddevNorm,0.011887112143657742,29,False,0.0
speaker_independent,emotion_original,random_forest,rf_impurity,importance,4,F3frequency_sma3nz_amean,0.011573860970685954,33,False,0.0
speaker_independent,emotion_original,random_forest,rf_impurity,importance,4,F3frequency_sma3nz_stddevNorm,0.009736913277210312,44,False,0.0
speaker_independent,emotion_original,random_forest,rf_impurity,importance,4,F3bandwidth_sma3nz_amean,0.0086125707381749,72,False,0.0
speaker_independent,emotion_original,random_forest,rf_impurity,importance,4,F3bandwidth_sma3nz_stddevNorm,0.008341366289126462,75,False,0.0
speaker_independent,emotion_original,random_forest,rf_impurity,importance,4,F3amplitudeLogRelF0_sma3nz_amean,0.012226659159306536,23,False,0.0
speaker_independent,emotion_original,random_forest,rf_impurity,importance,4,F3amplitudeLogRelF0_sma3nz_stddevNorm,0.015033376865363863,14,True,0.2
speaker_independent,emotion_original,random_forest,rf_impurity,importance,4,alphaRatioV_sma3nz_amean,0.007662762526607058,84,False,0.0
speaker_independent,emotion_original,random_forest,rf_impurity,importance,4,alphaRatioV_sma3nz_stddevNorm,0.009977211166625088,40,False,0.0
speaker_independent,emotion_original,random_forest,rf_impurity,importance,4,hammarbergIndexV_sma3nz_amean,0.00915120431370293,62,False,0.0
speaker_independent,emotion_original,random_forest,rf_impurity,importance,4,hammarbergIndexV_sma3nz_stddevNorm,0.009866762127131916,42,False,0.0
speaker_independent,emotion_original,random_forest,rf_impurity,importance,4,slopeV0-500_sma3nz_amean,0.009514240248525058,49,False,0.0
speaker_independent,emotion_original,random_forest,rf_impurity,importance,4,slopeV0-500_sma3nz_stddevNorm,0.009292569306454139,56,False,0.0
speaker_independent,emotion_original,random_forest,rf_impurity,importance,4,slopeV500-1500_sma3nz_amean,0.010813296733521245,35,False,0.0
speaker_independent,emotion_original,random_forest,rf_impurity,importance,4,slopeV500-1500_sma3nz_stddevNorm,0.009717632240243355,45,False,0.0
speaker_independent,emotion_original,random_forest,rf_impurity,importance,4,spectralFluxV_sma3nz_amean,0.02529600070363346,1,True,1.0
speaker_independent,emotion_original,random_forest,rf_impurity,importance,4,spectralFluxV_sma3nz_stddevNorm,0.012216209420737372,24,False,0.0
speaker_independent,emotion_original,random_forest,rf_impurity,importance,4,mfcc1V_sma3nz_amean,0.013216651901292432,20,False,0.0
speaker_independent,emotion_original,random_forest,rf_impurity,importance,4,mfcc1V_sma3nz_stddevNorm,0.009234669290648279,58,False,0.0
speaker_independent,emotion_original,random_forest,rf_impurity,importance,4,mfcc2V_sma3nz_amean,0.009396508438271807,53,False,0.0
speaker_independent,emotion_original,random_forest,rf_impurity,importance,4,mfcc2V_sma3nz_stddevNorm,0.007899889587023451,81,False,0.0
speaker_independent,emotion_original,random_forest,rf_impurity,importance,4,mfcc3V_sma3nz_amean,0.008592033237196336,74,False,0.0
speaker_independent,emotion_original,random_forest,rf_impurity,importance,4,mfcc3V_sma3nz_stddevNorm,0.006809273881483503,86,False,0.0
speaker_independent,emotion_original,random_forest,rf_impurity,importance,4,mfcc4V_sma3nz_amean,0.00814571974317211,78,False,0.0
speaker_independent,emotion_original,random_forest,rf_impurity,importance,4,mfcc4V_sma3nz_stddevNorm,0.009229341827770578,59,False,0.0
speaker_independent,emotion_original,random_forest,rf_impurity,importance,4,alphaRatioUV_sma3nz_amean,0.009228539135089595,60,False,0.0
speaker_independent,emotion_original,random_forest,rf_impurity,importance,4,hammarbergIndexUV_sma3nz_amean,0.007998071392799093,80,False,0.0
speaker_independent,emotion_original,random_forest,rf_impurity,importance,4,slopeUV0-500_sma3nz_amean,0.008972317270859034,65,False,0.0
speaker_independent,emotion_original,random_forest,rf_impurity,importance,4,slopeUV500-1500_sma3nz_amean,0.009084158611768216,64,False,0.0
speaker_independent,emotion_original,random_forest,rf_impurity,importance,4,spectralFluxUV_sma3nz_amean,0.013586245884853805,18,False,0.2
speaker_independent,emotion_original,random_forest,rf_impurity,importance,4,loudnessPeaksPerSec,0.011931547422485875,28,False,0.0
speaker_independent,emotion_original,random_forest,rf_impurity,importance,4,VoicedSegmentsPerSec,0.009678743480112656,46,False,0.0
speaker_independent,emotion_original,random_forest,rf_impurity,importance,4,MeanVoicedSegmentLengthSec,0.008715597117817985,69,False,0.0
speaker_independent,emotion_original,random_forest,rf_impurity,importance,4,StddevVoicedSegmentLengthSec,0.011247107932540868,34,False,0.0
speaker_independent,emotion_original,random_forest,rf_impurity,importance,4,MeanUnvoicedSegmentLength,0.009322151936229182,55,False,0.0
speaker_independent,emotion_original,random_forest,rf_impurity,importance,4,StddevUnvoicedSegmentLength,0.008930952615306492,67,False,0.0
speaker_independent,emotion_original,random_forest,rf_impurity,importance,4,equivalentSoundLevel_dBp,0.014631951237671212,15,True,0.8
speaker_independent,emotion_original,random_forest,rf_permutation,importance,4,F0semitoneFrom27.5Hz_sma3nz_amean,-0.003515625,84,False,0.0
speaker_independent,emotion_original,random_forest,rf_permutation,importance,4,F0semitoneFrom27.5Hz_sma3nz_stddevNorm,-0.000390625,65,False,0.2
speaker_independent,emotion_original,random_forest,rf_permutation,importance,4,F0semitoneFrom27.5Hz_sma3nz_percentile20.0,0.00234375,46,False,0.2
speaker_independent,emotion_original,random_forest,rf_permutation,importance,4,F0semitoneFrom27.5Hz_sma3nz_percentile50.0,-0.005078125,88,False,0.2
speaker_independent,emotion_original,random_forest,rf_permutation,importance,4,F0semitoneFrom27.5Hz_sma3nz_percentile80.0,-0.001171875,69,False,0.2
speaker_independent,emotion_original,random_forest,rf_permutation,importance,4,F0semitoneFrom27.5Hz_sma3nz_pctlrange0-2,0.0234375,1,True,0.8
speaker_independent,emotion_original,random_forest,rf_permutation,importance,4,F0semitoneFrom27.5Hz_sma3nz_meanRisingSlope,0.0015625,52,False,0.0
speaker_independent,emotion_original,random_forest,rf_permutation,importance,4,F0semitoneFrom27.5Hz_sma3nz_stddevRisingSlope,0.00625,23,False,0.2
speaker_independent,emotion_original,random_forest,rf_permutation,importance,4,F0semitoneFrom27.5Hz_sma3nz_meanFallingSlope,0.013671875,4,True,0.4
speaker_independent,emotion_original,random_forest,rf_permutation,importance,4,F0semitoneFrom27.5Hz_sma3nz_stddevFallingSlope,0.0203125,2,True,0.6
speaker_independent,emotion_original,random_forest,rf_permutation,importance,4,loudness_sma3_amean,0.006640625,21,False,0.0
speaker_independent,emotion_original,random_forest,rf_permutation,importance,4,loudness_sma3_stddevNorm,0.0046875,36,False,0.2
speaker_independent,emotion_original,random_forest,rf_permutation,importance,4,loudness_sma3_percentile20.0,0.012109375,8,True,0.4
speaker_independent,emotion_original,random_forest,rf_permutation,importance,4,loudness_sma3_percentile50.0,0.00234375,46,False,0.0
speaker_independent,emotion_original,random_forest,rf_permutation,importance,4,loudness_sma3_percentile80.0,0.011328125,10,True,0.2
speaker_independent,emotion_original,random_forest,rf_permutation,importance,4,loudness_sma3_pctlrange0-2,0.00859375,12,True,0.2
speaker_independent,emotion_original,random_forest,rf_permutation,importance,4,loudness_sma3_meanRisingSlope,0.009375,11,True,0.2
speaker_independent,emotion_original,random_forest,rf_permutation,importance,4,loudness_sma3_stddevRisingSlope,0.01171875,9,True,0.4
speaker_independent,emotion_original,random_forest,rf_permutation,importance,4,loudness_sma3_meanFallingSlope,0.00703125,18,False,0.2
speaker_independent,emotion_original,random_forest,rf_permutation,importance,4,loudness_sma3_stddevFallingSlope,0.00078125,61,False,0.0
speaker_independent,emotion_original,random_forest,rf_permutation,importance,4,spectralFlux_sma3_amean,0.004296875,38,False,0.0
speaker_independent,emotion_original,random_forest,rf_permutation,importance,4,spectralFlux_sma3_stddevNorm,-0.002734375,78,False,0.2
speaker_independent,emotion_original,random_forest,rf_permutation,importance,4,mfcc1_sma3_amean,-0.00390625,87,False,0.6
speaker_independent,emotion_original,random_forest,rf_permutation,importance,4,mfcc1_sma3_stddevNorm,0.001171875,55,False,0.2
speaker_independent,emotion_original,random_forest,rf_permutation,importance,4,mfcc2_sma3_amean,-0.003515625,84,False,0.0
speaker_independent,emotion_original,random_forest,rf_permutation,importance,4,mfcc2_sma3_stddevNorm,-0.0015625,72,False,0.2
speaker_independent,emotion_original,random_forest,rf_permutation,importance,4,mfcc3_sma3_amean,0.005859375,28,False,0.2
speaker_independent,emotion_original,random_forest,rf_permutation,importance,4,mfcc3_sma3_stddevNorm,0.0,62,False,0.0
speaker_independent,emotion_original,random_forest,rf_permutation,importance,4,mfcc4_sma3_amean,-0.000390625,65,False,0.2
speaker_independent,emotion_original,random_forest,rf_permutation,importance,4,mfcc4_sma3_stddevNorm,-0.002734375,78,False,0.2
speaker_independent,emotion_original,random_forest,rf_permutation,importance,4,jitterLocal_sma3nz_amean,0.005859375,28,False,0.2
speaker_independent,emotion_original,random_forest,rf_permutation,importance,4,jitterLocal_sma3nz_stddevNorm,-0.001171875,69,False,0.2
speaker_independent,emotion_original,random_forest,rf_permutation,importance,4,shimmerLocaldB_sma3nz_amean,0.00546875,30,False,0.0
speaker_independent,emotion_original,random_forest,rf_permutation,importance,4,shimmerLocaldB_sma3nz_stddevNorm,0.004296875,38,False,0.0
speaker_independent,emotion_original,random_forest,rf_permutation,importance,4,HNRdBACF_sma3nz_amean,0.005078125,33,False,0.2
speaker_independent,emotion_original,random_forest,rf_permutation,importance,4,HNRdBACF_sma3nz_stddevNorm,0.001171875,55,False,0.4
speaker_independent,emotion_original,random_forest,rf_permutation,importance,4,logRelF0-H1-H2_sma3nz_amean,0.001171875,55,False,0.2
speaker_independent,emotion_original,random_forest,rf_permutation,importance,4,logRelF0-H1-H2_sma3nz_stddevNorm,0.002734375,44,False,0.6
speaker_independent,emotion_original,random_forest,rf_permutation,importance,4,logRelF0-H1-A3_sma3nz_amean,0.00625,23,False,0.0
speaker_independent,emotion_original,random_forest,rf_permutation,importance,4,logRelF0-H1-A3_sma3nz_stddevNorm,-0.001953125,75,False,0.0
speaker_independent,emotion_original,random_forest,rf_permutation,importance,4,F1frequency_sma3nz_amean,0.0015625,52,False,0.4
speaker_independent,emotion_original,random_forest,rf_permutation,importance,4,F1frequency_sma3nz_stddevNorm,0.001171875,55,False,0.2
speaker_independent,emotion_original,random_forest,rf_permutation,importance,4,F1bandwidth_sma3nz_amean,-0.00078125,68,False,0.4
speaker_independent,emotion_original,random_forest,rf_permutation,importance,4,F1bandwidth_sma3nz_stddevNorm,-0.0015625,72,False,0.0
speaker_independent,emotion_original,random_forest,rf_permutation,importance,4,F1amplitudeLogRelF0_sma3nz_amean,-0.003515625,84,False,0.4
speaker_independent,emotion_original,random_forest,rf_permutation,importance,4,F1amplitudeLogRelF0_sma3nz_stddevNorm,0.0,62,False,0.0
speaker_independent,emotion_original,random_forest,rf_permutation,importance,4,F2frequency_sma3nz_amean,0.003515625,41,False,0.0
speaker_independent,emotion_original,random_forest,rf_permutation,importance,4,F2frequency_sma3nz_stddevNorm,0.001171875,55,False,0.4
speaker_independent,emotion_original,random_forest,rf_permutation,importance,4,F2bandwidth_sma3nz_amean,0.00234375,46,False,0.2
speaker_independent,emotion_original,random_forest,rf_permutation,importance,4,F2bandwidth_sma3nz_stddevNorm,0.004296875,38,False,0.0
speaker_independent,emotion_original,random_forest,rf_permutation,importance,4,F2amplitudeLogRelF0_sma3nz_amean,0.0078125,14,True,0.2
speaker_independent,emotion_original,random_forest,rf_permutation,importance,4,F2amplitudeLogRelF0_sma3nz_stddevNorm,0.01328125,5,True,0.4
speaker_independent,emotion_original,random_forest,rf_permutation,importance,4,F3frequency_sma3nz_amean,0.006640625,21,False,0.0
speaker_independent,emotion_original,random_forest,rf_permutation,importance,4,F3frequency_sma3nz_stddevNorm,0.00625,23,False,0.0
speaker_independent,emotion_original,random_forest,rf_permutation,importance,4,F3bandwidth_sma3nz_amean,0.00703125,18,False,0.0
speaker_independent,emotion_original,random_forest,rf_permutation,importance,4,F3bandwidth_sma3nz_stddevNorm,0.00625,23,False,0.0
speaker_independent,emotion_original,random_forest,rf_permutation,importance,4,F3amplitudeLogRelF0_sma3nz_amean,0.001953125,49,False,0.4
speaker_independent,emotion_original,random_forest,rf_permutation,importance,4,F3amplitudeLogRelF0_sma3nz_stddevNorm,0.005078125,33,False,0.2
speaker_independent,emotion_original,random_forest,rf_permutation,importance,4,alphaRatioV_sma3nz_amean,-0.0015625,72,False,0.0
speaker_independent,emotion_original,random_forest,rf_permutation,importance,4,alphaRatioV_sma3nz_stddevNorm,0.01875,3,True,0.6
speaker_independent,emotion_original,random_forest,rf_permutation,importance,4,hammarbergIndexV_sma3nz_amean,0.00703125,18,False,0.2
speaker_independent,emotion_original,random_forest,rf_permutation,importance,4,hammarbergIndexV_sma3nz_stddevNorm,0.0078125,14,True,0.2
speaker_independent,emotion_original,random_forest,rf_permutation,importance,4,slopeV0-500_sma3nz_amean,0.001953125,49,False,0.4
speaker_independent,emotion_original,random_forest,rf_permutation,importance,4,slopeV0-500_sma3nz_stddevNorm,-0.002734375,78,False,0.0
speaker_independent,emotion_original,random_forest,rf_permutation,importance,4,slopeV500-1500_sma3nz_amean,0.002734375,44,False,0.2
speaker_independent,emotion_original,random_forest,rf_permutation,importance,4,slopeV500-1500_sma3nz_stddevNorm,-0.003125,82,False,0.2
speaker_independent,emotion_original,random_forest,rf_permutation,importance,4,spectralFluxV_sma3nz_amean,0.0078125,14,True,0.4
speaker_independent,emotion_original,random_forest,rf_permutation,importance,4,spectralFluxV_sma3nz_stddevNorm,0.0046875,36,False,0.2
speaker_independent,emotion_original,random_forest,rf_permutation,importance,4,mfcc1V_sma3nz_amean,0.0,62,False,0.2
speaker_independent,emotion_original,random_forest,rf_permutation,importance,4,mfcc1V_sma3nz_stddevNorm,0.00625,23,False,0.2
speaker_independent,emotion_original,random_forest,rf_permutation,importance,4,mfcc2V_sma3nz_amean,-0.003125,82,False,0.0
speaker_independent,emotion_original,random_forest,rf_permutation,importance,4,mfcc2V_sma3nz_stddevNorm,0.0015625,52,False,0.2
speaker_independent,emotion_original,random_forest,rf_permutation,importance,4,mfcc3V_sma3nz_amean,0.008203125,13,True,0.4
speaker_independent,emotion_original,random_forest,rf_permutation,importance,4,mfcc3V_sma3nz_stddevNorm,-0.001171875,69,False,0.0
speaker_independent,emotion_original,random_forest,rf_permutation,importance,4,mfcc4V_sma3nz_amean,-0.00234375,77,False,0.2
speaker_independent,emotion_original,random_forest,rf_permutation,importance,4,mfcc4V_sma3nz_stddevNorm,-0.002734375,78,False,0.0
speaker_independent,emotion_original,random_forest,rf_permutation,importance,4,alphaRatioUV_sma3nz_amean,0.00546875,30,False,0.6
speaker_independent,emotion_original,random_forest,rf_permutation,importance,4,hammarbergIndexUV_sma3nz_amean,0.001953125,49,False,0.2
speaker_independent,emotion_original,random_forest,rf_permutation,importance,4,slopeUV0-500_sma3nz_amean,0.005078125,33,False,0.2
speaker_independent,emotion_original,random_forest,rf_permutation,importance,4,slopeUV500-1500_sma3nz_amean,-0.000390625,65,False,0.4
speaker_independent,emotion_original,random_forest,rf_permutation,importance,4,spectralFluxUV_sma3nz_amean,0.003125,42,False,0.0
speaker_independent,emotion_original,random_forest,rf_permutation,importance,4,loudnessPeaksPerSec,0.012890625,6,True,0.4
speaker_independent,emotion_original,random_forest,rf_permutation,importance,4,VoicedSegmentsPerSec,-0.001953125,75,False,0.0
speaker_independent,emotion_original,random_forest,rf_permutation,importance,4,MeanVoicedSegmentLengthSec,0.00546875,30,False,0.2
speaker_independent,emotion_original,random_forest,rf_permutation,importance,4,StddevVoicedSegmentLengthSec,0.0078125,14,True,0.4
speaker_independent,emotion_original,random_forest,rf_permutation,importance,4,MeanUnvoicedSegmentLength,0.003125,42,False,0.0
speaker_independent,emotion_original,random_forest,rf_permutation,importance,4,StddevUnvoicedSegmentLength,0.001171875,55,False,0.0
speaker_independent,emotion_original,random_forest,rf_permutation,importance,4,equivalentSoundLevel_dBp,0.012890625,6,True,0.2
speaker_independent,emotion_original,logistic_regression,logreg_coefficient,importance,4,F0semitoneFrom27.5Hz_sma3nz_amean,0.5491827495099957,13,True,0.8
speaker_independent,emotion_original,logistic_regression,logreg_coefficient,importance,4,F0semitoneFrom27.5Hz_sma3nz_stddevNorm,0.35697080657473573,46,False,0.0
speaker_independent,emotion_original,logistic_regression,logreg_coefficient,importance,4,F0semitoneFrom27.5Hz_sma3nz_percentile20.0,0.32577135567064824,56,False,0.0
speaker_independent,emotion_original,logistic_regression,logreg_coefficient,importance,4,F0semitoneFrom27.5Hz_sma3nz_percentile50.0,0.6111619207044223,11,True,0.8
speaker_independent,emotion_original,logistic_regression,logreg_coefficient,importance,4,F0semitoneFrom27.5Hz_sma3nz_percentile80.0,0.2994284878583301,61,False,0.0
speaker_independent,emotion_original,logistic_regression,logreg_coefficient,importance,4,F0semitoneFrom27.5Hz_sma3nz_pctlrange0-2,0.44043678680800474,34,False,0.2
speaker_independent,emotion_original,logistic_regression,logreg_coefficient,importance,4,F0semitoneFrom27.5Hz_sma3nz_meanRisingSlope,0.38772868405744065,42,False,0.0
speaker_independent,emotion_original,logistic_regression,logreg_coefficient,importance,4,F0semitoneFrom27.5Hz_sma3nz_stddevRisingSlope,0.3945187139638793,41,False,0.0
speaker_independent,emotion_original,logistic_regression,logreg_coefficient,importance,4,F0semitoneFrom27.5Hz_sma3nz_meanFallingSlope,0.13748483766077452,84,False,0.0
speaker_independent,emotion_original,logistic_regression,logreg_coefficient,importance,4,F0semitoneFrom27.5Hz_sma3nz_stddevFallingSlope,0.5115559585983029,21,False,0.2
speaker_independent,emotion_original,logistic_regression,logreg_coefficient,importance,4,loudness_sma3_amean,0.22849233556035872,73,False,0.0
speaker_independent,emotion_original,logistic_regression,logreg_coefficient,importance,4,loudness_sma3_stddevNorm,0.6815478475970558,8,True,1.0
speaker_independent,emotion_original,logistic_regression,logreg_coefficient,importance,4,loudness_sma3_percentile20.0,0.4011493118463184,39,False,0.2
speaker_independent,emotion_original,logistic_regression,logreg_coefficient,importance,4,loudness_sma3_percentile50.0,0.491159105650163,24,False,0.0
speaker_independent,emotion_original,logistic_regression,logreg_coefficient,importance,4,loudness_sma3_percentile80.0,0.2664346426488186,66,False,0.0
speaker_independent,emotion_original,logistic_regression,logreg_coefficient,importance,4,loudness_sma3_pctlrange0-2,0.3342017386278298,51,False,0.0
speaker_independent,emotion_original,logistic_regression,logreg_coefficient,importance,4,loudness_sma3_meanRisingSlope,0.7764069817665801,4,True,0.8
speaker_independent,emotion_original,logistic_regression,logreg_coefficient,importance,4,loudness_sma3_stddevRisingSlope,0.3345499059481548,50,False,0.0
speaker_independent,emotion_original,logistic_regression,logreg_coefficient,importance,4,loudness_sma3_meanFallingSlope,0.5426916559627845,16,False,0.4
speaker_independent,emotion_original,logistic_regression,logreg_coefficient,importance,4,loudness_sma3_stddevFallingSlope,0.23292473649640497,71,False,0.0
speaker_independent,emotion_original,logistic_regression,logreg_coefficient,importance,4,spectralFlux_sma3_amean,0.2960049024298307,64,False,0.0
speaker_independent,emotion_original,logistic_regression,logreg_coefficient,importance,4,spectralFlux_sma3_stddevNorm,0.2990037369259783,62,False,0.0
speaker_independent,emotion_original,logistic_regression,logreg_coefficient,importance,4,mfcc1_sma3_amean,0.7457359407292143,6,True,1.0
speaker_independent,emotion_original,logistic_regression,logreg_coefficient,importance,4,mfcc1_sma3_stddevNorm,0.22972853137416388,72,False,0.0
speaker_independent,emotion_original,logistic_regression,logreg_coefficient,importance,4,mfcc2_sma3_amean,0.5592983926943134,12,True,0.6
speaker_independent,emotion_original,logistic_regression,logreg_coefficient,importance,4,mfcc2_sma3_stddevNorm,0.4495476638433459,30,False,0.0
speaker_independent,emotion_original,logistic_regression,logreg_coefficient,importance,4,mfcc3_sma3_amean,0.5488493951683658,14,True,0.8
speaker_independent,emotion_original,logistic_regression,logreg_coefficient,importance,4,mfcc3_sma3_stddevNorm,0.3976963515769276,40,False,0.0
speaker_independent,emotion_original,logistic_regression,logreg_coefficient,importance,4,mfcc4_sma3_amean,0.6729282322350375,9,True,0.8
speaker_independent,emotion_original,logistic_regression,logreg_coefficient,importance,4,mfcc4_sma3_stddevNorm,0.14336262625945145,83,False,0.0
speaker_independent,emotion_original,logistic_regression,logreg_coefficient,importance,4,jitterLocal_sma3nz_amean,0.4040047361161644,37,False,0.0
speaker_independent,emotion_original,logistic_regression,logreg_coefficient,importance,4,jitterLocal_sma3nz_stddevNorm,0.18015177998344337,78,False,0.0
speaker_independent,emotion_original,logistic_regression,logreg_coefficient,importance,4,shimmerLocaldB_sma3nz_amean,0.2872778093042004,65,False,0.0
speaker_independent,emotion_original,logistic_regression,logreg_coefficient,importance,4,shimmerLocaldB_sma3nz_stddevNorm,0.2074457248227755,75,False,0.0
speaker_independent,emotion_original,logistic_regression,logreg_coefficient,importance,4,HNRdBACF_sma3nz_amean,0.9874954386381913,1,True,1.0
speaker_independent,emotion_original,logistic_regression,logreg_coefficient,importance,4,HNRdBACF_sma3nz_stddevNorm,0.5245672555747418,18,False,0.0
speaker_independent,emotion_original,logistic_regression,logreg_coefficient,importance,4,logRelF0-H1-H2_sma3nz_amean,0.21660310709633432,74,False,0.0
speaker_independent,emotion_original,logistic_regression,logreg_coefficient,importance,4,logRelF0-H1-H2_sma3nz_stddevNorm,0.4459800061803155,32,False,0.0
speaker_independent,emotion_original,logistic_regression,logreg_coefficient,importance,4,logRelF0-H1-A3_sma3nz_amean,0.3260102518338855,55,False,0.0
speaker_independent,emotion_original,logistic_regression,logreg_coefficient,importance,4,logRelF0-H1-A3_sma3nz_stddevNorm,0.330960868373236,53,False,0.2
speaker_independent,emotion_original,logistic_regression,logreg_coefficient,importance,4,F1frequency_sma3nz_amean,0.7545991862667923,5,True,1.0
speaker_independent,emotion_original,logistic_regression,logreg_coefficient,importance,4,F1frequency_sma3nz_stddevNorm,0.17117891240273775,80,False,0.0
speaker_independent,emotion_original,logistic_regression,logreg_coefficient,importance,4,F1bandwidth_sma3nz_amean,0.42818446072101524,36,False,0.0
speaker_independent,emotion_original,logistic_regression,logreg_coefficient,importance,4,F1bandwidth_sma3nz_stddevNorm,0.33203749783258396,52,False,0.0
speaker_independent,emotion_original,logistic_regression,logreg_coefficient,importance,4,F1amplitudeLogRelF0_sma3nz_amean,0.7075947941188716,7,True,0.8
speaker_independent,emotion_original,logistic_regression,logreg_coefficient,importance,4,F1amplitudeLogRelF0_sma3nz_stddevNorm,0.6712833175045618,10,True,0.6
speaker_independent,emotion_original,logistic_regression,logreg_coefficient,importance,4,F2frequency_sma3nz_amean,0.29652785750450084,63,False,0.0
speaker_independent,emotion_original,logistic_regression,logreg_coefficient,importance,4,F2frequency_sma3nz_stddevNorm,0.12681818304390863,86,False,0.0
speaker_independent,emotion_original,logistic_regression,logreg_coefficient,importance,4,F2bandwidth_sma3nz_amean,0.13326639822218642,85,False,0.0
speaker_independent,emotion_original,logistic_regression,logreg_coefficient,importance,4,F2bandwidth_sma3nz_stddevNorm,0.2011431220085111,77,False,0.0
speaker_independent,emotion_original,logistic_regression,logreg_coefficient,importance,4,F2amplitudeLogRelF0_sma3nz_amean,0.24392001402501595,69,False,0.0
speaker_independent,emotion_original,logistic_regression,logreg_coefficient,importance,4,F2amplitudeLogRelF0_sma3nz_stddevNorm,0.24662363253859346,68,False,0.0
speaker_independent,emotion_original,logistic_regression,logreg_coefficient,importance,4,F3frequency_sma3nz_amean,0.4885567916117709,25,False,0.2
speaker_independent,emotion_original,logistic_regression,logreg_coefficient,importance,4,F3frequency_sma3nz_stddevNorm,0.2043608441861119,76,False,0.0
speaker_independent,emotion_original,logistic_regression,logreg_coefficient,importance,4,F3bandwidth_sma3nz_amean,0.3123118547242378,57,False,0.0
speaker_independent,emotion_original,logistic_regression,logreg_coefficient,importance,4,F3bandwidth_sma3nz_stddevNorm,0.34695398740755845,49,False,0.0
speaker_independent,emotion_original,logistic_regression,logreg_coefficient,importance,4,F3amplitudeLogRelF0_sma3nz_amean,0.34739071699340385,48,False,0.0
speaker_independent,emotion_original,logistic_regression,logreg_coefficient,importance,4,F3amplitudeLogRelF0_sma3nz_stddevNorm,0.5033094851112402,23,False,0.4
speaker_independent,emotion_original,logistic_regression,logreg_coefficient,importance,4,alphaRatioV_sma3nz_amean,0.4037192606090901,38,False,0.4
speaker_independent,emotion_original,logistic_regression,logreg_coefficient,importance,4,alphaRatioV_sma3nz_stddevNorm,0.040101651072015236,88,False,0.0
speaker_independent,emotion_original,logistic_regression,logreg_coefficient,importance,4,hammarbergIndexV_sma3nz_amean,0.4864508880403821,26,False,0.0
speaker_independent,emotion_original,logistic_regression,logreg_coefficient,importance,4,hammarbergIndexV_sma3nz_stddevNorm,0.5213724647219858,19,False,0.2
speaker_independent,emotion_original,logistic_regression,logreg_coefficient,importance,4,slopeV0-500_sma3nz_amean,0.5437560743096613,15,True,0.2
speaker_independent,emotion_original,logistic_regression,logreg_coefficient,importance,4,slopeV0-500_sma3nz_stddevNorm,0.3492066945332168,47,False,0.0
speaker_independent,emotion_original,logistic_regression,logreg_coefficient,importance,4,slopeV500-1500_sma3nz_amean,0.44830697022166816,31,False,0.0
speaker_independent,emotion_original,logistic_regression,logreg_coefficient,importance,4,slopeV500-1500_sma3nz_stddevNorm,0.4430685694337041,33,False,0.0
speaker_independent,emotion_original,logistic_regression,logreg_coefficient,importance,4,spectralFluxV_sma3nz_amean,0.4577182466866448,28,False,0.0
speaker_independent,emotion_original,logistic_regression,logreg_coefficient,importance,4,spectralFluxV_sma3nz_stddevNorm,0.37039497774374314,43,False,0.2
speaker_independent,emotion_original,logistic_regression,logreg_coefficient,importance,4,mfcc1V_sma3nz_amean,0.3691055449176928,44,False,0.0
speaker_independent,emotion_original,logistic_regression,logreg_coefficient,importance,4,mfcc1V_sma3nz_stddevNorm,0.10870979580891679,87,False,0.0
speaker_independent,emotion_original,logistic_regression,logreg_coefficient,importance,4,mfcc2V_sma3nz_amean,0.7937865737442379,3,True,0.6
speaker_independent,emotion_original,logistic_regression,logreg_coefficient,importance,4,mfcc2V_sma3nz_stddevNorm,0.17481428299947882,79,False,0.0
speaker_independent,emotion_original,logistic_regression,logreg_coefficient,importance,4,mfcc3V_sma3nz_amean,0.3015600454025983,60,False,0.0
speaker_independent,emotion_original,logistic_regression,logreg_coefficient,importance,4,mfcc3V_sma3nz_stddevNorm,0.2632857038241729,67,False,0.0
speaker_independent,emotion_original,logistic_regression,logreg_coefficient,importance,4,mfcc4V_sma3nz_amean,0.4284582023576588,35,False,0.0
speaker_independent,emotion_original,logistic_regression,logreg_coefficient,importance,4,mfcc4V_sma3nz_stddevNorm,0.17038610296815856,81,False,0.0
speaker_independent,emotion_original,logistic_regression,logreg_coefficient,importance,4,alphaRatioUV_sma3nz_amean,0.45182871771489497,29,False,0.0
speaker_independent,emotion_original,logistic_regression,logreg_coefficient,importance,4,hammarbergIndexUV_sma3nz_amean,0.5078879857508809,22,False,0.4
speaker_independent,emotion_original,logistic_regression,logreg_coefficient,importance,4,slopeUV0-500_sma3nz_amean,0.5147643671407521,20,False,0.0
speaker_independent,emotion_original,logistic_regression,logreg_coefficient,importance,4,slopeUV500-1500_sma3nz_amean,0.5284346482665917,17,False,0.0
speaker_independent,emotion_original,logistic_regression,logreg_coefficient,importance,4,spectralFluxUV_sma3nz_amean,0.3657001588916732,45,False,0.0
speaker_independent,emotion_original,logistic_regression,logreg_coefficient,importance,4,loudnessPeaksPerSec,0.3051123440183567,59,False,0.0
speaker_independent,emotion_original,logistic_regression,logreg_coefficient,importance,4,VoicedSegmentsPerSec,0.47633233241610773,27,False,0.0
speaker_independent,emotion_original,logistic_regression,logreg_coefficient,importance,4,MeanVoicedSegmentLengthSec,0.23953869994193477,70,False,0.0
speaker_independent,emotion_original,logistic_regression,logreg_coefficient,importance,4,StddevVoicedSegmentLengthSec,0.3062808548433257,58,False,0.0
speaker_independent,emotion_original,logistic_regression,logreg_coefficient,importance,4,MeanUnvoicedSegmentLength,0.15366909069769483,82,False,0.0
speaker_independent,emotion_original,logistic_regression,logreg_coefficient,importance,4,StddevUnvoicedSegmentLength,0.32759093657097305,54,False,0.2
speaker_independent,emotion_original,logistic_regression,logreg_coefficient,importance,4,equivalentSoundLevel_dBp,0.9578201153979977,2,True,1.0
speaker_independent,emotion_quadrant,random_forest,rf_impurity,importance,0,F0semitoneFrom27.5Hz_sma3nz_amean,0.008934640012277062,48,False,0.0
speaker_independent,emotion_quadrant,random_forest,rf_impurity,importance,0,F0semitoneFrom27.5Hz_sma3nz_stddevNorm,0.015928654750007255,17,False,0.2
speaker_independent,emotion_quadrant,random_forest,rf_impurity,importance,0,F0semitoneFrom27.5Hz_sma3nz_percentile20.0,0.008945950103446293,47,False,0.0
speaker_independent,emotion_quadrant,random_forest,rf_impurity,importance,0,F0semitoneFrom27.5Hz_sma3nz_percentile50.0,0.009766024116005523,41,False,0.0
speaker_independent,emotion_quadrant,random_forest,rf_impurity,importance,0,F0semitoneFrom27.5Hz_sma3nz_percentile80.0,0.010269567891954197,36,False,0.0
speaker_independent,emotion_quadrant,random_forest,rf_impurity,importance,0,F0semitoneFrom27.5Hz_sma3nz_pctlrange0-2,0.02296689286517785,5,True,1.0
speaker_independent,emotion_quadrant,random_forest,rf_impurity,importance,0,F0semitoneFrom27.5Hz_sma3nz_meanRisingSlope,0.009705065707576536,42,False,0.0
speaker_independent,emotion_quadrant,random_forest,rf_impurity,importance,0,F0semitoneFrom27.5Hz_sma3nz_stddevRisingSlope,0.007769152072397015,70,False,0.0
speaker_independent,emotion_quadrant,random_forest,rf_impurity,importance,0,F0semitoneFrom27.5Hz_sma3nz_meanFallingSlope,0.014458497910673374,19,False,0.0
speaker_independent,emotion_quadrant,random_forest,rf_impurity,importance,0,F0semitoneFrom27.5Hz_sma3nz_stddevFallingSlope,0.01875020837841442,10,True,0.8
speaker_independent,emotion_quadrant,random_forest,rf_impurity,importance,0,loudness_sma3_amean,0.01635054220264034,15,True,1.0
speaker_independent,emotion_quadrant,random_forest,rf_impurity,importance,0,loudness_sma3_stddevNorm,0.009581169403777567,43,False,0.0
speaker_independent,emotion_quadrant,random_forest,rf_impurity,importance,0,loudness_sma3_percentile20.0,0.008927376796350063,49,False,0.0
speaker_independent,emotion_quadrant,random_forest,rf_impurity,importance,0,loudness_sma3_percentile50.0,0.024062741724985546,3,True,1.0
speaker_independent,emotion_quadrant,random_forest,rf_impurity,importance,0,loudness_sma3_percentile80.0,0.020115734002160744,8,True,1.0
speaker_independent,emotion_quadrant,random_forest,rf_impurity,importance,0,loudness_sma3_pctlrange0-2,0.023170300154714874,4,True,1.0
speaker_independent,emotion_quadrant,random_forest,rf_impurity,importance,0,loudness_sma3_meanRisingSlope,0.01699300263779996,13,True,1.0
speaker_independent,emotion_quadrant,random_forest,rf_impurity,importance,0,loudness_sma3_stddevRisingSlope,0.013940252389959247,22,False,0.6
speaker_independent,emotion_quadrant,random_forest,rf_impurity,importance,0,loudness_sma3_meanFallingSlope,0.018373562788493003,11,True,1.0
speaker_independent,emotion_quadrant,random_forest,rf_impurity,importance,0,loudness_sma3_stddevFallingSlope,0.01811355179519997,12,True,0.8
speaker_independent,emotion_quadrant,random_forest,rf_impurity,importance,0,spectralFlux_sma3_amean,0.022952863612834107,6,True,1.0
speaker_independent,emotion_quadrant,random_forest,rf_impurity,importance,0,spectralFlux_sma3_stddevNorm,0.010301165727920353,35,False,0.0
speaker_independent,emotion_quadrant,random_forest,rf_impurity,importance,0,mfcc1_sma3_amean,0.008342417894616523,59,False,0.0
speaker_independent,emotion_quadrant,random_forest,rf_impurity,importance,0,mfcc1_sma3_stddevNorm,0.010505504033739186,34,False,0.0
speaker_independent,emotion_quadrant,random_forest,rf_impurity,importance,0,mfcc2_sma3_amean,0.008309094782134064,61,False,0.0
speaker_independent,emotion_quadrant,random_forest,rf_impurity,importance,0,mfcc2_sma3_stddevNorm,0.006587329626367439,83,False,0.0
speaker_independent,emotion_quadrant,random_forest,rf_impurity,importance,0,mfcc3_sma3_amean,0.006611484238575021,82,False,0.0
speaker_independent,emotion_quadrant,random_forest,rf_impurity,importance,0,mfcc3_sma3_stddevNorm,0.008097507750346374,65,False,0.0
speaker_independent,emotion_quadrant,random_forest,rf_impurity,importance,0,mfcc4_sma3_amean,0.008429907692460199,56,False,0.0
speaker_independent,emotion_quadrant,random_forest,rf_impurity,importance,0,mfcc4_sma3_stddevNorm,0.008125334952755215,64,False,0.0
speaker_independent,emotion_quadrant,random_forest,rf_impurity,importance,0,jitterLocal_sma3nz_amean,0.030707934674218597,1,True,1.0
speaker_independent,emotion_quadrant,random_forest,rf_impurity,importance,0,jitterLocal_sma3nz_stddevNorm,0.007893115796155138,69,False,0.0
speaker_independent,emotion_quadrant,random_forest,rf_impurity,importance,0,shimmerLocaldB_sma3nz_amean,0.011293447219441281,25,False,0.0
speaker_independent,emotion_quadrant,random_forest,rf_impurity,importance,0,shimmerLocaldB_sma3nz_stddevNorm,0.014326403825464781,21,False,0.0
speaker_independent,emotion_quadrant,random_forest,rf_impurity,importance,0,HNRdBACF_sma3nz_amean,0.016830551727301423,14,True,0.4
speaker_independent,emotion_quadrant,random_forest,rf_impurity,importance,0,HNRdBACF_sma3nz_stddevNorm,0.01597079276333615,16,False,0.0
speaker_independent,emotion_quadrant,random_forest,rf_impurity,importance,0,logRelF0-H1-H2_sma3nz_amean,0.007584465111759299,75,False,0.0
speaker_independent,emotion_quadrant,random_forest,rf_impurity,importance,0,logRelF0-H1-H2_sma3nz_stddevNorm,0.006960424737575635,80,False,0.0
speaker_independent,emotion_quadrant,random_forest,rf_impurity,importance,0,logRelF0-H1-A3_sma3nz_amean,0.014663081293289582,18,False,0.0
speaker_independent,emotion_quadrant,random_forest,rf_impurity,importance,0,logRelF0-H1-A3_sma3nz_stddevNorm,0.007310215131033536,78,False,0.0
speaker_independent,emotion_quadrant,random_forest,rf_impurity,importance,0,F1frequency_sma3nz_amean,0.010602915106889705,32,False,0.0
speaker_independent,emotion_quadrant,random_forest,rf_impurity,importance,0,F1frequency_sma3nz_stddevNorm,0.007598973510832073,74,False,0.0
speaker_independent,emotion_quadrant,random_forest,rf_impurity,importance,0,F1bandwidth_sma3nz_amean,0.006507775430499251,85,False,0.0
speaker_independent,emotion_quadrant,random_forest,rf_impurity,importance,0,F1bandwidth_sma3nz_stddevNorm,0.008637433972104801,53,False,0.0
speaker_independent,emotion_quadrant,random_forest,rf_impurity,importance,0,F1amplitudeLogRelF0_sma3nz_amean,0.0076831156282846595,71,False,0.0
speaker_independent,emotion_quadrant,random_forest,rf_impurity,importance,0,F1amplitudeLogRelF0_sma3nz_stddevNorm,0.008417428474424197,57,False,0.0
speaker_independent,emotion_quadrant,random_forest,rf_impurity,importance,0,F2frequency_sma3nz_amean,0.010537723654424703,33,False,0.0
speaker_independent,emotion_quadrant,random_forest,rf_impurity,importance,0,F2frequency_sma3nz_stddevNorm,0.008035966030484704,66,False,0.0
speaker_independent,emotion_quadrant,random_forest,rf_impurity,importance,0,F2bandwidth_sma3nz_amean,0.006332485551083199,87,False,0.0
speaker_independent,emotion_quadrant,random_forest,rf_impurity,importance,0,F2bandwidth_sma3nz_stddevNorm,0.00899601915440512,45,False,0.0
speaker_independent,emotion_quadrant,random_forest,rf_impurity,importance,0,F2amplitudeLogRelF0_sma3nz_amean,0.008333268940659822,60,False,0.0
speaker_independent,emotion_quadrant,random_forest,rf_impurity,importance,0,F2amplitudeLogRelF0_sma3nz_stddevNorm,0.0073729309533736905,77,False,0.0
speaker_independent,emotion_quadrant,random_forest,rf_impurity,importance,0,F3frequency_sma3nz_amean,0.011094288254814707,28,False,0.0
speaker_independent,emotion_quadrant,random_forest,rf_impurity,importance,0,F3frequency_sma3nz_stddevNorm,0.00981415575551976,40,False,0.0
speaker_independent,emotion_quadrant,random_forest,rf_impurity,importance,0,F3bandwidth_sma3nz_amean,0.008192182175891412,63,False,0.0
speaker_independent,emotion_quadrant,random_forest,rf_impurity,importance,0,F3bandwidth_sma3nz_stddevNorm,0.006398536282638834,86,False,0.0
speaker_independent,emotion_quadrant,random_forest,rf_impurity,importance,0,F3amplitudeLogRelF0_sma3nz_amean,0.009376670060145474,44,False,0.0
speaker_independent,emotion_quadrant,random_forest,rf_impurity,importance,0,F3amplitudeLogRelF0_sma3nz_stddevNorm,0.00822736878509012,62,False,0.0
speaker_independent,emotion_quadrant,random_forest,rf_impurity,importance,0,alphaRatioV_sma3nz_amean,0.01149089849271148,24,False,0.0
speaker_independent,emotion_quadrant,random_forest,rf_impurity,importance,0,alphaRatioV_sma3nz_stddevNorm,0.011144124916201549,26,False,0.0
speaker_independent,emotion_quadrant,random_forest,rf_impurity,importance,0,hammarbergIndexV_sma3nz_amean,0.01094311653558599,30,False,0.0
speaker_independent,emotion_quadrant,random_forest,rf_impurity,importance,0,hammarbergIndexV_sma3nz_stddevNorm,0.011558209202030613,23,False,0.0
speaker_independent,emotion_quadrant,random_forest,rf_impurity,importance,0,slopeV0-500_sma3nz_amean,0.010795360584714664,31,False,0.0
speaker_independent,emotion_quadrant,random_forest,rf_impurity,importance,0,slopeV0-500_sma3nz_stddevNorm,0.008455173992157465,55,False,0.0
speaker_independent,emotion_quadrant,random_forest,rf_impurity,importance,0,slopeV500-1500_sma3nz_amean,0.009840554431387769,39,False,0.2
speaker_independent,emotion_quadrant,random_forest,rf_impurity,importance,0,slopeV500-1500_sma3nz_stddevNorm,0.00898388066398037,46,False,0.0
speaker_independent,emotion_quadrant,random_forest,rf_impurity,importance,0,spectralFluxV_sma3nz_amean,0.029814310978885896,2,True,1.0
speaker_independent,emotion_quadrant,random_forest,rf_impurity,importance,0,spectralFluxV_sma3nz_stddevNorm,0.008792600926094409,50,False,0.0
speaker_independent,emotion_quadrant,random_forest,rf_impurity,importance,0,mfcc1V_sma3nz_amean,0.014409966730993071,20,False,0.2
speaker_independent,emotion_quadrant,random_forest,rf_impurity,importance,0,mfcc1V_sma3nz_stddevNorm,0.01108110573234096,29,False,0.0
speaker_independent,emotion_quadrant,random_forest,rf_impurity,importance,0,mfcc2V_sma3nz_amean,0.010094155830863318,37,False,0.0
speaker_independent,emotion_quadrant,random_forest,rf_impurity,importance,0,mfcc2V_sma3nz_stddevNorm,0.007919795952565914,68,False,0.0
speaker_independent,emotion_quadrant,random_forest,rf_impurity,importance,0,mfcc3V_sma3nz_amean,0.00581244681206606,88,False,0.0
speaker_independent,emotion_quadrant,random_forest,rf_impurity,importance,0,mfcc3V_sma3nz_stddevNorm,0.007619847976923958,73,False,0.0
speaker_independent,emotion_quadrant,random_forest,rf_impurity,importance,0,mfcc4V_sma3nz_amean,0.007433983695832868,76,False,0.0
speaker_independent,emotion_quadrant,random_forest,rf_impurity,importance,0,mfcc4V_sma3nz_stddevNorm,0.009956917621163765,38,False,0.0
speaker_independent,emotion_quadrant,random_forest,rf_impurity,importance,0,alphaRatioUV_sma3nz_amean,0.007266845525778833,79,False,0.0
speaker_independent,emotion_quadrant,random_forest,rf_impurity,importance,0,hammarbergIndexUV_sma3nz_amean,0.006543700421776335,84,False,0.0
speaker_independent,emotion_quadrant,random_forest,rf_impurity,importance,0,slopeUV0-500_sma3nz_amean,0.007635339619564997,72,False,0.0
speaker_independent,emotion_quadrant,random_forest,rf_impurity,importance,0,slopeUV500-1500_sma3nz_amean,0.008613079352011693,54,False,0.0
speaker_independent,emotion_quadrant,random_forest,rf_impurity,importance,0,spectralFluxUV_sma3nz_amean,0.019763851570595296,9,True,0.8
speaker_independent,emotion_quadrant,random_forest,rf_impurity,importance,0,loudnessPeaksPerSec,0.01114047452803896,27,False,0.0
speaker_independent,emotion_quadrant,random_forest,rf_impurity,importance,0,VoicedSegmentsPerSec,0.0068536564958215545,81,False,0.0
speaker_independent,emotion_quadrant,random_forest,rf_impurity,importance,0,MeanVoicedSegmentLengthSec,0.008006137940935912,67,False,0.0
speaker_independent,emotion_quadrant,random_forest,rf_impurity,importance,0,StddevVoicedSegmentLengthSec,0.00876346623336477,52,False,0.0
speaker_independent,emotion_quadrant,random_forest,rf_impurity,importance,0,MeanUnvoicedSegmentLength,0.008357225621409892,58,False,0.0
speaker_independent,emotion_quadrant,random_forest,rf_impurity,importance,0,StddevUnvoicedSegmentLength,0.008780844345055862,51,False,0.0
speaker_independent,emotion_quadrant,random_forest,rf_impurity,importance,0,equivalentSoundLevel_dBp,0.0210437592522448,7,True,1.0
speaker_independent,emotion_quadrant,random_forest,rf_permutation,importance,0,F0semitoneFrom27.5Hz_sma3nz_amean,0.018489583333333403,7,True,0.2
speaker_independent,emotion_quadrant,random_forest,rf_permutation,importance,0,F0semitoneFrom27.5Hz_sma3nz_stddevNorm,0.0171875,8,True,0.8
speaker_independent,emotion_quadrant,random_forest,rf_permutation,importance,0,F0semitoneFrom27.5Hz_sma3nz_percentile20.0,0.014192708333333392,12,True,0.4
speaker_independent,emotion_quadrant,random_forest,rf_permutation,importance,0,F0semitoneFrom27.5Hz_sma3nz_percentile50.0,0.01393229166666673,14,True,0.2
speaker_independent,emotion_quadrant,random_forest,rf_permutation,importance,0,F0semitoneFrom27.5Hz_sma3nz_percentile80.0,0.019531250000000066,4,True,0.2
speaker_independent,emotion_quadrant,random_forest,rf_permutation,importance,0,F0semitoneFrom27.5Hz_sma3nz_pctlrange0-2,0.027994791666666685,2,True,0.8
speaker_independent,emotion_quadrant,random_forest,rf_permutation,importance,0,F0semitoneFrom27.5Hz_sma3nz_meanRisingSlope,0.009895833333333371,27,False,0.2
speaker_independent,emotion_quadrant,random_forest,rf_permutation,importance,0,F0semitoneFrom27.5Hz_sma3nz_stddevRisingSlope,0.006770833333333337,47,False,0.2
speaker_independent,emotion_quadrant,random_forest,rf_permutation,importance,0,F0semitoneFrom27.5Hz_sma3nz_meanFallingSlope,0.0007812500000000333,86,False,0.2
speaker_independent,emotion_quadrant,random_forest,rf_permutation,importance,0,F0semitoneFrom27.5Hz_sma3nz_stddevFallingSlope,0.011979166666666707,17,False,0.6
speaker_independent,emotion_quadrant,random_forest,rf_permutation,importance,0,loudness_sma3_amean,0.010286458333333337,25,False,0.4
speaker_independent,emotion_quadrant,random_forest,rf_permutation,importance,0,loudness_sma3_stddevNorm,0.007421875000000045,41,False,0.4
speaker_independent,emotion_quadrant,random_forest,rf_permutation,importance,0,loudness_sma3_percentile20.0,0.006901041666666696,44,False,0.2
speaker_independent,emotion_quadrant,random_forest,rf_permutation,importance,0,loudness_sma3_percentile50.0,0.03111979166666673,1,True,0.2
speaker_independent,emotion_quadrant,random_forest,rf_permutation,importance,0,loudness_sma3_percentile80.0,0.00911458333333338,35,False,0.2
speaker_independent,emotion_quadrant,random_forest,rf_permutation,importance,0,loudness_sma3_pctlrange0-2,0.01458333333333337,10,True,0.4
speaker_independent,emotion_quadrant,random_forest,rf_permutation,importance,0,loudness_sma3_meanRisingSlope,0.009244791666666674,34,False,0.2
speaker_independent,emotion_quadrant,random_forest,rf_permutation,importance,0,loudness_sma3_stddevRisingSlope,0.009635416666666707,29,False,0.2
speaker_independent,emotion_quadrant,random_forest,rf_permutation,importance,0,loudness_sma3_meanFallingSlope,0.014713541666666718,9,True,0.6
speaker_independent,emotion_quadrant,random_forest,rf_permutation,importance,0,loudness_sma3_stddevFallingSlope,0.008854166666666686,36,False,0.2
speaker_independent,emotion_quadrant,random_forest,rf_permutation,importance,0,spectralFlux_sma3_amean,0.00976562500000001,28,False,0.2
speaker_independent,emotion_quadrant,random_forest,rf_permutation,importance,0,spectralFlux_sma3_stddevNorm,0.006901041666666674,46,False,0.0
speaker_independent,emotion_quadrant,random_forest,rf_permutation,importance,0,mfcc1_sma3_amean,0.013411458333333393,15,True,0.4
speaker_independent,emotion_quadrant,random_forest,rf_permutation,importance,0,mfcc1_sma3_stddevNorm,0.02135416666666671,3,True,0.4
speaker_independent,emotion_quadrant,random_forest,rf_permutation,importance,0,mfcc2_sma3_amean,0.00234375,78,False,0.0
speaker_independent,emotion_quadrant,random_forest,rf_permutation,importance,0,mfcc2_sma3_stddevNorm,0.007161458333333359,43,False,0.0
speaker_independent,emotion_quadrant,random_forest,rf_permutation,importance,0,mfcc3_sma3_amean,0.005078125,60,False,0.2
speaker_independent,emotion_quadrant,random_forest,rf_permutation,importance,0,mfcc3_sma3_stddevNorm,0.0039062500000000226,69,False,0.0
speaker_independent,emotion_quadrant,random_forest,rf_permutation,importance,0,mfcc4_sma3_amean,0.006250000000000022,54,False,0.0
speaker_independent,emotion_quadrant,random_forest,rf_permutation,importance,0,mfcc4_sma3_stddevNorm,0.01158854166666672,20,False,0.0
speaker_independent,emotion_quadrant,random_forest,rf_permutation,importance,0,jitterLocal_sma3nz_amean,0.019401041666666684,5,True,0.8
speaker_independent,emotion_quadrant,random_forest,rf_permutation,importance,0,jitterLocal_sma3nz_stddevNorm,0.0024739583333333705,77,False,0.2
speaker_independent,emotion_quadrant,random_forest,rf_permutation,importance,0,shimmerLocaldB_sma3nz_amean,0.010026041666666697,26,False,0.0
speaker_independent,emotion_quadrant,random_forest,rf_permutation,importance,0,shimmerLocaldB_sma3nz_stddevNorm,0.011197916666666696,22,False,0.2
speaker_independent,emotion_quadrant,random_forest,rf_permutation,importance,0,HNRdBACF_sma3nz_amean,0.01406250000000001,13,True,0.2
speaker_independent,emotion_quadrant,random_forest,rf_permutation,importance,0,HNRdBACF_sma3nz_stddevNorm,0.005989583333333393,55,False,0.2
speaker_independent,emotion_quadrant,random_forest,rf_permutation,importance,0,logRelF0-H1-H2_sma3nz_amean,0.009375000000000045,33,False,0.0
speaker_independent,emotion_quadrant,random_forest,rf_permutation,importance,0,logRelF0-H1-H2_sma3nz_stddevNorm,0.006770833333333337,47,False,0.0
speaker_independent,emotion_quadrant,random_forest,rf_permutation,importance,0,logRelF0-H1-A3_sma3nz_amean,0.010416666666666708,24,False,0.0
speaker_independent,emotion_quadrant,random_forest,rf_permutation,importance,0,logRelF0-H1-A3_sma3nz_stddevNorm,0.009635416666666684,30,False,0.0
speaker_independent,emotion_quadrant,random_forest,rf_permutation,importance,0,F1frequency_sma3nz_amean,0.014322916666666718,11,True,0.2
speaker_independent,emotion_quadrant,random_forest,rf_permutation,importance,0,F1frequency_sma3nz_stddevNorm,0.0022135416666666853,79,False,0.0
speaker_independent,emotion_quadrant,random_forest,rf_permutation,importance,0,F1bandwidth_sma3nz_amean,0.001302083333333337,82,False,0.2
speaker_independent,emotion_quadrant,random_forest,rf_permutation,importance,0,F1bandwidth_sma3nz_stddevNorm,0.00716145833333337,42,False,0.2
speaker_independent,emotion_quadrant,random_forest,rf_permutation,importance,0,F1amplitudeLogRelF0_sma3nz_amean,0.0028645833333333704,75,False,0.2
speaker_independent,emotion_quadrant,random_forest,rf_permutation,importance,0,F1amplitudeLogRelF0_sma3nz_stddevNorm,0.00950520833333337,31,False,0.0
speaker_independent,emotion_quadrant,random_forest,rf_permutation,importance,0,F2frequency_sma3nz_amean,0.011328125000000055,21,False,0.0
speaker_independent,emotion_quadrant,random_forest,rf_permutation,importance,0,F2frequency_sma3nz_stddevNorm,0.005208333333333348,59,False,0.0
speaker_independent,emotion_quadrant,random_forest,rf_permutation,importance,0,F2bandwidth_sma3nz_amean,0.003125000000000011,72,False,0.0
speaker_independent,emotion_quadrant,random_forest,rf_permutation,importance,0,F2bandwidth_sma3nz_stddevNorm,0.0069010416666666855,45,False,0.0
speaker_independent,emotion_quadrant,random_forest,rf_permutation,importance,0,F2amplitudeLogRelF0_sma3nz_amean,0.01106770833333338,23,False,0.0
speaker_independent,emotion_quadrant,random_forest,rf_permutation,importance,0,F2amplitudeLogRelF0_sma3nz_stddevNorm,0.0022135416666666853,79,False,0.0
speaker_independent,emotion_quadrant,random_forest,rf_permutation,importance,0,F3frequency_sma3nz_amean,0.0029947916666667298,73,False,0.0
speaker_independent,emotion_quadrant,random_forest,rf_permutation,importance,0,F3frequency_sma3nz_stddevNorm,0.0029947916666666964,74,False,0.0
speaker_independent,emotion_quadrant,random_forest,rf_permutation,importance,0,F3bandwidth_sma3nz_amean,0.0015625000000000111,81,False,0.0
speaker_independent,emotion_quadrant,random_forest,rf_permutation,importance,0,F3bandwidth_sma3nz_stddevNorm,0.004296875000000022,65,False,0.0
speaker_independent,emotion_quadrant,random_forest,rf_permutation,importance,0,F3amplitudeLogRelF0_sma3nz_amean,0.006510416666666674,52,False,0.2
speaker_independent,emotion_quadrant,random_forest,rf_permutation,importance,0,F3amplitudeLogRelF0_sma3nz_stddevNorm,0.005729166666666674,57,False,0.2
speaker_independent,emotion_quadrant,random_forest,rf_permutation,importance,0,alphaRatioV_sma3nz_amean,0.004947916666666707,61,False,0.0
speaker_independent,emotion_quadrant,random_forest,rf_permutation,importance,0,alphaRatioV_sma3nz_stddevNorm,0.004687500000000011,63,False,0.0
speaker_independent,emotion_quadrant,random_forest,rf_permutation,importance,0,hammarbergIndexV_sma3nz_amean,0.001302083333333337,82,False,0.0
speaker_independent,emotion_quadrant,random_forest,rf_permutation,importance,0,hammarbergIndexV_sma3nz_stddevNorm,0.0009114583333333481,85,False,0.0
speaker_independent,emotion_quadrant,random_forest,rf_permutation,importance,0,slopeV0-500_sma3nz_amean,0.002604166666666685,76,False,0.4
speaker_independent,emotion_quadrant,random_forest,rf_permutation,importance,0,slopeV0-500_sma3nz_stddevNorm,0.005468750000000022,58,False,0.2
speaker_independent,emotion_quadrant,random_forest,rf_permutation,importance,0,slopeV500-1500_sma3nz_amean,0.012109375000000023,16,False,0.0
speaker_independent,emotion_quadrant,random_forest,rf_permutation,importance,0,slopeV500-1500_sma3nz_stddevNorm,0.011848958333333404,18,False,0.0
speaker_independent,emotion_quadrant,random_forest,rf_permutation,importance,0,spectralFluxV_sma3nz_amean,0.018619791666666753,6,True,0.6
speaker_independent,emotion_quadrant,random_forest,rf_permutation,importance,0,spectralFluxV_sma3nz_stddevNorm,0.0040364583333333485,68,False,0.4
speaker_independent,emotion_quadrant,random_forest,rf_permutation,importance,0,mfcc1V_sma3nz_amean,0.011848958333333371,19,False,0.0
speaker_independent,emotion_quadrant,random_forest,rf_permutation,importance,0,mfcc1V_sma3nz_stddevNorm,0.007942708333333326,39,False,0.4
speaker_independent,emotion_quadrant,random_forest,rf_permutation,importance,0,mfcc2V_sma3nz_amean,0.00390625,70,False,0.0
speaker_independent,emotion_quadrant,random_forest,rf_permutation,importance,0,mfcc2V_sma3nz_stddevNorm,0.006640625000000022,49,False,0.0
speaker_independent,emotion_quadrant,random_forest,rf_permutation,importance,0,mfcc3V_sma3nz_amean,0.004557291666666685,64,False,0.2
speaker_independent,emotion_quadrant,random_forest,rf_permutation,importance,0,mfcc3V_sma3nz_stddevNorm,0.005729166666666685,56,False,0.2
speaker_independent,emotion_quadrant,random_forest,rf_permutation,importance,0,mfcc4V_sma3nz_amean,-0.001822916666666652,88,False,0.0
speaker_independent,emotion_quadrant,random_forest,rf_permutation,importance,0,mfcc4V_sma3nz_stddevNorm,0.006640625000000011,50,False,0.0
speaker_independent,emotion_quadrant,random_forest,rf_permutation,importance,0,alphaRatioUV_sma3nz_amean,0.004166666666666652,67,False,0.0
speaker_independent,emotion_quadrant,random_forest,rf_permutation,importance,0,hammarbergIndexUV_sma3nz_amean,0.001171875000000011,84,False,0.2
speaker_independent,emotion_quadrant,random_forest,rf_permutation,importance,0,slopeUV0-500_sma3nz_amean,0.007812500000000056,40,False,0.0
speaker_independent,emotion_quadrant,random_forest,rf_permutation,importance,0,slopeUV500-1500_sma3nz_amean,0.00481770833333336,62,False,0.0
speaker_independent,emotion_quadrant,random_forest,rf_permutation,importance,0,spectralFluxUV_sma3nz_amean,0.006250000000000033,53,False,0.2
speaker_independent,emotion_quadrant,random_forest,rf_permutation,importance,0,loudnessPeaksPerSec,0.009505208333333348,32,False,0.0
speaker_independent,emotion_quadrant,random_forest,rf_permutation,importance,0,VoicedSegmentsPerSec,0.0007812500000000111,87,False,0.0
speaker_independent,emotion_quadrant,random_forest,rf_permutation,importance,0,MeanVoicedSegmentLengthSec,0.0032552083333333482,71,False,0.2
speaker_independent,emotion_quadrant,random_forest,rf_permutation,importance,0,StddevVoicedSegmentLengthSec,0.00833333333333336,38,False,0.4
speaker_independent,emotion_quadrant,random_forest,rf_permutation,importance,0,MeanUnvoicedSegmentLength,0.0065104166666666964,51,False,0.4
speaker_independent,emotion_quadrant,random_forest,rf_permutation,importance,0,StddevUnvoicedSegmentLength,0.004166666666666707,66,False,0.0
speaker_independent,emotion_quadrant,random_forest,rf_permutation,importance,0,equivalentSoundLevel_dBp,0.008333333333333382,37,False,0.4
speaker_independent,emotion_quadrant,logistic_regression,logreg_coefficient,importance,0,F0semitoneFrom27.5Hz_sma3nz_amean,0.2675020050990857,52,False,0.2
speaker_independent,emotion_quadrant,logistic_regression,logreg_coefficient,importance,0,F0semitoneFrom27.5Hz_sma3nz_stddevNorm,0.24426277441161937,58,False,0.0
speaker_independent,emotion_quadrant,logistic_regression,logreg_coefficient,importance,0,F0semitoneFrom27.5Hz_sma3nz_percentile20.0,0.5432054476647128,14,True,0.2
speaker_independent,emotion_quadrant,logistic_regression,logreg_coefficient,importance,0,F0semitoneFrom27.5Hz_sma3nz_percentile50.0,0.38113656338214896,28,False,0.8
speaker_independent,emotion_quadrant,logistic_regression,logreg_coefficient,importance,0,F0semitoneFrom27.5Hz_sma3nz_percentile80.0,0.47489627128655654,20,False,0.0
speaker_independent,emotion_quadrant,logistic_regression,logreg_coefficient,importance,0,F0semitoneFrom27.5Hz_sma3nz_pctlrange0-2,0.3882341252768756,27,False,0.0
speaker_independent,emotion_quadrant,logistic_regression,logreg_coefficient,importance,0,F0semitoneFrom27.5Hz_sma3nz_meanRisingSlope,0.24134713800479674,59,False,0.0
speaker_independent,emotion_quadrant,logistic_regression,logreg_coefficient,importance,0,F0semitoneFrom27.5Hz_sma3nz_stddevRisingSlope,0.14019233057510333,73,False,0.0
speaker_independent,emotion_quadrant,logistic_regression,logreg_coefficient,importance,0,F0semitoneFrom27.5Hz_sma3nz_meanFallingSlope,0.1247831403620191,75,False,0.0
speaker_independent,emotion_quadrant,logistic_regression,logreg_coefficient,importance,0,F0semitoneFrom27.5Hz_sma3nz_stddevFallingSlope,0.6273741015077104,7,True,0.6
speaker_independent,emotion_quadrant,logistic_regression,logreg_coefficient,importance,0,loudness_sma3_amean,0.28797204855569225,49,False,0.2
speaker_independent,emotion_quadrant,logistic_regression,logreg_coefficient,importance,0,loudness_sma3_stddevNorm,0.2516254692222409,57,False,0.0
speaker_independent,emotion_quadrant,logistic_regression,logreg_coefficient,importance,0,loudness_sma3_percentile20.0,0.16200490323924086,71,False,0.2
speaker_independent,emotion_quadrant,logistic_regression,logreg_coefficient,importance,0,loudness_sma3_percentile50.0,0.21413263889667672,65,False,0.8
speaker_independent,emotion_quadrant,logistic_regression,logreg_coefficient,importance,0,loudness_sma3_percentile80.0,0.45673056102282594,21,False,0.0
speaker_independent,emotion_quadrant,logistic_regression,logreg_coefficient,importance,0,loudness_sma3_pctlrange0-2,0.5433397148075148,13,True,0.2
speaker_independent,emotion_quadrant,logistic_regression,logreg_coefficient,importance,0,loudness_sma3_meanRisingSlope,0.585341827476076,9,True,1.0
speaker_independent,emotion_quadrant,logistic_regression,logreg_coefficient,importance,0,loudness_sma3_stddevRisingSlope,0.13759555201027848,74,False,0.0
speaker_independent,emotion_quadrant,logistic_regression,logreg_coefficient,importance,0,loudness_sma3_meanFallingSlope,0.3051622719633621,45,False,0.0
speaker_independent,emotion_quadrant,logistic_regression,logreg_coefficient,importance,0,loudness_sma3_stddevFallingSlope,0.2837715870071967,51,False,0.0
speaker_independent,emotion_quadrant,logistic_regression,logreg_coefficient,importance,0,spectralFlux_sma3_amean,0.19084464200084617,69,False,0.0
speaker_independent,emotion_quadrant,logistic_regression,logreg_coefficient,importance,0,spectralFlux_sma3_stddevNorm,0.06465565369521899,86,False,0.2
speaker_independent,emotion_quadrant,logistic_regression,logreg_coefficient,importance,0,mfcc1_sma3_amean,0.3397123585343902,36,False,0.0
speaker_independent,emotion_quadrant,logistic_regression,logreg_coefficient,importance,0,mfcc1_sma3_stddevNorm,0.535098310396233,15,True,0.2
speaker_independent,emotion_quadrant,logistic_regression,logreg_coefficient,importance,0,mfcc2_sma3_amean,0.23945609288169145,60,False,0.2
speaker_independent,emotion_quadrant,logistic_regression,logreg_coefficient,importance,0,mfcc2_sma3_stddevNorm,0.3280470248547701,39,False,0.0
speaker_independent,emotion_quadrant,logistic_regression,logreg_coefficient,importance,0,mfcc3_sma3_amean,0.6924674887710905,5,True,0.8
speaker_independent,emotion_quadrant,logistic_regression,logreg_coefficient,importance,0,mfcc3_sma3_stddevNorm,0.28567718050032775,50,False,0.0
speaker_independent,emotion_quadrant,logistic_regression,logreg_coefficient,importance,0,mfcc4_sma3_amean,0.3467487983332935,35,False,0.0
speaker_independent,emotion_quadrant,logistic_regression,logreg_coefficient,importance,0,mfcc4_sma3_stddevNorm,0.052479001805976394,88,False,0.0
speaker_independent,emotion_quadrant,logistic_regression,logreg_coefficient,importance,0,jitterLocal_sma3nz_amean,0.4830482573515348,18,False,0.0
speaker_independent,emotion_quadrant,logistic_regression,logreg_coefficient,importance,0,jitterLocal_sma3nz_stddevNorm,0.19362867444366658,67,False,0.0
speaker_independent,emotion_quadrant,logistic_regression,logreg_coefficient,importance,0,shimmerLocaldB_sma3nz_amean,0.26306816357186585,54,False,0.0
speaker_independent,emotion_quadrant,logistic_regression,logreg_coefficient,importance,0,shimmerLocaldB_sma3nz_stddevNorm,0.16571936954213884,70,False,0.0
speaker_independent,emotion_quadrant,logistic_regression,logreg_coefficient,importance,0,HNRdBACF_sma3nz_amean,0.8744522979996538,3,True,1.0
speaker_independent,emotion_quadrant,logistic_regression,logreg_coefficient,importance,0,HNRdBACF_sma3nz_stddevNorm,0.25663234381907596,55,False,0.0
speaker_independent,emotion_quadrant,logistic_regression,logreg_coefficient,importance,0,logRelF0-H1-H2_sma3nz_amean,0.290277823921458,48,False,0.0
speaker_independent,emotion_quadrant,logistic_regression,logreg_coefficient,importance,0,logRelF0-H1-H2_sma3nz_stddevNorm,0.11969514299342982,76,False,0.0
speaker_independent,emotion_quadrant,logistic_regression,logreg_coefficient,importance,0,logRelF0-H1-A3_sma3nz_amean,0.4560062818064228,22,False,0.4
speaker_independent,emotion_quadrant,logistic_regression,logreg_coefficient,importance,0,logRelF0-H1-A3_sma3nz_stddevNorm,0.21766711135899613,63,False,0.0
speaker_independent,emotion_quadrant,logistic_regression,logreg_coefficient,importance,0,F1frequency_sma3nz_amean,0.48837485602948216,17,False,0.8
speaker_independent,emotion_quadrant,logistic_regression,logreg_coefficient,importance,0,F1frequency_sma3nz_stddevNorm,0.08597033243622261,82,False,0.0
speaker_independent,emotion_quadrant,logistic_regression,logreg_coefficient,importance,0,F1bandwidth_sma3nz_amean,0.3651297740310022,33,False,0.0
speaker_independent,emotion_quadrant,logistic_regression,logreg_coefficient,importance,0,F1bandwidth_sma3nz_stddevNorm,0.2651475690826405,53,False,0.0
speaker_independent,emotion_quadrant,logistic_regression,logreg_coefficient,importance,0,F1amplitudeLogRelF0_sma3nz_amean,0.9683368169568434,1,True,1.0
speaker_independent,emotion_quadrant,logistic_regression,logreg_coefficient,importance,0,F1amplitudeLogRelF0_sma3nz_stddevNorm,0.47977654006839743,19,False,0.2
speaker_independent,emotion_quadrant,logistic_regression,logreg_coefficient,importance,0,F2frequency_sma3nz_amean,0.5865664491568356,8,True,0.2
speaker_independent,emotion_quadrant,logistic_regression,logreg_coefficient,importance,0,F2frequency_sma3nz_stddevNorm,0.21397485130605337,66,False,0.0
speaker_independent,emotion_quadrant,logistic_regression,logreg_coefficient,importance,0,F2bandwidth_sma3nz_amean,0.06884438297366577,85,False,0.0
speaker_independent,emotion_quadrant,logistic_regression,logreg_coefficient,importance,0,F2bandwidth_sma3nz_stddevNorm,0.11223871210285344,78,False,0.0
speaker_independent,emotion_quadrant,logistic_regression,logreg_coefficient,importance,0,F2amplitudeLogRelF0_sma3nz_amean,0.2980557509913738,46,False,0.2
speaker_independent,emotion_quadrant,logistic_regression,logreg_coefficient,importance,0,F2amplitudeLogRelF0_sma3nz_stddevNorm,0.533012862147973,16,False,0.0
speaker_independent,emotion_quadrant,logistic_regression,logreg_coefficient,importance,0,F3frequency_sma3nz_amean,0.9342586591542494,2,True,0.8
speaker_independent,emotion_quadrant,logistic_regression,logreg_coefficient,importance,0,F3frequency_sma3nz_stddevNorm,0.1911885314000626,68,False,0.0
speaker_independent,emotion_quadrant,logistic_regression,logreg_coefficient,importance,0,F3bandwidth_sma3nz_amean,0.30613965085146894,44,False,0.0
speaker_independent,emotion_quadrant,logistic_regression,logreg_coefficient,importance,0,F3bandwidth_sma3nz_stddevNorm,0.15688507866442147,72,False,0.0
speaker_independent,emotion_quadrant,logistic_regression,logreg_coefficient,importance,0,F3amplitudeLogRelF0_sma3nz_amean,0.25215161259169855,56,False,0.0
speaker_independent,emotion_quadrant,logistic_regression,logreg_coefficient,importance,0,F3amplitudeLogRelF0_sma3nz_stddevNorm,0.5595308259738845,12,True,0.4
speaker_independent,emotion_quadrant,logistic_regression,logreg_coefficient,importance,0,alphaRatioV_sma3nz_amean,0.3786114557200757,29,False,0.4
speaker_independent,emotion_quadrant,logistic_regression,logreg_coefficient,importance,0,alphaRatioV_sma3nz_stddevNorm,0.08789791137454404,81,False,0.0
speaker_independent,emotion_quadrant,logistic_regression,logreg_coefficient,importance,0,hammarbergIndexV_sma3nz_amean,0.5619254015887345,11,True,0.2
speaker_independent,emotion_quadrant,logistic_regression,logreg_coefficient,importance,0,hammarbergIndexV_sma3nz_stddevNorm,0.31665834029262035,42,False,0.0
speaker_independent,emotion_quadrant,logistic_regression,logreg_coefficient,importance,0,slopeV0-500_sma3nz_amean,0.43626961780674334,25,False,0.0
speaker_independent,emotion_quadrant,logistic_regression,logreg_coefficient,importance,0,slopeV0-500_sma3nz_stddevNorm,0.0620458753463667,87,False,0.0
speaker_independent,emotion_quadrant,logistic_regression,logreg_coefficient,importance,0,slopeV500-1500_sma3nz_amean,0.4469672731254604,23,False,0.0
speaker_independent,emotion_quadrant,logistic_regression,logreg_coefficient,importance,0,slopeV500-1500_sma3nz_stddevNorm,0.22077485620929735,61,False,0.0
speaker_independent,emotion_quadrant,logistic_regression,logreg_coefficient,importance,0,spectralFluxV_sma3nz_amean,0.11582025077364623,77,False,0.0
speaker_independent,emotion_quadrant,logistic_regression,logreg_coefficient,importance,0,spectralFluxV_sma3nz_stddevNorm,0.376692763934326,30,False,0.0
speaker_independent,emotion_quadrant,logistic_regression,logreg_coefficient,importance,0,mfcc1V_sma3nz_amean,0.3184868522225053,40,False,0.0
speaker_independent,emotion_quadrant,logistic_regression,logreg_coefficient,importance,0,mfcc1V_sma3nz_stddevNorm,0.07975108007209439,84,False,0.0
speaker_independent,emotion_quadrant,logistic_regression,logreg_coefficient,importance,0,mfcc2V_sma3nz_amean,0.3180248814825066,41,False,0.6
speaker_independent,emotion_quadrant,logistic_regression,logreg_coefficient,importance,0,mfcc2V_sma3nz_stddevNorm,0.08964165316501363,80,False,0.0
speaker_independent,emotion_quadrant,logistic_regression,logreg_coefficient,importance,0,mfcc3V_sma3nz_amean,0.3721185783664208,31,False,0.0
speaker_independent,emotion_quadrant,logistic_regression,logreg_coefficient,importance,0,mfcc3V_sma3nz_stddevNorm,0.3352656361505855,37,False,0.0
speaker_independent,emotion_quadrant,logistic_regression,logreg_coefficient,importance,0,mfcc4V_sma3nz_amean,0.36685073701308096,32,False,0.0
speaker_independent,emotion_quadrant,logistic_regression,logreg_coefficient,importance,0,mfcc4V_sma3nz_stddevNorm,0.0821447266204278,83,False,0.0
speaker_independent,emotion_quadrant,logistic_regression,logreg_coefficient,importance,0,alphaRatioUV_sma3nz_amean,0.674963569331454,6,True,1.0
speaker_independent,emotion_quadrant,logistic_regression,logreg_coefficient,importance,0,hammarbergIndexUV_sma3nz_amean,0.7859318613522343,4,True,1.0
speaker_independent,emotion_quadrant,logistic_regression,logreg_coefficient,importance,0,slopeUV0-500_sma3nz_amean,0.10500618854763236,79,False,0.0
speaker_independent,emotion_quadrant,logistic_regression,logreg_coefficient,importance,0,slopeUV500-1500_sma3nz_amean,0.33348806847233553,38,False,0.0
speaker_independent,emotion_quadrant,logistic_regression,logreg_coefficient,importance,0,spectralFluxUV_sma3nz_amean,0.4435696592011359,24,False,0.2
speaker_independent,emotion_quadrant,logistic_regression,logreg_coefficient,importance,0,loudnessPeaksPerSec,0.31310325602488753,43,False,0.0
speaker_independent,emotion_quadrant,logistic_regression,logreg_coefficient,importance,0,VoicedSegmentsPerSec,0.35801067426117306,34,False,0.0
speaker_independent,emotion_quadrant,logistic_regression,logreg_coefficient,importance,0,MeanVoicedSegmentLengthSec,0.21659993453094056,64,False,0.0
speaker_independent,emotion_quadrant,logistic_regression,logreg_coefficient,importance,0,StddevVoicedSegmentLengthSec,0.21769949733462612,62,False,0.0
speaker_independent,emotion_quadrant,logistic_regression,logreg_coefficient,importance,0,MeanUnvoicedSegmentLength,0.3934616966146469,26,False,0.0
speaker_independent,emotion_quadrant,logistic_regression,logreg_coefficient,importance,0,StddevUnvoicedSegmentLength,0.29792802136062163,47,False,0.0
speaker_independent,emotion_quadrant,logistic_regression,logreg_coefficient,importance,0,equivalentSoundLevel_dBp,0.5648033680279457,10,True,1.0
speaker_independent,emotion_quadrant,random_forest,rf_impurity,importance,1,F0semitoneFrom27.5Hz_sma3nz_amean,0.009227658143764637,47,False,0.0
speaker_independent,emotion_quadrant,random_forest,rf_impurity,importance,1,F0semitoneFrom27.5Hz_sma3nz_stddevNorm,0.015437032806791023,15,True,0.2
speaker_independent,emotion_quadrant,random_forest,rf_impurity,importance,1,F0semitoneFrom27.5Hz_sma3nz_percentile20.0,0.009800118786609566,38,False,0.0
speaker_independent,emotion_quadrant,random_forest,rf_impurity,importance,1,F0semitoneFrom27.5Hz_sma3nz_percentile50.0,0.009477877630130799,43,False,0.0
speaker_independent,emotion_quadrant,random_forest,rf_impurity,importance,1,F0semitoneFrom27.5Hz_sma3nz_percentile80.0,0.012019083788894724,21,False,0.0
speaker_independent,emotion_quadrant,random_forest,rf_impurity,importance,1,F0semitoneFrom27.5Hz_sma3nz_pctlrange0-2,0.027234390245840966,2,True,1.0
speaker_independent,emotion_quadrant,random_forest,rf_impurity,importance,1,F0semitoneFrom27.5Hz_sma3nz_meanRisingSlope,0.011536824146613082,23,False,0.0
speaker_independent,emotion_quadrant,random_forest,rf_impurity,importance,1,F0semitoneFrom27.5Hz_sma3nz_stddevRisingSlope,0.010229676565531743,34,False,0.0
speaker_independent,emotion_quadrant,random_forest,rf_impurity,importance,1,F0semitoneFrom27.5Hz_sma3nz_meanFallingSlope,0.011908974227337459,22,False,0.0
speaker_independent,emotion_quadrant,random_forest,rf_impurity,importance,1,F0semitoneFrom27.5Hz_sma3nz_stddevFallingSlope,0.01531956438834247,16,False,0.8
speaker_independent,emotion_quadrant,random_forest,rf_impurity,importance,1,loudness_sma3_amean,0.01956364385612436,11,True,1.0
speaker_independent,emotion_quadrant,random_forest,rf_impurity,importance,1,loudness_sma3_stddevNorm,0.010701586935750705,32,False,0.0
speaker_independent,emotion_quadrant,random_forest,rf_impurity,importance,1,loudness_sma3_percentile20.0,0.009470016536207423,44,False,0.0
speaker_independent,emotion_quadrant,random_forest,rf_impurity,importance,1,loudness_sma3_percentile50.0,0.025052920394431744,6,True,1.0
speaker_independent,emotion_quadrant,random_forest,rf_impurity,importance,1,loudness_sma3_percentile80.0,0.022806400425444028,7,True,1.0
speaker_independent,emotion_quadrant,random_forest,rf_impurity,importance,1,loudness_sma3_pctlrange0-2,0.026447620108457106,4,True,1.0
speaker_independent,emotion_quadrant,random_forest,rf_impurity,importance,1,loudness_sma3_meanRisingSlope,0.021549606439925376,8,True,1.0
speaker_independent,emotion_quadrant,random_forest,rf_impurity,importance,1,loudness_sma3_stddevRisingSlope,0.019934731361571537,10,True,0.6
speaker_independent,emotion_quadrant,random_forest,rf_impurity,importance,1,loudness_sma3_meanFallingSlope,0.021128375394593335,9,True,1.0
speaker_independent,emotion_quadrant,random_forest,rf_impurity,importance,1,loudness_sma3_stddevFallingSlope,0.017305431650460175,14,True,0.8
speaker_independent,emotion_quadrant,random_forest,rf_impurity,importance,1,spectralFlux_sma3_amean,0.0265837623377835,3,True,1.0
speaker_independent,emotion_quadrant,random_forest,rf_impurity,importance,1,spectralFlux_sma3_stddevNorm,0.011302548186151404,27,False,0.0
speaker_independent,emotion_quadrant,random_forest,rf_impurity,importance,1,mfcc1_sma3_amean,0.006647397240885039,82,False,0.0
speaker_independent,emotion_quadrant,random_forest,rf_impurity,importance,1,mfcc1_sma3_stddevNorm,0.009084056799154522,48,False,0.0
speaker_independent,emotion_quadrant,random_forest,rf_impurity,importance,1,mfcc2_sma3_amean,0.008666726558491681,52,False,0.0
speaker_independent,emotion_quadrant,random_forest,rf_impurity,importance,1,mfcc2_sma3_stddevNorm,0.007576993972603335,70,False,0.0
speaker_independent,emotion_quadrant,random_forest,rf_impurity,importance,1,mfcc3_sma3_amean,0.0067448006511861445,81,False,0.0
speaker_independent,emotion_quadrant,random_forest,rf_impurity,importance,1,mfcc3_sma3_stddevNorm,0.008092552576070047,61,False,0.0
speaker_independent,emotion_quadrant,random_forest,rf_impurity,importance,1,mfcc4_sma3_amean,0.0076104929658305604,69,False,0.0
speaker_independent,emotion_quadrant,random_forest,rf_impurity,importance,1,mfcc4_sma3_stddevNorm,0.007304069677148542,73,False,0.0
speaker_independent,emotion_quadrant,random_forest,rf_impurity,importance,1,jitterLocal_sma3nz_amean,0.025057885911796567,5,True,1.0
speaker_independent,emotion_quadrant,random_forest,rf_impurity,importance,1,jitterLocal_sma3nz_stddevNorm,0.006586349260161682,83,False,0.0
speaker_independent,emotion_quadrant,random_forest,rf_impurity,importance,1,shimmerLocaldB_sma3nz_amean,0.007268397635527782,74,False,0.0
speaker_independent,emotion_quadrant,random_forest,rf_impurity,importance,1,shimmerLocaldB_sma3nz_stddevNorm,0.013010164945820465,20,False,0.0
speaker_independent,emotion_quadrant,random_forest,rf_impurity,importance,1,HNRdBACF_sma3nz_amean,0.011400622896501206,24,False,0.4
speaker_independent,emotion_quadrant,random_forest,rf_impurity,importance,1,HNRdBACF_sma3nz_stddevNorm,0.011347404150237193,25,False,0.0
speaker_independent,emotion_quadrant,random_forest,rf_impurity,importance,1,logRelF0-H1-H2_sma3nz_amean,0.00859049204687816,54,False,0.0
speaker_independent,emotion_quadrant,random_forest,rf_impurity,importance,1,logRelF0-H1-H2_sma3nz_stddevNorm,0.007035852263756317,76,False,0.0
speaker_independent,emotion_quadrant,random_forest,rf_impurity,importance,1,logRelF0-H1-A3_sma3nz_amean,0.014676023109230092,17,False,0.0
speaker_independent,emotion_quadrant,random_forest,rf_impurity,importance,1,logRelF0-H1-A3_sma3nz_stddevNorm,0.008372965568781109,57,False,0.0
speaker_independent,emotion_quadrant,random_forest,rf_impurity,importance,1,F1frequency_sma3nz_amean,0.00761375521794909,68,False,0.0
speaker_independent,emotion_quadrant,random_forest,rf_impurity,importance,1,F1frequency_sma3nz_stddevNorm,0.009349693380090958,45,False,0.0
speaker_independent,emotion_quadrant,random_forest,rf_impurity,importance,1,F1bandwidth_sma3nz_amean,0.008526131676358361,55,False,0.0
speaker_independent,emotion_quadrant,random_forest,rf_impurity,importance,1,F1bandwidth_sma3nz_stddevNorm,0.008956327931677423,50,False,0.0
speaker_independent,emotion_quadrant,random_forest,rf_impurity,importance,1,F1amplitudeLogRelF0_sma3nz_amean,0.008306334881882692,59,False,0.0
speaker_independent,emotion_quadrant,random_forest,rf_impurity,importance,1,F1amplitudeLogRelF0_sma3nz_stddevNorm,0.007826993863993482,64,False,0.0
speaker_independent,emotion_quadrant,random_forest,rf_impurity,importance,1,F2frequency_sma3nz_amean,0.008478718123809471,56,False,0.0
speaker_independent,emotion_quadrant,random_forest,rf_impurity,importance,1,F2frequency_sma3nz_stddevNorm,0.011147951038379842,28,False,0.0
speaker_independent,emotion_quadrant,random_forest,rf_impurity,importance,1,F2bandwidth_sma3nz_amean,0.010023900152996496,35,False,0.0
speaker_independent,emotion_quadrant,random_forest,rf_impurity,importance,1,F2bandwidth_sma3nz_stddevNorm,0.00977269637118426,39,False,0.0
speaker_independent,emotion_quadrant,random_forest,rf_impurity,importance,1,F2amplitudeLogRelF0_sma3nz_amean,0.008628094081202194,53,False,0.0
speaker_independent,emotion_quadrant,random_forest,rf_impurity,importance,1,F2amplitudeLogRelF0_sma3nz_stddevNorm,0.006491992065232536,85,False,0.0
speaker_independent,emotion_quadrant,random_forest,rf_impurity,importance,1,F3frequency_sma3nz_amean,0.009980597518517619,36,False,0.0
speaker_independent,emotion_quadrant,random_forest,rf_impurity,importance,1,F3frequency_sma3nz_stddevNorm,0.009561936118759062,41,False,0.0
speaker_independent,emotion_quadrant,random_forest,rf_impurity,importance,1,F3bandwidth_sma3nz_amean,0.011045697860742247,29,False,0.0
speaker_independent,emotion_quadrant,random_forest,rf_impurity,importance,1,F3bandwidth_sma3nz_stddevNorm,0.007893000285687256,63,False,0.0
speaker_independent,emotion_quadrant,random_forest,rf_impurity,importance,1,F3amplitudeLogRelF0_sma3nz_amean,0.007106595329769132,75,False,0.0
speaker_independent,emotion_quadrant,random_forest,rf_impurity,importance,1,F3amplitudeLogRelF0_sma3nz_stddevNorm,0.008066363641299843,62,False,0.0
speaker_independent,emotion_quadrant,random_forest,rf_impurity,importance,1,alphaRatioV_sma3nz_amean,0.010808536910067364,31,False,0.0
speaker_independent,emotion_quadrant,random_forest,rf_impurity,importance,1,alphaRatioV_sma3nz_stddevNorm,0.011346547710536807,26,False,0.0
speaker_independent,emotion_quadrant,random_forest,rf_impurity,importance,1,hammarbergIndexV_sma3nz_amean,0.010402784705686285,33,False,0.0
speaker_independent,emotion_quadrant,random_forest,rf_impurity,importance,1,hammarbergIndexV_sma3nz_stddevNorm,0.009693790298393885,40,False,0.0
speaker_independent,emotion_quadrant,random_forest,rf_impurity,importance,1,slopeV0-500_sma3nz_amean,0.009244373226815084,46,False,0.0
speaker_independent,emotion_quadrant,random_forest,rf_impurity,importance,1,slopeV0-500_sma3nz_stddevNorm,0.007487824998732288,72,False,0.0
speaker_independent,emotion_quadrant,random_forest,rf_impurity,importance,1,slopeV500-1500_sma3nz_amean,0.013641551886550767,19,False,0.2
speaker_independent,emotion_quadrant,random_forest,rf_impurity,importance,1,slopeV500-1500_sma3nz_stddevNorm,0.009545706357610342,42,False,0.0
speaker_independent,emotion_quadrant,random_forest,rf_impurity,importance,1,spectralFluxV_sma3nz_amean,0.03165647731164654,1,True,1.0
speaker_independent,emotion_quadrant,random_forest,rf_impurity,importance,1,spectralFluxV_sma3nz_stddevNorm,0.00884942379558938,51,False,0.0
speaker_independent,emotion_quadrant,random_forest,rf_impurity,importance,1,mfcc1V_sma3nz_amean,0.01406991239438734,18,False,0.2
speaker_independent,emotion_quadrant,random_forest,rf_impurity,importance,1,mfcc1V_sma3nz_stddevNorm,0.009044883742869917,49,False,0.0
speaker_independent,emotion_quadrant,random_forest,rf_impurity,importance,1,mfcc2V_sma3nz_amean,0.009914445342376997,37,False,0.0
speaker_independent,emotion_quadrant,random_forest,rf_impurity,importance,1,mfcc2V_sma3nz_stddevNorm,0.007658265896384379,66,False,0.0
speaker_independent,emotion_quadrant,random_forest,rf_impurity,importance,1,mfcc3V_sma3nz_amean,0.006319237213263218,86,False,0.0
speaker_independent,emotion_quadrant,random_forest,rf_impurity,importance,1,mfcc3V_sma3nz_stddevNorm,0.006864492248179187,80,False,0.0
speaker_independent,emotion_quadrant,random_forest,rf_impurity,importance,1,mfcc4V_sma3nz_amean,0.00810925873871658,60,False,0.0
speaker_independent,emotion_quadrant,random_forest,rf_impurity,importance,1,mfcc4V_sma3nz_stddevNorm,0.007713428605476677,65,False,0.0
speaker_independent,emotion_quadrant,random_forest,rf_impurity,importance,1,alphaRatioUV_sma3nz_amean,0.0065487018222640326,84,False,0.0
speaker_independent,emotion_quadrant,random_forest,rf_impurity,importance,1,hammarbergIndexUV_sma3nz_amean,0.005746308760899852,88,False,0.0
speaker_independent,emotion_quadrant,random_forest,rf_impurity,importance,1,slopeUV0-500_sma3nz_amean,0.007028187862303741,77,False,0.0
speaker_independent,emotion_quadrant,random_forest,rf_impurity,importance,1,slopeUV500-1500_sma3nz_amean,0.007513868712837062,71,False,0.0
speaker_independent,emotion_quadrant,random_forest,rf_impurity,importance,1,spectralFluxUV_sma3nz_amean,0.0186035971154054,12,True,0.8
speaker_independent,emotion_quadrant,random_forest,rf_impurity,importance,1,loudnessPeaksPerSec,0.01082675482368802,30,False,0.0
speaker_independent,emotion_quadrant,random_forest,rf_impurity,importance,1,VoicedSegmentsPerSec,0.005840905966380681,87,False,0.0
speaker_independent,emotion_quadrant,random_forest,rf_impurity,importance,1,MeanVoicedSegmentLengthSec,0.006940156214132,79,False,0.0
speaker_independent,emotion_quadrant,random_forest,rf_impurity,importance,1,StddevVoicedSegmentLengthSec,0.006982409740632945,78,False,0.0
speaker_independent,emotion_quadrant,random_forest,rf_impurity,importance,1,MeanUnvoicedSegmentLength,0.008334130339939728,58,False,0.0
speaker_independent,emotion_quadrant,random_forest,rf_impurity,importance,1,StddevUnvoicedSegmentLength,0.007634455258027337,67,False,0.0
speaker_independent,emotion_quadrant,random_forest,rf_impurity,importance,1,equivalentSoundLevel_dBp,0.017741709873856634,13,True,1.0
speaker_independent,emotion_quadrant,random_forest,rf_permutation,importance,1,F0semitoneFrom27.5Hz_sma3nz_amean,-0.0035156249999999333,62,False,0.2
speaker_independent,emotion_quadrant,random_forest,rf_permutation,importance,1,F0semitoneFrom27.5Hz_sma3nz_stddevNorm,0.0020833333333333927,16,False,0.8
speaker_independent,emotion_quadrant,random_forest,rf_permutation,importance,1,F0semitoneFrom27.5Hz_sma3nz_percentile20.0,0.00039062500000005553,29,False,0.4
speaker_independent,emotion_quadrant,random_forest,rf_permutation,importance,1,F0semitoneFrom27.5Hz_sma3nz_percentile50.0,-0.0019531249999999555,51,False,0.2
speaker_independent,emotion_quadrant,random_forest,rf_permutation,importance,1,F0semitoneFrom27.5Hz_sma3nz_percentile80.0,-0.0019531249999999445,50,False,0.2
speaker_independent,emotion_quadrant,random_forest,rf_permutation,importance,1,F0semitoneFrom27.5Hz_sma3nz_pctlrange0-2,0.007682291666666752,2,True,0.8
speaker_independent,emotion_quadrant,random_forest,rf_permutation,importance,1,F0semitoneFrom27.5Hz_sma3nz_meanRisingSlope,-0.011848958333333225,87,False,0.2
speaker_independent,emotion_quadrant,random_forest,rf_permutation,importance,1,F0semitoneFrom27.5Hz_sma3nz_stddevRisingSlope,-0.012630208333333236,88,False,0.2
speaker_independent,emotion_quadrant,random_forest,rf_permutation,importance,1,F0semitoneFrom27.5Hz_sma3nz_meanFallingSlope,-0.009505208333333248,83,False,0.2
speaker_independent,emotion_quadrant,random_forest,rf_permutation,importance,1,F0semitoneFrom27.5Hz_sma3nz_stddevFallingSlope,-0.003255208333333237,60,False,0.6
speaker_independent,emotion_quadrant,random_forest,rf_permutation,importance,1,loudness_sma3_amean,0.0024739583333334147,13,True,0.4
speaker_independent,emotion_quadrant,random_forest,rf_permutation,importance,1,loudness_sma3_stddevNorm,0.004687500000000067,7,True,0.4
speaker_independent,emotion_quadrant,random_forest,rf_permutation,importance,1,loudness_sma3_percentile20.0,0.004036458333333393,10,True,0.2
speaker_independent,emotion_quadrant,random_forest,rf_permutation,importance,1,loudness_sma3_percentile50.0,-0.0093749999999999,82,False,0.2
speaker_independent,emotion_quadrant,random_forest,rf_permutation,importance,1,loudness_sma3_percentile80.0,-0.01041666666666662,84,False,0.2
speaker_independent,emotion_quadrant,random_forest,rf_permutation,importance,1,loudness_sma3_pctlrange0-2,-0.0039062499999999224,64,False,0.4
speaker_independent,emotion_quadrant,random_forest,rf_permutation,importance,1,loudness_sma3_meanRisingSlope,-0.004427083333333281,68,False,0.2
speaker_independent,emotion_quadrant,random_forest,rf_permutation,importance,1,loudness_sma3_stddevRisingSlope,-0.0053385416666666295,73,False,0.2
speaker_independent,emotion_quadrant,random_forest,rf_permutation,importance,1,loudness_sma3_meanFallingSlope,0.0002604166666667185,30,False,0.6
speaker_independent,emotion_quadrant,random_forest,rf_permutation,importance,1,loudness_sma3_stddevFallingSlope,0.0023437500000000775,14,True,0.2
speaker_independent,emotion_quadrant,random_forest,rf_permutation,importance,1,spectralFlux_sma3_amean,0.005208333333333426,6,True,0.2
speaker_independent,emotion_quadrant,random_forest,rf_permutation,importance,1,spectralFlux_sma3_stddevNorm,-0.0018229166666666075,48,False,0.0
speaker_independent,emotion_quadrant,random_forest,rf_permutation,importance,1,mfcc1_sma3_amean,0.00026041666666668515,32,False,0.4
speaker_independent,emotion_quadrant,random_forest,rf_permutation,importance,1,mfcc1_sma3_stddevNorm,-0.009244791666666563,81,False,0.4
speaker_independent,emotion_quadrant,random_forest,rf_permutation,importance,1,mfcc2_sma3_amean,-0.006119791666666629,76,False,0.0
speaker_independent,emotion_quadrant,random_forest,rf_permutation,importance,1,mfcc2_sma3_stddevNorm,-0.0071614583333333036,80,False,0.0
speaker_independent,emotion_quadrant,random_forest,rf_permutation,importance,1,mfcc3_sma3_amean,0.0002604166666667185,30,False,0.2
speaker_independent,emotion_quadrant,random_forest,rf_permutation,importance,1,mfcc3_sma3_stddevNorm,-0.0009114583333332705,39,False,0.0
speaker_independent,emotion_quadrant,random_forest,rf_permutation,importance,1,mfcc4_sma3_amean,0.0016927083333333481,22,False,0.0
speaker_independent,emotion_quadrant,random_forest,rf_permutation,importance,1,mfcc4_sma3_stddevNorm,-0.0044270833333332595,67,False,0.0
speaker_independent,emotion_quadrant,random_forest,rf_permutation,importance,1,jitterLocal_sma3nz_amean,0.009375000000000055,1,True,0.8
speaker_independent,emotion_quadrant,random_forest,rf_permutation,importance,1,jitterLocal_sma3nz_stddevNorm,-0.0035156249999999446,63,False,0.2
speaker_independent,emotion_quadrant,random_forest,rf_permutation,importance,1,shimmerLocaldB_sma3nz_amean,0.0006510416666666962,26,False,0.0
speaker_independent,emotion_quadrant,random_forest,rf_permutation,importance,1,shimmerLocaldB_sma3nz_stddevNorm,-0.0003906249999999334,35,False,0.2
speaker_independent,emotion_quadrant,random_forest,rf_permutation,importance,1,HNRdBACF_sma3nz_amean,0.0005208333333333925,27,False,0.2
speaker_independent,emotion_quadrant,random_forest,rf_permutation,importance,1,HNRdBACF_sma3nz_stddevNorm,-0.006510416666666607,78,False,0.2
speaker_independent,emotion_quadrant,random_forest,rf_permutation,importance,1,logRelF0-H1-H2_sma3nz_amean,-0.0011718749999999334,42,False,0.0
speaker_independent,emotion_quadrant,random_forest,rf_permutation,importance,1,logRelF0-H1-H2_sma3nz_stddevNorm,0.0015625000000000333,23,False,0.0
speaker_independent,emotion_quadrant,random_forest,rf_permutation,importance,1,logRelF0-H1-A3_sma3nz_amean,-0.0016927083333332592,45,False,0.0
speaker_independent,emotion_quadrant,random_forest,rf_permutation,importance,1,logRelF0-H1-A3_sma3nz_stddevNorm,-0.011588541666666608,86,False,0.0
speaker_independent,emotion_quadrant,random_forest,rf_permutation,importance,1,F1frequency_sma3nz_amean,0.0005208333333333703,28,False,0.2
speaker_independent,emotion_quadrant,random_forest,rf_permutation,importance,1,F1frequency_sma3nz_stddevNorm,-0.006119791666666596,75,False,0.0
speaker_independent,emotion_quadrant,random_forest,rf_permutation,importance,1,F1bandwidth_sma3nz_amean,0.0013020833333333814,24,False,0.2
speaker_independent,emotion_quadrant,random_forest,rf_permutation,importance,1,F1bandwidth_sma3nz_stddevNorm,0.0018229166666666851,18,False,0.2
speaker_independent,emotion_quadrant,random_forest,rf_permutation,importance,1,F1amplitudeLogRelF0_sma3nz_amean,0.0010416666666667406,25,False,0.2
speaker_independent,emotion_quadrant,random_forest,rf_permutation,importance,1,F1amplitudeLogRelF0_sma3nz_stddevNorm,0.0016927083333334036,20,False,0.0
speaker_independent,emotion_quadrant,random_forest,rf_permutation,importance,1,F2frequency_sma3nz_amean,-0.0009114583333332926,40,False,0.0
speaker_independent,emotion_quadrant,random_forest,rf_permutation,importance,1,F2frequency_sma3nz_stddevNorm,-0.0026041666666666075,56,False,0.0
speaker_independent,emotion_quadrant,random_forest,rf_permutation,importance,1,F2bandwidth_sma3nz_amean,-0.0014322916666666186,43,False,0.0
speaker_independent,emotion_quadrant,random_forest,rf_permutation,importance,1,F2bandwidth_sma3nz_stddevNorm,-0.004296874999999945,66,False,0.0
speaker_independent,emotion_quadrant,random_forest,rf_permutation,importance,1,F2amplitudeLogRelF0_sma3nz_amean,-0.002473958333333248,54,False,0.0
speaker_independent,emotion_quadrant,random_forest,rf_permutation,importance,1,F2amplitudeLogRelF0_sma3nz_stddevNorm,-0.0046874999999999,69,False,0.0
speaker_independent,emotion_quadrant,random_forest,rf_permutation,importance,1,F3frequency_sma3nz_amean,-0.0039062499999999224,64,False,0.0
speaker_independent,emotion_quadrant,random_forest,rf_permutation,importance,1,F3frequency_sma3nz_stddevNorm,-0.0018229166666666186,49,False,0.0
speaker_independent,emotion_quadrant,random_forest,rf_permutation,importance,1,F3bandwidth_sma3nz_amean,-0.0027343749999999556,57,False,0.0
speaker_independent,emotion_quadrant,random_forest,rf_permutation,importance,1,F3bandwidth_sma3nz_stddevNorm,-0.0016927083333332816,46,False,0.0
speaker_independent,emotion_quadrant,random_forest,rf_permutation,importance,1,F3amplitudeLogRelF0_sma3nz_amean,0.0020833333333334257,15,True,0.2
speaker_independent,emotion_quadrant,random_forest,rf_permutation,importance,1,F3amplitudeLogRelF0_sma3nz_stddevNorm,-0.0022135416666666076,52,False,0.2
speaker_independent,emotion_quadrant,random_forest,rf_permutation,importance,1,alphaRatioV_sma3nz_amean,-0.0035156249999999225,61,False,0.0
speaker_independent,emotion_quadrant,random_forest,rf_permutation,importance,1,alphaRatioV_sma3nz_stddevNorm,-0.0023437499999999557,53,False,0.0
speaker_independent,emotion_quadrant,random_forest,rf_permutation,importance,1,hammarbergIndexV_sma3nz_amean,-0.0010416666666666185,41,False,0.0
speaker_independent,emotion_quadrant,random_forest,rf_permutation,importance,1,hammarbergIndexV_sma3nz_stddevNorm,-0.0005208333333332815,37,False,0.0
speaker_independent,emotion_quadrant,random_forest,rf_permutation,importance,1,slopeV0-500_sma3nz_amean,0.005468750000000055,4,True,0.4
speaker_independent,emotion_quadrant,random_forest,rf_permutation,importance,1,slopeV0-500_sma3nz_stddevNorm,0.004166666666666707,9,True,0.2
speaker_independent,emotion_quadrant,random_forest,rf_permutation,importance,1,slopeV500-1500_sma3nz_amean,-0.0015624999999999446,44,False,0.0
speaker_independent,emotion_quadrant,random_forest,rf_permutation,importance,1,slopeV500-1500_sma3nz_stddevNorm,-0.005468749999999934,74,False,0.0
speaker_independent,emotion_quadrant,random_forest,rf_permutation,importance,1,spectralFluxV_sma3nz_amean,0.0058593750000000885,3,True,0.6
speaker_independent,emotion_quadrant,random_forest,rf_permutation,importance,1,spectralFluxV_sma3nz_stddevNorm,0.004557291666666729,8,True,0.4
speaker_independent,emotion_quadrant,random_forest,rf_permutation,importance,1,mfcc1V_sma3nz_amean,-0.0024739583333332703,55,False,0.0
speaker_independent,emotion_quadrant,random_forest,rf_permutation,importance,1,mfcc1V_sma3nz_stddevNorm,0.005468750000000045,5,True,0.4
speaker_independent,emotion_quadrant,random_forest,rf_permutation,importance,1,mfcc2V_sma3nz_amean,-0.007161458333333292,79,False,0.0
speaker_independent,emotion_quadrant,random_forest,rf_permutation,importance,1,mfcc2V_sma3nz_stddevNorm,-0.0001302083333332593,33,False,0.0
speaker_independent,emotion_quadrant,random_forest,rf_permutation,importance,1,mfcc3V_sma3nz_amean,-0.0003906249999999667,36,False,0.2
speaker_independent,emotion_quadrant,random_forest,rf_permutation,importance,1,mfcc3V_sma3nz_stddevNorm,-0.002864583333333248,58,False,0.2
speaker_independent,emotion_quadrant,random_forest,rf_permutation,importance,1,mfcc4V_sma3nz_amean,-0.0048177083333332815,70,False,0.0
speaker_independent,emotion_quadrant,random_forest,rf_permutation,importance,1,mfcc4V_sma3nz_stddevNorm,0.002083333333333348,17,False,0.0
speaker_independent,emotion_quadrant,random_forest,rf_permutation,importance,1,alphaRatioUV_sma3nz_amean,-0.0052083333333333036,72,False,0.0
speaker_independent,emotion_quadrant,random_forest,rf_permutation,importance,1,hammarbergIndexUV_sma3nz_amean,0.00403645833333337,11,True,0.2
speaker_independent,emotion_quadrant,random_forest,rf_permutation,importance,1,slopeUV0-500_sma3nz_amean,-0.00026041666666662964,34,False,0.0
speaker_independent,emotion_quadrant,random_forest,rf_permutation,importance,1,slopeUV500-1500_sma3nz_amean,-0.004817708333333304,71,False,0.0
speaker_independent,emotion_quadrant,random_forest,rf_permutation,importance,1,spectralFluxUV_sma3nz_amean,-0.010807291666666618,85,False,0.2
speaker_independent,emotion_quadrant,random_forest,rf_permutation,importance,1,loudnessPeaksPerSec,-0.002994791666666574,59,False,0.0
speaker_independent,emotion_quadrant,random_forest,rf_permutation,importance,1,VoicedSegmentsPerSec,0.0016927083333333592,21,False,0.0
speaker_independent,emotion_quadrant,random_forest,rf_permutation,importance,1,MeanVoicedSegmentLengthSec,-0.0016927083333332926,47,False,0.2
speaker_independent,emotion_quadrant,random_forest,rf_permutation,importance,1,StddevVoicedSegmentLengthSec,-0.0005208333333333037,38,False,0.4
speaker_independent,emotion_quadrant,random_forest,rf_permutation,importance,1,MeanUnvoicedSegmentLength,0.0037760416666666853,12,True,0.4
speaker_independent,emotion_quadrant,random_forest,rf_permutation,importance,1,StddevUnvoicedSegmentLength,0.0018229166666666851,18,False,0.0
speaker_independent,emotion_quadrant,random_forest,rf_permutation,importance,1,equivalentSoundLevel_dBp,-0.006380208333333271,77,False,0.4
speaker_independent,emotion_quadrant,logistic_regression,logreg_coefficient,importance,1,F0semitoneFrom27.5Hz_sma3nz_amean,0.5528046799295963,14,True,0.2
speaker_independent,emotion_quadrant,logistic_regression,logreg_coefficient,importance,1,F0semitoneFrom27.5Hz_sma3nz_stddevNorm,0.2808353628015337,47,False,0.0
speaker_independent,emotion_quadrant,logistic_regression,logreg_coefficient,importance,1,F0semitoneFrom27.5Hz_sma3nz_percentile20.0,0.5042969918532549,20,False,0.2
speaker_independent,emotion_quadrant,logistic_regression,logreg_coefficient,importance,1,F0semitoneFrom27.5Hz_sma3nz_percentile50.0,0.6670010252312112,8,True,0.8
speaker_independent,emotion_quadrant,logistic_regression,logreg_coefficient,importance,1,F0semitoneFrom27.5Hz_sma3nz_percentile80.0,0.4497398487198744,25,False,0.0
speaker_independent,emotion_quadrant,logistic_regression,logreg_coefficient,importance,1,F0semitoneFrom27.5Hz_sma3nz_pctlrange0-2,0.44998348426793977,24,False,0.0
speaker_independent,emotion_quadrant,logistic_regression,logreg_coefficient,importance,1,F0semitoneFrom27.5Hz_sma3nz_meanRisingSlope,0.4290636445991002,28,False,0.0
speaker_independent,emotion_quadrant,logistic_regression,logreg_coefficient,importance,1,F0semitoneFrom27.5Hz_sma3nz_stddevRisingSlope,0.4023474330908927,30,False,0.0
speaker_independent,emotion_quadrant,logistic_regression,logreg_coefficient,importance,1,F0semitoneFrom27.5Hz_sma3nz_meanFallingSlope,0.1557573505432419,71,False,0.0
speaker_independent,emotion_quadrant,logistic_regression,logreg_coefficient,importance,1,F0semitoneFrom27.5Hz_sma3nz_stddevFallingSlope,0.45918150667848395,23,False,0.6
speaker_independent,emotion_quadrant,logistic_regression,logreg_coefficient,importance,1,loudness_sma3_amean,0.16701213221225908,70,False,0.2
speaker_independent,emotion_quadrant,logistic_regression,logreg_coefficient,importance,1,loudness_sma3_stddevNorm,0.28215675631762294,46,False,0.0
speaker_independent,emotion_quadrant,logistic_regression,logreg_coefficient,importance,1,loudness_sma3_percentile20.0,0.2002636313186742,61,False,0.2
speaker_independent,emotion_quadrant,logistic_regression,logreg_coefficient,importance,1,loudness_sma3_percentile50.0,0.5936339038508166,10,True,0.8
speaker_independent,emotion_quadrant,logistic_regression,logreg_coefficient,importance,1,loudness_sma3_percentile80.0,0.1491059993690519,76,False,0.0
speaker_independent,emotion_quadrant,logistic_regression,logreg_coefficient,importance,1,loudness_sma3_pctlrange0-2,0.17606170968721435,66,False,0.2
speaker_independent,emotion_quadrant,logistic_regression,logreg_coefficient,importance,1,loudness_sma3_meanRisingSlope,0.5507069124737713,15,True,1.0
speaker_independent,emotion_quadrant,logistic_regression,logreg_coefficient,importance,1,loudness_sma3_stddevRisingSlope,0.1703863127552636,68,False,0.0
speaker_independent,emotion_quadrant,logistic_regression,logreg_coefficient,importance,1,loudness_sma3_meanFallingSlope,0.35844067538587854,36,False,0.0
speaker_independent,emotion_quadrant,logistic_regression,logreg_coefficient,importance,1,loudness_sma3_stddevFallingSlope,0.2072504667479096,57,False,0.0
speaker_independent,emotion_quadrant,logistic_regression,logreg_coefficient,importance,1,spectralFlux_sma3_amean,0.18646600284874915,64,False,0.0
speaker_independent,emotion_quadrant,logistic_regression,logreg_coefficient,importance,1,spectralFlux_sma3_stddevNorm,0.675185711031481,7,True,0.2
speaker_independent,emotion_quadrant,logistic_regression,logreg_coefficient,importance,1,mfcc1_sma3_amean,0.2150004790314654,56,False,0.0
speaker_independent,emotion_quadrant,logistic_regression,logreg_coefficient,importance,1,mfcc1_sma3_stddevNorm,0.15543422570379375,72,False,0.2
speaker_independent,emotion_quadrant,logistic_regression,logreg_coefficient,importance,1,mfcc2_sma3_amean,0.11919416238514337,80,False,0.2
speaker_independent,emotion_quadrant,logistic_regression,logreg_coefficient,importance,1,mfcc2_sma3_stddevNorm,0.0774686536505651,83,False,0.0
speaker_independent,emotion_quadrant,logistic_regression,logreg_coefficient,importance,1,mfcc3_sma3_amean,0.496040534034813,21,False,0.8
speaker_independent,emotion_quadrant,logistic_regression,logreg_coefficient,importance,1,mfcc3_sma3_stddevNorm,0.34533212266465374,38,False,0.0
speaker_independent,emotion_quadrant,logistic_regression,logreg_coefficient,importance,1,mfcc4_sma3_amean,0.29094988832943475,44,False,0.0
speaker_independent,emotion_quadrant,logistic_regression,logreg_coefficient,importance,1,mfcc4_sma3_stddevNorm,0.021058022009880575,88,False,0.0
speaker_independent,emotion_quadrant,logistic_regression,logreg_coefficient,importance,1,jitterLocal_sma3nz_amean,0.5391455704078472,16,False,0.0
speaker_independent,emotion_quadrant,logistic_regression,logreg_coefficient,importance,1,jitterLocal_sma3nz_stddevNorm,0.1532729755532627,75,False,0.0
speaker_independent,emotion_quadrant,logistic_regression,logreg_coefficient,importance,1,shimmerLocaldB_sma3nz_amean,0.35946078680009097,35,False,0.0
speaker_independent,emotion_quadrant,logistic_regression,logreg_coefficient,importance,1,shimmerLocaldB_sma3nz_stddevNorm,0.05093402522195083,85,False,0.0
speaker_independent,emotion_quadrant,logistic_regression,logreg_coefficient,importance,1,HNRdBACF_sma3nz_amean,1.0919695717109423,1,True,1.0
speaker_independent,emotion_quadrant,logistic_regression,logreg_coefficient,importance,1,HNRdBACF_sma3nz_stddevNorm,0.24663245986630739,54,False,0.0
speaker_independent,emotion_quadrant,logistic_regression,logreg_coefficient,importance,1,logRelF0-H1-H2_sma3nz_amean,0.11007692692208054,81,False,0.0
speaker_independent,emotion_quadrant,logistic_regression,logreg_coefficient,importance,1,logRelF0-H1-H2_sma3nz_stddevNorm,0.03363035277454572,87,False,0.0
speaker_independent,emotion_quadrant,logistic_regression,logreg_coefficient,importance,1,logRelF0-H1-A3_sma3nz_amean,0.5626420707230793,13,True,0.4
speaker_independent,emotion_quadrant,logistic_regression,logreg_coefficient,importance,1,logRelF0-H1-A3_sma3nz_stddevNorm,0.40010921115316156,31,False,0.0
speaker_independent,emotion_quadrant,logistic_regression,logreg_coefficient,importance,1,F1frequency_sma3nz_amean,0.8451884978405442,4,True,0.8
speaker_independent,emotion_quadrant,logistic_regression,logreg_coefficient,importance,1,F1frequency_sma3nz_stddevNorm,0.1947722037810587,62,False,0.0
speaker_independent,emotion_quadrant,logistic_regression,logreg_coefficient,importance,1,F1bandwidth_sma3nz_amean,0.5265261515326821,17,False,0.0
speaker_independent,emotion_quadrant,logistic_regression,logreg_coefficient,importance,1,F1bandwidth_sma3nz_stddevNorm,0.25719902854077603,52,False,0.0
speaker_independent,emotion_quadrant,logistic_regression,logreg_coefficient,importance,1,F1amplitudeLogRelF0_sma3nz_amean,0.7772841622412546,5,True,1.0
speaker_independent,emotion_quadrant,logistic_regression,logreg_coefficient,importance,1,F1amplitudeLogRelF0_sma3nz_stddevNorm,0.35699606598551054,37,False,0.2
speaker_independent,emotion_quadrant,logistic_regression,logreg_coefficient,importance,1,F2frequency_sma3nz_amean,0.30672345878172225,42,False,0.2
speaker_independent,emotion_quadrant,logistic_regression,logreg_coefficient,importance,1,F2frequency_sma3nz_stddevNorm,0.09922096038122918,82,False,0.0
speaker_independent,emotion_quadrant,logistic_regression,logreg_coefficient,importance,1,F2bandwidth_sma3nz_amean,0.12231285642140728,79,False,0.0
speaker_independent,emotion_quadrant,logistic_regression,logreg_coefficient,importance,1,F2bandwidth_sma3nz_stddevNorm,0.15405489491973864,74,False,0.0
speaker_independent,emotion_quadrant,logistic_regression,logreg_coefficient,importance,1,F2amplitudeLogRelF0_sma3nz_amean,0.5762335123493898,12,True,0.2
speaker_independent,emotion_quadrant,logistic_regression,logreg_coefficient,importance,1,F2amplitudeLogRelF0_sma3nz_stddevNorm,0.36864781411259206,34,False,0.0
speaker_independent,emotion_quadrant,logistic_regression,logreg_coefficient,importance,1,F3frequency_sma3nz_amean,0.5105389399225264,18,False,0.8
speaker_independent,emotion_quadrant,logistic_regression,logreg_coefficient,importance,1,F3frequency_sma3nz_stddevNorm,0.1709087359835093,67,False,0.0
speaker_independent,emotion_quadrant,logistic_regression,logreg_coefficient,importance,1,F3bandwidth_sma3nz_amean,0.2765624286645809,48,False,0.0
speaker_independent,emotion_quadrant,logistic_regression,logreg_coefficient,importance,1,F3bandwidth_sma3nz_stddevNorm,0.16865398184156033,69,False,0.0
speaker_independent,emotion_quadrant,logistic_regression,logreg_coefficient,importance,1,F3amplitudeLogRelF0_sma3nz_amean,0.46340116808604015,22,False,0.0
speaker_independent,emotion_quadrant,logistic_regression,logreg_coefficient,importance,1,F3amplitudeLogRelF0_sma3nz_stddevNorm,0.4446156146789635,26,False,0.4
speaker_independent,emotion_quadrant,logistic_regression,logreg_coefficient,importance,1,alphaRatioV_sma3nz_amean,0.6483330269474424,9,True,0.4
speaker_independent,emotion_quadrant,logistic_regression,logreg_coefficient,importance,1,alphaRatioV_sma3nz_stddevNorm,0.20286819076802048,59,False,0.0
speaker_independent,emotion_quadrant,logistic_regression,logreg_coefficient,importance,1,hammarbergIndexV_sma3nz_amean,0.26321884103380355,51,False,0.2
speaker_independent,emotion_quadrant,logistic_regression,logreg_coefficient,importance,1,hammarbergIndexV_sma3nz_stddevNorm,0.3142675234571006,41,False,0.0
speaker_independent,emotion_quadrant,logistic_regression,logreg_coefficient,importance,1,slopeV0-500_sma3nz_amean,0.4146426251280131,29,False,0.0
speaker_independent,emotion_quadrant,logistic_regression,logreg_coefficient,importance,1,slopeV0-500_sma3nz_stddevNorm,0.0653172908089601,84,False,0.0
speaker_independent,emotion_quadrant,logistic_regression,logreg_coefficient,importance,1,slopeV500-1500_sma3nz_amean,0.37333488469009163,33,False,0.0
speaker_independent,emotion_quadrant,logistic_regression,logreg_coefficient,importance,1,slopeV500-1500_sma3nz_stddevNorm,0.29677702508508885,43,False,0.0
speaker_independent,emotion_quadrant,logistic_regression,logreg_coefficient,importance,1,spectralFluxV_sma3nz_amean,0.15541457720265,73,False,0.0
speaker_independent,emotion_quadrant,logistic_regression,logreg_coefficient,importance,1,spectralFluxV_sma3nz_stddevNorm,0.5087783754656426,19,False,0.0
speaker_independent,emotion_quadrant,logistic_regression,logreg_coefficient,importance,1,mfcc1V_sma3nz_amean,0.227798469083747,55,False,0.0
speaker_independent,emotion_quadrant,logistic_regression,logreg_coefficient,importance,1,mfcc1V_sma3nz_stddevNorm,0.14464145109166124,77,False,0.0
speaker_independent,emotion_quadrant,logistic_regression,logreg_coefficient,importance,1,mfcc2V_sma3nz_amean,0.43392639571215486,27,False,0.6
speaker_independent,emotion_quadrant,logistic_regression,logreg_coefficient,importance,1,mfcc2V_sma3nz_stddevNorm,0.049634002662609825,86,False,0.0
speaker_independent,emotion_quadrant,logistic_regression,logreg_coefficient,importance,1,mfcc3V_sma3nz_amean,0.13711629334730335,78,False,0.0
speaker_independent,emotion_quadrant,logistic_regression,logreg_coefficient,importance,1,mfcc3V_sma3nz_stddevNorm,0.19163832938397626,63,False,0.0
speaker_independent,emotion_quadrant,logistic_regression,logreg_coefficient,importance,1,mfcc4V_sma3nz_amean,0.2035159372089565,58,False,0.0
speaker_independent,emotion_quadrant,logistic_regression,logreg_coefficient,importance,1,mfcc4V_sma3nz_stddevNorm,0.20153623692841738,60,False,0.0
speaker_independent,emotion_quadrant,logistic_regression,logreg_coefficient,importance,1,alphaRatioUV_sma3nz_amean,0.7203030322398244,6,True,1.0
speaker_independent,emotion_quadrant,logistic_regression,logreg_coefficient,importance,1,hammarbergIndexUV_sma3nz_amean,0.906219090930416,3,True,1.0
speaker_independent,emotion_quadrant,logistic_regression,logreg_coefficient,importance,1,slopeUV0-500_sma3nz_amean,0.18629171789119914,65,False,0.0
speaker_independent,emotion_quadrant,logistic_regression,logreg_coefficient,importance,1,slopeUV500-1500_sma3nz_amean,0.2720128269493295,50,False,0.0
speaker_independent,emotion_quadrant,logistic_regression,logreg_coefficient,importance,1,spectralFluxUV_sma3nz_amean,0.5869948832764542,11,True,0.2
speaker_independent,emotion_quadrant,logistic_regression,logreg_coefficient,importance,1,loudnessPeaksPerSec,0.375928087132138,32,False,0.0
speaker_independent,emotion_quadrant,logistic_regression,logreg_coefficient,importance,1,VoicedSegmentsPerSec,0.3173657784901629,40,False,0.0
speaker_independent,emotion_quadrant,logistic_regression,logreg_coefficient,importance,1,MeanVoicedSegmentLengthSec,0.27613454223433387,49,False,0.0
speaker_independent,emotion_quadrant,logistic_regression,logreg_coefficient,importance,1,StddevVoicedSegmentLengthSec,0.28474581185399117,45,False,0.0
speaker_independent,emotion_quadrant,logistic_regression,logreg_coefficient,importance,1,MeanUnvoicedSegmentLength,0.2537063455288382,53,False,0.0
speaker_independent,emotion_quadrant,logistic_regression,logreg_coefficient,importance,1,StddevUnvoicedSegmentLength,0.3420252453964544,39,False,0.0
speaker_independent,emotion_quadrant,logistic_regression,logreg_coefficient,importance,1,equivalentSoundLevel_dBp,0.9830695601950122,2,True,1.0
speaker_independent,emotion_quadrant,random_forest,rf_impurity,importance,2,F0semitoneFrom27.5Hz_sma3nz_amean,0.011060376489400102,28,False,0.0
speaker_independent,emotion_quadrant,random_forest,rf_impurity,importance,2,F0semitoneFrom27.5Hz_sma3nz_stddevNorm,0.012297375114044818,19,False,0.2
speaker_independent,emotion_quadrant,random_forest,rf_impurity,importance,2,F0semitoneFrom27.5Hz_sma3nz_percentile20.0,0.011183832078847343,25,False,0.0
speaker_independent,emotion_quadrant,random_forest,rf_impurity,importance,2,F0semitoneFrom27.5Hz_sma3nz_percentile50.0,0.009744340427697819,44,False,0.0
speaker_independent,emotion_quadrant,random_forest,rf_impurity,importance,2,F0semitoneFrom27.5Hz_sma3nz_percentile80.0,0.011028544825358377,29,False,0.0
speaker_independent,emotion_quadrant,random_forest,rf_impurity,importance,2,F0semitoneFrom27.5Hz_sma3nz_pctlrange0-2,0.024548340582087772,5,True,1.0
speaker_independent,emotion_quadrant,random_forest,rf_impurity,importance,2,F0semitoneFrom27.5Hz_sma3nz_meanRisingSlope,0.008244512115769998,66,False,0.0
speaker_independent,emotion_quadrant,random_forest,rf_impurity,importance,2,F0semitoneFrom27.5Hz_sma3nz_stddevRisingSlope,0.010892789408612765,31,False,0.0
speaker_independent,emotion_quadrant,random_forest,rf_impurity,importance,2,F0semitoneFrom27.5Hz_sma3nz_meanFallingSlope,0.009895275046581645,39,False,0.0
speaker_independent,emotion_quadrant,random_forest,rf_impurity,importance,2,F0semitoneFrom27.5Hz_sma3nz_stddevFallingSlope,0.016368423395621827,13,True,0.8
speaker_independent,emotion_quadrant,random_forest,rf_impurity,importance,2,loudness_sma3_amean,0.020683970041073745,8,True,1.0
speaker_independent,emotion_quadrant,random_forest,rf_impurity,importance,2,loudness_sma3_stddevNorm,0.009966940129699469,38,False,0.0
speaker_independent,emotion_quadrant,random_forest,rf_impurity,importance,2,loudness_sma3_percentile20.0,0.009891123135453279,40,False,0.0
speaker_independent,emotion_quadrant,random_forest,rf_impurity,importance,2,loudness_sma3_percentile50.0,0.016180497533046876,14,True,1.0
speaker_independent,emotion_quadrant,random_forest,rf_impurity,importance,2,loudness_sma3_percentile80.0,0.02522248863988914,3,True,1.0
speaker_independent,emotion_quadrant,random_forest,rf_impurity,importance,2,loudness_sma3_pctlrange0-2,0.02494737215757928,4,True,1.0
speaker_independent,emotion_quadrant,random_forest,rf_impurity,importance,2,loudness_sma3_meanRisingSlope,0.020847005625131,7,True,1.0
speaker_independent,emotion_quadrant,random_forest,rf_impurity,importance,2,loudness_sma3_stddevRisingSlope,0.017992584873377543,11,True,0.6
speaker_independent,emotion_quadrant,random_forest,rf_impurity,importance,2,loudness_sma3_meanFallingSlope,0.018502013838897772,10,True,1.0
speaker_independent,emotion_quadrant,random_forest,rf_impurity,importance,2,loudness_sma3_stddevFallingSlope,0.017541767505242285,12,True,0.8
speaker_independent,emotion_quadrant,random_forest,rf_impurity,importance,2,spectralFlux_sma3_amean,0.03245760550602779,2,True,1.0
speaker_independent,emotion_quadrant,random_forest,rf_impurity,importance,2,spectralFlux_sma3_stddevNorm,0.011305600980357034,22,False,0.0
speaker_independent,emotion_quadrant,random_forest,rf_impurity,importance,2,mfcc1_sma3_amean,0.009132670276655137,51,False,0.0
speaker_independent,emotion_quadrant,random_forest,rf_impurity,importance,2,mfcc1_sma3_stddevNorm,0.011173243113499267,27,False,0.0
speaker_independent,emotion_quadrant,random_forest,rf_impurity,importance,2,mfcc2_sma3_amean,0.00911311937370128,52,False,0.0
speaker_independent,emotion_quadrant,random_forest,rf_impurity,importance,2,mfcc2_sma3_stddevNorm,0.006984112894152262,81,False,0.0
speaker_independent,emotion_quadrant,random_forest,rf_impurity,importance,2,mfcc3_sma3_amean,0.007878838577688039,69,False,0.0
speaker_independent,emotion_quadrant,random_forest,rf_impurity,importance,2,mfcc3_sma3_stddevNorm,0.008697987962432895,54,False,0.0
speaker_independent,emotion_quadrant,random_forest,rf_impurity,importance,2,mfcc4_sma3_amean,0.008671339660455636,55,False,0.0
speaker_independent,emotion_quadrant,random_forest,rf_impurity,importance,2,mfcc4_sma3_stddevNorm,0.009400541549729491,49,False,0.0
speaker_independent,emotion_quadrant,random_forest,rf_impurity,importance,2,jitterLocal_sma3nz_amean,0.01987215884110232,9,True,1.0
speaker_independent,emotion_quadrant,random_forest,rf_impurity,importance,2,jitterLocal_sma3nz_stddevNorm,0.006346918561331179,86,False,0.0
speaker_independent,emotion_quadrant,random_forest,rf_impurity,importance,2,shimmerLocaldB_sma3nz_amean,0.0084773906457213,62,False,0.0
speaker_independent,emotion_quadrant,random_forest,rf_impurity,importance,2,shimmerLocaldB_sma3nz_stddevNorm,0.01077226399282027,32,False,0.0
speaker_independent,emotion_quadrant,random_forest,rf_impurity,importance,2,HNRdBACF_sma3nz_amean,0.01337977331498467,18,False,0.4
speaker_independent,emotion_quadrant,random_forest,rf_impurity,importance,2,HNRdBACF_sma3nz_stddevNorm,0.014576076427649956,16,False,0.0
speaker_independent,emotion_quadrant,random_forest,rf_impurity,importance,2,logRelF0-H1-H2_sma3nz_amean,0.0076915108902311565,70,False,0.0
speaker_independent,emotion_quadrant,random_forest,rf_impurity,importance,2,logRelF0-H1-H2_sma3nz_stddevNorm,0.006526243789415417,85,False,0.0
speaker_independent,emotion_quadrant,random_forest,rf_impurity,importance,2,logRelF0-H1-A3_sma3nz_amean,0.010275231447995564,36,False,0.0
speaker_independent,emotion_quadrant,random_forest,rf_impurity,importance,2,logRelF0-H1-A3_sma3nz_stddevNorm,0.009582822924251694,46,False,0.0
speaker_independent,emotion_quadrant,random_forest,rf_impurity,importance,2,F1frequency_sma3nz_amean,0.009806179790166793,42,False,0.0
speaker_independent,emotion_quadrant,random_forest,rf_impurity,importance,2,F1frequency_sma3nz_stddevNorm,0.006686102942129566,83,False,0.0
speaker_independent,emotion_quadrant,random_forest,rf_impurity,importance,2,F1bandwidth_sma3nz_amean,0.009453986096111052,48,False,0.0
speaker_independent,emotion_quadrant,random_forest,rf_impurity,importance,2,F1bandwidth_sma3nz_stddevNorm,0.00920792678935538,50,False,0.0
speaker_independent,emotion_quadrant,random_forest,rf_impurity,importance,2,F1amplitudeLogRelF0_sma3nz_amean,0.007232536395186014,77,False,0.0
speaker_independent,emotion_quadrant,random_forest,rf_impurity,importance,2,F1amplitudeLogRelF0_sma3nz_stddevNorm,0.007088945581294781,79,False,0.0
speaker_independent,emotion_quadrant,random_forest,rf_impurity,importance,2,F2frequency_sma3nz_amean,0.008860963022514354,53,False,0.0
speaker_independent,emotion_quadrant,random_forest,rf_impurity,importance,2,F2frequency_sma3nz_stddevNorm,0.008380927023031578,64,False,0.0
speaker_independent,emotion_quadrant,random_forest,rf_impurity,importance,2,F2bandwidth_sma3nz_amean,0.008262610876676985,65,False,0.0
speaker_independent,emotion_quadrant,random_forest,rf_impurity,importance,2,F2bandwidth_sma3nz_stddevNorm,0.011203544980715201,24,False,0.0
speaker_independent,emotion_quadrant,random_forest,rf_impurity,importance,2,F2amplitudeLogRelF0_sma3nz_amean,0.007375667493080564,75,False,0.0
speaker_independent,emotion_quadrant,random_forest,rf_impurity,importance,2,F2amplitudeLogRelF0_sma3nz_stddevNorm,0.005532642869566648,88,False,0.0
speaker_independent,emotion_quadrant,random_forest,rf_impurity,importance,2,F3frequency_sma3nz_amean,0.008575243992614754,59,False,0.0
speaker_independent,emotion_quadrant,random_forest,rf_impurity,importance,2,F3frequency_sma3nz_stddevNorm,0.011213325083120335,23,False,0.0
speaker_independent,emotion_quadrant,random_forest,rf_impurity,importance,2,F3bandwidth_sma3nz_amean,0.011794453882799517,20,False,0.0
speaker_independent,emotion_quadrant,random_forest,rf_impurity,importance,2,F3bandwidth_sma3nz_stddevNorm,0.008542353206380492,60,False,0.0
speaker_independent,emotion_quadrant,random_forest,rf_impurity,importance,2,F3amplitudeLogRelF0_sma3nz_amean,0.006622116639225767,84,False,0.0
speaker_independent,emotion_quadrant,random_forest,rf_impurity,importance,2,F3amplitudeLogRelF0_sma3nz_stddevNorm,0.006698468583366011,82,False,0.0
speaker_independent,emotion_quadrant,random_forest,rf_impurity,importance,2,alphaRatioV_sma3nz_amean,0.009684973266536452,45,False,0.0
speaker_independent,emotion_quadrant,random_forest,rf_impurity,importance,2,alphaRatioV_sma3nz_stddevNorm,0.010729553665329182,33,False,0.0
speaker_independent,emotion_quadrant,random_forest,rf_impurity,importance,2,hammarbergIndexV_sma3nz_amean,0.010922764787689167,30,False,0.0
speaker_independent,emotion_quadrant,random_forest,rf_impurity,importance,2,hammarbergIndexV_sma3nz_stddevNorm,0.008078474848036478,67,False,0.0
speaker_independent,emotion_quadrant,random_forest,rf_impurity,importance,2,slopeV0-500_sma3nz_amean,0.010233225270380007,37,False,0.0
speaker_independent,emotion_quadrant,random_forest,rf_impurity,importance,2,slopeV0-500_sma3nz_stddevNorm,0.007011712236064436,80,False,0.0
speaker_independent,emotion_quadrant,random_forest,rf_impurity,importance,2,slopeV500-1500_sma3nz_amean,0.015459866853003587,15,True,0.2
speaker_independent,emotion_quadrant,random_forest,rf_impurity,importance,2,slopeV500-1500_sma3nz_stddevNorm,0.00946678475219379,47,False,0.0
speaker_independent,emotion_quadrant,random_forest,rf_impurity,importance,2,spectralFluxV_sma3nz_amean,0.03431899580158642,1,True,1.0
speaker_independent,emotion_quadrant,random_forest,rf_impurity,importance,2,spectralFluxV_sma3nz_stddevNorm,0.010331750082252783,34,False,0.0
speaker_independent,emotion_quadrant,random_forest,rf_impurity,importance,2,mfcc1V_sma3nz_amean,0.009852179125643148,41,False,0.2
speaker_independent,emotion_quadrant,random_forest,rf_impurity,importance,2,mfcc1V_sma3nz_stddevNorm,0.00858976679231552,58,False,0.0
speaker_independent,emotion_quadrant,random_forest,rf_impurity,importance,2,mfcc2V_sma3nz_amean,0.009759013492477521,43,False,0.0
speaker_independent,emotion_quadrant,random_forest,rf_impurity,importance,2,mfcc2V_sma3nz_stddevNorm,0.00754545274818503,72,False,0.0
speaker_independent,emotion_quadrant,random_forest,rf_impurity,importance,2,mfcc3V_sma3nz_amean,0.006343627398186924,87,False,0.0
speaker_independent,emotion_quadrant,random_forest,rf_impurity,importance,2,mfcc3V_sma3nz_stddevNorm,0.008505289997962172,61,False,0.0
speaker_independent,emotion_quadrant,random_forest,rf_impurity,importance,2,mfcc4V_sma3nz_amean,0.010320343299099673,35,False,0.0
speaker_independent,emotion_quadrant,random_forest,rf_impurity,importance,2,mfcc4V_sma3nz_stddevNorm,0.011435602773897812,21,False,0.0
speaker_independent,emotion_quadrant,random_forest,rf_impurity,importance,2,alphaRatioUV_sma3nz_amean,0.007100692369733279,78,False,0.0
speaker_independent,emotion_quadrant,random_forest,rf_impurity,importance,2,hammarbergIndexUV_sma3nz_amean,0.007376062433842351,74,False,0.0
speaker_independent,emotion_quadrant,random_forest,rf_impurity,importance,2,slopeUV0-500_sma3nz_amean,0.007234294054109199,76,False,0.0
speaker_independent,emotion_quadrant,random_forest,rf_impurity,importance,2,slopeUV500-1500_sma3nz_amean,0.008417451586762577,63,False,0.0
speaker_independent,emotion_quadrant,random_forest,rf_impurity,importance,2,spectralFluxUV_sma3nz_amean,0.013533787683611782,17,False,0.8
speaker_independent,emotion_quadrant,random_forest,rf_impurity,importance,2,loudnessPeaksPerSec,0.011174768640562324,26,False,0.0
speaker_independent,emotion_quadrant,random_forest,rf_impurity,importance,2,VoicedSegmentsPerSec,0.007478494276992375,73,False,0.0
speaker_independent,emotion_quadrant,random_forest,rf_impurity,importance,2,MeanVoicedSegmentLengthSec,0.007554829776749743,71,False,0.0
speaker_independent,emotion_quadrant,random_forest,rf_impurity,importance,2,StddevVoicedSegmentLengthSec,0.007996681998134669,68,False,0.0
speaker_independent,emotion_quadrant,random_forest,rf_impurity,importance,2,MeanUnvoicedSegmentLength,0.008633951597703625,56,False,0.0
speaker_independent,emotion_quadrant,random_forest,rf_impurity,importance,2,StddevUnvoicedSegmentLength,0.008592267976187942,57,False,0.0
speaker_independent,emotion_quadrant,random_forest,rf_impurity,importance,2,equivalentSoundLevel_dBp,0.02442432147381897,6,True,1.0
speaker_independent,emotion_quadrant,random_forest,rf_permutation,importance,2,F0semitoneFrom27.5Hz_sma3nz_amean,-0.0032552083333333036,67,False,0.2
speaker_independent,emotion_quadrant,random_forest,rf_permutation,importance,2,F0semitoneFrom27.5Hz_sma3nz_stddevNorm,0.00677083333333337,13,True,0.8
speaker_independent,emotion_quadrant,random_forest,rf_permutation,importance,2,F0semitoneFrom27.5Hz_sma3nz_percentile20.0,-0.006640625,84,False,0.4
speaker_independent,emotion_quadrant,random_forest,rf_permutation,importance,2,F0semitoneFrom27.5Hz_sma3nz_percentile50.0,0.003515625,23,False,0.2
speaker_independent,emotion_quadrant,random_forest,rf_permutation,importance,2,F0semitoneFrom27.5Hz_sma3nz_percentile80.0,0.0018229166666666962,30,False,0.2
speaker_independent,emotion_quadrant,random_forest,rf_permutation,importance,2,F0semitoneFrom27.5Hz_sma3nz_pctlrange0-2,0.02513020833333336,1,True,0.8
speaker_independent,emotion_quadrant,random_forest,rf_permutation,importance,2,F0semitoneFrom27.5Hz_sma3nz_meanRisingSlope,-0.002473958333333326,64,False,0.2
speaker_independent,emotion_quadrant,random_forest,rf_permutation,importance,2,F0semitoneFrom27.5Hz_sma3nz_stddevRisingSlope,-0.002604166666666641,65,False,0.2
speaker_independent,emotion_quadrant,random_forest,rf_permutation,importance,2,F0semitoneFrom27.5Hz_sma3nz_meanFallingSlope,0.0013020833333334037,35,False,0.2
speaker_independent,emotion_quadrant,random_forest,rf_permutation,importance,2,F0semitoneFrom27.5Hz_sma3nz_stddevFallingSlope,0.013932291666666697,4,True,0.6
speaker_independent,emotion_quadrant,random_forest,rf_permutation,importance,2,loudness_sma3_amean,0.0044270833333333705,20,False,0.4
speaker_independent,emotion_quadrant,random_forest,rf_permutation,importance,2,loudness_sma3_stddevNorm,-0.003385416666666663,69,False,0.4
speaker_independent,emotion_quadrant,random_forest,rf_permutation,importance,2,loudness_sma3_percentile20.0,0.0024739583333333705,29,False,0.2
speaker_independent,emotion_quadrant,random_forest,rf_permutation,importance,2,loudness_sma3_percentile50.0,0.0028645833333333704,27,False,0.2
speaker_independent,emotion_quadrant,random_forest,rf_permutation,importance,2,loudness_sma3_percentile80.0,0.0033854166666667297,24,False,0.2
speaker_independent,emotion_quadrant,random_forest,rf_permutation,importance,2,loudness_sma3_pctlrange0-2,0.00846354166666674,9,True,0.4
speaker_independent,emotion_quadrant,random_forest,rf_permutation,importance,2,loudness_sma3_meanRisingSlope,-0.0019531249999999445,61,False,0.2
speaker_independent,emotion_quadrant,random_forest,rf_permutation,importance,2,loudness_sma3_stddevRisingSlope,-0.005078124999999966,78,False,0.2
speaker_independent,emotion_quadrant,random_forest,rf_permutation,importance,2,loudness_sma3_meanFallingSlope,0.013802083333333371,5,True,0.6
speaker_independent,emotion_quadrant,random_forest,rf_permutation,importance,2,loudness_sma3_stddevFallingSlope,-0.004296874999999945,75,False,0.2
speaker_independent,emotion_quadrant,random_forest,rf_permutation,importance,2,spectralFlux_sma3_amean,5.551115123125783e-17,46,False,0.2
speaker_independent,emotion_quadrant,random_forest,rf_permutation,importance,2,spectralFlux_sma3_stddevNorm,3.3306690738754695e-17,47,False,0.0
speaker_independent,emotion_quadrant,random_forest,rf_permutation,importance,2,mfcc1_sma3_amean,-0.0046875,77,False,0.4
speaker_independent,emotion_quadrant,random_forest,rf_permutation,importance,2,mfcc1_sma3_stddevNorm,0.003906250000000011,21,False,0.4
speaker_independent,emotion_quadrant,random_forest,rf_permutation,importance,2,mfcc2_sma3_amean,0.0,48,False,0.0
speaker_independent,emotion_quadrant,random_forest,rf_permutation,importance,2,mfcc2_sma3_stddevNorm,-0.001041666666666652,54,False,0.0
speaker_independent,emotion_quadrant,random_forest,rf_permutation,importance,2,mfcc3_sma3_amean,0.0013020833333333482,37,False,0.2
speaker_independent,emotion_quadrant,random_forest,rf_permutation,importance,2,mfcc3_sma3_stddevNorm,0.00026041666666669626,45,False,0.0
speaker_independent,emotion_quadrant,random_forest,rf_permutation,importance,2,mfcc4_sma3_amean,-0.0015624999999999778,59,False,0.0
speaker_independent,emotion_quadrant,random_forest,rf_permutation,importance,2,mfcc4_sma3_stddevNorm,0.00078125,41,False,0.0
speaker_independent,emotion_quadrant,random_forest,rf_permutation,importance,2,jitterLocal_sma3nz_amean,0.02057291666666673,2,True,0.8
speaker_independent,emotion_quadrant,random_forest,rf_permutation,importance,2,jitterLocal_sma3nz_stddevNorm,0.00078125,41,False,0.2
speaker_independent,emotion_quadrant,random_forest,rf_permutation,importance,2,shimmerLocaldB_sma3nz_amean,0.005859375000000044,16,False,0.0
speaker_independent,emotion_quadrant,random_forest,rf_permutation,importance,2,shimmerLocaldB_sma3nz_stddevNorm,0.006510416666666674,14,True,0.2
speaker_independent,emotion_quadrant,random_forest,rf_permutation,importance,2,HNRdBACF_sma3nz_amean,0.004687500000000055,19,False,0.2
speaker_independent,emotion_quadrant,random_forest,rf_permutation,importance,2,HNRdBACF_sma3nz_stddevNorm,0.01679687500000001,3,True,0.2
speaker_independent,emotion_quadrant,random_forest,rf_permutation,importance,2,logRelF0-H1-H2_sma3nz_amean,-0.005078125,79,False,0.0
speaker_independent,emotion_quadrant,random_forest,rf_permutation,importance,2,logRelF0-H1-H2_sma3nz_stddevNorm,0.0015625000000000443,31,False,0.0
speaker_independent,emotion_quadrant,random_forest,rf_permutation,importance,2,logRelF0-H1-A3_sma3nz_amean,0.002994791666666685,26,False,0.0
speaker_independent,emotion_quadrant,random_forest,rf_permutation,importance,2,logRelF0-H1-A3_sma3nz_stddevNorm,-0.007291666666666652,85,False,0.0
speaker_independent,emotion_quadrant,random_forest,rf_permutation,importance,2,F1frequency_sma3nz_amean,-0.003255208333333326,68,False,0.2
speaker_independent,emotion_quadrant,random_forest,rf_permutation,importance,2,F1frequency_sma3nz_stddevNorm,-0.0015625,60,False,0.0
speaker_independent,emotion_quadrant,random_forest,rf_permutation,importance,2,F1bandwidth_sma3nz_amean,-0.001953125,62,False,0.2
speaker_independent,emotion_quadrant,random_forest,rf_permutation,importance,2,F1bandwidth_sma3nz_stddevNorm,0.008723958333333382,8,True,0.2
speaker_independent,emotion_quadrant,random_forest,rf_permutation,importance,2,F1amplitudeLogRelF0_sma3nz_amean,0.006901041666666674,12,True,0.2
speaker_independent,emotion_quadrant,random_forest,rf_permutation,importance,2,F1amplitudeLogRelF0_sma3nz_stddevNorm,-0.00078125,53,False,0.0
speaker_independent,emotion_quadrant,random_forest,rf_permutation,importance,2,F2frequency_sma3nz_amean,0.0015625,33,False,0.0
speaker_independent,emotion_quadrant,random_forest,rf_permutation,importance,2,F2frequency_sma3nz_stddevNorm,-0.003776041666666652,72,False,0.0
speaker_independent,emotion_quadrant,random_forest,rf_permutation,importance,2,F2bandwidth_sma3nz_amean,-0.005078125,79,False,0.0
speaker_independent,emotion_quadrant,random_forest,rf_permutation,importance,2,F2bandwidth_sma3nz_stddevNorm,-0.00625,83,False,0.0
speaker_independent,emotion_quadrant,random_forest,rf_permutation,importance,2,F2amplitudeLogRelF0_sma3nz_amean,0.001171875,39,False,0.0
speaker_independent,emotion_quadrant,random_forest,rf_permutation,importance,2,F2amplitudeLogRelF0_sma3nz_stddevNorm,0.0,48,False,0.0
speaker_independent,emotion_quadrant,random_forest,rf_permutation,importance,2,F3frequency_sma3nz_amean,-0.00390625,73,False,0.0
speaker_independent,emotion_quadrant,random_forest,rf_permutation,importance,2,F3frequency_sma3nz_stddevNorm,-0.0006510416666666297,51,False,0.0
speaker_independent,emotion_quadrant,random_forest,rf_permutation,importance,2,F3bandwidth_sma3nz_amean,-0.00390625,73,False,0.0
speaker_independent,emotion_quadrant,random_forest,rf_permutation,importance,2,F3bandwidth_sma3nz_stddevNorm,0.0015625000000000443,31,False,0.0
speaker_independent,emotion_quadrant,random_forest,rf_permutation,importance,2,F3amplitudeLogRelF0_sma3nz_amean,0.00546875,18,False,0.2
speaker_independent,emotion_quadrant,random_forest,rf_permutation,importance,2,F3amplitudeLogRelF0_sma3nz_stddevNorm,0.007421875,11,True,0.2
speaker_independent,emotion_quadrant,random_forest,rf_permutation,importance,2,alphaRatioV_sma3nz_amean,-0.0013020833333333038,57,False,0.0
speaker_independent,emotion_quadrant,random_forest,rf_permutation,importance,2,alphaRatioV_sma3nz_stddevNorm,0.0054687500000000664,17,False,0.0
speaker_independent,emotion_quadrant,random_forest,rf_permutation,importance,2,hammarbergIndexV_sma3nz_amean,0.0033854166666667075,25,False,0.0
speaker_independent,emotion_quadrant,random_forest,rf_permutation,importance,2,hammarbergIndexV_sma3nz_stddevNorm,0.0003906250000000222,44,False,0.0
speaker_independent,emotion_quadrant,random_forest,rf_permutation,importance,2,slopeV0-500_sma3nz_amean,-0.01015625,87,False,0.4
speaker_independent,emotion_quadrant,random_forest,rf_permutation,importance,2,slopeV0-500_sma3nz_stddevNorm,-0.000390625,50,False,0.2
speaker_independent,emotion_quadrant,random_forest,rf_permutation,importance,2,slopeV500-1500_sma3nz_amean,0.0028645833333333704,27,False,0.0
speaker_independent,emotion_quadrant,random_forest,rf_permutation,importance,2,slopeV500-1500_sma3nz_stddevNorm,0.00390625,22,False,0.0
speaker_independent,emotion_quadrant,random_forest,rf_permutation,importance,2,spectralFluxV_sma3nz_amean,-0.01341145833333326,88,False,0.6
speaker_independent,emotion_quadrant,random_forest,rf_permutation,importance,2,spectralFluxV_sma3nz_stddevNorm,-0.003645833333333326,71,False,0.4
speaker_independent,emotion_quadrant,random_forest,rf_permutation,importance,2,mfcc1V_sma3nz_amean,0.0009114583333333481,40,False,0.0
speaker_independent,emotion_quadrant,random_forest,rf_permutation,importance,2,mfcc1V_sma3nz_stddevNorm,-0.003515625,70,False,0.4
speaker_independent,emotion_quadrant,random_forest,rf_permutation,importance,2,mfcc2V_sma3nz_amean,-0.003125,66,False,0.0
speaker_independent,emotion_quadrant,random_forest,rf_permutation,importance,2,mfcc2V_sma3nz_stddevNorm,-0.001171875,56,False,0.0
speaker_independent,emotion_quadrant,random_forest,rf_permutation,importance,2,mfcc3V_sma3nz_amean,-0.005468749999999978,81,False,0.2
speaker_independent,emotion_quadrant,random_forest,rf_permutation,importance,2,mfcc3V_sma3nz_stddevNorm,-0.004296875,76,False,0.2
speaker_independent,emotion_quadrant,random_forest,rf_permutation,importance,2,mfcc4V_sma3nz_amean,-0.0023437499999999557,63,False,0.0
speaker_independent,emotion_quadrant,random_forest,rf_permutation,importance,2,mfcc4V_sma3nz_stddevNorm,-0.0013020833333333259,58,False,0.0
speaker_independent,emotion_quadrant,random_forest,rf_permutation,importance,2,alphaRatioUV_sma3nz_amean,-0.0011718749999999444,55,False,0.0
speaker_independent,emotion_quadrant,random_forest,rf_permutation,importance,2,hammarbergIndexUV_sma3nz_amean,-0.0078125,86,False,0.2
speaker_independent,emotion_quadrant,random_forest,rf_permutation,importance,2,slopeUV0-500_sma3nz_amean,0.0011718750000000223,38,False,0.0
speaker_independent,emotion_quadrant,random_forest,rf_permutation,importance,2,slopeUV500-1500_sma3nz_amean,0.0013020833333333703,36,False,0.0
speaker_independent,emotion_quadrant,random_forest,rf_permutation,importance,2,spectralFluxUV_sma3nz_amean,0.0005208333333333703,43,False,0.2
speaker_independent,emotion_quadrant,random_forest,rf_permutation,importance,2,loudnessPeaksPerSec,-0.0062499999999999665,82,False,0.0
speaker_independent,emotion_quadrant,random_forest,rf_permutation,importance,2,VoicedSegmentsPerSec,0.0014322916666666742,34,False,0.0
speaker_independent,emotion_quadrant,random_forest,rf_permutation,importance,2,MeanVoicedSegmentLengthSec,0.012239583333333337,6,True,0.2
speaker_independent,emotion_quadrant,random_forest,rf_permutation,importance,2,StddevVoicedSegmentLengthSec,0.009505208333333359,7,True,0.4
speaker_independent,emotion_quadrant,random_forest,rf_permutation,importance,2,MeanUnvoicedSegmentLength,0.006380208333333382,15,True,0.4
speaker_independent,emotion_quadrant,random_forest,rf_permutation,importance,2,StddevUnvoicedSegmentLength,-0.0007812499999999778,52,False,0.0
speaker_independent,emotion_quadrant,random_forest,rf_permutation,importance,2,equivalentSoundLevel_dBp,0.008333333333333392,10,True,0.4
speaker_independent,emotion_quadrant,logistic_regression,logreg_coefficient,importance,2,F0semitoneFrom27.5Hz_sma3nz_amean,0.3095365650552667,41,False,0.2
speaker_independent,emotion_quadrant,logistic_regression,logreg_coefficient,importance,2,F0semitoneFrom27.5Hz_sma3nz_stddevNorm,0.19822747835119103,69,False,0.0
speaker_independent,emotion_quadrant,logistic_regression,logreg_coefficient,importance,2,F0semitoneFrom27.5Hz_sma3nz_percentile20.0,0.2901323058763548,43,False,0.2
speaker_independent,emotion_quadrant,logistic_regression,logreg_coefficient,importance,2,F0semitoneFrom27.5Hz_sma3nz_percentile50.0,0.6098169214641643,11,True,0.8
speaker_independent,emotion_quadrant,logistic_regression,logreg_coefficient,importance,2,F0semitoneFrom27.5Hz_sma3nz_percentile80.0,0.2633242537421435,51,False,0.0
speaker_independent,emotion_quadrant,logistic_regression,logreg_coefficient,importance,2,F0semitoneFrom27.5Hz_sma3nz_pctlrange0-2,0.4805444067955875,23,False,0.0
speaker_independent,emotion_quadrant,logistic_regression,logreg_coefficient,importance,2,F0semitoneFrom27.5Hz_sma3nz_meanRisingSlope,0.26687305527623584,50,False,0.0
speaker_independent,emotion_quadrant,logistic_regression,logreg_coefficient,importance,2,F0semitoneFrom27.5Hz_sma3nz_stddevRisingSlope,0.14968821865740706,75,False,0.0
speaker_independent,emotion_quadrant,logistic_regression,logreg_coefficient,importance,2,F0semitoneFrom27.5Hz_sma3nz_meanFallingSlope,0.1511226614061884,74,False,0.0
speaker_independent,emotion_quadrant,logistic_regression,logreg_coefficient,importance,2,F0semitoneFrom27.5Hz_sma3nz_stddevFallingSlope,0.4617723382310994,25,False,0.6
speaker_independent,emotion_quadrant,logistic_regression,logreg_coefficient,importance,2,loudness_sma3_amean,0.6131014316413583,10,True,0.2
speaker_independent,emotion_quadrant,logistic_regression,logreg_coefficient,importance,2,loudness_sma3_stddevNorm,0.3115773811821774,40,False,0.0
speaker_independent,emotion_quadrant,logistic_regression,logreg_coefficient,importance,2,loudness_sma3_percentile20.0,0.5652210063104275,15,True,0.2
speaker_independent,emotion_quadrant,logistic_regression,logreg_coefficient,importance,2,loudness_sma3_percentile50.0,0.5944579144032163,12,True,0.8
speaker_independent,emotion_quadrant,logistic_regression,logreg_coefficient,importance,2,loudness_sma3_percentile80.0,0.4302079682657879,28,False,0.0
speaker_independent,emotion_quadrant,logistic_regression,logreg_coefficient,importance,2,loudness_sma3_pctlrange0-2,0.4468014624523575,26,False,0.2
speaker_independent,emotion_quadrant,logistic_regression,logreg_coefficient,importance,2,loudness_sma3_meanRisingSlope,0.691899993722252,8,True,1.0
speaker_independent,emotion_quadrant,logistic_regression,logreg_coefficient,importance,2,loudness_sma3_stddevRisingSlope,0.1698613433629656,71,False,0.0
speaker_independent,emotion_quadrant,logistic_regression,logreg_coefficient,importance,2,loudness_sma3_meanFallingSlope,0.4087286846716006,32,False,0.0
speaker_independent,emotion_quadrant,logistic_regression,logreg_coefficient,importance,2,loudness_sma3_stddevFallingSlope,0.2829400212943541,46,False,0.0
speaker_independent,emotion_quadrant,logistic_regression,logreg_coefficient,importance,2,spectralFlux_sma3_amean,0.20475807237109434,67,False,0.0
speaker_independent,emotion_quadrant,logistic_regression,logreg_coefficient,importance,2,spectralFlux_sma3_stddevNorm,0.13159119116784943,79,False,0.2
speaker_independent,emotion_quadrant,logistic_regression,logreg_coefficient,importance,2,mfcc1_sma3_amean,0.21148181180422776,66,False,0.0
speaker_independent,emotion_quadrant,logistic_regression,logreg_coefficient,importance,2,mfcc1_sma3_stddevNorm,0.4141572346355299,30,False,0.2
speaker_independent,emotion_quadrant,logistic_regression,logreg_coefficient,importance,2,mfcc2_sma3_amean,0.5790646282410129,14,True,0.2
speaker_independent,emotion_quadrant,logistic_regression,logreg_coefficient,importance,2,mfcc2_sma3_stddevNorm,0.2632382645571698,52,False,0.0
speaker_independent,emotion_quadrant,logistic_regression,logreg_coefficient,importance,2,mfcc3_sma3_amean,0.7348766796148143,6,True,0.8
speaker_independent,emotion_quadrant,logistic_regression,logreg_coefficient,importance,2,mfcc3_sma3_stddevNorm,0.14369265398609773,77,False,0.0
speaker_independent,emotion_quadrant,logistic_regression,logreg_coefficient,importance,2,mfcc4_sma3_amean,0.4091635268765008,31,False,0.0
speaker_independent,emotion_quadrant,logistic_regression,logreg_coefficient,importance,2,mfcc4_sma3_stddevNorm,0.2790697266719492,47,False,0.0
speaker_independent,emotion_quadrant,logistic_regression,logreg_coefficient,importance,2,jitterLocal_sma3nz_amean,0.38759834249269487,34,False,0.0
speaker_independent,emotion_quadrant,logistic_regression,logreg_coefficient,importance,2,jitterLocal_sma3nz_stddevNorm,0.17239524798594175,70,False,0.0
speaker_independent,emotion_quadrant,logistic_regression,logreg_coefficient,importance,2,shimmerLocaldB_sma3nz_amean,0.24915783007288306,58,False,0.0
speaker_independent,emotion_quadrant,logistic_regression,logreg_coefficient,importance,2,shimmerLocaldB_sma3nz_stddevNorm,0.13571199784142735,78,False,0.0
speaker_independent,emotion_quadrant,logistic_regression,logreg_coefficient,importance,2,HNRdBACF_sma3nz_amean,0.9359012431225311,1,True,1.0
speaker_independent,emotion_quadrant,logistic_regression,logreg_coefficient,importance,2,HNRdBACF_sma3nz_stddevNorm,0.2419718104976214,60,False,0.0
speaker_independent,emotion_quadrant,logistic_regression,logreg_coefficient,importance,2,logRelF0-H1-H2_sma3nz_amean,0.1255001801875392,80,False,0.0
speaker_independent,emotion_quadrant,logistic_regression,logreg_coefficient,importance,2,logRelF0-H1-H2_sma3nz_stddevNorm,0.035404472278600704,88,False,0.0
speaker_independent,emotion_quadrant,logistic_regression,logreg_coefficient,importance,2,logRelF0-H1-A3_sma3nz_amean,0.34983363728403116,37,False,0.4
speaker_independent,emotion_quadrant,logistic_regression,logreg_coefficient,importance,2,logRelF0-H1-A3_sma3nz_stddevNorm,0.2561667251663047,56,False,0.0
speaker_independent,emotion_quadrant,logistic_regression,logreg_coefficient,importance,2,F1frequency_sma3nz_amean,0.5874079164331553,13,True,0.8
speaker_independent,emotion_quadrant,logistic_regression,logreg_coefficient,importance,2,F1frequency_sma3nz_stddevNorm,0.23561218082499658,62,False,0.0
speaker_independent,emotion_quadrant,logistic_regression,logreg_coefficient,importance,2,F1bandwidth_sma3nz_amean,0.2910970689111612,42,False,0.0
speaker_independent,emotion_quadrant,logistic_regression,logreg_coefficient,importance,2,F1bandwidth_sma3nz_stddevNorm,0.3228268598967047,39,False,0.0
speaker_independent,emotion_quadrant,logistic_regression,logreg_coefficient,importance,2,F1amplitudeLogRelF0_sma3nz_amean,0.8792249179537985,2,True,1.0
speaker_independent,emotion_quadrant,logistic_regression,logreg_coefficient,importance,2,F1amplitudeLogRelF0_sma3nz_stddevNorm,0.4770928197943959,24,False,0.2
speaker_independent,emotion_quadrant,logistic_regression,logreg_coefficient,importance,2,F2frequency_sma3nz_amean,0.5036502010955766,21,False,0.2
speaker_independent,emotion_quadrant,logistic_regression,logreg_coefficient,importance,2,F2frequency_sma3nz_stddevNorm,0.23484591791669593,63,False,0.0
speaker_independent,emotion_quadrant,logistic_regression,logreg_coefficient,importance,2,F2bandwidth_sma3nz_amean,0.0625830441607305,84,False,0.0
speaker_independent,emotion_quadrant,logistic_regression,logreg_coefficient,importance,2,F2bandwidth_sma3nz_stddevNorm,0.15278278445053656,73,False,0.0
speaker_independent,emotion_quadrant,logistic_regression,logreg_coefficient,importance,2,F2amplitudeLogRelF0_sma3nz_amean,0.3489764917331872,38,False,0.2
speaker_independent,emotion_quadrant,logistic_regression,logreg_coefficient,importance,2,F2amplitudeLogRelF0_sma3nz_stddevNorm,0.43024579595309415,27,False,0.0
speaker_independent,emotion_quadrant,logistic_regression,logreg_coefficient,importance,2,F3frequency_sma3nz_amean,0.694241904067608,7,True,0.8
speaker_independent,emotion_quadrant,logistic_regression,logreg_coefficient,importance,2,F3frequency_sma3nz_stddevNorm,0.2007988299005617,68,False,0.0
speaker_independent,emotion_quadrant,logistic_regression,logreg_coefficient,importance,2,F3bandwidth_sma3nz_amean,0.11583212296909186,81,False,0.0
speaker_independent,emotion_quadrant,logistic_regression,logreg_coefficient,importance,2,F3bandwidth_sma3nz_stddevNorm,0.24604703190380162,59,False,0.0
speaker_independent,emotion_quadrant,logistic_regression,logreg_coefficient,importance,2,F3amplitudeLogRelF0_sma3nz_amean,0.27279052466295156,49,False,0.0
speaker_independent,emotion_quadrant,logistic_regression,logreg_coefficient,importance,2,F3amplitudeLogRelF0_sma3nz_stddevNorm,0.28799349540888347,44,False,0.4
speaker_independent,emotion_quadrant,logistic_regression,logreg_coefficient,importance,2,alphaRatioV_sma3nz_amean,0.5345041786185943,18,False,0.4
speaker_independent,emotion_quadrant,logistic_regression,logreg_coefficient,importance,2,alphaRatioV_sma3nz_stddevNorm,0.061530592641497926,85,False,0.0
speaker_independent,emotion_quadrant,logistic_regression,logreg_coefficient,importance,2,hammarbergIndexV_sma3nz_amean,0.36802120903038654,35,False,0.2
speaker_independent,emotion_quadrant,logistic_regression,logreg_coefficient,importance,2,hammarbergIndexV_sma3nz_stddevNorm,0.27339171209479435,48,False,0.0
speaker_independent,emotion_quadrant,logistic_regression,logreg_coefficient,importance,2,slopeV0-500_sma3nz_amean,0.5634200755008876,16,False,0.0
speaker_independent,emotion_quadrant,logistic_regression,logreg_coefficient,importance,2,slopeV0-500_sma3nz_stddevNorm,0.04281670050083635,87,False,0.0
speaker_independent,emotion_quadrant,logistic_regression,logreg_coefficient,importance,2,slopeV500-1500_sma3nz_amean,0.5246376897034098,20,False,0.0
speaker_independent,emotion_quadrant,logistic_regression,logreg_coefficient,importance,2,slopeV500-1500_sma3nz_stddevNorm,0.5408883499081293,17,False,0.0
speaker_independent,emotion_quadrant,logistic_regression,logreg_coefficient,importance,2,spectralFluxV_sma3nz_amean,0.2515597581989968,57,False,0.0
speaker_independent,emotion_quadrant,logistic_regression,logreg_coefficient,importance,2,spectralFluxV_sma3nz_stddevNorm,0.34998950810714907,36,False,0.0
speaker_independent,emotion_quadrant,logistic_regression,logreg_coefficient,importance,2,mfcc1V_sma3nz_amean,0.5298744086547923,19,False,0.0
speaker_independent,emotion_quadrant,logistic_regression,logreg_coefficient,importance,2,mfcc1V_sma3nz_stddevNorm,0.07002802585068955,83,False,0.0
speaker_independent,emotion_quadrant,logistic_regression,logreg_coefficient,importance,2,mfcc2V_sma3nz_amean,0.7704908428187673,4,True,0.6
speaker_independent,emotion_quadrant,logistic_regression,logreg_coefficient,importance,2,mfcc2V_sma3nz_stddevNorm,0.06142196020586263,86,False,0.0
speaker_independent,emotion_quadrant,logistic_regression,logreg_coefficient,importance,2,mfcc3V_sma3nz_amean,0.2195556134684087,65,False,0.0
speaker_independent,emotion_quadrant,logistic_regression,logreg_coefficient,importance,2,mfcc3V_sma3nz_stddevNorm,0.22742835325018063,64,False,0.0
speaker_independent,emotion_quadrant,logistic_regression,logreg_coefficient,importance,2,mfcc4V_sma3nz_amean,0.4266252135371289,29,False,0.0
speaker_independent,emotion_quadrant,logistic_regression,logreg_coefficient,importance,2,mfcc4V_sma3nz_stddevNorm,0.0707166635192733,82,False,0.0
speaker_independent,emotion_quadrant,logistic_regression,logreg_coefficient,importance,2,alphaRatioUV_sma3nz_amean,0.772645983153178,3,True,1.0
speaker_independent,emotion_quadrant,logistic_regression,logreg_coefficient,importance,2,hammarbergIndexUV_sma3nz_amean,0.762136727302235,5,True,1.0
speaker_independent,emotion_quadrant,logistic_regression,logreg_coefficient,importance,2,slopeUV0-500_sma3nz_amean,0.15783807610545228,72,False,0.0
speaker_independent,emotion_quadrant,logistic_regression,logreg_coefficient,importance,2,slopeUV500-1500_sma3nz_amean,0.38979245786817296,33,False,0.0
speaker_independent,emotion_quadrant,logistic_regression,logreg_coefficient,importance,2,spectralFluxUV_sma3nz_amean,0.26154677730217124,54,False,0.2
speaker_independent,emotion_quadrant,logistic_regression,logreg_coefficient,importance,2,loudnessPeaksPerSec,0.2611665920019659,55,False,0.0
speaker_independent,emotion_quadrant,logistic_regression,logreg_coefficient,importance,2,VoicedSegmentsPerSec,0.26269769928332687,53,False,0.0
speaker_independent,emotion_quadrant,logistic_regression,logreg_coefficient,importance,2,MeanVoicedSegmentLengthSec,0.2418630891777917,61,False,0.0
speaker_independent,emotion_quadrant,logistic_regression,logreg_coefficient,importance,2,StddevVoicedSegmentLengthSec,0.14604940100853125,76,False,0.0
speaker_independent,emotion_quadrant,logistic_regression,logreg_coefficient,importance,2,MeanUnvoicedSegmentLength,0.2859116544708434,45,False,0.0
speaker_independent,emotion_quadrant,logistic_regression,logreg_coefficient,importance,2,StddevUnvoicedSegmentLength,0.48238747337347354,22,False,0.0
speaker_independent,emotion_quadrant,logistic_regression,logreg_coefficient,importance,2,equivalentSoundLevel_dBp,0.6840135010132051,9,True,1.0
speaker_independent,emotion_quadrant,random_forest,rf_impurity,importance,3,F0semitoneFrom27.5Hz_sma3nz_amean,0.008577947371603752,55,False,0.0
speaker_independent,emotion_quadrant,random_forest,rf_impurity,importance,3,F0semitoneFrom27.5Hz_sma3nz_stddevNorm,0.014039360817593298,18,False,0.2
speaker_independent,emotion_quadrant,random_forest,rf_impurity,importance,3,F0semitoneFrom27.5Hz_sma3nz_percentile20.0,0.009958685254188384,35,False,0.0
speaker_independent,emotion_quadrant,random_forest,rf_impurity,importance,3,F0semitoneFrom27.5Hz_sma3nz_percentile50.0,0.007944883104854757,65,False,0.0
speaker_independent,emotion_quadrant,random_forest,rf_impurity,importance,3,F0semitoneFrom27.5Hz_sma3nz_percentile80.0,0.008595288813273155,54,False,0.0
speaker_independent,emotion_quadrant,random_forest,rf_impurity,importance,3,F0semitoneFrom27.5Hz_sma3nz_pctlrange0-2,0.02087697169422917,8,True,1.0
speaker_independent,emotion_quadrant,random_forest,rf_impurity,importance,3,F0semitoneFrom27.5Hz_sma3nz_meanRisingSlope,0.009591533932693522,42,False,0.0
speaker_independent,emotion_quadrant,random_forest,rf_impurity,importance,3,F0semitoneFrom27.5Hz_sma3nz_stddevRisingSlope,0.008280306083165176,61,False,0.0
speaker_independent,emotion_quadrant,random_forest,rf_impurity,importance,3,F0semitoneFrom27.5Hz_sma3nz_meanFallingSlope,0.011912821501182133,25,False,0.0
speaker_independent,emotion_quadrant,random_forest,rf_impurity,importance,3,F0semitoneFrom27.5Hz_sma3nz_stddevFallingSlope,0.020957904537793764,7,True,0.8
speaker_independent,emotion_quadrant,random_forest,rf_impurity,importance,3,loudness_sma3_amean,0.017572349284089326,10,True,1.0
speaker_independent,emotion_quadrant,random_forest,rf_impurity,importance,3,loudness_sma3_stddevNorm,0.008062784494175213,64,False,0.0
speaker_independent,emotion_quadrant,random_forest,rf_impurity,importance,3,loudness_sma3_percentile20.0,0.007222852922029733,82,False,0.0
speaker_independent,emotion_quadrant,random_forest,rf_impurity,importance,3,loudness_sma3_percentile50.0,0.016763563975005034,13,True,1.0
speaker_independent,emotion_quadrant,random_forest,rf_impurity,importance,3,loudness_sma3_percentile80.0,0.024194399972832365,5,True,1.0
speaker_independent,emotion_quadrant,random_forest,rf_impurity,importance,3,loudness_sma3_pctlrange0-2,0.024218067865987576,4,True,1.0
speaker_independent,emotion_quadrant,random_forest,rf_impurity,importance,3,loudness_sma3_meanRisingSlope,0.017286098087709888,12,True,1.0
speaker_independent,emotion_quadrant,random_forest,rf_impurity,importance,3,loudness_sma3_stddevRisingSlope,0.016216026578839433,15,True,0.6
speaker_independent,emotion_quadrant,random_forest,rf_impurity,importance,3,loudness_sma3_meanFallingSlope,0.017551778559955152,11,True,1.0
speaker_independent,emotion_quadrant,random_forest,rf_impurity,importance,3,loudness_sma3_stddevFallingSlope,0.014957522001275104,17,False,0.8
speaker_independent,emotion_quadrant,random_forest,rf_impurity,importance,3,spectralFlux_sma3_amean,0.02489813744443952,3,True,1.0
speaker_independent,emotion_quadrant,random_forest,rf_impurity,importance,3,spectralFlux_sma3_stddevNorm,0.009914653015293902,37,False,0.0
speaker_independent,emotion_quadrant,random_forest,rf_impurity,importance,3,mfcc1_sma3_amean,0.009250602878995361,46,False,0.0
speaker_independent,emotion_quadrant,random_forest,rf_impurity,importance,3,mfcc1_sma3_stddevNorm,0.009944529175191716,36,False,0.0
speaker_independent,emotion_quadrant,random_forest,rf_impurity,importance,3,mfcc2_sma3_amean,0.009465768128516157,44,False,0.0
speaker_independent,emotion_quadrant,random_forest,rf_impurity,importance,3,mfcc2_sma3_stddevNorm,0.007014948717930784,84,False,0.0
speaker_independent,emotion_quadrant,random_forest,rf_impurity,importance,3,mfcc3_sma3_amean,0.007528821873065006,78,False,0.0
speaker_independent,emotion_quadrant,random_forest,rf_impurity,importance,3,mfcc3_sma3_stddevNorm,0.00854098528102601,57,False,0.0
speaker_independent,emotion_quadrant,random_forest,rf_impurity,importance,3,mfcc4_sma3_amean,0.0061641000599875545,87,False,0.0
speaker_independent,emotion_quadrant,random_forest,rf_impurity,importance,3,mfcc4_sma3_stddevNorm,0.00936329288871567,45,False,0.0
speaker_independent,emotion_quadrant,random_forest,rf_impurity,importance,3,jitterLocal_sma3nz_amean,0.02950389416153881,2,True,1.0
speaker_independent,emotion_quadrant,random_forest,rf_impurity,importance,3,jitterLocal_sma3nz_stddevNorm,0.009225128807670551,47,False,0.0
speaker_independent,emotion_quadrant,random_forest,rf_impurity,importance,3,shimmerLocaldB_sma3nz_amean,0.011093542535260924,29,False,0.0
speaker_independent,emotion_quadrant,random_forest,rf_impurity,importance,3,shimmerLocaldB_sma3nz_stddevNorm,0.013724274402562697,19,False,0.0
speaker_independent,emotion_quadrant,random_forest,rf_impurity,importance,3,HNRdBACF_sma3nz_amean,0.01644377349929682,14,True,0.4
speaker_independent,emotion_quadrant,random_forest,rf_impurity,importance,3,HNRdBACF_sma3nz_stddevNorm,0.013544796766758158,21,False,0.0
speaker_independent,emotion_quadrant,random_forest,rf_impurity,importance,3,logRelF0-H1-H2_sma3nz_amean,0.007784831040631477,71,False,0.0
speaker_independent,emotion_quadrant,random_forest,rf_impurity,importance,3,logRelF0-H1-H2_sma3nz_stddevNorm,0.007520793994607177,80,False,0.0
speaker_independent,emotion_quadrant,random_forest,rf_impurity,importance,3,logRelF0-H1-A3_sma3nz_amean,0.01329781061179923,22,False,0.0
speaker_independent,emotion_quadrant,random_forest,rf_impurity,importance,3,logRelF0-H1-A3_sma3nz_stddevNorm,0.0066357413427659715,85,False,0.0
speaker_independent,emotion_quadrant,random_forest,rf_impurity,importance,3,F1frequency_sma3nz_amean,0.010575171967828867,30,False,0.0
speaker_independent,emotion_quadrant,random_forest,rf_impurity,importance,3,F1frequency_sma3nz_stddevNorm,0.007615736208443752,75,False,0.0
speaker_independent,emotion_quadrant,random_forest,rf_impurity,importance,3,F1bandwidth_sma3nz_amean,0.007615776356490606,74,False,0.0
speaker_independent,emotion_quadrant,random_forest,rf_impurity,importance,3,F1bandwidth_sma3nz_stddevNorm,0.012027758249407567,24,False,0.0
speaker_independent,emotion_quadrant,random_forest,rf_impurity,importance,3,F1amplitudeLogRelF0_sma3nz_amean,0.008789731419378404,52,False,0.0
speaker_independent,emotion_quadrant,random_forest,rf_impurity,importance,3,F1amplitudeLogRelF0_sma3nz_stddevNorm,0.00986157057766127,38,False,0.0
speaker_independent,emotion_quadrant,random_forest,rf_impurity,importance,3,F2frequency_sma3nz_amean,0.009084500167690818,49,False,0.0
speaker_independent,emotion_quadrant,random_forest,rf_impurity,importance,3,F2frequency_sma3nz_stddevNorm,0.009826274020120566,39,False,0.0
speaker_independent,emotion_quadrant,random_forest,rf_impurity,importance,3,F2bandwidth_sma3nz_amean,0.008518336213535132,59,False,0.0
speaker_independent,emotion_quadrant,random_forest,rf_impurity,importance,3,F2bandwidth_sma3nz_stddevNorm,0.008419571631354641,60,False,0.0
speaker_independent,emotion_quadrant,random_forest,rf_impurity,importance,3,F2amplitudeLogRelF0_sma3nz_amean,0.008557701706947259,56,False,0.0
speaker_independent,emotion_quadrant,random_forest,rf_impurity,importance,3,F2amplitudeLogRelF0_sma3nz_stddevNorm,0.007897749213494553,67,False,0.0
speaker_independent,emotion_quadrant,random_forest,rf_impurity,importance,3,F3frequency_sma3nz_amean,0.010009741941644274,34,False,0.0
speaker_independent,emotion_quadrant,random_forest,rf_impurity,importance,3,F3frequency_sma3nz_stddevNorm,0.011570006919284347,27,False,0.0
speaker_independent,emotion_quadrant,random_forest,rf_impurity,importance,3,F3bandwidth_sma3nz_amean,0.010554011977887232,31,False,0.0
speaker_independent,emotion_quadrant,random_forest,rf_impurity,importance,3,F3bandwidth_sma3nz_stddevNorm,0.00779723872399111,70,False,0.0
speaker_independent,emotion_quadrant,random_forest,rf_impurity,importance,3,F3amplitudeLogRelF0_sma3nz_amean,0.00919588093430368,48,False,0.0
speaker_independent,emotion_quadrant,random_forest,rf_impurity,importance,3,F3amplitudeLogRelF0_sma3nz_stddevNorm,0.00765739682092271,73,False,0.0
speaker_independent,emotion_quadrant,random_forest,rf_impurity,importance,3,alphaRatioV_sma3nz_amean,0.013647415735857588,20,False,0.0
speaker_independent,emotion_quadrant,random_forest,rf_impurity,importance,3,alphaRatioV_sma3nz_stddevNorm,0.00964213135381913,41,False,0.0
speaker_independent,emotion_quadrant,random_forest,rf_impurity,importance,3,hammarbergIndexV_sma3nz_amean,0.012802519606183086,23,False,0.0
speaker_independent,emotion_quadrant,random_forest,rf_impurity,importance,3,hammarbergIndexV_sma3nz_stddevNorm,0.009647150276611638,40,False,0.0
speaker_independent,emotion_quadrant,random_forest,rf_impurity,importance,3,slopeV0-500_sma3nz_amean,0.01131284684462059,28,False,0.0
speaker_independent,emotion_quadrant,random_forest,rf_impurity,importance,3,slopeV0-500_sma3nz_stddevNorm,0.008096720423518604,63,False,0.0
speaker_independent,emotion_quadrant,random_forest,rf_impurity,importance,3,slopeV500-1500_sma3nz_amean,0.00958106802330109,43,False,0.2
speaker_independent,emotion_quadrant,random_forest,rf_impurity,importance,3,slopeV500-1500_sma3nz_stddevNorm,0.008279386170389867,62,False,0.0
speaker_independent,emotion_quadrant,random_forest,rf_impurity,importance,3,spectralFluxV_sma3nz_amean,0.03143961996466631,1,True,1.0
speaker_independent,emotion_quadrant,random_forest,rf_impurity,importance,3,spectralFluxV_sma3nz_stddevNorm,0.007918303296881495,66,False,0.0
speaker_independent,emotion_quadrant,random_forest,rf_impurity,importance,3,mfcc1V_sma3nz_amean,0.015594987365207143,16,False,0.2
speaker_independent,emotion_quadrant,random_forest,rf_impurity,importance,3,mfcc1V_sma3nz_stddevNorm,0.008833374831364817,51,False,0.0
speaker_independent,emotion_quadrant,random_forest,rf_impurity,importance,3,mfcc2V_sma3nz_amean,0.01038358127081447,32,False,0.0
speaker_independent,emotion_quadrant,random_forest,rf_impurity,importance,3,mfcc2V_sma3nz_stddevNorm,0.007547297149285821,77,False,0.0
speaker_independent,emotion_quadrant,random_forest,rf_impurity,importance,3,mfcc3V_sma3nz_amean,0.007180022272083779,83,False,0.0
speaker_independent,emotion_quadrant,random_forest,rf_impurity,importance,3,mfcc3V_sma3nz_stddevNorm,0.007768498901112786,72,False,0.0
speaker_independent,emotion_quadrant,random_forest,rf_impurity,importance,3,mfcc4V_sma3nz_amean,0.007875876700274294,68,False,0.0
speaker_independent,emotion_quadrant,random_forest,rf_impurity,importance,3,mfcc4V_sma3nz_stddevNorm,0.01028687653645705,33,False,0.0
speaker_independent,emotion_quadrant,random_forest,rf_impurity,importance,3,alphaRatioUV_sma3nz_amean,0.007454203899438754,81,False,0.0
speaker_independent,emotion_quadrant,random_forest,rf_impurity,importance,3,hammarbergIndexUV_sma3nz_amean,0.006326781650598889,86,False,0.0
speaker_independent,emotion_quadrant,random_forest,rf_impurity,importance,3,slopeUV0-500_sma3nz_amean,0.007527565023299606,79,False,0.0
speaker_independent,emotion_quadrant,random_forest,rf_impurity,importance,3,slopeUV500-1500_sma3nz_amean,0.01160714900945071,26,False,0.0
speaker_independent,emotion_quadrant,random_forest,rf_impurity,importance,3,spectralFluxUV_sma3nz_amean,0.018647980223394804,9,True,0.8
speaker_independent,emotion_quadrant,random_forest,rf_impurity,importance,3,loudnessPeaksPerSec,0.008971472862598744,50,False,0.0
speaker_independent,emotion_quadrant,random_forest,rf_impurity,importance,3,VoicedSegmentsPerSec,0.006158907741135738,88,False,0.0
speaker_independent,emotion_quadrant,random_forest,rf_impurity,importance,3,MeanVoicedSegmentLengthSec,0.007613358699772985,76,False,0.0
speaker_independent,emotion_quadrant,random_forest,rf_impurity,importance,3,StddevVoicedSegmentLengthSec,0.008669313108625027,53,False,0.0
speaker_independent,emotion_quadrant,random_forest,rf_impurity,importance,3,MeanUnvoicedSegmentLength,0.00852181477107114,58,False,0.0
speaker_independent,emotion_quadrant,random_forest,rf_impurity,importance,3,StddevUnvoicedSegmentLength,0.007805234579488969,69,False,0.0
speaker_independent,emotion_quadrant,random_forest,rf_impurity,importance,3,equivalentSoundLevel_dBp,0.021642813179759007,6,True,1.0
speaker_independent,emotion_quadrant,random_forest,rf_permutation,importance,3,F0semitoneFrom27.5Hz_sma3nz_amean,0.01171875000000001,16,False,0.2
speaker_independent,emotion_quadrant,random_forest,rf_permutation,importance,3,F0semitoneFrom27.5Hz_sma3nz_stddevNorm,0.014453125000000034,8,True,0.8
speaker_independent,emotion_quadrant,random_forest,rf_permutation,importance,3,F0semitoneFrom27.5Hz_sma3nz_percentile20.0,0.006119791666666685,47,False,0.4
speaker_independent,emotion_quadrant,random_forest,rf_permutation,importance,3,F0semitoneFrom27.5Hz_sma3nz_percentile50.0,0.011458333333333338,17,False,0.2
speaker_independent,emotion_quadrant,random_forest,rf_permutation,importance,3,F0semitoneFrom27.5Hz_sma3nz_percentile80.0,0.005598958333333348,50,False,0.2
speaker_independent,emotion_quadrant,random_forest,rf_permutation,importance,3,F0semitoneFrom27.5Hz_sma3nz_pctlrange0-2,0.009635416666666763,25,False,0.8
speaker_independent,emotion_quadrant,random_forest,rf_permutation,importance,3,F0semitoneFrom27.5Hz_sma3nz_meanRisingSlope,0.007552083333333415,38,False,0.2
speaker_independent,emotion_quadrant,random_forest,rf_permutation,importance,3,F0semitoneFrom27.5Hz_sma3nz_stddevRisingSlope,0.011979166666666697,15,True,0.2
speaker_independent,emotion_quadrant,random_forest,rf_permutation,importance,3,F0semitoneFrom27.5Hz_sma3nz_meanFallingSlope,0.01510416666666673,6,True,0.2
speaker_independent,emotion_quadrant,random_forest,rf_permutation,importance,3,F0semitoneFrom27.5Hz_sma3nz_stddevFallingSlope,0.025651041666666718,2,True,0.6
speaker_independent,emotion_quadrant,random_forest,rf_permutation,importance,3,loudness_sma3_amean,0.014453125000000056,7,True,0.4
speaker_independent,emotion_quadrant,random_forest,rf_permutation,importance,3,loudness_sma3_stddevNorm,0.01419270833333337,9,True,0.4
speaker_independent,emotion_quadrant,random_forest,rf_permutation,importance,3,loudness_sma3_percentile20.0,0.008984375000000022,29,False,0.2
speaker_independent,emotion_quadrant,random_forest,rf_permutation,importance,3,loudness_sma3_percentile50.0,0.0033854166666667184,65,False,0.2
speaker_independent,emotion_quadrant,random_forest,rf_permutation,importance,3,loudness_sma3_percentile80.0,0.021614583333333427,3,True,0.2
speaker_independent,emotion_quadrant,random_forest,rf_permutation,importance,3,loudness_sma3_pctlrange0-2,0.008203125000000078,33,False,0.4
speaker_independent,emotion_quadrant,random_forest,rf_permutation,importance,3,loudness_sma3_meanRisingSlope,0.015885416666666728,5,True,0.2
speaker_independent,emotion_quadrant,random_forest,rf_permutation,importance,3,loudness_sma3_stddevRisingSlope,0.01197916666666674,14,True,0.2
speaker_independent,emotion_quadrant,random_forest,rf_permutation,importance,3,loudness_sma3_meanFallingSlope,0.01354166666666674,11,True,0.6
speaker_independent,emotion_quadrant,random_forest,rf_permutation,importance,3,loudness_sma3_stddevFallingSlope,0.007031250000000033,39,False,0.2
speaker_independent,emotion_quadrant,random_forest,rf_permutation,importance,3,spectralFlux_sma3_amean,0.010546875000000056,22,False,0.2
speaker_independent,emotion_quadrant,random_forest,rf_permutation,importance,3,spectralFlux_sma3_stddevNorm,0.005989583333333359,48,False,0.0
speaker_independent,emotion_quadrant,random_forest,rf_permutation,importance,3,mfcc1_sma3_amean,0.006119791666666707,46,False,0.4
speaker_independent,emotion_quadrant,random_forest,rf_permutation,importance,3,mfcc1_sma3_stddevNorm,0.011067708333333393,19,False,0.4
speaker_independent,emotion_quadrant,random_forest,rf_permutation,importance,3,mfcc2_sma3_amean,0.007942708333333392,36,False,0.0
speaker_independent,emotion_quadrant,random_forest,rf_permutation,importance,3,mfcc2_sma3_stddevNorm,0.001692708333333337,74,False,0.0
speaker_independent,emotion_quadrant,random_forest,rf_permutation,importance,3,mfcc3_sma3_amean,-0.000390625,85,False,0.2
speaker_independent,emotion_quadrant,random_forest,rf_permutation,importance,3,mfcc3_sma3_stddevNorm,0.011067708333333348,21,False,0.0
speaker_independent,emotion_quadrant,random_forest,rf_permutation,importance,3,mfcc4_sma3_amean,0.005078125,53,False,0.0
speaker_independent,emotion_quadrant,random_forest,rf_permutation,importance,3,mfcc4_sma3_stddevNorm,0.002213541666666696,72,False,0.0
speaker_independent,emotion_quadrant,random_forest,rf_permutation,importance,3,jitterLocal_sma3nz_amean,0.009114583333333426,28,False,0.8
speaker_independent,emotion_quadrant,random_forest,rf_permutation,importance,3,jitterLocal_sma3nz_stddevNorm,0.0014322916666666742,77,False,0.2
speaker_independent,emotion_quadrant,random_forest,rf_permutation,importance,3,shimmerLocaldB_sma3nz_amean,0.0014322916666666963,76,False,0.0
speaker_independent,emotion_quadrant,random_forest,rf_permutation,importance,3,shimmerLocaldB_sma3nz_stddevNorm,0.003255208333333359,67,False,0.2
speaker_independent,emotion_quadrant,random_forest,rf_permutation,importance,3,HNRdBACF_sma3nz_amean,0.009635416666666674,27,False,0.2
speaker_independent,emotion_quadrant,random_forest,rf_permutation,importance,3,HNRdBACF_sma3nz_stddevNorm,0.005468750000000045,51,False,0.2
speaker_independent,emotion_quadrant,random_forest,rf_permutation,importance,3,logRelF0-H1-H2_sma3nz_amean,0.002604166666666685,70,False,0.0
speaker_independent,emotion_quadrant,random_forest,rf_permutation,importance,3,logRelF0-H1-H2_sma3nz_stddevNorm,0.007682291666666674,37,False,0.0
speaker_independent,emotion_quadrant,random_forest,rf_permutation,importance,3,logRelF0-H1-A3_sma3nz_amean,0.0003906250000000777,82,False,0.0
speaker_independent,emotion_quadrant,random_forest,rf_permutation,importance,3,logRelF0-H1-A3_sma3nz_stddevNorm,0.00625,45,False,0.0
speaker_independent,emotion_quadrant,random_forest,rf_permutation,importance,3,F1frequency_sma3nz_amean,0.0023437500000000333,71,False,0.2
speaker_independent,emotion_quadrant,random_forest,rf_permutation,importance,3,F1frequency_sma3nz_stddevNorm,0.003645833333333348,60,False,0.0
speaker_independent,emotion_quadrant,random_forest,rf_permutation,importance,3,F1bandwidth_sma3nz_amean,0.014192708333333349,10,True,0.2
speaker_independent,emotion_quadrant,random_forest,rf_permutation,importance,3,F1bandwidth_sma3nz_stddevNorm,0.010156250000000033,24,False,0.2
speaker_independent,emotion_quadrant,random_forest,rf_permutation,importance,3,F1amplitudeLogRelF0_sma3nz_amean,0.0035156250000000777,63,False,0.2
speaker_independent,emotion_quadrant,random_forest,rf_permutation,importance,3,F1amplitudeLogRelF0_sma3nz_stddevNorm,0.0026041666666667407,69,False,0.0
speaker_independent,emotion_quadrant,random_forest,rf_permutation,importance,3,F2frequency_sma3nz_amean,0.00833333333333336,32,False,0.0
speaker_independent,emotion_quadrant,random_forest,rf_permutation,importance,3,F2frequency_sma3nz_stddevNorm,0.0011718750000000334,78,False,0.0
speaker_independent,emotion_quadrant,random_forest,rf_permutation,importance,3,F2bandwidth_sma3nz_amean,0.009635416666666697,26,False,0.0
speaker_independent,emotion_quadrant,random_forest,rf_permutation,importance,3,F2bandwidth_sma3nz_stddevNorm,0.003906250000000033,58,False,0.0
speaker_independent,emotion_quadrant,random_forest,rf_permutation,importance,3,F2amplitudeLogRelF0_sma3nz_amean,-0.0006510416666665852,86,False,0.0
speaker_independent,emotion_quadrant,random_forest,rf_permutation,importance,3,F2amplitudeLogRelF0_sma3nz_stddevNorm,0.004557291666666708,56,False,0.0
speaker_independent,emotion_quadrant,random_forest,rf_permutation,importance,3,F3frequency_sma3nz_amean,0.011328125000000078,18,False,0.0
speaker_independent,emotion_quadrant,random_forest,rf_permutation,importance,3,F3frequency_sma3nz_stddevNorm,0.011067708333333393,19,False,0.0
speaker_independent,emotion_quadrant,random_forest,rf_permutation,importance,3,F3bandwidth_sma3nz_amean,0.0014322916666667073,75,False,0.0
speaker_independent,emotion_quadrant,random_forest,rf_permutation,importance,3,F3bandwidth_sma3nz_stddevNorm,0.008593750000000022,31,False,0.0
speaker_independent,emotion_quadrant,random_forest,rf_permutation,importance,3,F3amplitudeLogRelF0_sma3nz_amean,0.008072916666666707,35,False,0.2
speaker_independent,emotion_quadrant,random_forest,rf_permutation,importance,3,F3amplitudeLogRelF0_sma3nz_stddevNorm,0.0048177083333333925,55,False,0.2
speaker_independent,emotion_quadrant,random_forest,rf_permutation,importance,3,alphaRatioV_sma3nz_amean,0.0032552083333333925,66,False,0.0
speaker_independent,emotion_quadrant,random_forest,rf_permutation,importance,3,alphaRatioV_sma3nz_stddevNorm,0.006250000000000022,44,False,0.0
speaker_independent,emotion_quadrant,random_forest,rf_permutation,importance,3,hammarbergIndexV_sma3nz_amean,0.005859375000000033,49,False,0.0
speaker_independent,emotion_quadrant,random_forest,rf_permutation,importance,3,hammarbergIndexV_sma3nz_stddevNorm,0.006770833333333337,41,False,0.0
speaker_independent,emotion_quadrant,random_forest,rf_permutation,importance,3,slopeV0-500_sma3nz_amean,0.01223958333333336,13,True,0.4
speaker_independent,emotion_quadrant,random_forest,rf_permutation,importance,3,slopeV0-500_sma3nz_stddevNorm,0.001041666666666674,79,False,0.2
speaker_independent,emotion_quadrant,random_forest,rf_permutation,importance,3,slopeV500-1500_sma3nz_amean,0.006510416666666718,42,False,0.0
speaker_independent,emotion_quadrant,random_forest,rf_permutation,importance,3,slopeV500-1500_sma3nz_stddevNorm,-0.00013020833333332593,84,False,0.0
speaker_independent,emotion_quadrant,random_forest,rf_permutation,importance,3,spectralFluxV_sma3nz_amean,0.028645833333333405,1,True,0.6
speaker_independent,emotion_quadrant,random_forest,rf_permutation,importance,3,spectralFluxV_sma3nz_stddevNorm,0.01341145833333337,12,True,0.4
speaker_independent,emotion_quadrant,random_forest,rf_permutation,importance,3,mfcc1V_sma3nz_amean,0.008203125000000033,34,False,0.0
speaker_independent,emotion_quadrant,random_forest,rf_permutation,importance,3,mfcc1V_sma3nz_stddevNorm,0.004166666666666696,57,False,0.4
speaker_independent,emotion_quadrant,random_forest,rf_permutation,importance,3,mfcc2V_sma3nz_amean,0.00390625,59,False,0.0
speaker_independent,emotion_quadrant,random_forest,rf_permutation,importance,3,mfcc2V_sma3nz_stddevNorm,0.0003906250000000222,83,False,0.0
speaker_independent,emotion_quadrant,random_forest,rf_permutation,importance,3,mfcc3V_sma3nz_amean,0.01028645833333336,23,False,0.2
speaker_independent,emotion_quadrant,random_forest,rf_permutation,importance,3,mfcc3V_sma3nz_stddevNorm,0.0006510416666666741,80,False,0.2
speaker_independent,emotion_quadrant,random_forest,rf_permutation,importance,3,mfcc4V_sma3nz_amean,0.005078125000000033,52,False,0.0
speaker_independent,emotion_quadrant,random_forest,rf_permutation,importance,3,mfcc4V_sma3nz_stddevNorm,0.00677083333333336,40,False,0.0
speaker_independent,emotion_quadrant,random_forest,rf_permutation,importance,3,alphaRatioUV_sma3nz_amean,-0.0011718749999999778,87,False,0.0
speaker_independent,emotion_quadrant,random_forest,rf_permutation,importance,3,hammarbergIndexUV_sma3nz_amean,0.003645833333333337,62,False,0.2
speaker_independent,emotion_quadrant,random_forest,rf_permutation,importance,3,slopeUV0-500_sma3nz_amean,0.005078125,53,False,0.0
speaker_independent,emotion_quadrant,random_forest,rf_permutation,importance,3,slopeUV500-1500_sma3nz_amean,0.0005208333333333703,81,False,0.0
speaker_independent,emotion_quadrant,random_forest,rf_permutation,importance,3,spectralFluxUV_sma3nz_amean,0.006250000000000056,43,False,0.2
speaker_independent,emotion_quadrant,random_forest,rf_permutation,importance,3,loudnessPeaksPerSec,0.0029947916666666742,68,False,0.0
speaker_independent,emotion_quadrant,random_forest,rf_permutation,importance,3,VoicedSegmentsPerSec,0.001953125,73,False,0.0
speaker_independent,emotion_quadrant,random_forest,rf_permutation,importance,3,MeanVoicedSegmentLengthSec,0.003645833333333348,60,False,0.2
speaker_independent,emotion_quadrant,random_forest,rf_permutation,importance,3,StddevVoicedSegmentLengthSec,0.008854166666666696,30,False,0.4
speaker_independent,emotion_quadrant,random_forest,rf_permutation,importance,3,MeanUnvoicedSegmentLength,-0.0027343749999999777,88,False,0.4
speaker_independent,emotion_quadrant,random_forest,rf_permutation,importance,3,StddevUnvoicedSegmentLength,0.003515625000000022,64,False,0.0
speaker_independent,emotion_quadrant,random_forest,rf_permutation,importance,3,equivalentSoundLevel_dBp,0.01692708333333339,4,True,0.4
speaker_independent,emotion_quadrant,logistic_regression,logreg_coefficient,importance,3,F0semitoneFrom27.5Hz_sma3nz_amean,0.4490557761203582,19,False,0.2
speaker_independent,emotion_quadrant,logistic_regression,logreg_coefficient,importance,3,F0semitoneFrom27.5Hz_sma3nz_stddevNorm,0.19196764564496638,63,False,0.0
speaker_independent,emotion_quadrant,logistic_regression,logreg_coefficient,importance,3,F0semitoneFrom27.5Hz_sma3nz_percentile20.0,0.13571328164454896,73,False,0.2
speaker_independent,emotion_quadrant,logistic_regression,logreg_coefficient,importance,3,F0semitoneFrom27.5Hz_sma3nz_percentile50.0,0.7762169200067541,7,True,0.8
speaker_independent,emotion_quadrant,logistic_regression,logreg_coefficient,importance,3,F0semitoneFrom27.5Hz_sma3nz_percentile80.0,0.13709685164450305,71,False,0.0
speaker_independent,emotion_quadrant,logistic_regression,logreg_coefficient,importance,3,F0semitoneFrom27.5Hz_sma3nz_pctlrange0-2,0.3927071799717381,29,False,0.0
speaker_independent,emotion_quadrant,logistic_regression,logreg_coefficient,importance,3,F0semitoneFrom27.5Hz_sma3nz_meanRisingSlope,0.18089088669543976,64,False,0.0
speaker_independent,emotion_quadrant,logistic_regression,logreg_coefficient,importance,3,F0semitoneFrom27.5Hz_sma3nz_stddevRisingSlope,0.19325724136511224,62,False,0.0
speaker_independent,emotion_quadrant,logistic_regression,logreg_coefficient,importance,3,F0semitoneFrom27.5Hz_sma3nz_meanFallingSlope,0.22942643802192195,54,False,0.0
speaker_independent,emotion_quadrant,logistic_regression,logreg_coefficient,importance,3,F0semitoneFrom27.5Hz_sma3nz_stddevFallingSlope,0.6363178300195858,13,True,0.6
speaker_independent,emotion_quadrant,logistic_regression,logreg_coefficient,importance,3,loudness_sma3_amean,0.43258778253862035,21,False,0.2
speaker_independent,emotion_quadrant,logistic_regression,logreg_coefficient,importance,3,loudness_sma3_stddevNorm,0.2831857771304454,48,False,0.0
speaker_independent,emotion_quadrant,logistic_regression,logreg_coefficient,importance,3,loudness_sma3_percentile20.0,0.3954684233358674,28,False,0.2
speaker_independent,emotion_quadrant,logistic_regression,logreg_coefficient,importance,3,loudness_sma3_percentile50.0,0.6424490899128118,11,True,0.8
speaker_independent,emotion_quadrant,logistic_regression,logreg_coefficient,importance,3,loudness_sma3_percentile80.0,0.28249862138635917,49,False,0.0
speaker_independent,emotion_quadrant,logistic_regression,logreg_coefficient,importance,3,loudness_sma3_pctlrange0-2,0.3334082306242226,39,False,0.2
speaker_independent,emotion_quadrant,logistic_regression,logreg_coefficient,importance,3,loudness_sma3_meanRisingSlope,0.8403971925456815,6,True,1.0
speaker_independent,emotion_quadrant,logistic_regression,logreg_coefficient,importance,3,loudness_sma3_stddevRisingSlope,0.3545459544711306,36,False,0.0
speaker_independent,emotion_quadrant,logistic_regression,logreg_coefficient,importance,3,loudness_sma3_meanFallingSlope,0.5149069157639243,16,False,0.0
speaker_independent,emotion_quadrant,logistic_regression,logreg_coefficient,importance,3,loudness_sma3_stddevFallingSlope,0.21188150635507874,59,False,0.0
speaker_independent,emotion_quadrant,logistic_regression,logreg_coefficient,importance,3,spectralFlux_sma3_amean,0.12934297947956216,74,False,0.0
speaker_independent,emotion_quadrant,logistic_regression,logreg_coefficient,importance,3,spectralFlux_sma3_stddevNorm,0.15847799961741543,69,False,0.2
speaker_independent,emotion_quadrant,logistic_regression,logreg_coefficient,importance,3,mfcc1_sma3_amean,0.3866640302372808,30,False,0.0
speaker_independent,emotion_quadrant,logistic_regression,logreg_coefficient,importance,3,mfcc1_sma3_stddevNorm,0.32940442586041446,40,False,0.2
speaker_independent,emotion_quadrant,logistic_regression,logreg_coefficient,importance,3,mfcc2_sma3_amean,0.35245022452198593,37,False,0.2
speaker_independent,emotion_quadrant,logistic_regression,logreg_coefficient,importance,3,mfcc2_sma3_stddevNorm,0.374842907989455,32,False,0.0
speaker_independent,emotion_quadrant,logistic_regression,logreg_coefficient,importance,3,mfcc3_sma3_amean,1.0453007993877264,2,True,0.8
speaker_independent,emotion_quadrant,logistic_regression,logreg_coefficient,importance,3,mfcc3_sma3_stddevNorm,0.09778090747547602,80,False,0.0
speaker_independent,emotion_quadrant,logistic_regression,logreg_coefficient,importance,3,mfcc4_sma3_amean,0.31382025849138284,46,False,0.0
speaker_independent,emotion_quadrant,logistic_regression,logreg_coefficient,importance,3,mfcc4_sma3_stddevNorm,0.042139375040596755,87,False,0.0
speaker_independent,emotion_quadrant,logistic_regression,logreg_coefficient,importance,3,jitterLocal_sma3nz_amean,0.42796279382643126,22,False,0.0
speaker_independent,emotion_quadrant,logistic_regression,logreg_coefficient,importance,3,jitterLocal_sma3nz_stddevNorm,0.2345486258781595,53,False,0.0
speaker_independent,emotion_quadrant,logistic_regression,logreg_coefficient,importance,3,shimmerLocaldB_sma3nz_amean,0.2109070442142727,60,False,0.0
speaker_independent,emotion_quadrant,logistic_regression,logreg_coefficient,importance,3,shimmerLocaldB_sma3nz_stddevNorm,0.20355048732394562,61,False,0.0
speaker_independent,emotion_quadrant,logistic_regression,logreg_coefficient,importance,3,HNRdBACF_sma3nz_amean,1.0870635084273585,1,True,1.0
speaker_independent,emotion_quadrant,logistic_regression,logreg_coefficient,importance,3,HNRdBACF_sma3nz_stddevNorm,0.322576937016517,44,False,0.0
speaker_independent,emotion_quadrant,logistic_regression,logreg_coefficient,importance,3,logRelF0-H1-H2_sma3nz_amean,0.11653659794892963,77,False,0.0
speaker_independent,emotion_quadrant,logistic_regression,logreg_coefficient,importance,3,logRelF0-H1-H2_sma3nz_stddevNorm,0.06673071319949456,85,False,0.0
speaker_independent,emotion_quadrant,logistic_regression,logreg_coefficient,importance,3,logRelF0-H1-A3_sma3nz_amean,0.4811502677216136,17,False,0.4
speaker_independent,emotion_quadrant,logistic_regression,logreg_coefficient,importance,3,logRelF0-H1-A3_sma3nz_stddevNorm,0.3556401527945964,34,False,0.0
speaker_independent,emotion_quadrant,logistic_regression,logreg_coefficient,importance,3,F1frequency_sma3nz_amean,0.5958201929024449,15,True,0.8
speaker_independent,emotion_quadrant,logistic_regression,logreg_coefficient,importance,3,F1frequency_sma3nz_stddevNorm,0.06972302212501641,84,False,0.0
speaker_independent,emotion_quadrant,logistic_regression,logreg_coefficient,importance,3,F1bandwidth_sma3nz_amean,0.27946626866022445,50,False,0.0
speaker_independent,emotion_quadrant,logistic_regression,logreg_coefficient,importance,3,F1bandwidth_sma3nz_stddevNorm,0.41572639229262565,25,False,0.0
speaker_independent,emotion_quadrant,logistic_regression,logreg_coefficient,importance,3,F1amplitudeLogRelF0_sma3nz_amean,0.9979605850830926,3,True,1.0
speaker_independent,emotion_quadrant,logistic_regression,logreg_coefficient,importance,3,F1amplitudeLogRelF0_sma3nz_stddevNorm,0.4414926166109163,20,False,0.2
speaker_independent,emotion_quadrant,logistic_regression,logreg_coefficient,importance,3,F2frequency_sma3nz_amean,0.42783494114993925,23,False,0.2
speaker_independent,emotion_quadrant,logistic_regression,logreg_coefficient,importance,3,F2frequency_sma3nz_stddevNorm,0.22709196381480998,56,False,0.0
speaker_independent,emotion_quadrant,logistic_regression,logreg_coefficient,importance,3,F2bandwidth_sma3nz_amean,0.12038394212875059,76,False,0.0
speaker_independent,emotion_quadrant,logistic_regression,logreg_coefficient,importance,3,F2bandwidth_sma3nz_stddevNorm,0.044191446021934866,86,False,0.0
speaker_independent,emotion_quadrant,logistic_regression,logreg_coefficient,importance,3,F2amplitudeLogRelF0_sma3nz_amean,0.3638723658142214,33,False,0.2
speaker_independent,emotion_quadrant,logistic_regression,logreg_coefficient,importance,3,F2amplitudeLogRelF0_sma3nz_stddevNorm,0.4548521713639262,18,False,0.0
speaker_independent,emotion_quadrant,logistic_regression,logreg_coefficient,importance,3,F3frequency_sma3nz_amean,0.692320919858523,9,True,0.8
speaker_independent,emotion_quadrant,logistic_regression,logreg_coefficient,importance,3,F3frequency_sma3nz_stddevNorm,0.12290522547266747,75,False,0.0
speaker_independent,emotion_quadrant,logistic_regression,logreg_coefficient,importance,3,F3bandwidth_sma3nz_amean,0.1539136915208077,70,False,0.0
speaker_independent,emotion_quadrant,logistic_regression,logreg_coefficient,importance,3,F3bandwidth_sma3nz_stddevNorm,0.21598074807429066,58,False,0.0
speaker_independent,emotion_quadrant,logistic_regression,logreg_coefficient,importance,3,F3amplitudeLogRelF0_sma3nz_amean,0.41642781164535136,24,False,0.0
speaker_independent,emotion_quadrant,logistic_regression,logreg_coefficient,importance,3,F3amplitudeLogRelF0_sma3nz_stddevNorm,0.6355092374007725,14,True,0.4
speaker_independent,emotion_quadrant,logistic_regression,logreg_coefficient,importance,3,alphaRatioV_sma3nz_amean,0.7140977229064244,8,True,0.4
speaker_independent,emotion_quadrant,logistic_regression,logreg_coefficient,importance,3,alphaRatioV_sma3nz_stddevNorm,0.1131866416286404,78,False,0.0
speaker_independent,emotion_quadrant,logistic_regression,logreg_coefficient,importance,3,hammarbergIndexV_sma3nz_amean,0.1370811984507239,72,False,0.2
speaker_independent,emotion_quadrant,logistic_regression,logreg_coefficient,importance,3,hammarbergIndexV_sma3nz_stddevNorm,0.41543613532473356,26,False,0.0
speaker_independent,emotion_quadrant,logistic_regression,logreg_coefficient,importance,3,slopeV0-500_sma3nz_amean,0.34958613607326483,38,False,0.0
speaker_independent,emotion_quadrant,logistic_regression,logreg_coefficient,importance,3,slopeV0-500_sma3nz_stddevNorm,0.04007293197403399,88,False,0.0
speaker_independent,emotion_quadrant,logistic_regression,logreg_coefficient,importance,3,slopeV500-1500_sma3nz_amean,0.3549511315063816,35,False,0.0
speaker_independent,emotion_quadrant,logistic_regression,logreg_coefficient,importance,3,slopeV500-1500_sma3nz_stddevNorm,0.4011190453552639,27,False,0.0
speaker_independent,emotion_quadrant,logistic_regression,logreg_coefficient,importance,3,spectralFluxV_sma3nz_amean,0.1661107123602522,67,False,0.0
speaker_independent,emotion_quadrant,logistic_regression,logreg_coefficient,importance,3,spectralFluxV_sma3nz_stddevNorm,0.1729752881805057,66,False,0.0
speaker_independent,emotion_quadrant,logistic_regression,logreg_coefficient,importance,3,mfcc1V_sma3nz_amean,0.3845034867652242,31,False,0.0
speaker_independent,emotion_quadrant,logistic_regression,logreg_coefficient,importance,3,mfcc1V_sma3nz_stddevNorm,0.08110927125609034,83,False,0.0
speaker_independent,emotion_quadrant,logistic_regression,logreg_coefficient,importance,3,mfcc2V_sma3nz_amean,0.6412000406725913,12,True,0.6
speaker_independent,emotion_quadrant,logistic_regression,logreg_coefficient,importance,3,mfcc2V_sma3nz_stddevNorm,0.08381008536567276,82,False,0.0
speaker_independent,emotion_quadrant,logistic_regression,logreg_coefficient,importance,3,mfcc3V_sma3nz_amean,0.2286738458056588,55,False,0.0
speaker_independent,emotion_quadrant,logistic_regression,logreg_coefficient,importance,3,mfcc3V_sma3nz_stddevNorm,0.29294521529726525,47,False,0.0
speaker_independent,emotion_quadrant,logistic_regression,logreg_coefficient,importance,3,mfcc4V_sma3nz_amean,0.16296299334009878,68,False,0.0
speaker_independent,emotion_quadrant,logistic_regression,logreg_coefficient,importance,3,mfcc4V_sma3nz_stddevNorm,0.10612374803178269,79,False,0.0
speaker_independent,emotion_quadrant,logistic_regression,logreg_coefficient,importance,3,alphaRatioUV_sma3nz_amean,0.6782818671061762,10,True,1.0
speaker_independent,emotion_quadrant,logistic_regression,logreg_coefficient,importance,3,hammarbergIndexUV_sma3nz_amean,0.8592129714913455,5,True,1.0
speaker_independent,emotion_quadrant,logistic_regression,logreg_coefficient,importance,3,slopeUV0-500_sma3nz_amean,0.32883880452227654,41,False,0.0
speaker_independent,emotion_quadrant,logistic_regression,logreg_coefficient,importance,3,slopeUV500-1500_sma3nz_amean,0.3271810318697512,43,False,0.0
speaker_independent,emotion_quadrant,logistic_regression,logreg_coefficient,importance,3,spectralFluxUV_sma3nz_amean,0.32739338946760016,42,False,0.2
speaker_independent,emotion_quadrant,logistic_regression,logreg_coefficient,importance,3,loudnessPeaksPerSec,0.17324638307152446,65,False,0.0
speaker_independent,emotion_quadrant,logistic_regression,logreg_coefficient,importance,3,VoicedSegmentsPerSec,0.27860054592759936,51,False,0.0
speaker_independent,emotion_quadrant,logistic_regression,logreg_coefficient,importance,3,MeanVoicedSegmentLengthSec,0.2457341778135332,52,False,0.0
speaker_independent,emotion_quadrant,logistic_regression,logreg_coefficient,importance,3,StddevVoicedSegmentLengthSec,0.09314539492029568,81,False,0.0
speaker_independent,emotion_quadrant,logistic_regression,logreg_coefficient,importance,3,MeanUnvoicedSegmentLength,0.21798952268692182,57,False,0.0
speaker_independent,emotion_quadrant,logistic_regression,logreg_coefficient,importance,3,StddevUnvoicedSegmentLength,0.32008504884046474,45,False,0.0
speaker_independent,emotion_quadrant,logistic_regression,logreg_coefficient,importance,3,equivalentSoundLevel_dBp,0.9830490336341963,4,True,1.0
speaker_independent,emotion_quadrant,random_forest,rf_impurity,importance,4,F0semitoneFrom27.5Hz_sma3nz_amean,0.010268953330025225,39,False,0.0
speaker_independent,emotion_quadrant,random_forest,rf_impurity,importance,4,F0semitoneFrom27.5Hz_sma3nz_stddevNorm,0.014095889354242509,18,False,0.2
speaker_independent,emotion_quadrant,random_forest,rf_impurity,importance,4,F0semitoneFrom27.5Hz_sma3nz_percentile20.0,0.010466067503661459,36,False,0.0
speaker_independent,emotion_quadrant,random_forest,rf_impurity,importance,4,F0semitoneFrom27.5Hz_sma3nz_percentile50.0,0.010110117891586522,40,False,0.0
speaker_independent,emotion_quadrant,random_forest,rf_impurity,importance,4,F0semitoneFrom27.5Hz_sma3nz_percentile80.0,0.010493099530782157,35,False,0.0
speaker_independent,emotion_quadrant,random_forest,rf_impurity,importance,4,F0semitoneFrom27.5Hz_sma3nz_pctlrange0-2,0.02567730420530132,3,True,1.0
speaker_independent,emotion_quadrant,random_forest,rf_impurity,importance,4,F0semitoneFrom27.5Hz_sma3nz_meanRisingSlope,0.012308759507615433,23,False,0.0
speaker_independent,emotion_quadrant,random_forest,rf_impurity,importance,4,F0semitoneFrom27.5Hz_sma3nz_stddevRisingSlope,0.009020943953073225,52,False,0.0
speaker_independent,emotion_quadrant,random_forest,rf_impurity,importance,4,F0semitoneFrom27.5Hz_sma3nz_meanFallingSlope,0.011103791715281934,30,False,0.0
speaker_independent,emotion_quadrant,random_forest,rf_impurity,importance,4,F0semitoneFrom27.5Hz_sma3nz_stddevFallingSlope,0.01903964215925134,6,True,0.8
speaker_independent,emotion_quadrant,random_forest,rf_impurity,importance,4,loudness_sma3_amean,0.015309675367796158,15,True,1.0
speaker_independent,emotion_quadrant,random_forest,rf_impurity,importance,4,loudness_sma3_stddevNorm,0.009893208851576718,44,False,0.0
speaker_independent,emotion_quadrant,random_forest,rf_impurity,importance,4,loudness_sma3_percentile20.0,0.007185585066136206,78,False,0.0
speaker_independent,emotion_quadrant,random_forest,rf_impurity,importance,4,loudness_sma3_percentile50.0,0.017255924244827296,10,True,1.0
speaker_independent,emotion_quadrant,random_forest,rf_impurity,importance,4,loudness_sma3_percentile80.0,0.018054097315540238,8,True,1.0
speaker_independent,emotion_quadrant,random_forest,rf_impurity,importance,4,loudness_sma3_pctlrange0-2,0.02999625955464154,2,True,1.0
speaker_independent,emotion_quadrant,random_forest,rf_impurity,importance,4,loudness_sma3_meanRisingSlope,0.017151371213842567,11,True,1.0
speaker_independent,emotion_quadrant,random_forest,rf_impurity,importance,4,loudness_sma3_stddevRisingSlope,0.013962964773228285,19,False,0.6
speaker_independent,emotion_quadrant,random_forest,rf_impurity,importance,4,loudness_sma3_meanFallingSlope,0.018788666306031397,7,True,1.0
speaker_independent,emotion_quadrant,random_forest,rf_impurity,importance,4,loudness_sma3_stddevFallingSlope,0.015330007386082735,14,True,0.8
speaker_independent,emotion_quadrant,random_forest,rf_impurity,importance,4,spectralFlux_sma3_amean,0.02172777344334307,5,True,1.0
speaker_independent,emotion_quadrant,random_forest,rf_impurity,importance,4,spectralFlux_sma3_stddevNorm,0.011336762197586576,29,False,0.0
speaker_independent,emotion_quadrant,random_forest,rf_impurity,importance,4,mfcc1_sma3_amean,0.009462550153784504,46,False,0.0
speaker_independent,emotion_quadrant,random_forest,rf_impurity,importance,4,mfcc1_sma3_stddevNorm,0.00892197550926127,56,False,0.0
speaker_independent,emotion_quadrant,random_forest,rf_impurity,importance,4,mfcc2_sma3_amean,0.008066139026849061,69,False,0.0
speaker_independent,emotion_quadrant,random_forest,rf_impurity,importance,4,mfcc2_sma3_stddevNorm,0.006563518666608939,87,False,0.0
speaker_independent,emotion_quadrant,random_forest,rf_impurity,importance,4,mfcc3_sma3_amean,0.008202783448176407,67,False,0.0
speaker_independent,emotion_quadrant,random_forest,rf_impurity,importance,4,mfcc3_sma3_stddevNorm,0.009093398027898672,49,False,0.0
speaker_independent,emotion_quadrant,random_forest,rf_impurity,importance,4,mfcc4_sma3_amean,0.008196797628683895,68,False,0.0
speaker_independent,emotion_quadrant,random_forest,rf_impurity,importance,4,mfcc4_sma3_stddevNorm,0.008614912904620197,61,False,0.0
speaker_independent,emotion_quadrant,random_forest,rf_impurity,importance,4,jitterLocal_sma3nz_amean,0.023528426358771212,4,True,1.0
speaker_independent,emotion_quadrant,random_forest,rf_impurity,importance,4,jitterLocal_sma3nz_stddevNorm,0.006729482849485332,84,False,0.0
speaker_independent,emotion_quadrant,random_forest,rf_impurity,importance,4,shimmerLocaldB_sma3nz_amean,0.006783754631371327,82,False,0.0
speaker_independent,emotion_quadrant,random_forest,rf_impurity,importance,4,shimmerLocaldB_sma3nz_stddevNorm,0.014881230770872677,16,False,0.0
speaker_independent,emotion_quadrant,random_forest,rf_impurity,importance,4,HNRdBACF_sma3nz_amean,0.014122695898692262,17,False,0.4
speaker_independent,emotion_quadrant,random_forest,rf_impurity,importance,4,HNRdBACF_sma3nz_stddevNorm,0.01055380114322628,34,False,0.0
speaker_independent,emotion_quadrant,random_forest,rf_impurity,importance,4,logRelF0-H1-H2_sma3nz_amean,0.007601333102135784,74,False,0.0
speaker_independent,emotion_quadrant,random_forest,rf_impurity,importance,4,logRelF0-H1-H2_sma3nz_stddevNorm,0.006670553307959667,86,False,0.0
speaker_independent,emotion_quadrant,random_forest,rf_impurity,importance,4,logRelF0-H1-A3_sma3nz_amean,0.012016055974833892,25,False,0.0
speaker_independent,emotion_quadrant,random_forest,rf_impurity,importance,4,logRelF0-H1-A3_sma3nz_stddevNorm,0.007513691627885441,75,False,0.0
speaker_independent,emotion_quadrant,random_forest,rf_impurity,importance,4,F1frequency_sma3nz_amean,0.013582267335934421,20,False,0.0
speaker_independent,emotion_quadrant,random_forest,rf_impurity,importance,4,F1frequency_sma3nz_stddevNorm,0.008455255266054612,65,False,0.0
speaker_independent,emotion_quadrant,random_forest,rf_impurity,importance,4,F1bandwidth_sma3nz_amean,0.009006101919891929,54,False,0.0
speaker_independent,emotion_quadrant,random_forest,rf_impurity,importance,4,F1bandwidth_sma3nz_stddevNorm,0.009397125365350792,47,False,0.0
speaker_independent,emotion_quadrant,random_forest,rf_impurity,importance,4,F1amplitudeLogRelF0_sma3nz_amean,0.00705612030659981,79,False,0.0
speaker_independent,emotion_quadrant,random_forest,rf_impurity,importance,4,F1amplitudeLogRelF0_sma3nz_stddevNorm,0.008535312219504983,62,False,0.0
speaker_independent,emotion_quadrant,random_forest,rf_impurity,importance,4,F2frequency_sma3nz_amean,0.01141163389732195,27,False,0.0
speaker_independent,emotion_quadrant,random_forest,rf_impurity,importance,4,F2frequency_sma3nz_stddevNorm,0.007849238398776083,70,False,0.0
speaker_independent,emotion_quadrant,random_forest,rf_impurity,importance,4,F2bandwidth_sma3nz_amean,0.008742245236239503,59,False,0.0
speaker_independent,emotion_quadrant,random_forest,rf_impurity,importance,4,F2bandwidth_sma3nz_stddevNorm,0.009074640623651101,51,False,0.0
speaker_independent,emotion_quadrant,random_forest,rf_impurity,importance,4,F2amplitudeLogRelF0_sma3nz_amean,0.007620360004648924,73,False,0.0
speaker_independent,emotion_quadrant,random_forest,rf_impurity,importance,4,F2amplitudeLogRelF0_sma3nz_stddevNorm,0.006830358262607743,81,False,0.0
speaker_independent,emotion_quadrant,random_forest,rf_impurity,importance,4,F3frequency_sma3nz_amean,0.01153602263260736,26,False,0.0
speaker_independent,emotion_quadrant,random_forest,rf_impurity,importance,4,F3frequency_sma3nz_stddevNorm,0.013000886391545221,21,False,0.0
speaker_independent,emotion_quadrant,random_forest,rf_impurity,importance,4,F3bandwidth_sma3nz_amean,0.01139427097151539,28,False,0.0
speaker_independent,emotion_quadrant,random_forest,rf_impurity,importance,4,F3bandwidth_sma3nz_stddevNorm,0.008534495973321723,63,False,0.0
speaker_independent,emotion_quadrant,random_forest,rf_impurity,importance,4,F3amplitudeLogRelF0_sma3nz_amean,0.008291273266885097,66,False,0.0
speaker_independent,emotion_quadrant,random_forest,rf_impurity,importance,4,F3amplitudeLogRelF0_sma3nz_stddevNorm,0.008485723355224541,64,False,0.0
speaker_independent,emotion_quadrant,random_forest,rf_impurity,importance,4,alphaRatioV_sma3nz_amean,0.008618333970701093,60,False,0.0
speaker_independent,emotion_quadrant,random_forest,rf_impurity,importance,4,alphaRatioV_sma3nz_stddevNorm,0.010689996401166815,32,False,0.0
speaker_independent,emotion_quadrant,random_forest,rf_impurity,importance,4,hammarbergIndexV_sma3nz_amean,0.01042446551980318,37,False,0.0
speaker_independent,emotion_quadrant,random_forest,rf_impurity,importance,4,hammarbergIndexV_sma3nz_stddevNorm,0.01001883086681433,43,False,0.0
speaker_independent,emotion_quadrant,random_forest,rf_impurity,importance,4,slopeV0-500_sma3nz_amean,0.01007167817515614,41,False,0.0
speaker_independent,emotion_quadrant,random_forest,rf_impurity,importance,4,slopeV0-500_sma3nz_stddevNorm,0.009760284477098202,45,False,0.0
speaker_independent,emotion_quadrant,random_forest,rf_impurity,importance,4,slopeV500-1500_sma3nz_amean,0.010928634262494309,31,False,0.2
speaker_independent,emotion_quadrant,random_forest,rf_impurity,importance,4,slopeV500-1500_sma3nz_stddevNorm,0.01055756168042757,33,False,0.0
speaker_independent,emotion_quadrant,random_forest,rf_impurity,importance,4,spectralFluxV_sma3nz_amean,0.03894550129866911,1,True,1.0
speaker_independent,emotion_quadrant,random_forest,rf_impurity,importance,4,spectralFluxV_sma3nz_stddevNorm,0.008828320246659187,58,False,0.0
speaker_independent,emotion_quadrant,random_forest,rf_impurity,importance,4,mfcc1V_sma3nz_amean,0.015379765514346442,13,True,0.2
speaker_independent,emotion_quadrant,random_forest,rf_impurity,importance,4,mfcc1V_sma3nz_stddevNorm,0.012701694086932018,22,False,0.0
speaker_independent,emotion_quadrant,random_forest,rf_impurity,importance,4,mfcc2V_sma3nz_amean,0.009090451101268538,50,False,0.0
speaker_independent,emotion_quadrant,random_forest,rf_impurity,importance,4,mfcc2V_sma3nz_stddevNorm,0.007195215270735836,77,False,0.0
speaker_independent,emotion_quadrant,random_forest,rf_impurity,importance,4,mfcc3V_sma3nz_amean,0.006713931988948176,85,False,0.0
speaker_independent,emotion_quadrant,random_forest,rf_impurity,importance,4,mfcc3V_sma3nz_stddevNorm,0.00686923122109646,80,False,0.0
speaker_independent,emotion_quadrant,random_forest,rf_impurity,importance,4,mfcc4V_sma3nz_amean,0.007339066598570456,76,False,0.0
speaker_independent,emotion_quadrant,random_forest,rf_impurity,importance,4,mfcc4V_sma3nz_stddevNorm,0.010070445568085026,42,False,0.0
speaker_independent,emotion_quadrant,random_forest,rf_impurity,importance,4,alphaRatioUV_sma3nz_amean,0.007743661183835678,71,False,0.0
speaker_independent,emotion_quadrant,random_forest,rf_impurity,importance,4,hammarbergIndexUV_sma3nz_amean,0.007683166797469704,72,False,0.0
speaker_independent,emotion_quadrant,random_forest,rf_impurity,importance,4,slopeUV0-500_sma3nz_amean,0.009258436827228758,48,False,0.0
speaker_independent,emotion_quadrant,random_forest,rf_impurity,importance,4,slopeUV500-1500_sma3nz_amean,0.010365910550875828,38,False,0.0
speaker_independent,emotion_quadrant,random_forest,rf_impurity,importance,4,spectralFluxUV_sma3nz_amean,0.015897261255157644,12,True,0.8
speaker_independent,emotion_quadrant,random_forest,rf_impurity,importance,4,loudnessPeaksPerSec,0.012165971123488703,24,False,0.0
speaker_independent,emotion_quadrant,random_forest,rf_impurity,importance,4,VoicedSegmentsPerSec,0.006747050679520448,83,False,0.0
speaker_independent,emotion_quadrant,random_forest,rf_impurity,importance,4,MeanVoicedSegmentLengthSec,0.008909852768356452,57,False,0.0
speaker_independent,emotion_quadrant,random_forest,rf_impurity,importance,4,StddevVoicedSegmentLengthSec,0.008964023530482106,55,False,0.0
speaker_independent,emotion_quadrant,random_forest,rf_impurity,importance,4,MeanUnvoicedSegmentLength,0.006478630538414833,88,False,0.0
speaker_independent,emotion_quadrant,random_forest,rf_impurity,importance,4,StddevUnvoicedSegmentLength,0.009020434223069812,53,False,0.0
speaker_independent,emotion_quadrant,random_forest,rf_impurity,importance,4,equivalentSoundLevel_dBp,0.01765889494287533,9,True,1.0
speaker_independent,emotion_quadrant,random_forest,rf_permutation,importance,4,F0semitoneFrom27.5Hz_sma3nz_amean,-0.006640625000000022,60,False,0.2
speaker_independent,emotion_quadrant,random_forest,rf_permutation,importance,4,F0semitoneFrom27.5Hz_sma3nz_stddevNorm,0.0018229166666666296,5,True,0.8
speaker_independent,emotion_quadrant,random_forest,rf_permutation,importance,4,F0semitoneFrom27.5Hz_sma3nz_percentile20.0,0.0005208333333332927,9,True,0.4
speaker_independent,emotion_quadrant,random_forest,rf_permutation,importance,4,F0semitoneFrom27.5Hz_sma3nz_percentile50.0,-0.0069010416666666855,62,False,0.2
speaker_independent,emotion_quadrant,random_forest,rf_permutation,importance,4,F0semitoneFrom27.5Hz_sma3nz_percentile80.0,-0.010807291666666708,82,False,0.2
speaker_independent,emotion_quadrant,random_forest,rf_permutation,importance,4,F0semitoneFrom27.5Hz_sma3nz_pctlrange0-2,0.010156249999999967,1,True,0.8
speaker_independent,emotion_quadrant,random_forest,rf_permutation,importance,4,F0semitoneFrom27.5Hz_sma3nz_meanRisingSlope,-0.0005208333333333482,12,True,0.2
speaker_independent,emotion_quadrant,random_forest,rf_permutation,importance,4,F0semitoneFrom27.5Hz_sma3nz_stddevRisingSlope,-0.0059895833333333485,56,False,0.2
speaker_independent,emotion_quadrant,random_forest,rf_permutation,importance,4,F0semitoneFrom27.5Hz_sma3nz_meanFallingSlope,-0.0023437500000000333,29,False,0.2
speaker_independent,emotion_quadrant,random_forest,rf_permutation,importance,4,F0semitoneFrom27.5Hz_sma3nz_stddevFallingSlope,0.003906249999999978,2,True,0.6
speaker_independent,emotion_quadrant,random_forest,rf_permutation,importance,4,loudness_sma3_amean,-0.007682291666666685,67,False,0.4
speaker_independent,emotion_quadrant,random_forest,rf_permutation,importance,4,loudness_sma3_stddevNorm,-0.0022135416666667074,26,False,0.4
speaker_independent,emotion_quadrant,random_forest,rf_permutation,importance,4,loudness_sma3_percentile20.0,-0.002343750000000022,28,False,0.2
speaker_independent,emotion_quadrant,random_forest,rf_permutation,importance,4,loudness_sma3_percentile50.0,-0.007812500000000033,70,False,0.2
speaker_independent,emotion_quadrant,random_forest,rf_permutation,importance,4,loudness_sma3_percentile80.0,-0.010546875000000056,81,False,0.2
speaker_independent,emotion_quadrant,random_forest,rf_permutation,importance,4,loudness_sma3_pctlrange0-2,-0.003125000000000011,37,False,0.4
speaker_independent,emotion_quadrant,random_forest,rf_permutation,importance,4,loudness_sma3_meanRisingSlope,-0.006380208333333359,59,False,0.2
speaker_independent,emotion_quadrant,random_forest,rf_permutation,importance,4,loudness_sma3_stddevRisingSlope,-0.007552083333333381,66,False,0.2
speaker_independent,emotion_quadrant,random_forest,rf_permutation,importance,4,loudness_sma3_meanFallingSlope,-0.00598958333333337,57,False,0.6
speaker_independent,emotion_quadrant,random_forest,rf_permutation,importance,4,loudness_sma3_stddevFallingSlope,-0.01028645833333337,79,False,0.2
speaker_independent,emotion_quadrant,random_forest,rf_permutation,importance,4,spectralFlux_sma3_amean,-0.0018229166666667185,24,False,0.2
speaker_independent,emotion_quadrant,random_forest,rf_permutation,importance,4,spectralFlux_sma3_stddevNorm,-0.0036458333333333815,41,False,0.0
speaker_independent,emotion_quadrant,random_forest,rf_permutation,importance,4,mfcc1_sma3_amean,-0.0002604166666667074,11,True,0.4
speaker_independent,emotion_quadrant,random_forest,rf_permutation,importance,4,mfcc1_sma3_stddevNorm,0.0024739583333332925,4,True,0.4
speaker_independent,emotion_quadrant,random_forest,rf_permutation,importance,4,mfcc2_sma3_amean,-0.00716145833333337,64,False,0.0
speaker_independent,emotion_quadrant,random_forest,rf_permutation,importance,4,mfcc2_sma3_stddevNorm,-0.002213541666666674,25,False,0.0
speaker_independent,emotion_quadrant,random_forest,rf_permutation,importance,4,mfcc3_sma3_amean,-0.0006510416666667185,14,True,0.2
speaker_independent,emotion_quadrant,random_forest,rf_permutation,importance,4,mfcc3_sma3_stddevNorm,-0.00520833333333337,52,False,0.0
speaker_independent,emotion_quadrant,random_forest,rf_permutation,importance,4,mfcc4_sma3_amean,-0.0053385416666667075,53,False,0.0
speaker_independent,emotion_quadrant,random_forest,rf_permutation,importance,4,mfcc4_sma3_stddevNorm,-0.006640625000000034,61,False,0.0
speaker_independent,emotion_quadrant,random_forest,rf_permutation,importance,4,jitterLocal_sma3nz_amean,0.003906249999999978,2,True,0.8
speaker_independent,emotion_quadrant,random_forest,rf_permutation,importance,4,jitterLocal_sma3nz_stddevNorm,-1.1102230246251566e-17,10,True,0.2
speaker_independent,emotion_quadrant,random_forest,rf_permutation,importance,4,shimmerLocaldB_sma3nz_amean,-0.007812500000000023,69,False,0.0
speaker_independent,emotion_quadrant,random_forest,rf_permutation,importance,4,shimmerLocaldB_sma3nz_stddevNorm,-0.0037760416666666853,43,False,0.2
speaker_independent,emotion_quadrant,random_forest,rf_permutation,importance,4,HNRdBACF_sma3nz_amean,-0.005208333333333359,51,False,0.2
speaker_independent,emotion_quadrant,random_forest,rf_permutation,importance,4,HNRdBACF_sma3nz_stddevNorm,-0.012369791666666708,85,False,0.2
speaker_independent,emotion_quadrant,random_forest,rf_permutation,importance,4,logRelF0-H1-H2_sma3nz_amean,-0.008984375,72,False,0.0
speaker_independent,emotion_quadrant,random_forest,rf_permutation,importance,4,logRelF0-H1-H2_sma3nz_stddevNorm,-0.002994791666666707,36,False,0.0
speaker_independent,emotion_quadrant,random_forest,rf_permutation,importance,4,logRelF0-H1-A3_sma3nz_amean,-0.007031250000000056,63,False,0.0
speaker_independent,emotion_quadrant,random_forest,rf_permutation,importance,4,logRelF0-H1-A3_sma3nz_stddevNorm,-0.0011718750000000334,18,False,0.0
speaker_independent,emotion_quadrant,random_forest,rf_permutation,importance,4,F1frequency_sma3nz_amean,-0.009765625000000045,75,False,0.2
speaker_independent,emotion_quadrant,random_forest,rf_permutation,importance,4,F1frequency_sma3nz_stddevNorm,-0.0036458333333333815,41,False,0.0
speaker_independent,emotion_quadrant,random_forest,rf_permutation,importance,4,F1bandwidth_sma3nz_amean,-0.0053385416666667075,53,False,0.2
speaker_independent,emotion_quadrant,random_forest,rf_permutation,importance,4,F1bandwidth_sma3nz_stddevNorm,-0.0018229166666666962,22,False,0.2
speaker_independent,emotion_quadrant,random_forest,rf_permutation,importance,4,F1amplitudeLogRelF0_sma3nz_amean,-0.0072916666666667075,65,False,0.2
speaker_independent,emotion_quadrant,random_forest,rf_permutation,importance,4,F1amplitudeLogRelF0_sma3nz_stddevNorm,-0.008463541666666708,71,False,0.0
speaker_independent,emotion_quadrant,random_forest,rf_permutation,importance,4,F2frequency_sma3nz_amean,-0.011848958333333381,84,False,0.0
speaker_independent,emotion_quadrant,random_forest,rf_permutation,importance,4,F2frequency_sma3nz_stddevNorm,-0.005078125000000022,49,False,0.0
speaker_independent,emotion_quadrant,random_forest,rf_permutation,importance,4,F2bandwidth_sma3nz_amean,-0.0028645833333333704,35,False,0.0
speaker_independent,emotion_quadrant,random_forest,rf_permutation,importance,4,F2bandwidth_sma3nz_stddevNorm,-0.0014322916666666852,20,False,0.0
speaker_independent,emotion_quadrant,random_forest,rf_permutation,importance,4,F2amplitudeLogRelF0_sma3nz_amean,-0.0027343750000000445,31,False,0.0
speaker_independent,emotion_quadrant,random_forest,rf_permutation,importance,4,F2amplitudeLogRelF0_sma3nz_stddevNorm,-0.0009114583333333925,16,False,0.0
speaker_independent,emotion_quadrant,random_forest,rf_permutation,importance,4,F3frequency_sma3nz_amean,-0.0014322916666667184,21,False,0.0
speaker_independent,emotion_quadrant,random_forest,rf_permutation,importance,4,F3frequency_sma3nz_stddevNorm,-0.002864583333333359,33,False,0.0
speaker_independent,emotion_quadrant,random_forest,rf_permutation,importance,4,F3bandwidth_sma3nz_amean,-0.0018229166666666962,22,False,0.0
speaker_independent,emotion_quadrant,random_forest,rf_permutation,importance,4,F3bandwidth_sma3nz_stddevNorm,-0.0045572916666666964,46,False,0.0
speaker_independent,emotion_quadrant,random_forest,rf_permutation,importance,4,F3amplitudeLogRelF0_sma3nz_amean,-0.009895833333333381,78,False,0.2
speaker_independent,emotion_quadrant,random_forest,rf_permutation,importance,4,F3amplitudeLogRelF0_sma3nz_stddevNorm,-0.008984375000000022,73,False,0.2
speaker_independent,emotion_quadrant,random_forest,rf_permutation,importance,4,alphaRatioV_sma3nz_amean,-0.0027343750000000445,31,False,0.0
speaker_independent,emotion_quadrant,random_forest,rf_permutation,importance,4,alphaRatioV_sma3nz_stddevNorm,-0.005468750000000045,55,False,0.0
speaker_independent,emotion_quadrant,random_forest,rf_permutation,importance,4,hammarbergIndexV_sma3nz_amean,-0.009895833333333359,77,False,0.0
speaker_independent,emotion_quadrant,random_forest,rf_permutation,importance,4,hammarbergIndexV_sma3nz_stddevNorm,-0.0010416666666667074,17,False,0.0
speaker_independent,emotion_quadrant,random_forest,rf_permutation,importance,4,slopeV0-500_sma3nz_amean,-0.00598958333333337,57,False,0.4
speaker_independent,emotion_quadrant,random_forest,rf_permutation,importance,4,slopeV0-500_sma3nz_stddevNorm,-0.003906250000000044,44,False,0.2
speaker_independent,emotion_quadrant,random_forest,rf_permutation,importance,4,slopeV500-1500_sma3nz_amean,-0.012890625000000034,86,False,0.0
speaker_independent,emotion_quadrant,random_forest,rf_permutation,importance,4,slopeV500-1500_sma3nz_stddevNorm,-0.0049479166666666855,47,False,0.0
speaker_independent,emotion_quadrant,random_forest,rf_permutation,importance,4,spectralFluxV_sma3nz_amean,-0.01171875000000001,83,False,0.6
speaker_independent,emotion_quadrant,random_forest,rf_permutation,importance,4,spectralFluxV_sma3nz_stddevNorm,-0.01302083333333336,87,False,0.4
speaker_independent,emotion_quadrant,random_forest,rf_permutation,importance,4,mfcc1V_sma3nz_amean,-0.014062500000000044,88,False,0.0
speaker_independent,emotion_quadrant,random_forest,rf_permutation,importance,4,mfcc1V_sma3nz_stddevNorm,0.0006510416666666297,8,True,0.4
speaker_independent,emotion_quadrant,random_forest,rf_permutation,importance,4,mfcc2V_sma3nz_amean,-0.002864583333333359,33,False,0.0
speaker_independent,emotion_quadrant,random_forest,rf_permutation,importance,4,mfcc2V_sma3nz_stddevNorm,-0.007682291666666685,67,False,0.0
speaker_independent,emotion_quadrant,random_forest,rf_permutation,importance,4,mfcc3V_sma3nz_amean,-0.0005208333333333592,13,True,0.2
speaker_independent,emotion_quadrant,random_forest,rf_permutation,importance,4,mfcc3V_sma3nz_stddevNorm,0.0016927083333332816,6,True,0.2
speaker_independent,emotion_quadrant,random_forest,rf_permutation,importance,4,mfcc4V_sma3nz_amean,-0.010416666666666675,80,False,0.0
speaker_independent,emotion_quadrant,random_forest,rf_permutation,importance,4,mfcc4V_sma3nz_stddevNorm,-0.0013020833333333703,19,False,0.0
speaker_independent,emotion_quadrant,random_forest,rf_permutation,importance,4,alphaRatioUV_sma3nz_amean,-0.0022135416666667074,26,False,0.0
speaker_independent,emotion_quadrant,random_forest,rf_permutation,importance,4,hammarbergIndexUV_sma3nz_amean,-0.0033854166666666963,39,False,0.2
speaker_independent,emotion_quadrant,random_forest,rf_permutation,importance,4,slopeUV0-500_sma3nz_amean,-0.0033854166666666963,39,False,0.0
speaker_independent,emotion_quadrant,random_forest,rf_permutation,importance,4,slopeUV500-1500_sma3nz_amean,-0.005078125000000022,49,False,0.0
speaker_independent,emotion_quadrant,random_forest,rf_permutation,importance,4,spectralFluxUV_sma3nz_amean,-0.0007812500000000111,15,True,0.2
speaker_independent,emotion_quadrant,random_forest,rf_permutation,importance,4,loudnessPeaksPerSec,-0.004036458333333359,45,False,0.0
speaker_independent,emotion_quadrant,random_forest,rf_permutation,importance,4,VoicedSegmentsPerSec,-0.0023437500000000554,30,False,0.0
speaker_independent,emotion_quadrant,random_forest,rf_permutation,importance,4,MeanVoicedSegmentLengthSec,-0.004947916666666707,48,False,0.2
speaker_independent,emotion_quadrant,random_forest,rf_permutation,importance,4,StddevVoicedSegmentLengthSec,0.0013020833333332814,7,True,0.4
speaker_independent,emotion_quadrant,random_forest,rf_permutation,importance,4,MeanUnvoicedSegmentLength,-0.003125000000000033,38,False,0.4
speaker_independent,emotion_quadrant,random_forest,rf_permutation,importance,4,StddevUnvoicedSegmentLength,-0.008984375000000044,74,False,0.0
speaker_independent,emotion_quadrant,random_forest,rf_permutation,importance,4,equivalentSoundLevel_dBp,-0.009895833333333348,76,False,0.4
speaker_independent,emotion_quadrant,logistic_regression,logreg_coefficient,importance,4,F0semitoneFrom27.5Hz_sma3nz_amean,0.35610803120392875,36,False,0.2
speaker_independent,emotion_quadrant,logistic_regression,logreg_coefficient,importance,4,F0semitoneFrom27.5Hz_sma3nz_stddevNorm,0.25524061464500675,57,False,0.0
speaker_independent,emotion_quadrant,logistic_regression,logreg_coefficient,importance,4,F0semitoneFrom27.5Hz_sma3nz_percentile20.0,0.3365094985868696,44,False,0.2
speaker_independent,emotion_quadrant,logistic_regression,logreg_coefficient,importance,4,F0semitoneFrom27.5Hz_sma3nz_percentile50.0,0.6655775442060134,7,True,0.8
speaker_independent,emotion_quadrant,logistic_regression,logreg_coefficient,importance,4,F0semitoneFrom27.5Hz_sma3nz_percentile80.0,0.2553593625840465,56,False,0.0
speaker_independent,emotion_quadrant,logistic_regression,logreg_coefficient,importance,4,F0semitoneFrom27.5Hz_sma3nz_pctlrange0-2,0.4682713289623892,19,False,0.0
speaker_independent,emotion_quadrant,logistic_regression,logreg_coefficient,importance,4,F0semitoneFrom27.5Hz_sma3nz_meanRisingSlope,0.3271752339938343,47,False,0.0
speaker_independent,emotion_quadrant,logistic_regression,logreg_coefficient,importance,4,F0semitoneFrom27.5Hz_sma3nz_stddevRisingSlope,0.25973901923694387,54,False,0.0
speaker_independent,emotion_quadrant,logistic_regression,logreg_coefficient,importance,4,F0semitoneFrom27.5Hz_sma3nz_meanFallingSlope,0.12617065632229935,80,False,0.0
speaker_independent,emotion_quadrant,logistic_regression,logreg_coefficient,importance,4,F0semitoneFrom27.5Hz_sma3nz_stddevFallingSlope,0.5096723247889663,14,True,0.6
speaker_independent,emotion_quadrant,logistic_regression,logreg_coefficient,importance,4,loudness_sma3_amean,0.3448090203534765,40,False,0.2
speaker_independent,emotion_quadrant,logistic_regression,logreg_coefficient,importance,4,loudness_sma3_stddevNorm,0.2817430848335036,51,False,0.0
speaker_independent,emotion_quadrant,logistic_regression,logreg_coefficient,importance,4,loudness_sma3_percentile20.0,0.18071910104101113,66,False,0.2
speaker_independent,emotion_quadrant,logistic_regression,logreg_coefficient,importance,4,loudness_sma3_percentile50.0,0.5774131631707602,12,True,0.8
speaker_independent,emotion_quadrant,logistic_regression,logreg_coefficient,importance,4,loudness_sma3_percentile80.0,0.3474736606261477,38,False,0.0
speaker_independent,emotion_quadrant,logistic_regression,logreg_coefficient,importance,4,loudness_sma3_pctlrange0-2,0.41700313136748746,28,False,0.2
speaker_independent,emotion_quadrant,logistic_regression,logreg_coefficient,importance,4,loudness_sma3_meanRisingSlope,0.6499089968441558,9,True,1.0
speaker_independent,emotion_quadrant,logistic_regression,logreg_coefficient,importance,4,loudness_sma3_stddevRisingSlope,0.17925459460167786,68,False,0.0
speaker_independent,emotion_quadrant,logistic_regression,logreg_coefficient,importance,4,loudness_sma3_meanFallingSlope,0.5047910102687538,17,False,0.0
speaker_independent,emotion_quadrant,logistic_regression,logreg_coefficient,importance,4,loudness_sma3_stddevFallingSlope,0.34647830330959467,39,False,0.0
speaker_independent,emotion_quadrant,logistic_regression,logreg_coefficient,importance,4,spectralFlux_sma3_amean,0.11605206091638645,81,False,0.0
speaker_independent,emotion_quadrant,logistic_regression,logreg_coefficient,importance,4,spectralFlux_sma3_stddevNorm,0.13687084687663906,77,False,0.2
speaker_independent,emotion_quadrant,logistic_regression,logreg_coefficient,importance,4,mfcc1_sma3_amean,0.4484281134396947,22,False,0.0
speaker_independent,emotion_quadrant,logistic_regression,logreg_coefficient,importance,4,mfcc1_sma3_stddevNorm,0.41159374422984085,30,False,0.2
speaker_independent,emotion_quadrant,logistic_regression,logreg_coefficient,importance,4,mfcc2_sma3_amean,0.4211497507281047,27,False,0.2
speaker_independent,emotion_quadrant,logistic_regression,logreg_coefficient,importance,4,mfcc2_sma3_stddevNorm,0.3290280755666742,46,False,0.0
speaker_independent,emotion_quadrant,logistic_regression,logreg_coefficient,importance,4,mfcc3_sma3_amean,0.5671940159807825,13,True,0.8
speaker_independent,emotion_quadrant,logistic_regression,logreg_coefficient,importance,4,mfcc3_sma3_stddevNorm,0.19890300302023678,63,False,0.0
speaker_independent,emotion_quadrant,logistic_regression,logreg_coefficient,importance,4,mfcc4_sma3_amean,0.37836979056271763,32,False,0.0
speaker_independent,emotion_quadrant,logistic_regression,logreg_coefficient,importance,4,mfcc4_sma3_stddevNorm,0.04277619648869163,88,False,0.0
speaker_independent,emotion_quadrant,logistic_regression,logreg_coefficient,importance,4,jitterLocal_sma3nz_amean,0.3707324147868559,34,False,0.0
speaker_independent,emotion_quadrant,logistic_regression,logreg_coefficient,importance,4,jitterLocal_sma3nz_stddevNorm,0.16959277162422798,71,False,0.0
speaker_independent,emotion_quadrant,logistic_regression,logreg_coefficient,importance,4,shimmerLocaldB_sma3nz_amean,0.18114606080227252,65,False,0.0
speaker_independent,emotion_quadrant,logistic_regression,logreg_coefficient,importance,4,shimmerLocaldB_sma3nz_stddevNorm,0.15788137080199546,73,False,0.0
speaker_independent,emotion_quadrant,logistic_regression,logreg_coefficient,importance,4,HNRdBACF_sma3nz_amean,0.891202948673239,2,True,1.0
speaker_independent,emotion_quadrant,logistic_regression,logreg_coefficient,importance,4,HNRdBACF_sma3nz_stddevNorm,0.3201257395244623,48,False,0.0
speaker_independent,emotion_quadrant,logistic_regression,logreg_coefficient,importance,4,logRelF0-H1-H2_sma3nz_amean,0.2275130167828588,60,False,0.0
speaker_independent,emotion_quadrant,logistic_regression,logreg_coefficient,importance,4,logRelF0-H1-H2_sma3nz_stddevNorm,0.05853976323014607,86,False,0.0
speaker_independent,emotion_quadrant,logistic_regression,logreg_coefficient,importance,4,logRelF0-H1-A3_sma3nz_amean,0.5075337408793617,15,True,0.4
speaker_independent,emotion_quadrant,logistic_regression,logreg_coefficient,importance,4,logRelF0-H1-A3_sma3nz_stddevNorm,0.2796043184882476,52,False,0.0
speaker_independent,emotion_quadrant,logistic_regression,logreg_coefficient,importance,4,F1frequency_sma3nz_amean,0.6530905824715552,8,True,0.8
speaker_independent,emotion_quadrant,logistic_regression,logreg_coefficient,importance,4,F1frequency_sma3nz_stddevNorm,0.16976392172252644,70,False,0.0
speaker_independent,emotion_quadrant,logistic_regression,logreg_coefficient,importance,4,F1bandwidth_sma3nz_amean,0.3367685740993005,43,False,0.0
speaker_independent,emotion_quadrant,logistic_regression,logreg_coefficient,importance,4,F1bandwidth_sma3nz_stddevNorm,0.3364260596641344,45,False,0.0
speaker_independent,emotion_quadrant,logistic_regression,logreg_coefficient,importance,4,F1amplitudeLogRelF0_sma3nz_amean,0.782007892790783,3,True,1.0
speaker_independent,emotion_quadrant,logistic_regression,logreg_coefficient,importance,4,F1amplitudeLogRelF0_sma3nz_stddevNorm,0.6908093489674315,5,True,0.2
speaker_independent,emotion_quadrant,logistic_regression,logreg_coefficient,importance,4,F2frequency_sma3nz_amean,0.5073240244990201,16,False,0.2
speaker_independent,emotion_quadrant,logistic_regression,logreg_coefficient,importance,4,F2frequency_sma3nz_stddevNorm,0.1801405478236335,67,False,0.0
speaker_independent,emotion_quadrant,logistic_regression,logreg_coefficient,importance,4,F2bandwidth_sma3nz_amean,0.13176210929997906,79,False,0.0
speaker_independent,emotion_quadrant,logistic_regression,logreg_coefficient,importance,4,F2bandwidth_sma3nz_stddevNorm,0.08198145027923036,83,False,0.0
speaker_independent,emotion_quadrant,logistic_regression,logreg_coefficient,importance,4,F2amplitudeLogRelF0_sma3nz_amean,0.13925840991981273,76,False,0.2
speaker_independent,emotion_quadrant,logistic_regression,logreg_coefficient,importance,4,F2amplitudeLogRelF0_sma3nz_stddevNorm,0.4504258355115976,21,False,0.0
speaker_independent,emotion_quadrant,logistic_regression,logreg_coefficient,importance,4,F3frequency_sma3nz_amean,0.6164947747711376,10,True,0.8
speaker_independent,emotion_quadrant,logistic_regression,logreg_coefficient,importance,4,F3frequency_sma3nz_stddevNorm,0.1354692578735458,78,False,0.0
speaker_independent,emotion_quadrant,logistic_regression,logreg_coefficient,importance,4,F3bandwidth_sma3nz_amean,0.21220471270929628,61,False,0.0
speaker_independent,emotion_quadrant,logistic_regression,logreg_coefficient,importance,4,F3bandwidth_sma3nz_stddevNorm,0.1959372722023961,64,False,0.0
speaker_independent,emotion_quadrant,logistic_regression,logreg_coefficient,importance,4,F3amplitudeLogRelF0_sma3nz_amean,0.2559661491771372,55,False,0.0
speaker_independent,emotion_quadrant,logistic_regression,logreg_coefficient,importance,4,F3amplitudeLogRelF0_sma3nz_stddevNorm,0.3695442149095637,35,False,0.4
speaker_independent,emotion_quadrant,logistic_regression,logreg_coefficient,importance,4,alphaRatioV_sma3nz_amean,0.4279417595068782,26,False,0.4
speaker_independent,emotion_quadrant,logistic_regression,logreg_coefficient,importance,4,alphaRatioV_sma3nz_stddevNorm,0.0686865337021922,84,False,0.0
speaker_independent,emotion_quadrant,logistic_regression,logreg_coefficient,importance,4,hammarbergIndexV_sma3nz_amean,0.33706254943691494,42,False,0.2
speaker_independent,emotion_quadrant,logistic_regression,logreg_coefficient,importance,4,hammarbergIndexV_sma3nz_stddevNorm,0.4165848133966943,29,False,0.0
speaker_independent,emotion_quadrant,logistic_regression,logreg_coefficient,importance,4,slopeV0-500_sma3nz_amean,0.4291329218302381,25,False,0.0
speaker_independent,emotion_quadrant,logistic_regression,logreg_coefficient,importance,4,slopeV0-500_sma3nz_stddevNorm,0.05915725150790248,85,False,0.0
speaker_independent,emotion_quadrant,logistic_regression,logreg_coefficient,importance,4,slopeV500-1500_sma3nz_amean,0.4545186892983627,20,False,0.0
speaker_independent,emotion_quadrant,logistic_regression,logreg_coefficient,importance,4,slopeV500-1500_sma3nz_stddevNorm,0.43389971631960944,24,False,0.0
speaker_independent,emotion_quadrant,logistic_regression,logreg_coefficient,importance,4,spectralFluxV_sma3nz_amean,0.31820043708877144,49,False,0.0
speaker_independent,emotion_quadrant,logistic_regression,logreg_coefficient,importance,4,spectralFluxV_sma3nz_stddevNorm,0.167925152950441,72,False,0.0
speaker_independent,emotion_quadrant,logistic_regression,logreg_coefficient,importance,4,mfcc1V_sma3nz_amean,0.3542747769263185,37,False,0.0
speaker_independent,emotion_quadrant,logistic_regression,logreg_coefficient,importance,4,mfcc1V_sma3nz_stddevNorm,0.05133225306490527,87,False,0.0
speaker_independent,emotion_quadrant,logistic_regression,logreg_coefficient,importance,4,mfcc2V_sma3nz_amean,0.6786963580935709,6,True,0.6
speaker_independent,emotion_quadrant,logistic_regression,logreg_coefficient,importance,4,mfcc2V_sma3nz_stddevNorm,0.14406134741686322,75,False,0.0
speaker_independent,emotion_quadrant,logistic_regression,logreg_coefficient,importance,4,mfcc3V_sma3nz_amean,0.1484825274287349,74,False,0.0
speaker_independent,emotion_quadrant,logistic_regression,logreg_coefficient,importance,4,mfcc3V_sma3nz_stddevNorm,0.2604790054390501,53,False,0.0
speaker_independent,emotion_quadrant,logistic_regression,logreg_coefficient,importance,4,mfcc4V_sma3nz_amean,0.3862274669882566,31,False,0.0
speaker_independent,emotion_quadrant,logistic_regression,logreg_coefficient,importance,4,mfcc4V_sma3nz_stddevNorm,0.08329040146554195,82,False,0.0
speaker_independent,emotion_quadrant,logistic_regression,logreg_coefficient,importance,4,alphaRatioUV_sma3nz_amean,0.6023024778495216,11,True,1.0
speaker_independent,emotion_quadrant,logistic_regression,logreg_coefficient,importance,4,hammarbergIndexUV_sma3nz_amean,0.6924611982694475,4,True,1.0
speaker_independent,emotion_quadrant,logistic_regression,logreg_coefficient,importance,4,slopeUV0-500_sma3nz_amean,0.2890686025222511,50,False,0.0
speaker_independent,emotion_quadrant,logistic_regression,logreg_coefficient,importance,4,slopeUV500-1500_sma3nz_amean,0.43685311885033307,23,False,0.0
speaker_independent,emotion_quadrant,logistic_regression,logreg_coefficient,importance,4,spectralFluxUV_sma3nz_amean,0.48662817184503104,18,False,0.2
speaker_independent,emotion_quadrant,logistic_regression,logreg_coefficient,importance,4,loudnessPeaksPerSec,0.17436557527676122,69,False,0.0
speaker_independent,emotion_quadrant,logistic_regression,logreg_coefficient,importance,4,VoicedSegmentsPerSec,0.33813348679386596,41,False,0.0
speaker_independent,emotion_quadrant,logistic_regression,logreg_coefficient,importance,4,MeanVoicedSegmentLengthSec,0.2401950012884124,58,False,0.0
speaker_independent,emotion_quadrant,logistic_regression,logreg_coefficient,importance,4,StddevVoicedSegmentLengthSec,0.23077827246160965,59,False,0.0
speaker_independent,emotion_quadrant,logistic_regression,logreg_coefficient,importance,4,MeanUnvoicedSegmentLength,0.20734586851569128,62,False,0.0
speaker_independent,emotion_quadrant,logistic_regression,logreg_coefficient,importance,4,StddevUnvoicedSegmentLength,0.3781711672192898,33,False,0.0
speaker_independent,emotion_quadrant,logistic_regression,logreg_coefficient,importance,4,equivalentSoundLevel_dBp,0.9250619634791353,1,True,1.0
speaker_independent,emotion_original_eval_quadrant,random_forest,rf_impurity,importance,0,F0semitoneFrom27.5Hz_sma3nz_amean,0.010819574752673958,37,False,0.0
speaker_independent,emotion_original_eval_quadrant,random_forest,rf_impurity,importance,0,F0semitoneFrom27.5Hz_sma3nz_stddevNorm,0.015904636224012763,12,True,1.0
speaker_independent,emotion_original_eval_quadrant,random_forest,rf_impurity,importance,0,F0semitoneFrom27.5Hz_sma3nz_percentile20.0,0.012883241102426718,20,False,0.0
speaker_independent,emotion_original_eval_quadrant,random_forest,rf_impurity,importance,0,F0semitoneFrom27.5Hz_sma3nz_percentile50.0,0.009733438434167031,49,False,0.0
speaker_independent,emotion_original_eval_quadrant,random_forest,rf_impurity,importance,0,F0semitoneFrom27.5Hz_sma3nz_percentile80.0,0.010406751869944116,40,False,0.0
speaker_independent,emotion_original_eval_quadrant,random_forest,rf_impurity,importance,0,F0semitoneFrom27.5Hz_sma3nz_pctlrange0-2,0.021313199251366245,3,True,1.0
speaker_independent,emotion_original_eval_quadrant,random_forest,rf_impurity,importance,0,F0semitoneFrom27.5Hz_sma3nz_meanRisingSlope,0.009160784605281806,57,False,0.0
speaker_independent,emotion_original_eval_quadrant,random_forest,rf_impurity,importance,0,F0semitoneFrom27.5Hz_sma3nz_stddevRisingSlope,0.00789506278639379,76,False,0.0
speaker_independent,emotion_original_eval_quadrant,random_forest,rf_impurity,importance,0,F0semitoneFrom27.5Hz_sma3nz_meanFallingSlope,0.011485885953199432,30,False,0.0
speaker_independent,emotion_original_eval_quadrant,random_forest,rf_impurity,importance,0,F0semitoneFrom27.5Hz_sma3nz_stddevFallingSlope,0.018128423696886387,10,True,1.0
speaker_independent,emotion_original_eval_quadrant,random_forest,rf_impurity,importance,0,loudness_sma3_amean,0.014417828390576407,18,False,0.8
speaker_independent,emotion_original_eval_quadrant,random_forest,rf_impurity,importance,0,loudness_sma3_stddevNorm,0.011778017895476183,24,False,0.0
speaker_independent,emotion_original_eval_quadrant,random_forest,rf_impurity,importance,0,loudness_sma3_percentile20.0,0.009826509440754564,48,False,0.0
speaker_independent,emotion_original_eval_quadrant,random_forest,rf_impurity,importance,0,loudness_sma3_percentile50.0,0.015257064772788917,13,True,0.4
speaker_independent,emotion_original_eval_quadrant,random_forest,rf_impurity,importance,0,loudness_sma3_percentile80.0,0.018681453990233313,9,True,1.0
speaker_independent,emotion_original_eval_quadrant,random_forest,rf_impurity,importance,0,loudness_sma3_pctlrange0-2,0.021232296995136842,4,True,1.0
speaker_independent,emotion_original_eval_quadrant,random_forest,rf_impurity,importance,0,loudness_sma3_meanRisingSlope,0.01674501214904744,11,True,1.0
speaker_independent,emotion_original_eval_quadrant,random_forest,rf_impurity,importance,0,loudness_sma3_stddevRisingSlope,0.011819354102768286,23,False,0.4
speaker_independent,emotion_original_eval_quadrant,random_forest,rf_impurity,importance,0,loudness_sma3_meanFallingSlope,0.020955016249852534,5,True,1.0
speaker_independent,emotion_original_eval_quadrant,random_forest,rf_impurity,importance,0,loudness_sma3_stddevFallingSlope,0.014731723321453304,16,False,0.0
speaker_independent,emotion_original_eval_quadrant,random_forest,rf_impurity,importance,0,spectralFlux_sma3_amean,0.020114544765713456,8,True,1.0
speaker_independent,emotion_original_eval_quadrant,random_forest,rf_impurity,importance,0,spectralFlux_sma3_stddevNorm,0.007977245770331497,74,False,0.0
speaker_independent,emotion_original_eval_quadrant,random_forest,rf_impurity,importance,0,mfcc1_sma3_amean,0.009837576572498586,47,False,0.0
speaker_independent,emotion_original_eval_quadrant,random_forest,rf_impurity,importance,0,mfcc1_sma3_stddevNorm,0.010178321752147142,43,False,0.0
speaker_independent,emotion_original_eval_quadrant,random_forest,rf_impurity,importance,0,mfcc2_sma3_amean,0.008503084818040444,64,False,0.0
speaker_independent,emotion_original_eval_quadrant,random_forest,rf_impurity,importance,0,mfcc2_sma3_stddevNorm,0.008584258936446352,62,False,0.0
speaker_independent,emotion_original_eval_quadrant,random_forest,rf_impurity,importance,0,mfcc3_sma3_amean,0.007456605964451973,83,False,0.0
speaker_independent,emotion_original_eval_quadrant,random_forest,rf_impurity,importance,0,mfcc3_sma3_stddevNorm,0.00821715140183759,70,False,0.0
speaker_independent,emotion_original_eval_quadrant,random_forest,rf_impurity,importance,0,mfcc4_sma3_amean,0.009627173350560904,53,False,0.0
speaker_independent,emotion_original_eval_quadrant,random_forest,rf_impurity,importance,0,mfcc4_sma3_stddevNorm,0.010068991393831685,45,False,0.0
speaker_independent,emotion_original_eval_quadrant,random_forest,rf_impurity,importance,0,jitterLocal_sma3nz_amean,0.022670686669363352,2,True,1.0
speaker_independent,emotion_original_eval_quadrant,random_forest,rf_impurity,importance,0,jitterLocal_sma3nz_stddevNorm,0.007993535598543784,73,False,0.0
speaker_independent,emotion_original_eval_quadrant,random_forest,rf_impurity,importance,0,shimmerLocaldB_sma3nz_amean,0.011478056226958243,31,False,0.0
speaker_independent,emotion_original_eval_quadrant,random_forest,rf_impurity,importance,0,shimmerLocaldB_sma3nz_stddevNorm,0.015023970541830635,15,True,0.4
speaker_independent,emotion_original_eval_quadrant,random_forest,rf_impurity,importance,0,HNRdBACF_sma3nz_amean,0.020299702911105028,7,True,0.8
speaker_independent,emotion_original_eval_quadrant,random_forest,rf_impurity,importance,0,HNRdBACF_sma3nz_stddevNorm,0.02040609638060293,6,True,1.0
speaker_independent,emotion_original_eval_quadrant,random_forest,rf_impurity,importance,0,logRelF0-H1-H2_sma3nz_amean,0.009215208579349337,56,False,0.0
speaker_independent,emotion_original_eval_quadrant,random_forest,rf_impurity,importance,0,logRelF0-H1-H2_sma3nz_stddevNorm,0.009838877507287576,46,False,0.0
speaker_independent,emotion_original_eval_quadrant,random_forest,rf_impurity,importance,0,logRelF0-H1-A3_sma3nz_amean,0.011636696036421552,29,False,0.0
speaker_independent,emotion_original_eval_quadrant,random_forest,rf_impurity,importance,0,logRelF0-H1-A3_sma3nz_stddevNorm,0.007327033071910657,85,False,0.0
speaker_independent,emotion_original_eval_quadrant,random_forest,rf_impurity,importance,0,F1frequency_sma3nz_amean,0.011696085187237438,26,False,0.0
speaker_independent,emotion_original_eval_quadrant,random_forest,rf_impurity,importance,0,F1frequency_sma3nz_stddevNorm,0.007679366400389862,80,False,0.0
speaker_independent,emotion_original_eval_quadrant,random_forest,rf_impurity,importance,0,F1bandwidth_sma3nz_amean,0.008123025221667567,72,False,0.0
speaker_independent,emotion_original_eval_quadrant,random_forest,rf_impurity,importance,0,F1bandwidth_sma3nz_stddevNorm,0.008602276719002353,61,False,0.0
speaker_independent,emotion_original_eval_quadrant,random_forest,rf_impurity,importance,0,F1amplitudeLogRelF0_sma3nz_amean,0.00830118687519289,67,False,0.0
speaker_independent,emotion_original_eval_quadrant,random_forest,rf_impurity,importance,0,F1amplitudeLogRelF0_sma3nz_stddevNorm,0.009287488568936644,54,False,0.0
speaker_independent,emotion_original_eval_quadrant,random_forest,rf_impurity,importance,0,F2frequency_sma3nz_amean,0.011685385550649744,27,False,0.0
speaker_independent,emotion_original_eval_quadrant,random_forest,rf_impurity,importance,0,F2frequency_sma3nz_stddevNorm,0.00835808984390448,66,False,0.0
speaker_independent,emotion_original_eval_quadrant,random_forest,rf_impurity,importance,0,F2bandwidth_sma3nz_amean,0.006836594618291825,88,False,0.0
speaker_independent,emotion_original_eval_quadrant,random_forest,rf_impurity,importance,0,F2bandwidth_sma3nz_stddevNorm,0.007504097544399319,82,False,0.0
speaker_independent,emotion_original_eval_quadrant,random_forest,rf_impurity,importance,0,F2amplitudeLogRelF0_sma3nz_amean,0.011119404853376537,35,False,0.0
speaker_independent,emotion_original_eval_quadrant,random_forest,rf_impurity,importance,0,F2amplitudeLogRelF0_sma3nz_stddevNorm,0.011103260791384266,36,False,0.0
speaker_independent,emotion_original_eval_quadrant,random_forest,rf_impurity,importance,0,F3frequency_sma3nz_amean,0.010700434532706634,38,False,0.0
speaker_independent,emotion_original_eval_quadrant,random_forest,rf_impurity,importance,0,F3frequency_sma3nz_stddevNorm,0.008276545313555934,69,False,0.0
speaker_independent,emotion_original_eval_quadrant,random_forest,rf_impurity,importance,0,F3bandwidth_sma3nz_amean,0.00700940138687862,87,False,0.0
speaker_independent,emotion_original_eval_quadrant,random_forest,rf_impurity,importance,0,F3bandwidth_sma3nz_stddevNorm,0.007813623207023775,78,False,0.0
speaker_independent,emotion_original_eval_quadrant,random_forest,rf_impurity,importance,0,F3amplitudeLogRelF0_sma3nz_amean,0.010200222800675847,42,False,0.0
speaker_independent,emotion_original_eval_quadrant,random_forest,rf_impurity,importance,0,F3amplitudeLogRelF0_sma3nz_stddevNorm,0.014583069177433326,17,False,0.2
speaker_independent,emotion_original_eval_quadrant,random_forest,rf_impurity,importance,0,alphaRatioV_sma3nz_amean,0.009720322702424357,50,False,0.0
speaker_independent,emotion_original_eval_quadrant,random_forest,rf_impurity,importance,0,alphaRatioV_sma3nz_stddevNorm,0.011126682705081584,34,False,0.0
speaker_independent,emotion_original_eval_quadrant,random_forest,rf_impurity,importance,0,hammarbergIndexV_sma3nz_amean,0.010563388529622067,39,False,0.0
speaker_independent,emotion_original_eval_quadrant,random_forest,rf_impurity,importance,0,hammarbergIndexV_sma3nz_stddevNorm,0.012598602124787429,21,False,0.0
speaker_independent,emotion_original_eval_quadrant,random_forest,rf_impurity,importance,0,slopeV0-500_sma3nz_amean,0.0096779047427648,51,False,0.0
speaker_independent,emotion_original_eval_quadrant,random_forest,rf_impurity,importance,0,slopeV0-500_sma3nz_stddevNorm,0.007852538174728606,77,False,0.0
speaker_independent,emotion_original_eval_quadrant,random_forest,rf_impurity,importance,0,slopeV500-1500_sma3nz_amean,0.011209673634599416,33,False,0.0
speaker_independent,emotion_original_eval_quadrant,random_forest,rf_impurity,importance,0,slopeV500-1500_sma3nz_stddevNorm,0.010225609018521882,41,False,0.0
speaker_independent,emotion_original_eval_quadrant,random_forest,rf_impurity,importance,0,spectralFluxV_sma3nz_amean,0.025797674819395378,1,True,1.0
speaker_independent,emotion_original_eval_quadrant,random_forest,rf_impurity,importance,0,spectralFluxV_sma3nz_stddevNorm,0.011382165956420578,32,False,0.0
speaker_independent,emotion_original_eval_quadrant,random_forest,rf_impurity,importance,0,mfcc1V_sma3nz_amean,0.011771492867405113,25,False,0.0
speaker_independent,emotion_original_eval_quadrant,random_forest,rf_impurity,importance,0,mfcc1V_sma3nz_stddevNorm,0.008278135783713515,68,False,0.0
speaker_independent,emotion_original_eval_quadrant,random_forest,rf_impurity,importance,0,mfcc2V_sma3nz_amean,0.010154804196403744,44,False,0.0
speaker_independent,emotion_original_eval_quadrant,random_forest,rf_impurity,importance,0,mfcc2V_sma3nz_stddevNorm,0.008547755835804388,63,False,0.0
speaker_independent,emotion_original_eval_quadrant,random_forest,rf_impurity,importance,0,mfcc3V_sma3nz_amean,0.00759208847570701,81,False,0.0
speaker_independent,emotion_original_eval_quadrant,random_forest,rf_impurity,importance,0,mfcc3V_sma3nz_stddevNorm,0.007152616038764537,86,False,0.0
speaker_independent,emotion_original_eval_quadrant,random_forest,rf_impurity,importance,0,mfcc4V_sma3nz_amean,0.0096577153107672,52,False,0.0
speaker_independent,emotion_original_eval_quadrant,random_forest,rf_impurity,importance,0,mfcc4V_sma3nz_stddevNorm,0.009036425586928663,58,False,0.0
speaker_independent,emotion_original_eval_quadrant,random_forest,rf_impurity,importance,0,alphaRatioUV_sma3nz_amean,0.008424210243001388,65,False,0.0
speaker_independent,emotion_original_eval_quadrant,random_forest,rf_impurity,importance,0,hammarbergIndexUV_sma3nz_amean,0.007905995376591417,75,False,0.0
speaker_independent,emotion_original_eval_quadrant,random_forest,rf_impurity,importance,0,slopeUV0-500_sma3nz_amean,0.007441823304859475,84,False,0.0
speaker_independent,emotion_original_eval_quadrant,random_forest,rf_impurity,importance,0,slopeUV500-1500_sma3nz_amean,0.008936810949251561,59,False,0.0
speaker_independent,emotion_original_eval_quadrant,random_forest,rf_impurity,importance,0,spectralFluxUV_sma3nz_amean,0.015044421059233756,14,True,0.2
speaker_independent,emotion_original_eval_quadrant,random_forest,rf_impurity,importance,0,loudnessPeaksPerSec,0.011648121136444409,28,False,0.0
speaker_independent,emotion_original_eval_quadrant,random_forest,rf_impurity,importance,0,VoicedSegmentsPerSec,0.008194005132944477,71,False,0.0
speaker_independent,emotion_original_eval_quadrant,random_forest,rf_impurity,importance,0,MeanVoicedSegmentLengthSec,0.007702516664523787,79,False,0.0
speaker_independent,emotion_original_eval_quadrant,random_forest,rf_impurity,importance,0,StddevVoicedSegmentLengthSec,0.008720396048471355,60,False,0.0
speaker_independent,emotion_original_eval_quadrant,random_forest,rf_impurity,importance,0,MeanUnvoicedSegmentLength,0.011949563900534223,22,False,0.0
speaker_independent,emotion_original_eval_quadrant,random_forest,rf_impurity,importance,0,StddevUnvoicedSegmentLength,0.009259467718197818,55,False,0.0
speaker_independent,emotion_original_eval_quadrant,random_forest,rf_impurity,importance,0,equivalentSoundLevel_dBp,0.013917419135726349,19,False,0.8
speaker_independent,emotion_original_eval_quadrant,random_forest,rf_permutation,importance,0,F0semitoneFrom27.5Hz_sma3nz_amean,-0.014453125,76,False,0.0
speaker_independent,emotion_original_eval_quadrant,random_forest,rf_permutation,importance,0,F0semitoneFrom27.5Hz_sma3nz_stddevNorm,-0.00546875,30,False,0.2
speaker_independent,emotion_original_eval_quadrant,random_forest,rf_permutation,importance,0,F0semitoneFrom27.5Hz_sma3nz_percentile20.0,-0.00625,37,False,0.2
speaker_independent,emotion_original_eval_quadrant,random_forest,rf_permutation,importance,0,F0semitoneFrom27.5Hz_sma3nz_percentile50.0,-0.01171875,68,False,0.2
speaker_independent,emotion_original_eval_quadrant,random_forest,rf_permutation,importance,0,F0semitoneFrom27.5Hz_sma3nz_percentile80.0,-0.009375,58,False,0.2
speaker_independent,emotion_original_eval_quadrant,random_forest,rf_permutation,importance,0,F0semitoneFrom27.5Hz_sma3nz_pctlrange0-2,-0.009765625,63,False,0.8
speaker_independent,emotion_original_eval_quadrant,random_forest,rf_permutation,importance,0,F0semitoneFrom27.5Hz_sma3nz_meanRisingSlope,-0.0078125,47,False,0.0
speaker_independent,emotion_original_eval_quadrant,random_forest,rf_permutation,importance,0,F0semitoneFrom27.5Hz_sma3nz_stddevRisingSlope,0.0,3,True,0.2
speaker_independent,emotion_original_eval_quadrant,random_forest,rf_permutation,importance,0,F0semitoneFrom27.5Hz_sma3nz_meanFallingSlope,-0.00703125,40,False,0.4
speaker_independent,emotion_original_eval_quadrant,random_forest,rf_permutation,importance,0,F0semitoneFrom27.5Hz_sma3nz_stddevFallingSlope,-0.0140625,75,False,0.6
speaker_independent,emotion_original_eval_quadrant,random_forest,rf_permutation,importance,0,loudness_sma3_amean,-0.009375,58,False,0.0
speaker_independent,emotion_original_eval_quadrant,random_forest,rf_permutation,importance,0,loudness_sma3_stddevNorm,-0.0078125,47,False,0.2
speaker_independent,emotion_original_eval_quadrant,random_forest,rf_permutation,importance,0,loudness_sma3_percentile20.0,-0.003515625,15,True,0.4
speaker_independent,emotion_original_eval_quadrant,random_forest,rf_permutation,importance,0,loudness_sma3_percentile50.0,-0.016015625,78,False,0.0
speaker_independent,emotion_original_eval_quadrant,random_forest,rf_permutation,importance,0,loudness_sma3_percentile80.0,-0.017578125,83,False,0.2
speaker_independent,emotion_original_eval_quadrant,random_forest,rf_permutation,importance,0,loudness_sma3_pctlrange0-2,-0.016015625,78,False,0.2
speaker_independent,emotion_original_eval_quadrant,random_forest,rf_permutation,importance,0,loudness_sma3_meanRisingSlope,-0.01015625,64,False,0.2
speaker_independent,emotion_original_eval_quadrant,random_forest,rf_permutation,importance,0,loudness_sma3_stddevRisingSlope,-0.012890625,72,False,0.4
speaker_independent,emotion_original_eval_quadrant,random_forest,rf_permutation,importance,0,loudness_sma3_meanFallingSlope,-0.001953125,9,True,0.2
speaker_independent,emotion_original_eval_quadrant,random_forest,rf_permutation,importance,0,loudness_sma3_stddevFallingSlope,-0.00625,37,False,0.0
speaker_independent,emotion_original_eval_quadrant,random_forest,rf_permutation,importance,0,spectralFlux_sma3_amean,-0.012890625,72,False,0.0
speaker_independent,emotion_original_eval_quadrant,random_forest,rf_permutation,importance,0,spectralFlux_sma3_stddevNorm,-0.0015625,7,True,0.2
speaker_independent,emotion_original_eval_quadrant,random_forest,rf_permutation,importance,0,mfcc1_sma3_amean,-0.00234375,11,True,0.6
speaker_independent,emotion_original_eval_quadrant,random_forest,rf_permutation,importance,0,mfcc1_sma3_stddevNorm,-0.005078125,28,False,0.2
speaker_independent,emotion_original_eval_quadrant,random_forest,rf_permutation,importance,0,mfcc2_sma3_amean,-0.00703125,40,False,0.0
speaker_independent,emotion_original_eval_quadrant,random_forest,rf_permutation,importance,0,mfcc2_sma3_stddevNorm,0.0,3,True,0.2
speaker_independent,emotion_original_eval_quadrant,random_forest,rf_permutation,importance,0,mfcc3_sma3_amean,-0.0015625,7,True,0.2
speaker_independent,emotion_original_eval_quadrant,random_forest,rf_permutation,importance,0,mfcc3_sma3_stddevNorm,-0.00859375,53,False,0.0
speaker_independent,emotion_original_eval_quadrant,random_forest,rf_permutation,importance,0,mfcc4_sma3_amean,-0.017578125,83,False,0.2
speaker_independent,emotion_original_eval_quadrant,random_forest,rf_permutation,importance,0,mfcc4_sma3_stddevNorm,-0.00703125,40,False,0.2
speaker_independent,emotion_original_eval_quadrant,random_forest,rf_permutation,importance,0,jitterLocal_sma3nz_amean,-0.019921875,86,False,0.2
speaker_independent,emotion_original_eval_quadrant,random_forest,rf_permutation,importance,0,jitterLocal_sma3nz_stddevNorm,-0.003515625,15,True,0.2
speaker_independent,emotion_original_eval_quadrant,random_forest,rf_permutation,importance,0,shimmerLocaldB_sma3nz_amean,-0.00546875,30,False,0.0
speaker_independent,emotion_original_eval_quadrant,random_forest,rf_permutation,importance,0,shimmerLocaldB_sma3nz_stddevNorm,-0.01015625,64,False,0.0
speaker_independent,emotion_original_eval_quadrant,random_forest,rf_permutation,importance,0,HNRdBACF_sma3nz_amean,-0.014453125,76,False,0.2
speaker_independent,emotion_original_eval_quadrant,random_forest,rf_permutation,importance,0,HNRdBACF_sma3nz_stddevNorm,-0.003125,13,True,0.4
speaker_independent,emotion_original_eval_quadrant,random_forest,rf_permutation,importance,0,logRelF0-H1-H2_sma3nz_amean,-0.00859375,53,False,0.2
speaker_independent,emotion_original_eval_quadrant,random_forest,rf_permutation,importance,0,logRelF0-H1-H2_sma3nz_stddevNorm,-0.003515625,15,True,0.6
speaker_independent,emotion_original_eval_quadrant,random_forest,rf_permutation,importance,0,logRelF0-H1-A3_sma3nz_amean,-0.007421875,44,False,0.0
speaker_independent,emotion_original_eval_quadrant,random_forest,rf_permutation,importance,0,logRelF0-H1-A3_sma3nz_stddevNorm,-0.009375,58,False,0.0
speaker_independent,emotion_original_eval_quadrant,random_forest,rf_permutation,importance,0,F1frequency_sma3nz_amean,-0.003515625,15,True,0.4
speaker_independent,emotion_original_eval_quadrant,random_forest,rf_permutation,importance,0,F1frequency_sma3nz_stddevNorm,-0.00546875,30,False,0.2
speaker_independent,emotion_original_eval_quadrant,random_forest,rf_permutation,importance,0,F1bandwidth_sma3nz_amean,-0.00078125,6,True,0.4
speaker_independent,emotion_original_eval_quadrant,random_forest,rf_permutation,importance,0,F1bandwidth_sma3nz_stddevNorm,-0.00703125,40,False,0.0
speaker_independent,emotion_original_eval_quadrant,random_forest,rf_permutation,importance,0,F1amplitudeLogRelF0_sma3nz_amean,-0.00625,37,False,0.4
speaker_independent,emotion_original_eval_quadrant,random_forest,rf_permutation,importance,0,F1amplitudeLogRelF0_sma3nz_stddevNorm,-0.01171875,68,False,0.0
speaker_independent,emotion_original_eval_quadrant,random_forest,rf_permutation,importance,0,F2frequency_sma3nz_amean,-0.010546875,67,False,0.0
speaker_independent,emotion_original_eval_quadrant,random_forest,rf_permutation,importance,0,F2frequency_sma3nz_stddevNorm,0.000390625,2,True,0.4
speaker_independent,emotion_original_eval_quadrant,random_forest,rf_permutation,importance,0,F2bandwidth_sma3nz_amean,-0.001953125,9,True,0.2
speaker_independent,emotion_original_eval_quadrant,random_forest,rf_permutation,importance,0,F2bandwidth_sma3nz_stddevNorm,-0.0078125,47,False,0.0
speaker_independent,emotion_original_eval_quadrant,random_forest,rf_permutation,importance,0,F2amplitudeLogRelF0_sma3nz_amean,-0.01640625,81,False,0.2
speaker_independent,emotion_original_eval_quadrant,random_forest,rf_permutation,importance,0,F2amplitudeLogRelF0_sma3nz_stddevNorm,-0.0171875,82,False,0.4
speaker_independent,emotion_original_eval_quadrant,random_forest,rf_permutation,importance,0,F3frequency_sma3nz_amean,-0.00859375,53,False,0.0
speaker_independent,emotion_original_eval_quadrant,random_forest,rf_permutation,importance,0,F3frequency_sma3nz_stddevNorm,-0.0078125,47,False,0.0
speaker_independent,emotion_original_eval_quadrant,random_forest,rf_permutation,importance,0,F3bandwidth_sma3nz_amean,-0.00546875,30,False,0.0
speaker_independent,emotion_original_eval_quadrant,random_forest,rf_permutation,importance,0,F3bandwidth_sma3nz_stddevNorm,-0.0125,71,False,0.0
speaker_independent,emotion_original_eval_quadrant,random_forest,rf_permutation,importance,0,F3amplitudeLogRelF0_sma3nz_amean,-0.008984375,56,False,0.4
speaker_independent,emotion_original_eval_quadrant,random_forest,rf_permutation,importance,0,F3amplitudeLogRelF0_sma3nz_stddevNorm,-0.022265625,88,False,0.2
speaker_independent,emotion_original_eval_quadrant,random_forest,rf_permutation,importance,0,alphaRatioV_sma3nz_amean,-0.012890625,72,False,0.0
speaker_independent,emotion_original_eval_quadrant,random_forest,rf_permutation,importance,0,alphaRatioV_sma3nz_stddevNorm,-0.003515625,15,True,0.6
speaker_independent,emotion_original_eval_quadrant,random_forest,rf_permutation,importance,0,hammarbergIndexV_sma3nz_amean,-0.004296875,25,False,0.2
speaker_independent,emotion_original_eval_quadrant,random_forest,rf_permutation,importance,0,hammarbergIndexV_sma3nz_stddevNorm,-0.005859375,34,False,0.2
speaker_independent,emotion_original_eval_quadrant,random_forest,rf_permutation,importance,0,slopeV0-500_sma3nz_amean,-0.000390625,5,True,0.4
speaker_independent,emotion_original_eval_quadrant,random_forest,rf_permutation,importance,0,slopeV0-500_sma3nz_stddevNorm,-0.004296875,25,False,0.0
speaker_independent,emotion_original_eval_quadrant,random_forest,rf_permutation,importance,0,slopeV500-1500_sma3nz_amean,-0.005078125,28,False,0.2
speaker_independent,emotion_original_eval_quadrant,random_forest,rf_permutation,importance,0,slopeV500-1500_sma3nz_stddevNorm,-0.016015625,78,False,0.2
speaker_independent,emotion_original_eval_quadrant,random_forest,rf_permutation,importance,0,spectralFluxV_sma3nz_amean,0.00390625,1,True,0.4
speaker_independent,emotion_original_eval_quadrant,random_forest,rf_permutation,importance,0,spectralFluxV_sma3nz_stddevNorm,-0.008203125,51,False,0.2
speaker_independent,emotion_original_eval_quadrant,random_forest,rf_permutation,importance,0,mfcc1V_sma3nz_amean,-0.007421875,44,False,0.2
speaker_independent,emotion_original_eval_quadrant,random_forest,rf_permutation,importance,0,mfcc1V_sma3nz_stddevNorm,-0.002734375,12,True,0.2
speaker_independent,emotion_original_eval_quadrant,random_forest,rf_permutation,importance,0,mfcc2V_sma3nz_amean,-0.012109375,70,False,0.0
speaker_independent,emotion_original_eval_quadrant,random_forest,rf_permutation,importance,0,mfcc2V_sma3nz_stddevNorm,-0.003515625,15,True,0.2
speaker_independent,emotion_original_eval_quadrant,random_forest,rf_permutation,importance,0,mfcc3V_sma3nz_amean,-0.005859375,34,False,0.4
speaker_independent,emotion_original_eval_quadrant,random_forest,rf_permutation,importance,0,mfcc3V_sma3nz_stddevNorm,-0.00390625,23,False,0.0
speaker_independent,emotion_original_eval_quadrant,random_forest,rf_permutation,importance,0,mfcc4V_sma3nz_amean,-0.008984375,56,False,0.2
speaker_independent,emotion_original_eval_quadrant,random_forest,rf_permutation,importance,0,mfcc4V_sma3nz_stddevNorm,-0.008203125,51,False,0.0
speaker_independent,emotion_original_eval_quadrant,random_forest,rf_permutation,importance,0,alphaRatioUV_sma3nz_amean,-0.007421875,44,False,0.6
speaker_independent,emotion_original_eval_quadrant,random_forest,rf_permutation,importance,0,hammarbergIndexUV_sma3nz_amean,-0.003515625,15,True,0.2
speaker_independent,emotion_original_eval_quadrant,random_forest,rf_permutation,importance,0,slopeUV0-500_sma3nz_amean,-0.00390625,23,False,0.2
speaker_independent,emotion_original_eval_quadrant,random_forest,rf_permutation,importance,0,slopeUV500-1500_sma3nz_amean,-0.009375,58,False,0.4
speaker_independent,emotion_original_eval_quadrant,random_forest,rf_permutation,importance,0,spectralFluxUV_sma3nz_amean,-0.0203125,87,False,0.0
speaker_independent,emotion_original_eval_quadrant,random_forest,rf_permutation,importance,0,loudnessPeaksPerSec,-0.003125,13,True,0.4
speaker_independent,emotion_original_eval_quadrant,random_forest,rf_permutation,importance,0,VoicedSegmentsPerSec,-0.0046875,27,False,0.0
speaker_independent,emotion_original_eval_quadrant,random_forest,rf_permutation,importance,0,MeanVoicedSegmentLengthSec,-0.003515625,15,True,0.2
speaker_independent,emotion_original_eval_quadrant,random_forest,rf_permutation,importance,0,StddevVoicedSegmentLengthSec,-0.005859375,34,False,0.4
speaker_independent,emotion_original_eval_quadrant,random_forest,rf_permutation,importance,0,MeanUnvoicedSegmentLength,-0.01875,85,False,0.0
speaker_independent,emotion_original_eval_quadrant,random_forest,rf_permutation,importance,0,StddevUnvoicedSegmentLength,-0.009375,58,False,0.0
speaker_independent,emotion_original_eval_quadrant,random_forest,rf_permutation,importance,0,equivalentSoundLevel_dBp,-0.01015625,64,False,0.2
speaker_independent,emotion_original_eval_quadrant,logistic_regression,logreg_coefficient,importance,0,F0semitoneFrom27.5Hz_sma3nz_amean,0.637861877952618,10,True,0.8
speaker_independent,emotion_original_eval_quadrant,logistic_regression,logreg_coefficient,importance,0,F0semitoneFrom27.5Hz_sma3nz_stddevNorm,0.39504987149462045,38,False,0.0
speaker_independent,emotion_original_eval_quadrant,logistic_regression,logreg_coefficient,importance,0,F0semitoneFrom27.5Hz_sma3nz_percentile20.0,0.4069984963610739,36,False,0.0
speaker_independent,emotion_original_eval_quadrant,logistic_regression,logreg_coefficient,importance,0,F0semitoneFrom27.5Hz_sma3nz_percentile50.0,0.45852993033604184,25,False,0.8
speaker_independent,emotion_original_eval_quadrant,logistic_regression,logreg_coefficient,importance,0,F0semitoneFrom27.5Hz_sma3nz_percentile80.0,0.39430228201857087,39,False,0.0
speaker_independent,emotion_original_eval_quadrant,logistic_regression,logreg_coefficient,importance,0,F0semitoneFrom27.5Hz_sma3nz_pctlrange0-2,0.416472128881637,33,False,0.2
speaker_independent,emotion_original_eval_quadrant,logistic_regression,logreg_coefficient,importance,0,F0semitoneFrom27.5Hz_sma3nz_meanRisingSlope,0.2634281184619297,62,False,0.0
speaker_independent,emotion_original_eval_quadrant,logistic_regression,logreg_coefficient,importance,0,F0semitoneFrom27.5Hz_sma3nz_stddevRisingSlope,0.20144248479257093,77,False,0.0
speaker_independent,emotion_original_eval_quadrant,logistic_regression,logreg_coefficient,importance,0,F0semitoneFrom27.5Hz_sma3nz_meanFallingSlope,0.20086866266458298,78,False,0.0
speaker_independent,emotion_original_eval_quadrant,logistic_regression,logreg_coefficient,importance,0,F0semitoneFrom27.5Hz_sma3nz_stddevFallingSlope,0.4518396245291927,27,False,0.2
speaker_independent,emotion_original_eval_quadrant,logistic_regression,logreg_coefficient,importance,0,loudness_sma3_amean,0.21908708934844648,75,False,0.0
speaker_independent,emotion_original_eval_quadrant,logistic_regression,logreg_coefficient,importance,0,loudness_sma3_stddevNorm,0.7243425525264328,5,True,1.0
speaker_independent,emotion_original_eval_quadrant,logistic_regression,logreg_coefficient,importance,0,loudness_sma3_percentile20.0,0.2497024323225223,63,False,0.2
speaker_independent,emotion_original_eval_quadrant,logistic_regression,logreg_coefficient,importance,0,loudness_sma3_percentile50.0,0.32824537307598856,52,False,0.0
speaker_independent,emotion_original_eval_quadrant,logistic_regression,logreg_coefficient,importance,0,loudness_sma3_percentile80.0,0.31683918795601385,54,False,0.0
speaker_independent,emotion_original_eval_quadrant,logistic_regression,logreg_coefficient,importance,0,loudness_sma3_pctlrange0-2,0.387031324814455,41,False,0.0
speaker_independent,emotion_original_eval_quadrant,logistic_regression,logreg_coefficient,importance,0,loudness_sma3_meanRisingSlope,0.5400472587415337,13,True,0.8
speaker_independent,emotion_original_eval_quadrant,logistic_regression,logreg_coefficient,importance,0,loudness_sma3_stddevRisingSlope,0.3848956859237732,42,False,0.0
speaker_independent,emotion_original_eval_quadrant,logistic_regression,logreg_coefficient,importance,0,loudness_sma3_meanFallingSlope,0.5011013983827867,15,True,0.4
speaker_independent,emotion_original_eval_quadrant,logistic_regression,logreg_coefficient,importance,0,loudness_sma3_stddevFallingSlope,0.3724697679813095,46,False,0.0
speaker_independent,emotion_original_eval_quadrant,logistic_regression,logreg_coefficient,importance,0,spectralFlux_sma3_amean,0.3329848665999976,51,False,0.0
speaker_independent,emotion_original_eval_quadrant,logistic_regression,logreg_coefficient,importance,0,spectralFlux_sma3_stddevNorm,0.24001177545536773,70,False,0.0
speaker_independent,emotion_original_eval_quadrant,logistic_regression,logreg_coefficient,importance,0,mfcc1_sma3_amean,0.8528931771617606,2,True,1.0
speaker_independent,emotion_original_eval_quadrant,logistic_regression,logreg_coefficient,importance,0,mfcc1_sma3_stddevNorm,0.29040600853611837,58,False,0.0
speaker_independent,emotion_original_eval_quadrant,logistic_regression,logreg_coefficient,importance,0,mfcc2_sma3_amean,0.5131091832850014,14,True,0.6
speaker_independent,emotion_original_eval_quadrant,logistic_regression,logreg_coefficient,importance,0,mfcc2_sma3_stddevNorm,0.4462574198659855,28,False,0.0
speaker_independent,emotion_original_eval_quadrant,logistic_regression,logreg_coefficient,importance,0,mfcc3_sma3_amean,0.7012426523063665,6,True,0.8
speaker_independent,emotion_original_eval_quadrant,logistic_regression,logreg_coefficient,importance,0,mfcc3_sma3_stddevNorm,0.22246816651602633,74,False,0.0
speaker_independent,emotion_original_eval_quadrant,logistic_regression,logreg_coefficient,importance,0,mfcc4_sma3_amean,0.5748841141526311,11,True,0.8
speaker_independent,emotion_original_eval_quadrant,logistic_regression,logreg_coefficient,importance,0,mfcc4_sma3_stddevNorm,0.19486346397707918,80,False,0.0
speaker_independent,emotion_original_eval_quadrant,logistic_regression,logreg_coefficient,importance,0,jitterLocal_sma3nz_amean,0.43705062431529407,29,False,0.0
speaker_independent,emotion_original_eval_quadrant,logistic_regression,logreg_coefficient,importance,0,jitterLocal_sma3nz_stddevNorm,0.17180876246753418,83,False,0.0
speaker_independent,emotion_original_eval_quadrant,logistic_regression,logreg_coefficient,importance,0,shimmerLocaldB_sma3nz_amean,0.24750295663586278,66,False,0.0
speaker_independent,emotion_original_eval_quadrant,logistic_regression,logreg_coefficient,importance,0,shimmerLocaldB_sma3nz_stddevNorm,0.2320140793374102,71,False,0.0
speaker_independent,emotion_original_eval_quadrant,logistic_regression,logreg_coefficient,importance,0,HNRdBACF_sma3nz_amean,0.8867053278895115,1,True,1.0
speaker_independent,emotion_original_eval_quadrant,logistic_regression,logreg_coefficient,importance,0,HNRdBACF_sma3nz_stddevNorm,0.3498666286895871,49,False,0.0
speaker_independent,emotion_original_eval_quadrant,logistic_regression,logreg_coefficient,importance,0,logRelF0-H1-H2_sma3nz_amean,0.21816832694339644,76,False,0.0
speaker_independent,emotion_original_eval_quadrant,logistic_regression,logreg_coefficient,importance,0,logRelF0-H1-H2_sma3nz_stddevNorm,0.18302773652030502,81,False,0.0
speaker_independent,emotion_original_eval_quadrant,logistic_regression,logreg_coefficient,importance,0,logRelF0-H1-A3_sma3nz_amean,0.34014498854585884,50,False,0.0
speaker_independent,emotion_original_eval_quadrant,logistic_regression,logreg_coefficient,importance,0,logRelF0-H1-A3_sma3nz_stddevNorm,0.29420968746541365,57,False,0.2
speaker_independent,emotion_original_eval_quadrant,logistic_regression,logreg_coefficient,importance,0,F1frequency_sma3nz_amean,0.6741710991872858,8,True,1.0
speaker_independent,emotion_original_eval_quadrant,logistic_regression,logreg_coefficient,importance,0,F1frequency_sma3nz_stddevNorm,0.15471081348728183,84,False,0.0
speaker_independent,emotion_original_eval_quadrant,logistic_regression,logreg_coefficient,importance,0,F1bandwidth_sma3nz_amean,0.29944320333865004,56,False,0.0
speaker_independent,emotion_original_eval_quadrant,logistic_regression,logreg_coefficient,importance,0,F1bandwidth_sma3nz_stddevNorm,0.22615113512224727,72,False,0.0
speaker_independent,emotion_original_eval_quadrant,logistic_regression,logreg_coefficient,importance,0,F1amplitudeLogRelF0_sma3nz_amean,0.8166146873963376,3,True,0.8
speaker_independent,emotion_original_eval_quadrant,logistic_regression,logreg_coefficient,importance,0,F1amplitudeLogRelF0_sma3nz_stddevNorm,0.6909322851825781,7,True,0.6
speaker_independent,emotion_original_eval_quadrant,logistic_regression,logreg_coefficient,importance,0,F2frequency_sma3nz_amean,0.39086360606660076,40,False,0.0
speaker_independent,emotion_original_eval_quadrant,logistic_regression,logreg_coefficient,importance,0,F2frequency_sma3nz_stddevNorm,0.248674804221853,65,False,0.0
speaker_independent,emotion_original_eval_quadrant,logistic_regression,logreg_coefficient,importance,0,F2bandwidth_sma3nz_amean,0.1418500451355856,85,False,0.0
speaker_independent,emotion_original_eval_quadrant,logistic_regression,logreg_coefficient,importance,0,F2bandwidth_sma3nz_stddevNorm,0.18177446691693946,82,False,0.0
speaker_independent,emotion_original_eval_quadrant,logistic_regression,logreg_coefficient,importance,0,F2amplitudeLogRelF0_sma3nz_amean,0.31586464811505144,55,False,0.0
speaker_independent,emotion_original_eval_quadrant,logistic_regression,logreg_coefficient,importance,0,F2amplitudeLogRelF0_sma3nz_stddevNorm,0.3831104336521215,43,False,0.0
speaker_independent,emotion_original_eval_quadrant,logistic_regression,logreg_coefficient,importance,0,F3frequency_sma3nz_amean,0.6513030146065004,9,True,0.2
speaker_independent,emotion_original_eval_quadrant,logistic_regression,logreg_coefficient,importance,0,F3frequency_sma3nz_stddevNorm,0.2886318566005413,59,False,0.0
speaker_independent,emotion_original_eval_quadrant,logistic_regression,logreg_coefficient,importance,0,F3bandwidth_sma3nz_amean,0.24470173791762476,69,False,0.0
speaker_independent,emotion_original_eval_quadrant,logistic_regression,logreg_coefficient,importance,0,F3bandwidth_sma3nz_stddevNorm,0.24704252819393657,67,False,0.0
speaker_independent,emotion_original_eval_quadrant,logistic_regression,logreg_coefficient,importance,0,F3amplitudeLogRelF0_sma3nz_amean,0.3260120130367627,53,False,0.0
speaker_independent,emotion_original_eval_quadrant,logistic_regression,logreg_coefficient,importance,0,F3amplitudeLogRelF0_sma3nz_stddevNorm,0.5484424886935018,12,True,0.4
speaker_independent,emotion_original_eval_quadrant,logistic_regression,logreg_coefficient,importance,0,alphaRatioV_sma3nz_amean,0.3784790639256357,44,False,0.4
speaker_independent,emotion_original_eval_quadrant,logistic_regression,logreg_coefficient,importance,0,alphaRatioV_sma3nz_stddevNorm,0.19571542581709891,79,False,0.0
speaker_independent,emotion_original_eval_quadrant,logistic_regression,logreg_coefficient,importance,0,hammarbergIndexV_sma3nz_amean,0.45961576300966694,24,False,0.0
speaker_independent,emotion_original_eval_quadrant,logistic_regression,logreg_coefficient,importance,0,hammarbergIndexV_sma3nz_stddevNorm,0.475586497096501,22,False,0.2
speaker_independent,emotion_original_eval_quadrant,logistic_regression,logreg_coefficient,importance,0,slopeV0-500_sma3nz_amean,0.484014732841214,21,False,0.2
speaker_independent,emotion_original_eval_quadrant,logistic_regression,logreg_coefficient,importance,0,slopeV0-500_sma3nz_stddevNorm,0.2459788863109879,68,False,0.0
speaker_independent,emotion_original_eval_quadrant,logistic_regression,logreg_coefficient,importance,0,slopeV500-1500_sma3nz_amean,0.4995701302102557,16,False,0.0
speaker_independent,emotion_original_eval_quadrant,logistic_regression,logreg_coefficient,importance,0,slopeV500-1500_sma3nz_stddevNorm,0.48445221103689984,20,False,0.0
speaker_independent,emotion_original_eval_quadrant,logistic_regression,logreg_coefficient,importance,0,spectralFluxV_sma3nz_amean,0.48826908108164263,19,False,0.0
speaker_independent,emotion_original_eval_quadrant,logistic_regression,logreg_coefficient,importance,0,spectralFluxV_sma3nz_stddevNorm,0.4895965572223097,18,False,0.2
speaker_independent,emotion_original_eval_quadrant,logistic_regression,logreg_coefficient,importance,0,mfcc1V_sma3nz_amean,0.4244034978091171,32,False,0.0
speaker_independent,emotion_original_eval_quadrant,logistic_regression,logreg_coefficient,importance,0,mfcc1V_sma3nz_stddevNorm,0.09493998689443796,88,False,0.0
speaker_independent,emotion_original_eval_quadrant,logistic_regression,logreg_coefficient,importance,0,mfcc2V_sma3nz_amean,0.49208072300974587,17,False,0.6
speaker_independent,emotion_original_eval_quadrant,logistic_regression,logreg_coefficient,importance,0,mfcc2V_sma3nz_stddevNorm,0.12437234734239709,86,False,0.0
speaker_independent,emotion_original_eval_quadrant,logistic_regression,logreg_coefficient,importance,0,mfcc3V_sma3nz_amean,0.35590997881682457,48,False,0.0
speaker_independent,emotion_original_eval_quadrant,logistic_regression,logreg_coefficient,importance,0,mfcc3V_sma3nz_stddevNorm,0.2763223141012503,61,False,0.0
speaker_independent,emotion_original_eval_quadrant,logistic_regression,logreg_coefficient,importance,0,mfcc4V_sma3nz_amean,0.4340537919458071,30,False,0.0
speaker_independent,emotion_original_eval_quadrant,logistic_regression,logreg_coefficient,importance,0,mfcc4V_sma3nz_stddevNorm,0.1232813624502066,87,False,0.0
speaker_independent,emotion_original_eval_quadrant,logistic_regression,logreg_coefficient,importance,0,alphaRatioUV_sma3nz_amean,0.40702219731835976,35,False,0.0
speaker_independent,emotion_original_eval_quadrant,logistic_regression,logreg_coefficient,importance,0,hammarbergIndexUV_sma3nz_amean,0.46676687117154664,23,False,0.4
speaker_independent,emotion_original_eval_quadrant,logistic_regression,logreg_coefficient,importance,0,slopeUV0-500_sma3nz_amean,0.28442750341456824,60,False,0.0
speaker_independent,emotion_original_eval_quadrant,logistic_regression,logreg_coefficient,importance,0,slopeUV500-1500_sma3nz_amean,0.43220217331817096,31,False,0.0
speaker_independent,emotion_original_eval_quadrant,logistic_regression,logreg_coefficient,importance,0,spectralFluxUV_sma3nz_amean,0.3996159109149998,37,False,0.0
speaker_independent,emotion_original_eval_quadrant,logistic_regression,logreg_coefficient,importance,0,loudnessPeaksPerSec,0.3697091758274071,47,False,0.0
speaker_independent,emotion_original_eval_quadrant,logistic_regression,logreg_coefficient,importance,0,VoicedSegmentsPerSec,0.4163531555246697,34,False,0.0
speaker_independent,emotion_original_eval_quadrant,logistic_regression,logreg_coefficient,importance,0,MeanVoicedSegmentLengthSec,0.22400149534713,73,False,0.0
speaker_independent,emotion_original_eval_quadrant,logistic_regression,logreg_coefficient,importance,0,StddevVoicedSegmentLengthSec,0.24935723170149304,64,False,0.0
speaker_independent,emotion_original_eval_quadrant,logistic_regression,logreg_coefficient,importance,0,MeanUnvoicedSegmentLength,0.3776885730464358,45,False,0.0
speaker_independent,emotion_original_eval_quadrant,logistic_regression,logreg_coefficient,importance,0,StddevUnvoicedSegmentLength,0.45632803075985817,26,False,0.2
speaker_independent,emotion_original_eval_quadrant,logistic_regression,logreg_coefficient,importance,0,equivalentSoundLevel_dBp,0.7318773667526692,4,True,1.0
speaker_independent,emotion_original_eval_quadrant,random_forest,rf_impurity,importance,1,F0semitoneFrom27.5Hz_sma3nz_amean,0.010932965012816336,32,False,0.0
speaker_independent,emotion_original_eval_quadrant,random_forest,rf_impurity,importance,1,F0semitoneFrom27.5Hz_sma3nz_stddevNorm,0.017542835568138977,10,True,1.0
speaker_independent,emotion_original_eval_quadrant,random_forest,rf_impurity,importance,1,F0semitoneFrom27.5Hz_sma3nz_percentile20.0,0.013624387979638183,20,False,0.0
speaker_independent,emotion_original_eval_quadrant,random_forest,rf_impurity,importance,1,F0semitoneFrom27.5Hz_sma3nz_percentile50.0,0.01017045031612575,39,False,0.0
speaker_independent,emotion_original_eval_quadrant,random_forest,rf_impurity,importance,1,F0semitoneFrom27.5Hz_sma3nz_percentile80.0,0.011772420971898323,26,False,0.0
speaker_independent,emotion_original_eval_quadrant,random_forest,rf_impurity,importance,1,F0semitoneFrom27.5Hz_sma3nz_pctlrange0-2,0.025436764428995482,1,True,1.0
speaker_independent,emotion_original_eval_quadrant,random_forest,rf_impurity,importance,1,F0semitoneFrom27.5Hz_sma3nz_meanRisingSlope,0.009900072067035573,40,False,0.0
speaker_independent,emotion_original_eval_quadrant,random_forest,rf_impurity,importance,1,F0semitoneFrom27.5Hz_sma3nz_stddevRisingSlope,0.008713753468356079,61,False,0.0
speaker_independent,emotion_original_eval_quadrant,random_forest,rf_impurity,importance,1,F0semitoneFrom27.5Hz_sma3nz_meanFallingSlope,0.011633823128494522,27,False,0.0
speaker_independent,emotion_original_eval_quadrant,random_forest,rf_impurity,importance,1,F0semitoneFrom27.5Hz_sma3nz_stddevFallingSlope,0.016252695149742546,14,True,1.0
speaker_independent,emotion_original_eval_quadrant,random_forest,rf_impurity,importance,1,loudness_sma3_amean,0.016115693842657958,15,True,0.8
speaker_independent,emotion_original_eval_quadrant,random_forest,rf_impurity,importance,1,loudness_sma3_stddevNorm,0.010296282777213806,36,False,0.0
speaker_independent,emotion_original_eval_quadrant,random_forest,rf_impurity,importance,1,loudness_sma3_percentile20.0,0.009127684085962883,53,False,0.0
speaker_independent,emotion_original_eval_quadrant,random_forest,rf_impurity,importance,1,loudness_sma3_percentile50.0,0.018031196856046126,9,True,0.4
speaker_independent,emotion_original_eval_quadrant,random_forest,rf_impurity,importance,1,loudness_sma3_percentile80.0,0.01928177299437416,7,True,1.0
speaker_independent,emotion_original_eval_quadrant,random_forest,rf_impurity,importance,1,loudness_sma3_pctlrange0-2,0.023582629416557702,3,True,1.0
speaker_independent,emotion_original_eval_quadrant,random_forest,rf_impurity,importance,1,loudness_sma3_meanRisingSlope,0.02217171751792428,6,True,1.0
speaker_independent,emotion_original_eval_quadrant,random_forest,rf_impurity,importance,1,loudness_sma3_stddevRisingSlope,0.016489243143224693,13,True,0.4
speaker_independent,emotion_original_eval_quadrant,random_forest,rf_impurity,importance,1,loudness_sma3_meanFallingSlope,0.022456129999114477,4,True,1.0
speaker_independent,emotion_original_eval_quadrant,random_forest,rf_impurity,importance,1,loudness_sma3_stddevFallingSlope,0.015896735058848983,16,False,0.0
speaker_independent,emotion_original_eval_quadrant,random_forest,rf_impurity,importance,1,spectralFlux_sma3_amean,0.022371607289379956,5,True,1.0
speaker_independent,emotion_original_eval_quadrant,random_forest,rf_impurity,importance,1,spectralFlux_sma3_stddevNorm,0.009234550145931525,52,False,0.0
speaker_independent,emotion_original_eval_quadrant,random_forest,rf_impurity,importance,1,mfcc1_sma3_amean,0.008360971016380045,68,False,0.0
speaker_independent,emotion_original_eval_quadrant,random_forest,rf_impurity,importance,1,mfcc1_sma3_stddevNorm,0.010903469197460209,33,False,0.0
speaker_independent,emotion_original_eval_quadrant,random_forest,rf_impurity,importance,1,mfcc2_sma3_amean,0.010192166613009824,37,False,0.0
speaker_independent,emotion_original_eval_quadrant,random_forest,rf_impurity,importance,1,mfcc2_sma3_stddevNorm,0.009528987900474009,47,False,0.0
speaker_independent,emotion_original_eval_quadrant,random_forest,rf_impurity,importance,1,mfcc3_sma3_amean,0.006886840789987794,84,False,0.0
speaker_independent,emotion_original_eval_quadrant,random_forest,rf_impurity,importance,1,mfcc3_sma3_stddevNorm,0.007445722279638249,78,False,0.0
speaker_independent,emotion_original_eval_quadrant,random_forest,rf_impurity,importance,1,mfcc4_sma3_amean,0.008292660473041334,69,False,0.0
speaker_independent,emotion_original_eval_quadrant,random_forest,rf_impurity,importance,1,mfcc4_sma3_stddevNorm,0.008373566961752585,67,False,0.0
speaker_independent,emotion_original_eval_quadrant,random_forest,rf_impurity,importance,1,jitterLocal_sma3nz_amean,0.018583174746599648,8,True,1.0
speaker_independent,emotion_original_eval_quadrant,random_forest,rf_impurity,importance,1,jitterLocal_sma3nz_stddevNorm,0.006859851342200264,85,False,0.0
speaker_independent,emotion_original_eval_quadrant,random_forest,rf_impurity,importance,1,shimmerLocaldB_sma3nz_amean,0.008113281087076523,74,False,0.0
speaker_independent,emotion_original_eval_quadrant,random_forest,rf_impurity,importance,1,shimmerLocaldB_sma3nz_stddevNorm,0.012531102072297925,22,False,0.4
speaker_independent,emotion_original_eval_quadrant,random_forest,rf_impurity,importance,1,HNRdBACF_sma3nz_amean,0.014877486774496513,18,False,0.8
speaker_independent,emotion_original_eval_quadrant,random_forest,rf_impurity,importance,1,HNRdBACF_sma3nz_stddevNorm,0.01710862084157358,11,True,1.0
speaker_independent,emotion_original_eval_quadrant,random_forest,rf_impurity,importance,1,logRelF0-H1-H2_sma3nz_amean,0.009582667476556752,46,False,0.0
speaker_independent,emotion_original_eval_quadrant,random_forest,rf_impurity,importance,1,logRelF0-H1-H2_sma3nz_stddevNorm,0.009081913127637418,54,False,0.0
speaker_independent,emotion_original_eval_quadrant,random_forest,rf_impurity,importance,1,logRelF0-H1-A3_sma3nz_amean,0.010557938355586903,35,False,0.0
speaker_independent,emotion_original_eval_quadrant,random_forest,rf_impurity,importance,1,logRelF0-H1-A3_sma3nz_stddevNorm,0.008566122587837819,64,False,0.0
speaker_independent,emotion_original_eval_quadrant,random_forest,rf_impurity,importance,1,F1frequency_sma3nz_amean,0.010748430763853291,34,False,0.0
speaker_independent,emotion_original_eval_quadrant,random_forest,rf_impurity,importance,1,F1frequency_sma3nz_stddevNorm,0.008399118138185727,66,False,0.0
speaker_independent,emotion_original_eval_quadrant,random_forest,rf_impurity,importance,1,F1bandwidth_sma3nz_amean,0.008826181597356923,59,False,0.0
speaker_independent,emotion_original_eval_quadrant,random_forest,rf_impurity,importance,1,F1bandwidth_sma3nz_stddevNorm,0.008201358812515084,71,False,0.0
speaker_independent,emotion_original_eval_quadrant,random_forest,rf_impurity,importance,1,F1amplitudeLogRelF0_sma3nz_amean,0.008285355203406891,70,False,0.0
speaker_independent,emotion_original_eval_quadrant,random_forest,rf_impurity,importance,1,F1amplitudeLogRelF0_sma3nz_stddevNorm,0.008981126392671736,58,False,0.0
speaker_independent,emotion_original_eval_quadrant,random_forest,rf_impurity,importance,1,F2frequency_sma3nz_amean,0.00899099268927927,57,False,0.0
speaker_independent,emotion_original_eval_quadrant,random_forest,rf_impurity,importance,1,F2frequency_sma3nz_stddevNorm,0.008999938659931693,56,False,0.0
speaker_independent,emotion_original_eval_quadrant,random_forest,rf_impurity,importance,1,F2bandwidth_sma3nz_amean,0.00874095127407289,60,False,0.0
speaker_independent,emotion_original_eval_quadrant,random_forest,rf_impurity,importance,1,F2bandwidth_sma3nz_stddevNorm,0.007205445610081476,83,False,0.0
speaker_independent,emotion_original_eval_quadrant,random_forest,rf_impurity,importance,1,F2amplitudeLogRelF0_sma3nz_amean,0.010189848281826822,38,False,0.0
speaker_independent,emotion_original_eval_quadrant,random_forest,rf_impurity,importance,1,F2amplitudeLogRelF0_sma3nz_stddevNorm,0.011222931774343045,29,False,0.0
speaker_independent,emotion_original_eval_quadrant,random_forest,rf_impurity,importance,1,F3frequency_sma3nz_amean,0.009482326698696098,48,False,0.0
speaker_independent,emotion_original_eval_quadrant,random_forest,rf_impurity,importance,1,F3frequency_sma3nz_stddevNorm,0.009434664159926408,50,False,0.0
speaker_independent,emotion_original_eval_quadrant,random_forest,rf_impurity,importance,1,F3bandwidth_sma3nz_amean,0.009050698970295023,55,False,0.0
speaker_independent,emotion_original_eval_quadrant,random_forest,rf_impurity,importance,1,F3bandwidth_sma3nz_stddevNorm,0.007780334562110176,75,False,0.0
speaker_independent,emotion_original_eval_quadrant,random_forest,rf_impurity,importance,1,F3amplitudeLogRelF0_sma3nz_amean,0.009804048468871703,42,False,0.0
speaker_independent,emotion_original_eval_quadrant,random_forest,rf_impurity,importance,1,F3amplitudeLogRelF0_sma3nz_stddevNorm,0.012365009519128434,23,False,0.2
speaker_independent,emotion_original_eval_quadrant,random_forest,rf_impurity,importance,1,alphaRatioV_sma3nz_amean,0.009804081697880553,41,False,0.0
speaker_independent,emotion_original_eval_quadrant,random_forest,rf_impurity,importance,1,alphaRatioV_sma3nz_stddevNorm,0.012753005161881662,21,False,0.0
speaker_independent,emotion_original_eval_quadrant,random_forest,rf_impurity,importance,1,hammarbergIndexV_sma3nz_amean,0.009635479148604771,45,False,0.0
speaker_independent,emotion_original_eval_quadrant,random_forest,rf_impurity,importance,1,hammarbergIndexV_sma3nz_stddevNorm,0.011008972454207707,30,False,0.0
speaker_independent,emotion_original_eval_quadrant,random_forest,rf_impurity,importance,1,slopeV0-500_sma3nz_amean,0.008589330870666828,63,False,0.0
speaker_independent,emotion_original_eval_quadrant,random_forest,rf_impurity,importance,1,slopeV0-500_sma3nz_stddevNorm,0.007220706449813066,81,False,0.0
speaker_independent,emotion_original_eval_quadrant,random_forest,rf_impurity,importance,1,slopeV500-1500_sma3nz_amean,0.015561843720666439,17,False,0.0
speaker_independent,emotion_original_eval_quadrant,random_forest,rf_impurity,importance,1,slopeV500-1500_sma3nz_stddevNorm,0.010952054770605305,31,False,0.0
speaker_independent,emotion_original_eval_quadrant,random_forest,rf_impurity,importance,1,spectralFluxV_sma3nz_amean,0.025237618163282276,2,True,1.0
speaker_independent,emotion_original_eval_quadrant,random_forest,rf_impurity,importance,1,spectralFluxV_sma3nz_stddevNorm,0.01140673195340668,28,False,0.0
speaker_independent,emotion_original_eval_quadrant,random_forest,rf_impurity,importance,1,mfcc1V_sma3nz_amean,0.012352372636050678,24,False,0.0
speaker_independent,emotion_original_eval_quadrant,random_forest,rf_impurity,importance,1,mfcc1V_sma3nz_stddevNorm,0.009749236431963263,43,False,0.0
speaker_independent,emotion_original_eval_quadrant,random_forest,rf_impurity,importance,1,mfcc2V_sma3nz_amean,0.00945210421533249,49,False,0.0
speaker_independent,emotion_original_eval_quadrant,random_forest,rf_impurity,importance,1,mfcc2V_sma3nz_stddevNorm,0.00860125024087362,62,False,0.0
speaker_independent,emotion_original_eval_quadrant,random_forest,rf_impurity,importance,1,mfcc3V_sma3nz_amean,0.0064906916702041,86,False,0.0
speaker_independent,emotion_original_eval_quadrant,random_forest,rf_impurity,importance,1,mfcc3V_sma3nz_stddevNorm,0.006334819100024013,88,False,0.0
speaker_independent,emotion_original_eval_quadrant,random_forest,rf_impurity,importance,1,mfcc4V_sma3nz_amean,0.009309918924031142,51,False,0.0
speaker_independent,emotion_original_eval_quadrant,random_forest,rf_impurity,importance,1,mfcc4V_sma3nz_stddevNorm,0.008128549818253818,73,False,0.0
speaker_independent,emotion_original_eval_quadrant,random_forest,rf_impurity,importance,1,alphaRatioUV_sma3nz_amean,0.007208308669698263,82,False,0.0
speaker_independent,emotion_original_eval_quadrant,random_forest,rf_impurity,importance,1,hammarbergIndexUV_sma3nz_amean,0.006485392965155631,87,False,0.0
speaker_independent,emotion_original_eval_quadrant,random_forest,rf_impurity,importance,1,slopeUV0-500_sma3nz_amean,0.007275726113604131,80,False,0.0
speaker_independent,emotion_original_eval_quadrant,random_forest,rf_impurity,importance,1,slopeUV500-1500_sma3nz_amean,0.008182701217556715,72,False,0.0
speaker_independent,emotion_original_eval_quadrant,random_forest,rf_impurity,importance,1,spectralFluxUV_sma3nz_amean,0.014848291245961261,19,False,0.2
speaker_independent,emotion_original_eval_quadrant,random_forest,rf_impurity,importance,1,loudnessPeaksPerSec,0.01193965217584689,25,False,0.0
speaker_independent,emotion_original_eval_quadrant,random_forest,rf_impurity,importance,1,VoicedSegmentsPerSec,0.007442996148125422,79,False,0.0
speaker_independent,emotion_original_eval_quadrant,random_forest,rf_impurity,importance,1,MeanVoicedSegmentLengthSec,0.007686043006941012,76,False,0.0
speaker_independent,emotion_original_eval_quadrant,random_forest,rf_impurity,importance,1,StddevVoicedSegmentLengthSec,0.00853572701531832,65,False,0.0
speaker_independent,emotion_original_eval_quadrant,random_forest,rf_impurity,importance,1,MeanUnvoicedSegmentLength,0.009745700217420135,44,False,0.0
speaker_independent,emotion_original_eval_quadrant,random_forest,rf_impurity,importance,1,StddevUnvoicedSegmentLength,0.007474136059428662,77,False,0.0
speaker_independent,emotion_original_eval_quadrant,random_forest,rf_impurity,importance,1,equivalentSoundLevel_dBp,0.016995841298556778,12,True,0.8
speaker_independent,emotion_original_eval_quadrant,random_forest,rf_permutation,importance,1,F0semitoneFrom27.5Hz_sma3nz_amean,-0.0109375,77,False,0.0
speaker_independent,emotion_original_eval_quadrant,random_forest,rf_permutation,importance,1,F0semitoneFrom27.5Hz_sma3nz_stddevNorm,-0.00078125,20,False,0.2
speaker_independent,emotion_original_eval_quadrant,random_forest,rf_permutation,importance,1,F0semitoneFrom27.5Hz_sma3nz_percentile20.0,-0.013671875,85,False,0.2
speaker_independent,emotion_original_eval_quadrant,random_forest,rf_permutation,importance,1,F0semitoneFrom27.5Hz_sma3nz_percentile50.0,-0.007421875,62,False,0.2
speaker_independent,emotion_original_eval_quadrant,random_forest,rf_permutation,importance,1,F0semitoneFrom27.5Hz_sma3nz_percentile80.0,-0.02890625,88,False,0.2
speaker_independent,emotion_original_eval_quadrant,random_forest,rf_permutation,importance,1,F0semitoneFrom27.5Hz_sma3nz_pctlrange0-2,0.01640625,1,True,0.8
speaker_independent,emotion_original_eval_quadrant,random_forest,rf_permutation,importance,1,F0semitoneFrom27.5Hz_sma3nz_meanRisingSlope,-0.007421875,62,False,0.0
speaker_independent,emotion_original_eval_quadrant,random_forest,rf_permutation,importance,1,F0semitoneFrom27.5Hz_sma3nz_stddevRisingSlope,-0.008984375,71,False,0.2
speaker_independent,emotion_original_eval_quadrant,random_forest,rf_permutation,importance,1,F0semitoneFrom27.5Hz_sma3nz_meanFallingSlope,0.001171875,11,True,0.4
speaker_independent,emotion_original_eval_quadrant,random_forest,rf_permutation,importance,1,F0semitoneFrom27.5Hz_sma3nz_stddevFallingSlope,0.011328125,2,True,0.6
speaker_independent,emotion_original_eval_quadrant,random_forest,rf_permutation,importance,1,loudness_sma3_amean,-0.01328125,84,False,0.0
speaker_independent,emotion_original_eval_quadrant,random_forest,rf_permutation,importance,1,loudness_sma3_stddevNorm,0.005078125,8,True,0.2
speaker_independent,emotion_original_eval_quadrant,random_forest,rf_permutation,importance,1,loudness_sma3_percentile20.0,-0.001171875,22,False,0.4
speaker_independent,emotion_original_eval_quadrant,random_forest,rf_permutation,importance,1,loudness_sma3_percentile50.0,-0.012109375,81,False,0.0
speaker_independent,emotion_original_eval_quadrant,random_forest,rf_permutation,importance,1,loudness_sma3_percentile80.0,-0.0125,82,False,0.2
speaker_independent,emotion_original_eval_quadrant,random_forest,rf_permutation,importance,1,loudness_sma3_pctlrange0-2,-0.0109375,77,False,0.2
speaker_independent,emotion_original_eval_quadrant,random_forest,rf_permutation,importance,1,loudness_sma3_meanRisingSlope,-0.00234375,27,False,0.2
speaker_independent,emotion_original_eval_quadrant,random_forest,rf_permutation,importance,1,loudness_sma3_stddevRisingSlope,-0.0046875,46,False,0.4
speaker_independent,emotion_original_eval_quadrant,random_forest,rf_permutation,importance,1,loudness_sma3_meanFallingSlope,-0.00390625,36,False,0.2
speaker_independent,emotion_original_eval_quadrant,random_forest,rf_permutation,importance,1,loudness_sma3_stddevFallingSlope,-0.001171875,22,False,0.0
speaker_independent,emotion_original_eval_quadrant,random_forest,rf_permutation,importance,1,spectralFlux_sma3_amean,-0.010546875,76,False,0.0
speaker_independent,emotion_original_eval_quadrant,random_forest,rf_permutation,importance,1,spectralFlux_sma3_stddevNorm,-0.0078125,64,False,0.2
speaker_independent,emotion_original_eval_quadrant,random_forest,rf_permutation,importance,1,mfcc1_sma3_amean,-0.00546875,49,False,0.6
speaker_independent,emotion_original_eval_quadrant,random_forest,rf_permutation,importance,1,mfcc1_sma3_stddevNorm,0.00390625,9,True,0.2
speaker_independent,emotion_original_eval_quadrant,random_forest,rf_permutation,importance,1,mfcc2_sma3_amean,-0.015234375,86,False,0.0
speaker_independent,emotion_original_eval_quadrant,random_forest,rf_permutation,importance,1,mfcc2_sma3_stddevNorm,-0.006640625,58,False,0.2
speaker_independent,emotion_original_eval_quadrant,random_forest,rf_permutation,importance,1,mfcc3_sma3_amean,-0.00859375,68,False,0.2
speaker_independent,emotion_original_eval_quadrant,random_forest,rf_permutation,importance,1,mfcc3_sma3_stddevNorm,-0.00703125,61,False,0.0
speaker_independent,emotion_original_eval_quadrant,random_forest,rf_permutation,importance,1,mfcc4_sma3_amean,-0.001953125,26,False,0.2
speaker_independent,emotion_original_eval_quadrant,random_forest,rf_permutation,importance,1,mfcc4_sma3_stddevNorm,-0.009375,72,False,0.2
speaker_independent,emotion_original_eval_quadrant,random_forest,rf_permutation,importance,1,jitterLocal_sma3nz_amean,0.009765625,4,True,0.2
speaker_independent,emotion_original_eval_quadrant,random_forest,rf_permutation,importance,1,jitterLocal_sma3nz_stddevNorm,-0.0015625,25,False,0.2
speaker_independent,emotion_original_eval_quadrant,random_forest,rf_permutation,importance,1,shimmerLocaldB_sma3nz_amean,-0.005859375,51,False,0.0
speaker_independent,emotion_original_eval_quadrant,random_forest,rf_permutation,importance,1,shimmerLocaldB_sma3nz_stddevNorm,-0.004296875,43,False,0.0
speaker_independent,emotion_original_eval_quadrant,random_forest,rf_permutation,importance,1,HNRdBACF_sma3nz_amean,0.00859375,5,True,0.2
speaker_independent,emotion_original_eval_quadrant,random_forest,rf_permutation,importance,1,HNRdBACF_sma3nz_stddevNorm,0.0109375,3,True,0.4
speaker_independent,emotion_original_eval_quadrant,random_forest,rf_permutation,importance,1,logRelF0-H1-H2_sma3nz_amean,-0.0109375,77,False,0.2
speaker_independent,emotion_original_eval_quadrant,random_forest,rf_permutation,importance,1,logRelF0-H1-H2_sma3nz_stddevNorm,0.00078125,13,True,0.6
speaker_independent,emotion_original_eval_quadrant,random_forest,rf_permutation,importance,1,logRelF0-H1-A3_sma3nz_amean,-0.003515625,33,False,0.0
speaker_independent,emotion_original_eval_quadrant,random_forest,rf_permutation,importance,1,logRelF0-H1-A3_sma3nz_stddevNorm,-0.00390625,36,False,0.0
speaker_independent,emotion_original_eval_quadrant,random_forest,rf_permutation,importance,1,F1frequency_sma3nz_amean,-0.003515625,33,False,0.4
speaker_independent,emotion_original_eval_quadrant,random_forest,rf_permutation,importance,1,F1frequency_sma3nz_stddevNorm,-0.01171875,80,False,0.2
speaker_independent,emotion_original_eval_quadrant,random_forest,rf_permutation,importance,1,F1bandwidth_sma3nz_amean,-0.012890625,83,False,0.4
speaker_independent,emotion_original_eval_quadrant,random_forest,rf_permutation,importance,1,F1bandwidth_sma3nz_stddevNorm,-0.00390625,36,False,0.0
speaker_independent,emotion_original_eval_quadrant,random_forest,rf_permutation,importance,1,F1amplitudeLogRelF0_sma3nz_amean,-0.005859375,51,False,0.4
speaker_independent,emotion_original_eval_quadrant,random_forest,rf_permutation,importance,1,F1amplitudeLogRelF0_sma3nz_stddevNorm,-0.009765625,74,False,0.0
speaker_independent,emotion_original_eval_quadrant,random_forest,rf_permutation,importance,1,F2frequency_sma3nz_amean,-0.004296875,43,False,0.0
speaker_independent,emotion_original_eval_quadrant,random_forest,rf_permutation,importance,1,F2frequency_sma3nz_stddevNorm,-0.008203125,65,False,0.4
speaker_independent,emotion_original_eval_quadrant,random_forest,rf_permutation,importance,1,F2bandwidth_sma3nz_amean,-0.008203125,65,False,0.2
speaker_independent,emotion_original_eval_quadrant,random_forest,rf_permutation,importance,1,F2bandwidth_sma3nz_stddevNorm,-0.005859375,51,False,0.0
speaker_independent,emotion_original_eval_quadrant,random_forest,rf_permutation,importance,1,F2amplitudeLogRelF0_sma3nz_amean,-0.00390625,36,False,0.2
speaker_independent,emotion_original_eval_quadrant,random_forest,rf_permutation,importance,1,F2amplitudeLogRelF0_sma3nz_stddevNorm,-0.002734375,30,False,0.4
speaker_independent,emotion_original_eval_quadrant,random_forest,rf_permutation,importance,1,F3frequency_sma3nz_amean,-0.00625,56,False,0.0
speaker_independent,emotion_original_eval_quadrant,random_forest,rf_permutation,importance,1,F3frequency_sma3nz_stddevNorm,-0.009375,72,False,0.0
speaker_independent,emotion_original_eval_quadrant,random_forest,rf_permutation,importance,1,F3bandwidth_sma3nz_amean,-0.006640625,58,False,0.0
speaker_independent,emotion_original_eval_quadrant,random_forest,rf_permutation,importance,1,F3bandwidth_sma3nz_stddevNorm,-0.003515625,33,False,0.0
speaker_independent,emotion_original_eval_quadrant,random_forest,rf_permutation,importance,1,F3amplitudeLogRelF0_sma3nz_amean,0.001171875,11,True,0.4
speaker_independent,emotion_original_eval_quadrant,random_forest,rf_permutation,importance,1,F3amplitudeLogRelF0_sma3nz_stddevNorm,-0.00078125,20,False,0.2
speaker_independent,emotion_original_eval_quadrant,random_forest,rf_permutation,importance,1,alphaRatioV_sma3nz_amean,-0.005078125,47,False,0.0
speaker_independent,emotion_original_eval_quadrant,random_forest,rf_permutation,importance,1,alphaRatioV_sma3nz_stddevNorm,0.000390625,17,False,0.6
speaker_independent,emotion_original_eval_quadrant,random_forest,rf_permutation,importance,1,hammarbergIndexV_sma3nz_amean,-0.00390625,36,False,0.2
speaker_independent,emotion_original_eval_quadrant,random_forest,rf_permutation,importance,1,hammarbergIndexV_sma3nz_stddevNorm,-0.005078125,47,False,0.2
speaker_independent,emotion_original_eval_quadrant,random_forest,rf_permutation,importance,1,slopeV0-500_sma3nz_amean,0.00078125,13,True,0.4
speaker_independent,emotion_original_eval_quadrant,random_forest,rf_permutation,importance,1,slopeV0-500_sma3nz_stddevNorm,-0.005859375,51,False,0.0
speaker_independent,emotion_original_eval_quadrant,random_forest,rf_permutation,importance,1,slopeV500-1500_sma3nz_amean,-0.00234375,27,False,0.2
speaker_independent,emotion_original_eval_quadrant,random_forest,rf_permutation,importance,1,slopeV500-1500_sma3nz_stddevNorm,0.00546875,7,True,0.2
speaker_independent,emotion_original_eval_quadrant,random_forest,rf_permutation,importance,1,spectralFluxV_sma3nz_amean,-0.019140625,87,False,0.4
speaker_independent,emotion_original_eval_quadrant,random_forest,rf_permutation,importance,1,spectralFluxV_sma3nz_stddevNorm,0.00703125,6,True,0.2
speaker_independent,emotion_original_eval_quadrant,random_forest,rf_permutation,importance,1,mfcc1V_sma3nz_amean,-0.002734375,30,False,0.2
speaker_independent,emotion_original_eval_quadrant,random_forest,rf_permutation,importance,1,mfcc1V_sma3nz_stddevNorm,-0.00625,56,False,0.2
speaker_independent,emotion_original_eval_quadrant,random_forest,rf_permutation,importance,1,mfcc2V_sma3nz_amean,-0.008203125,65,False,0.0
speaker_independent,emotion_original_eval_quadrant,random_forest,rf_permutation,importance,1,mfcc2V_sma3nz_stddevNorm,-0.00859375,68,False,0.2
speaker_independent,emotion_original_eval_quadrant,random_forest,rf_permutation,importance,1,mfcc3V_sma3nz_amean,0.002734375,10,True,0.4
speaker_independent,emotion_original_eval_quadrant,random_forest,rf_permutation,importance,1,mfcc3V_sma3nz_stddevNorm,-0.006640625,58,False,0.0
speaker_independent,emotion_original_eval_quadrant,random_forest,rf_permutation,importance,1,mfcc4V_sma3nz_amean,-0.000390625,19,False,0.2
speaker_independent,emotion_original_eval_quadrant,random_forest,rf_permutation,importance,1,mfcc4V_sma3nz_stddevNorm,-0.003125,32,False,0.0
speaker_independent,emotion_original_eval_quadrant,random_forest,rf_permutation,importance,1,alphaRatioUV_sma3nz_amean,0.00078125,13,True,0.6
speaker_independent,emotion_original_eval_quadrant,random_forest,rf_permutation,importance,1,hammarbergIndexUV_sma3nz_amean,-0.001171875,22,False,0.2
speaker_independent,emotion_original_eval_quadrant,random_forest,rf_permutation,importance,1,slopeUV0-500_sma3nz_amean,-0.00859375,68,False,0.2
speaker_independent,emotion_original_eval_quadrant,random_forest,rf_permutation,importance,1,slopeUV500-1500_sma3nz_amean,0.00078125,13,True,0.4
speaker_independent,emotion_original_eval_quadrant,random_forest,rf_permutation,importance,1,spectralFluxUV_sma3nz_amean,-0.01015625,75,False,0.0
speaker_independent,emotion_original_eval_quadrant,random_forest,rf_permutation,importance,1,loudnessPeaksPerSec,-0.00546875,49,False,0.4
speaker_independent,emotion_original_eval_quadrant,random_forest,rf_permutation,importance,1,VoicedSegmentsPerSec,-0.00390625,36,False,0.0
speaker_independent,emotion_original_eval_quadrant,random_forest,rf_permutation,importance,1,MeanVoicedSegmentLengthSec,-0.004296875,43,False,0.2
speaker_independent,emotion_original_eval_quadrant,random_forest,rf_permutation,importance,1,StddevVoicedSegmentLengthSec,-0.00390625,36,False,0.4
speaker_independent,emotion_original_eval_quadrant,random_forest,rf_permutation,importance,1,MeanUnvoicedSegmentLength,-0.00234375,27,False,0.0
speaker_independent,emotion_original_eval_quadrant,random_forest,rf_permutation,importance,1,StddevUnvoicedSegmentLength,0.000390625,17,False,0.0
speaker_independent,emotion_original_eval_quadrant,random_forest,rf_permutation,importance,1,equivalentSoundLevel_dBp,-0.005859375,51,False,0.2
speaker_independent,emotion_original_eval_quadrant,logistic_regression,logreg_coefficient,importance,1,F0semitoneFrom27.5Hz_sma3nz_amean,0.7644468414563795,6,True,0.8
speaker_independent,emotion_original_eval_quadrant,logistic_regression,logreg_coefficient,importance,1,F0semitoneFrom27.5Hz_sma3nz_stddevNorm,0.3787939684396674,44,False,0.0
speaker_independent,emotion_original_eval_quadrant,logistic_regression,logreg_coefficient,importance,1,F0semitoneFrom27.5Hz_sma3nz_percentile20.0,0.44720352227975624,26,False,0.0
speaker_independent,emotion_original_eval_quadrant,logistic_regression,logreg_coefficient,importance,1,F0semitoneFrom27.5Hz_sma3nz_percentile50.0,0.7718524288468198,5,True,0.8
speaker_independent,emotion_original_eval_quadrant,logistic_regression,logreg_coefficient,importance,1,F0semitoneFrom27.5Hz_sma3nz_percentile80.0,0.43318358613210417,29,False,0.0
speaker_independent,emotion_original_eval_quadrant,logistic_regression,logreg_coefficient,importance,1,F0semitoneFrom27.5Hz_sma3nz_pctlrange0-2,0.44207108289819486,27,False,0.2
speaker_independent,emotion_original_eval_quadrant,logistic_regression,logreg_coefficient,importance,1,F0semitoneFrom27.5Hz_sma3nz_meanRisingSlope,0.40744871344826195,40,False,0.0
speaker_independent,emotion_original_eval_quadrant,logistic_regression,logreg_coefficient,importance,1,F0semitoneFrom27.5Hz_sma3nz_stddevRisingSlope,0.28409048532542946,64,False,0.0
speaker_independent,emotion_original_eval_quadrant,logistic_regression,logreg_coefficient,importance,1,F0semitoneFrom27.5Hz_sma3nz_meanFallingSlope,0.285720650095314,63,False,0.0
speaker_independent,emotion_original_eval_quadrant,logistic_regression,logreg_coefficient,importance,1,F0semitoneFrom27.5Hz_sma3nz_stddevFallingSlope,0.43811194477499643,28,False,0.2
speaker_independent,emotion_original_eval_quadrant,logistic_regression,logreg_coefficient,importance,1,loudness_sma3_amean,0.14302470335917042,81,False,0.0
speaker_independent,emotion_original_eval_quadrant,logistic_regression,logreg_coefficient,importance,1,loudness_sma3_stddevNorm,0.7989311114811484,4,True,1.0
speaker_independent,emotion_original_eval_quadrant,logistic_regression,logreg_coefficient,importance,1,loudness_sma3_percentile20.0,0.3554169741133996,50,False,0.2
speaker_independent,emotion_original_eval_quadrant,logistic_regression,logreg_coefficient,importance,1,loudness_sma3_percentile50.0,0.3572160240666754,48,False,0.0
speaker_independent,emotion_original_eval_quadrant,logistic_regression,logreg_coefficient,importance,1,loudness_sma3_percentile80.0,0.23118607260830593,73,False,0.0
speaker_independent,emotion_original_eval_quadrant,logistic_regression,logreg_coefficient,importance,1,loudness_sma3_pctlrange0-2,0.2917836058936101,62,False,0.0
speaker_independent,emotion_original_eval_quadrant,logistic_regression,logreg_coefficient,importance,1,loudness_sma3_meanRisingSlope,0.7639788798137641,7,True,0.8
speaker_independent,emotion_original_eval_quadrant,logistic_regression,logreg_coefficient,importance,1,loudness_sma3_stddevRisingSlope,0.42995652200331136,32,False,0.0
speaker_independent,emotion_original_eval_quadrant,logistic_regression,logreg_coefficient,importance,1,loudness_sma3_meanFallingSlope,0.6056838724052108,12,True,0.4
speaker_independent,emotion_original_eval_quadrant,logistic_regression,logreg_coefficient,importance,1,loudness_sma3_stddevFallingSlope,0.3155650503002677,59,False,0.0
speaker_independent,emotion_original_eval_quadrant,logistic_regression,logreg_coefficient,importance,1,spectralFlux_sma3_amean,0.3359965788877976,54,False,0.0
speaker_independent,emotion_original_eval_quadrant,logistic_regression,logreg_coefficient,importance,1,spectralFlux_sma3_stddevNorm,0.4180627329537395,37,False,0.0
speaker_independent,emotion_original_eval_quadrant,logistic_regression,logreg_coefficient,importance,1,mfcc1_sma3_amean,0.8540066237763803,3,True,1.0
speaker_independent,emotion_original_eval_quadrant,logistic_regression,logreg_coefficient,importance,1,mfcc1_sma3_stddevNorm,0.10487428818221751,86,False,0.0
speaker_independent,emotion_original_eval_quadrant,logistic_regression,logreg_coefficient,importance,1,mfcc2_sma3_amean,0.3746406442031599,46,False,0.6
speaker_independent,emotion_original_eval_quadrant,logistic_regression,logreg_coefficient,importance,1,mfcc2_sma3_stddevNorm,0.13770935242969795,84,False,0.0
speaker_independent,emotion_original_eval_quadrant,logistic_regression,logreg_coefficient,importance,1,mfcc3_sma3_amean,0.49932094683915224,18,False,0.8
speaker_independent,emotion_original_eval_quadrant,logistic_regression,logreg_coefficient,importance,1,mfcc3_sma3_stddevNorm,0.3476013457158643,52,False,0.0
speaker_independent,emotion_original_eval_quadrant,logistic_regression,logreg_coefficient,importance,1,mfcc4_sma3_amean,0.5878887261631657,14,True,0.8
speaker_independent,emotion_original_eval_quadrant,logistic_regression,logreg_coefficient,importance,1,mfcc4_sma3_stddevNorm,0.14290855819615766,82,False,0.0
speaker_independent,emotion_original_eval_quadrant,logistic_regression,logreg_coefficient,importance,1,jitterLocal_sma3nz_amean,0.4937254701487271,19,False,0.0
speaker_independent,emotion_original_eval_quadrant,logistic_regression,logreg_coefficient,importance,1,jitterLocal_sma3nz_stddevNorm,0.1728702065365822,79,False,0.0
speaker_independent,emotion_original_eval_quadrant,logistic_regression,logreg_coefficient,importance,1,shimmerLocaldB_sma3nz_amean,0.3151640356738728,60,False,0.0
speaker_independent,emotion_original_eval_quadrant,logistic_regression,logreg_coefficient,importance,1,shimmerLocaldB_sma3nz_stddevNorm,0.20497780421271766,76,False,0.0
speaker_independent,emotion_original_eval_quadrant,logistic_regression,logreg_coefficient,importance,1,HNRdBACF_sma3nz_amean,0.9601280842221276,2,True,1.0
speaker_independent,emotion_original_eval_quadrant,logistic_regression,logreg_coefficient,importance,1,HNRdBACF_sma3nz_stddevNorm,0.25219327837739464,69,False,0.0
speaker_independent,emotion_original_eval_quadrant,logistic_regression,logreg_coefficient,importance,1,logRelF0-H1-H2_sma3nz_amean,0.1684470212516307,80,False,0.0
speaker_independent,emotion_original_eval_quadrant,logistic_regression,logreg_coefficient,importance,1,logRelF0-H1-H2_sma3nz_stddevNorm,0.3150574174114463,61,False,0.0
speaker_independent,emotion_original_eval_quadrant,logistic_regression,logreg_coefficient,importance,1,logRelF0-H1-A3_sma3nz_amean,0.46292297884365585,22,False,0.0
speaker_independent,emotion_original_eval_quadrant,logistic_regression,logreg_coefficient,importance,1,logRelF0-H1-A3_sma3nz_stddevNorm,0.6653507920762939,8,True,0.2
speaker_independent,emotion_original_eval_quadrant,logistic_regression,logreg_coefficient,importance,1,F1frequency_sma3nz_amean,0.6459798869896183,9,True,1.0
speaker_independent,emotion_original_eval_quadrant,logistic_regression,logreg_coefficient,importance,1,F1frequency_sma3nz_stddevNorm,0.20464438867528137,77,False,0.0
speaker_independent,emotion_original_eval_quadrant,logistic_regression,logreg_coefficient,importance,1,F1bandwidth_sma3nz_amean,0.42200388981673714,34,False,0.0
speaker_independent,emotion_original_eval_quadrant,logistic_regression,logreg_coefficient,importance,1,F1bandwidth_sma3nz_stddevNorm,0.2503653880449966,71,False,0.0
speaker_independent,emotion_original_eval_quadrant,logistic_regression,logreg_coefficient,importance,1,F1amplitudeLogRelF0_sma3nz_amean,0.5385420066826206,17,False,0.8
speaker_independent,emotion_original_eval_quadrant,logistic_regression,logreg_coefficient,importance,1,F1amplitudeLogRelF0_sma3nz_stddevNorm,0.4558863197669014,24,False,0.6
speaker_independent,emotion_original_eval_quadrant,logistic_regression,logreg_coefficient,importance,1,F2frequency_sma3nz_amean,0.4240533961900167,33,False,0.0
speaker_independent,emotion_original_eval_quadrant,logistic_regression,logreg_coefficient,importance,1,F2frequency_sma3nz_stddevNorm,0.20885892717444923,75,False,0.0
speaker_independent,emotion_original_eval_quadrant,logistic_regression,logreg_coefficient,importance,1,F2bandwidth_sma3nz_amean,0.2514512187393467,70,False,0.0
speaker_independent,emotion_original_eval_quadrant,logistic_regression,logreg_coefficient,importance,1,F2bandwidth_sma3nz_stddevNorm,0.2318632398455118,72,False,0.0
speaker_independent,emotion_original_eval_quadrant,logistic_regression,logreg_coefficient,importance,1,F2amplitudeLogRelF0_sma3nz_amean,0.4216410540382568,35,False,0.0
speaker_independent,emotion_original_eval_quadrant,logistic_regression,logreg_coefficient,importance,1,F2amplitudeLogRelF0_sma3nz_stddevNorm,0.26504924722029166,68,False,0.0
speaker_independent,emotion_original_eval_quadrant,logistic_regression,logreg_coefficient,importance,1,F3frequency_sma3nz_amean,0.3565028042846963,49,False,0.2
speaker_independent,emotion_original_eval_quadrant,logistic_regression,logreg_coefficient,importance,1,F3frequency_sma3nz_stddevNorm,0.2732446925222384,66,False,0.0
speaker_independent,emotion_original_eval_quadrant,logistic_regression,logreg_coefficient,importance,1,F3bandwidth_sma3nz_amean,0.3312082806473217,56,False,0.0
speaker_independent,emotion_original_eval_quadrant,logistic_regression,logreg_coefficient,importance,1,F3bandwidth_sma3nz_stddevNorm,0.3178733640287701,58,False,0.0
speaker_independent,emotion_original_eval_quadrant,logistic_regression,logreg_coefficient,importance,1,F3amplitudeLogRelF0_sma3nz_amean,0.3862813093019203,43,False,0.0
speaker_independent,emotion_original_eval_quadrant,logistic_regression,logreg_coefficient,importance,1,F3amplitudeLogRelF0_sma3nz_stddevNorm,0.4306940269806962,31,False,0.4
speaker_independent,emotion_original_eval_quadrant,logistic_regression,logreg_coefficient,importance,1,alphaRatioV_sma3nz_amean,0.6107316057174607,11,True,0.4
speaker_independent,emotion_original_eval_quadrant,logistic_regression,logreg_coefficient,importance,1,alphaRatioV_sma3nz_stddevNorm,0.08380319788269588,87,False,0.0
speaker_independent,emotion_original_eval_quadrant,logistic_regression,logreg_coefficient,importance,1,hammarbergIndexV_sma3nz_amean,0.45253969020741325,25,False,0.0
speaker_independent,emotion_original_eval_quadrant,logistic_regression,logreg_coefficient,importance,1,hammarbergIndexV_sma3nz_stddevNorm,0.5590638234579487,15,True,0.2
speaker_independent,emotion_original_eval_quadrant,logistic_regression,logreg_coefficient,importance,1,slopeV0-500_sma3nz_amean,0.3745807658539785,47,False,0.2
speaker_independent,emotion_original_eval_quadrant,logistic_regression,logreg_coefficient,importance,1,slopeV0-500_sma3nz_stddevNorm,0.33367746141500104,55,False,0.0
speaker_independent,emotion_original_eval_quadrant,logistic_regression,logreg_coefficient,importance,1,slopeV500-1500_sma3nz_amean,0.40848709049453746,39,False,0.0
speaker_independent,emotion_original_eval_quadrant,logistic_regression,logreg_coefficient,importance,1,slopeV500-1500_sma3nz_stddevNorm,0.37709273547998257,45,False,0.0
speaker_independent,emotion_original_eval_quadrant,logistic_regression,logreg_coefficient,importance,1,spectralFluxV_sma3nz_amean,0.41499517325833524,38,False,0.0
speaker_independent,emotion_original_eval_quadrant,logistic_regression,logreg_coefficient,importance,1,spectralFluxV_sma3nz_stddevNorm,0.6001018453080503,13,True,0.2
speaker_independent,emotion_original_eval_quadrant,logistic_regression,logreg_coefficient,importance,1,mfcc1V_sma3nz_amean,0.4577795124352373,23,False,0.0
speaker_independent,emotion_original_eval_quadrant,logistic_regression,logreg_coefficient,importance,1,mfcc1V_sma3nz_stddevNorm,0.08216814156388334,88,False,0.0
speaker_independent,emotion_original_eval_quadrant,logistic_regression,logreg_coefficient,importance,1,mfcc2V_sma3nz_amean,0.5562750203388089,16,False,0.6
speaker_independent,emotion_original_eval_quadrant,logistic_regression,logreg_coefficient,importance,1,mfcc2V_sma3nz_stddevNorm,0.10898958329375932,85,False,0.0
speaker_independent,emotion_original_eval_quadrant,logistic_regression,logreg_coefficient,importance,1,mfcc3V_sma3nz_amean,0.4329494340047754,30,False,0.0
speaker_independent,emotion_original_eval_quadrant,logistic_regression,logreg_coefficient,importance,1,mfcc3V_sma3nz_stddevNorm,0.13907459312645024,83,False,0.0
speaker_independent,emotion_original_eval_quadrant,logistic_regression,logreg_coefficient,importance,1,mfcc4V_sma3nz_amean,0.39822097623585706,41,False,0.0
speaker_independent,emotion_original_eval_quadrant,logistic_regression,logreg_coefficient,importance,1,mfcc4V_sma3nz_stddevNorm,0.20294160977553713,78,False,0.0
speaker_independent,emotion_original_eval_quadrant,logistic_regression,logreg_coefficient,importance,1,alphaRatioUV_sma3nz_amean,0.4894230419506492,20,False,0.0
speaker_independent,emotion_original_eval_quadrant,logistic_regression,logreg_coefficient,importance,1,hammarbergIndexUV_sma3nz_amean,0.6427978378443774,10,True,0.4
speaker_independent,emotion_original_eval_quadrant,logistic_regression,logreg_coefficient,importance,1,slopeUV0-500_sma3nz_amean,0.35214592381248566,51,False,0.0
speaker_independent,emotion_original_eval_quadrant,logistic_regression,logreg_coefficient,importance,1,slopeUV500-1500_sma3nz_amean,0.3233488998276027,57,False,0.0
speaker_independent,emotion_original_eval_quadrant,logistic_regression,logreg_coefficient,importance,1,spectralFluxUV_sma3nz_amean,0.4684183926559297,21,False,0.0
speaker_independent,emotion_original_eval_quadrant,logistic_regression,logreg_coefficient,importance,1,loudnessPeaksPerSec,0.38956910415930746,42,False,0.0
speaker_independent,emotion_original_eval_quadrant,logistic_regression,logreg_coefficient,importance,1,VoicedSegmentsPerSec,0.42100849547163655,36,False,0.0
speaker_independent,emotion_original_eval_quadrant,logistic_regression,logreg_coefficient,importance,1,MeanVoicedSegmentLengthSec,0.21296082263236632,74,False,0.0
speaker_independent,emotion_original_eval_quadrant,logistic_regression,logreg_coefficient,importance,1,StddevVoicedSegmentLengthSec,0.26953216552983994,67,False,0.0
speaker_independent,emotion_original_eval_quadrant,logistic_regression,logreg_coefficient,importance,1,MeanUnvoicedSegmentLength,0.2779173364961194,65,False,0.0
speaker_independent,emotion_original_eval_quadrant,logistic_regression,logreg_coefficient,importance,1,StddevUnvoicedSegmentLength,0.34275393800305165,53,False,0.2
speaker_independent,emotion_original_eval_quadrant,logistic_regression,logreg_coefficient,importance,1,equivalentSoundLevel_dBp,1.033749952709318,1,True,1.0
speaker_independent,emotion_original_eval_quadrant,random_forest,rf_impurity,importance,2,F0semitoneFrom27.5Hz_sma3nz_amean,0.010576634529133948,33,False,0.0
speaker_independent,emotion_original_eval_quadrant,random_forest,rf_impurity,importance,2,F0semitoneFrom27.5Hz_sma3nz_stddevNorm,0.015721188212659193,13,True,1.0
speaker_independent,emotion_original_eval_quadrant,random_forest,rf_impurity,importance,2,F0semitoneFrom27.5Hz_sma3nz_percentile20.0,0.013077967690592576,20,False,0.0
speaker_independent,emotion_original_eval_quadrant,random_forest,rf_impurity,importance,2,F0semitoneFrom27.5Hz_sma3nz_percentile50.0,0.009468952074344759,46,False,0.0
speaker_independent,emotion_original_eval_quadrant,random_forest,rf_impurity,importance,2,F0semitoneFrom27.5Hz_sma3nz_percentile80.0,0.010058776615903155,39,False,0.0
speaker_independent,emotion_original_eval_quadrant,random_forest,rf_impurity,importance,2,F0semitoneFrom27.5Hz_sma3nz_pctlrange0-2,0.024749191987221194,2,True,1.0
speaker_independent,emotion_original_eval_quadrant,random_forest,rf_impurity,importance,2,F0semitoneFrom27.5Hz_sma3nz_meanRisingSlope,0.00819995437171138,73,False,0.0
speaker_independent,emotion_original_eval_quadrant,random_forest,rf_impurity,importance,2,F0semitoneFrom27.5Hz_sma3nz_stddevRisingSlope,0.007944812713836898,77,False,0.0
speaker_independent,emotion_original_eval_quadrant,random_forest,rf_impurity,importance,2,F0semitoneFrom27.5Hz_sma3nz_meanFallingSlope,0.011759421599048348,25,False,0.0
speaker_independent,emotion_original_eval_quadrant,random_forest,rf_impurity,importance,2,F0semitoneFrom27.5Hz_sma3nz_stddevFallingSlope,0.015308150742165601,15,True,1.0
speaker_independent,emotion_original_eval_quadrant,random_forest,rf_impurity,importance,2,loudness_sma3_amean,0.018066200160362235,10,True,0.8
speaker_independent,emotion_original_eval_quadrant,random_forest,rf_impurity,importance,2,loudness_sma3_stddevNorm,0.010926381332280513,30,False,0.0
speaker_independent,emotion_original_eval_quadrant,random_forest,rf_impurity,importance,2,loudness_sma3_percentile20.0,0.010747643454273243,32,False,0.0
speaker_independent,emotion_original_eval_quadrant,random_forest,rf_impurity,importance,2,loudness_sma3_percentile50.0,0.013769257182965709,18,False,0.4
speaker_independent,emotion_original_eval_quadrant,random_forest,rf_impurity,importance,2,loudness_sma3_percentile80.0,0.02246289400481477,5,True,1.0
speaker_independent,emotion_original_eval_quadrant,random_forest,rf_impurity,importance,2,loudness_sma3_pctlrange0-2,0.02376223014700233,3,True,1.0
speaker_independent,emotion_original_eval_quadrant,random_forest,rf_impurity,importance,2,loudness_sma3_meanRisingSlope,0.020409827100861276,6,True,1.0
speaker_independent,emotion_original_eval_quadrant,random_forest,rf_impurity,importance,2,loudness_sma3_stddevRisingSlope,0.015326688026447316,14,True,0.4
speaker_independent,emotion_original_eval_quadrant,random_forest,rf_impurity,importance,2,loudness_sma3_meanFallingSlope,0.017860381621103497,11,True,1.0
speaker_independent,emotion_original_eval_quadrant,random_forest,rf_impurity,importance,2,loudness_sma3_stddevFallingSlope,0.015288594468047147,16,False,0.0
speaker_independent,emotion_original_eval_quadrant,random_forest,rf_impurity,importance,2,spectralFlux_sma3_amean,0.023413305869358476,4,True,1.0
speaker_independent,emotion_original_eval_quadrant,random_forest,rf_impurity,importance,2,spectralFlux_sma3_stddevNorm,0.007896031328147025,80,False,0.0
speaker_independent,emotion_original_eval_quadrant,random_forest,rf_impurity,importance,2,mfcc1_sma3_amean,0.012709192225602078,21,False,0.0
speaker_independent,emotion_original_eval_quadrant,random_forest,rf_impurity,importance,2,mfcc1_sma3_stddevNorm,0.01150107788266361,27,False,0.0
speaker_independent,emotion_original_eval_quadrant,random_forest,rf_impurity,importance,2,mfcc2_sma3_amean,0.008538276643842378,67,False,0.0
speaker_independent,emotion_original_eval_quadrant,random_forest,rf_impurity,importance,2,mfcc2_sma3_stddevNorm,0.007644018856772584,86,False,0.0
speaker_independent,emotion_original_eval_quadrant,random_forest,rf_impurity,importance,2,mfcc3_sma3_amean,0.008066121148046612,74,False,0.0
speaker_independent,emotion_original_eval_quadrant,random_forest,rf_impurity,importance,2,mfcc3_sma3_stddevNorm,0.0079658610721063,76,False,0.0
speaker_independent,emotion_original_eval_quadrant,random_forest,rf_impurity,importance,2,mfcc4_sma3_amean,0.009984255118994471,40,False,0.0
speaker_independent,emotion_original_eval_quadrant,random_forest,rf_impurity,importance,2,mfcc4_sma3_stddevNorm,0.009698024294458556,43,False,0.0
speaker_independent,emotion_original_eval_quadrant,random_forest,rf_impurity,importance,2,jitterLocal_sma3nz_amean,0.018908302452434876,8,True,1.0
speaker_independent,emotion_original_eval_quadrant,random_forest,rf_impurity,importance,2,jitterLocal_sma3nz_stddevNorm,0.008607933849494279,63,False,0.0
speaker_independent,emotion_original_eval_quadrant,random_forest,rf_impurity,importance,2,shimmerLocaldB_sma3nz_amean,0.008889531509219502,61,False,0.0
speaker_independent,emotion_original_eval_quadrant,random_forest,rf_impurity,importance,2,shimmerLocaldB_sma3nz_stddevNorm,0.013290170446745304,19,False,0.4
speaker_independent,emotion_original_eval_quadrant,random_forest,rf_impurity,importance,2,HNRdBACF_sma3nz_amean,0.01638888543337782,12,True,0.8
speaker_independent,emotion_original_eval_quadrant,random_forest,rf_impurity,importance,2,HNRdBACF_sma3nz_stddevNorm,0.018927002820248767,7,True,1.0
speaker_independent,emotion_original_eval_quadrant,random_forest,rf_impurity,importance,2,logRelF0-H1-H2_sma3nz_amean,0.008915235714791773,60,False,0.0
speaker_independent,emotion_original_eval_quadrant,random_forest,rf_impurity,importance,2,logRelF0-H1-H2_sma3nz_stddevNorm,0.00919833677102945,54,False,0.0
speaker_independent,emotion_original_eval_quadrant,random_forest,rf_impurity,importance,2,logRelF0-H1-A3_sma3nz_amean,0.00923928437372213,51,False,0.0
speaker_independent,emotion_original_eval_quadrant,random_forest,rf_impurity,importance,2,logRelF0-H1-A3_sma3nz_stddevNorm,0.007863918485831687,82,False,0.0
speaker_independent,emotion_original_eval_quadrant,random_forest,rf_impurity,importance,2,F1frequency_sma3nz_amean,0.011950539015081984,23,False,0.0
speaker_independent,emotion_original_eval_quadrant,random_forest,rf_impurity,importance,2,F1frequency_sma3nz_stddevNorm,0.00789657564509818,79,False,0.0
speaker_independent,emotion_original_eval_quadrant,random_forest,rf_impurity,importance,2,F1bandwidth_sma3nz_amean,0.008336837235618927,69,False,0.0
speaker_independent,emotion_original_eval_quadrant,random_forest,rf_impurity,importance,2,F1bandwidth_sma3nz_stddevNorm,0.009555156763689445,44,False,0.0
speaker_independent,emotion_original_eval_quadrant,random_forest,rf_impurity,importance,2,F1amplitudeLogRelF0_sma3nz_amean,0.008368637790135896,68,False,0.0
speaker_independent,emotion_original_eval_quadrant,random_forest,rf_impurity,importance,2,F1amplitudeLogRelF0_sma3nz_stddevNorm,0.007729085228926766,83,False,0.0
speaker_independent,emotion_original_eval_quadrant,random_forest,rf_impurity,importance,2,F2frequency_sma3nz_amean,0.009424819919727241,49,False,0.0
speaker_independent,emotion_original_eval_quadrant,random_forest,rf_impurity,importance,2,F2frequency_sma3nz_stddevNorm,0.008225767408810642,72,False,0.0
speaker_independent,emotion_original_eval_quadrant,random_forest,rf_impurity,importance,2,F2bandwidth_sma3nz_amean,0.007882101307609609,81,False,0.0
speaker_independent,emotion_original_eval_quadrant,random_forest,rf_impurity,importance,2,F2bandwidth_sma3nz_stddevNorm,0.00740586243220875,88,False,0.0
speaker_independent,emotion_original_eval_quadrant,random_forest,rf_impurity,importance,2,F2amplitudeLogRelF0_sma3nz_amean,0.009440504974987591,47,False,0.0
speaker_independent,emotion_original_eval_quadrant,random_forest,rf_impurity,importance,2,F2amplitudeLogRelF0_sma3nz_stddevNorm,0.01024140477616099,37,False,0.0
speaker_independent,emotion_original_eval_quadrant,random_forest,rf_impurity,importance,2,F3frequency_sma3nz_amean,0.008992270500877782,57,False,0.0
speaker_independent,emotion_original_eval_quadrant,random_forest,rf_impurity,importance,2,F3frequency_sma3nz_stddevNorm,0.009429844170697595,48,False,0.0
speaker_independent,emotion_original_eval_quadrant,random_forest,rf_impurity,importance,2,F3bandwidth_sma3nz_amean,0.00953040962885483,45,False,0.0
speaker_independent,emotion_original_eval_quadrant,random_forest,rf_impurity,importance,2,F3bandwidth_sma3nz_stddevNorm,0.007619385552022012,87,False,0.0
speaker_independent,emotion_original_eval_quadrant,random_forest,rf_impurity,importance,2,F3amplitudeLogRelF0_sma3nz_amean,0.010887184903128962,31,False,0.0
speaker_independent,emotion_original_eval_quadrant,random_forest,rf_impurity,importance,2,F3amplitudeLogRelF0_sma3nz_stddevNorm,0.012396744137272446,22,False,0.2
speaker_independent,emotion_original_eval_quadrant,random_forest,rf_impurity,importance,2,alphaRatioV_sma3nz_amean,0.00928214331393167,50,False,0.0
speaker_independent,emotion_original_eval_quadrant,random_forest,rf_impurity,importance,2,alphaRatioV_sma3nz_stddevNorm,0.010450113455291949,36,False,0.0
speaker_independent,emotion_original_eval_quadrant,random_forest,rf_impurity,importance,2,hammarbergIndexV_sma3nz_amean,0.009744609353982152,41,False,0.0
speaker_independent,emotion_original_eval_quadrant,random_forest,rf_impurity,importance,2,hammarbergIndexV_sma3nz_stddevNorm,0.01046784402455861,35,False,0.0
speaker_independent,emotion_original_eval_quadrant,random_forest,rf_impurity,importance,2,slopeV0-500_sma3nz_amean,0.009209990620623993,53,False,0.0
speaker_independent,emotion_original_eval_quadrant,random_forest,rf_impurity,importance,2,slopeV0-500_sma3nz_stddevNorm,0.009067042885466585,56,False,0.0
speaker_independent,emotion_original_eval_quadrant,random_forest,rf_impurity,importance,2,slopeV500-1500_sma3nz_amean,0.014168711420086431,17,False,0.0
speaker_independent,emotion_original_eval_quadrant,random_forest,rf_impurity,importance,2,slopeV500-1500_sma3nz_stddevNorm,0.01184744484388968,24,False,0.0
speaker_independent,emotion_original_eval_quadrant,random_forest,rf_impurity,importance,2,spectralFluxV_sma3nz_amean,0.02552217766021578,1,True,1.0
speaker_independent,emotion_original_eval_quadrant,random_forest,rf_impurity,importance,2,spectralFluxV_sma3nz_stddevNorm,0.011143020147838134,29,False,0.0
speaker_independent,emotion_original_eval_quadrant,random_forest,rf_impurity,importance,2,mfcc1V_sma3nz_amean,0.01021652958102919,38,False,0.0
speaker_independent,emotion_original_eval_quadrant,random_forest,rf_impurity,importance,2,mfcc1V_sma3nz_stddevNorm,0.008753998511387426,62,False,0.0
speaker_independent,emotion_original_eval_quadrant,random_forest,rf_impurity,importance,2,mfcc2V_sma3nz_amean,0.009212265978776502,52,False,0.0
speaker_independent,emotion_original_eval_quadrant,random_forest,rf_impurity,importance,2,mfcc2V_sma3nz_stddevNorm,0.008984950978793428,58,False,0.0
speaker_independent,emotion_original_eval_quadrant,random_forest,rf_impurity,importance,2,mfcc3V_sma3nz_amean,0.00772365340751808,84,False,0.0
speaker_independent,emotion_original_eval_quadrant,random_forest,rf_impurity,importance,2,mfcc3V_sma3nz_stddevNorm,0.009094339239204299,55,False,0.0
speaker_independent,emotion_original_eval_quadrant,random_forest,rf_impurity,importance,2,mfcc4V_sma3nz_amean,0.008921547337589045,59,False,0.0
speaker_independent,emotion_original_eval_quadrant,random_forest,rf_impurity,importance,2,mfcc4V_sma3nz_stddevNorm,0.008229098760729978,71,False,0.0
speaker_independent,emotion_original_eval_quadrant,random_forest,rf_impurity,importance,2,alphaRatioUV_sma3nz_amean,0.0079031941404746,78,False,0.0
speaker_independent,emotion_original_eval_quadrant,random_forest,rf_impurity,importance,2,hammarbergIndexUV_sma3nz_amean,0.008548125878854708,66,False,0.0
speaker_independent,emotion_original_eval_quadrant,random_forest,rf_impurity,importance,2,slopeUV0-500_sma3nz_amean,0.007644629510775223,85,False,0.0
speaker_independent,emotion_original_eval_quadrant,random_forest,rf_impurity,importance,2,slopeUV500-1500_sma3nz_amean,0.0085605419654135,65,False,0.0
speaker_independent,emotion_original_eval_quadrant,random_forest,rf_impurity,importance,2,spectralFluxUV_sma3nz_amean,0.011476776495578165,28,False,0.2
speaker_independent,emotion_original_eval_quadrant,random_forest,rf_impurity,importance,2,loudnessPeaksPerSec,0.011740694076158468,26,False,0.0
speaker_independent,emotion_original_eval_quadrant,random_forest,rf_impurity,importance,2,VoicedSegmentsPerSec,0.008007513181286537,75,False,0.0
speaker_independent,emotion_original_eval_quadrant,random_forest,rf_impurity,importance,2,MeanVoicedSegmentLengthSec,0.008595369242214837,64,False,0.0
speaker_independent,emotion_original_eval_quadrant,random_forest,rf_impurity,importance,2,StddevVoicedSegmentLengthSec,0.009724955562196155,42,False,0.0
speaker_independent,emotion_original_eval_quadrant,random_forest,rf_impurity,importance,2,MeanUnvoicedSegmentLength,0.010505094198209927,34,False,0.0
speaker_independent,emotion_original_eval_quadrant,random_forest,rf_impurity,importance,2,StddevUnvoicedSegmentLength,0.008280647883987533,70,False,0.0
speaker_independent,emotion_original_eval_quadrant,random_forest,rf_impurity,importance,2,equivalentSoundLevel_dBp,0.01852993062136503,9,True,0.8
speaker_independent,emotion_original_eval_quadrant,random_forest,rf_permutation,importance,2,F0semitoneFrom27.5Hz_sma3nz_amean,-0.01015625,71,False,0.0
speaker_independent,emotion_original_eval_quadrant,random_forest,rf_permutation,importance,2,F0semitoneFrom27.5Hz_sma3nz_stddevNorm,0.007421875,2,True,0.2
speaker_independent,emotion_original_eval_quadrant,random_forest,rf_permutation,importance,2,F0semitoneFrom27.5Hz_sma3nz_percentile20.0,-0.005859375,49,False,0.2
speaker_independent,emotion_original_eval_quadrant,random_forest,rf_permutation,importance,2,F0semitoneFrom27.5Hz_sma3nz_percentile50.0,-0.003515625,33,False,0.2
speaker_independent,emotion_original_eval_quadrant,random_forest,rf_permutation,importance,2,F0semitoneFrom27.5Hz_sma3nz_percentile80.0,0.0,9,True,0.2
speaker_independent,emotion_original_eval_quadrant,random_forest,rf_permutation,importance,2,F0semitoneFrom27.5Hz_sma3nz_pctlrange0-2,0.003515625,3,True,0.8
speaker_independent,emotion_original_eval_quadrant,random_forest,rf_permutation,importance,2,F0semitoneFrom27.5Hz_sma3nz_meanRisingSlope,-0.01484375,83,False,0.0
speaker_independent,emotion_original_eval_quadrant,random_forest,rf_permutation,importance,2,F0semitoneFrom27.5Hz_sma3nz_stddevRisingSlope,-0.00234375,22,False,0.2
speaker_independent,emotion_original_eval_quadrant,random_forest,rf_permutation,importance,2,F0semitoneFrom27.5Hz_sma3nz_meanFallingSlope,-0.010546875,73,False,0.4
speaker_independent,emotion_original_eval_quadrant,random_forest,rf_permutation,importance,2,F0semitoneFrom27.5Hz_sma3nz_stddevFallingSlope,0.01328125,1,True,0.6
speaker_independent,emotion_original_eval_quadrant,random_forest,rf_permutation,importance,2,loudness_sma3_amean,-0.008984375,65,False,0.0
speaker_independent,emotion_original_eval_quadrant,random_forest,rf_permutation,importance,2,loudness_sma3_stddevNorm,-0.003515625,33,False,0.2
speaker_independent,emotion_original_eval_quadrant,random_forest,rf_permutation,importance,2,loudness_sma3_percentile20.0,-0.002734375,28,False,0.4
speaker_independent,emotion_original_eval_quadrant,random_forest,rf_permutation,importance,2,loudness_sma3_percentile50.0,-0.00625,53,False,0.0
speaker_independent,emotion_original_eval_quadrant,random_forest,rf_permutation,importance,2,loudness_sma3_percentile80.0,-0.0125,80,False,0.2
speaker_independent,emotion_original_eval_quadrant,random_forest,rf_permutation,importance,2,loudness_sma3_pctlrange0-2,-0.009765625,69,False,0.2
speaker_independent,emotion_original_eval_quadrant,random_forest,rf_permutation,importance,2,loudness_sma3_meanRisingSlope,-0.01328125,82,False,0.2
speaker_independent,emotion_original_eval_quadrant,random_forest,rf_permutation,importance,2,loudness_sma3_stddevRisingSlope,-0.0015625,14,True,0.4
speaker_independent,emotion_original_eval_quadrant,random_forest,rf_permutation,importance,2,loudness_sma3_meanFallingSlope,-0.001953125,18,False,0.2
speaker_independent,emotion_original_eval_quadrant,random_forest,rf_permutation,importance,2,loudness_sma3_stddevFallingSlope,-0.01171875,77,False,0.0
speaker_independent,emotion_original_eval_quadrant,random_forest,rf_permutation,importance,2,spectralFlux_sma3_amean,-0.016796875,86,False,0.0
speaker_independent,emotion_original_eval_quadrant,random_forest,rf_permutation,importance,2,spectralFlux_sma3_stddevNorm,-0.00234375,22,False,0.2
speaker_independent,emotion_original_eval_quadrant,random_forest,rf_permutation,importance,2,mfcc1_sma3_amean,-0.0015625,14,True,0.6
speaker_independent,emotion_original_eval_quadrant,random_forest,rf_permutation,importance,2,mfcc1_sma3_stddevNorm,-0.00625,53,False,0.2
speaker_independent,emotion_original_eval_quadrant,random_forest,rf_permutation,importance,2,mfcc2_sma3_amean,-0.005078125,44,False,0.0
speaker_independent,emotion_original_eval_quadrant,random_forest,rf_permutation,importance,2,mfcc2_sma3_stddevNorm,-0.003515625,33,False,0.2
speaker_independent,emotion_original_eval_quadrant,random_forest,rf_permutation,importance,2,mfcc3_sma3_amean,-0.003125,32,False,0.2
speaker_independent,emotion_original_eval_quadrant,random_forest,rf_permutation,importance,2,mfcc3_sma3_stddevNorm,-0.00625,53,False,0.0
speaker_independent,emotion_original_eval_quadrant,random_forest,rf_permutation,importance,2,mfcc4_sma3_amean,0.001953125,6,True,0.2
speaker_independent,emotion_original_eval_quadrant,random_forest,rf_permutation,importance,2,mfcc4_sma3_stddevNorm,-0.00078125,11,True,0.2
speaker_independent,emotion_original_eval_quadrant,random_forest,rf_permutation,importance,2,jitterLocal_sma3nz_amean,-0.01796875,87,False,0.2
speaker_independent,emotion_original_eval_quadrant,random_forest,rf_permutation,importance,2,jitterLocal_sma3nz_stddevNorm,-0.0109375,74,False,0.2
speaker_independent,emotion_original_eval_quadrant,random_forest,rf_permutation,importance,2,shimmerLocaldB_sma3nz_amean,-0.003515625,33,False,0.0
speaker_independent,emotion_original_eval_quadrant,random_forest,rf_permutation,importance,2,shimmerLocaldB_sma3nz_stddevNorm,-0.003515625,33,False,0.0
speaker_independent,emotion_original_eval_quadrant,random_forest,rf_permutation,importance,2,HNRdBACF_sma3nz_amean,-0.01171875,77,False,0.2
speaker_independent,emotion_original_eval_quadrant,random_forest,rf_permutation,importance,2,HNRdBACF_sma3nz_stddevNorm,-0.015625,84,False,0.4
speaker_independent,emotion_original_eval_quadrant,random_forest,rf_permutation,importance,2,logRelF0-H1-H2_sma3nz_amean,0.0015625,8,True,0.2
speaker_independent,emotion_original_eval_quadrant,random_forest,rf_permutation,importance,2,logRelF0-H1-H2_sma3nz_stddevNorm,-0.00234375,22,False,0.6
speaker_independent,emotion_original_eval_quadrant,random_forest,rf_permutation,importance,2,logRelF0-H1-A3_sma3nz_amean,-0.001953125,18,False,0.0
speaker_independent,emotion_original_eval_quadrant,random_forest,rf_permutation,importance,2,logRelF0-H1-A3_sma3nz_stddevNorm,-0.003515625,33,False,0.0
speaker_independent,emotion_original_eval_quadrant,random_forest,rf_permutation,importance,2,F1frequency_sma3nz_amean,-0.007421875,61,False,0.4
speaker_independent,emotion_original_eval_quadrant,random_forest,rf_permutation,importance,2,F1frequency_sma3nz_stddevNorm,-0.0046875,41,False,0.2
speaker_independent,emotion_original_eval_quadrant,random_forest,rf_permutation,importance,2,F1bandwidth_sma3nz_amean,-0.00703125,59,False,0.4
speaker_independent,emotion_original_eval_quadrant,random_forest,rf_permutation,importance,2,F1bandwidth_sma3nz_stddevNorm,-0.005859375,49,False,0.0
speaker_independent,emotion_original_eval_quadrant,random_forest,rf_permutation,importance,2,F1amplitudeLogRelF0_sma3nz_amean,-0.00078125,11,True,0.4
speaker_independent,emotion_original_eval_quadrant,random_forest,rf_permutation,importance,2,F1amplitudeLogRelF0_sma3nz_stddevNorm,-0.009375,67,False,0.0
speaker_independent,emotion_original_eval_quadrant,random_forest,rf_permutation,importance,2,F2frequency_sma3nz_amean,-0.002734375,28,False,0.0
speaker_independent,emotion_original_eval_quadrant,random_forest,rf_permutation,importance,2,F2frequency_sma3nz_stddevNorm,0.002734375,5,True,0.4
speaker_independent,emotion_original_eval_quadrant,random_forest,rf_permutation,importance,2,F2bandwidth_sma3nz_amean,-0.0046875,41,False,0.2
speaker_independent,emotion_original_eval_quadrant,random_forest,rf_permutation,importance,2,F2bandwidth_sma3nz_stddevNorm,-0.009765625,69,False,0.0
speaker_independent,emotion_original_eval_quadrant,random_forest,rf_permutation,importance,2,F2amplitudeLogRelF0_sma3nz_amean,-0.012109375,79,False,0.2
speaker_independent,emotion_original_eval_quadrant,random_forest,rf_permutation,importance,2,F2amplitudeLogRelF0_sma3nz_stddevNorm,-0.016015625,85,False,0.4
speaker_independent,emotion_original_eval_quadrant,random_forest,rf_permutation,importance,2,F3frequency_sma3nz_amean,-0.006640625,57,False,0.0
speaker_independent,emotion_original_eval_quadrant,random_forest,rf_permutation,importance,2,F3frequency_sma3nz_stddevNorm,-0.00859375,64,False,0.0
speaker_independent,emotion_original_eval_quadrant,random_forest,rf_permutation,importance,2,F3bandwidth_sma3nz_amean,-0.00234375,22,False,0.0
speaker_independent,emotion_original_eval_quadrant,random_forest,rf_permutation,importance,2,F3bandwidth_sma3nz_stddevNorm,-0.00390625,39,False,0.0
speaker_independent,emotion_original_eval_quadrant,random_forest,rf_permutation,importance,2,F3amplitudeLogRelF0_sma3nz_amean,-0.005859375,49,False,0.4
speaker_independent,emotion_original_eval_quadrant,random_forest,rf_permutation,importance,2,F3amplitudeLogRelF0_sma3nz_stddevNorm,-0.00625,53,False,0.2
speaker_independent,emotion_original_eval_quadrant,random_forest,rf_permutation,importance,2,alphaRatioV_sma3nz_amean,-0.004296875,40,False,0.0
speaker_independent,emotion_original_eval_quadrant,random_forest,rf_permutation,importance,2,alphaRatioV_sma3nz_stddevNorm,-0.0109375,74,False,0.6
speaker_independent,emotion_original_eval_quadrant,random_forest,rf_permutation,importance,2,hammarbergIndexV_sma3nz_amean,0.003515625,3,True,0.2
speaker_independent,emotion_original_eval_quadrant,random_forest,rf_permutation,importance,2,hammarbergIndexV_sma3nz_stddevNorm,-0.012890625,81,False,0.2
speaker_independent,emotion_original_eval_quadrant,random_forest,rf_permutation,importance,2,slopeV0-500_sma3nz_amean,-0.00234375,22,False,0.4
speaker_independent,emotion_original_eval_quadrant,random_forest,rf_permutation,importance,2,slopeV0-500_sma3nz_stddevNorm,-0.001953125,18,False,0.0
speaker_independent,emotion_original_eval_quadrant,random_forest,rf_permutation,importance,2,slopeV500-1500_sma3nz_amean,-0.00703125,59,False,0.2
speaker_independent,emotion_original_eval_quadrant,random_forest,rf_permutation,importance,2,slopeV500-1500_sma3nz_stddevNorm,-0.011328125,76,False,0.2
speaker_independent,emotion_original_eval_quadrant,random_forest,rf_permutation,importance,2,spectralFluxV_sma3nz_amean,-0.020703125,88,False,0.4
speaker_independent,emotion_original_eval_quadrant,random_forest,rf_permutation,importance,2,spectralFluxV_sma3nz_stddevNorm,-0.006640625,57,False,0.2
speaker_independent,emotion_original_eval_quadrant,random_forest,rf_permutation,importance,2,mfcc1V_sma3nz_amean,-0.01015625,71,False,0.2
speaker_independent,emotion_original_eval_quadrant,random_forest,rf_permutation,importance,2,mfcc1V_sma3nz_stddevNorm,-0.005078125,44,False,0.2
speaker_independent,emotion_original_eval_quadrant,random_forest,rf_permutation,importance,2,mfcc2V_sma3nz_amean,-0.007421875,61,False,0.0
speaker_independent,emotion_original_eval_quadrant,random_forest,rf_permutation,importance,2,mfcc2V_sma3nz_stddevNorm,-0.009375,67,False,0.2
speaker_independent,emotion_original_eval_quadrant,random_forest,rf_permutation,importance,2,mfcc3V_sma3nz_amean,-0.00234375,22,False,0.4
speaker_independent,emotion_original_eval_quadrant,random_forest,rf_permutation,importance,2,mfcc3V_sma3nz_stddevNorm,-0.005078125,44,False,0.0
speaker_independent,emotion_original_eval_quadrant,random_forest,rf_permutation,importance,2,mfcc4V_sma3nz_amean,0.001953125,6,True,0.2
speaker_independent,emotion_original_eval_quadrant,random_forest,rf_permutation,importance,2,mfcc4V_sma3nz_stddevNorm,-0.005078125,44,False,0.0
speaker_independent,emotion_original_eval_quadrant,random_forest,rf_permutation,importance,2,alphaRatioUV_sma3nz_amean,-0.0015625,14,True,0.6
speaker_independent,emotion_original_eval_quadrant,random_forest,rf_permutation,importance,2,hammarbergIndexUV_sma3nz_amean,-0.008984375,65,False,0.2
speaker_independent,emotion_original_eval_quadrant,random_forest,rf_permutation,importance,2,slopeUV0-500_sma3nz_amean,0.0,9,True,0.2
speaker_independent,emotion_original_eval_quadrant,random_forest,rf_permutation,importance,2,slopeUV500-1500_sma3nz_amean,-0.00078125,11,True,0.4
speaker_independent,emotion_original_eval_quadrant,random_forest,rf_permutation,importance,2,spectralFluxUV_sma3nz_amean,-0.001953125,18,False,0.0
speaker_independent,emotion_original_eval_quadrant,random_forest,rf_permutation,importance,2,loudnessPeaksPerSec,-0.007421875,61,False,0.4
speaker_independent,emotion_original_eval_quadrant,random_forest,rf_permutation,importance,2,VoicedSegmentsPerSec,-0.005859375,49,False,0.0
speaker_independent,emotion_original_eval_quadrant,random_forest,rf_permutation,importance,2,MeanVoicedSegmentLengthSec,-0.002734375,28,False,0.2
speaker_independent,emotion_original_eval_quadrant,random_forest,rf_permutation,importance,2,StddevVoicedSegmentLengthSec,-0.0015625,14,True,0.4
speaker_independent,emotion_original_eval_quadrant,random_forest,rf_permutation,importance,2,MeanUnvoicedSegmentLength,-0.005078125,44,False,0.0
speaker_independent,emotion_original_eval_quadrant,random_forest,rf_permutation,importance,2,StddevUnvoicedSegmentLength,-0.002734375,28,False,0.0
speaker_independent,emotion_original_eval_quadrant,random_forest,rf_permutation,importance,2,equivalentSoundLevel_dBp,-0.0046875,41,False,0.2
speaker_independent,emotion_original_eval_quadrant,logistic_regression,logreg_coefficient,importance,2,F0semitoneFrom27.5Hz_sma3nz_amean,0.5497764821851535,15,True,0.8
speaker_independent,emotion_original_eval_quadrant,logistic_regression,logreg_coefficient,importance,2,F0semitoneFrom27.5Hz_sma3nz_stddevNorm,0.2672431061183222,67,False,0.0
speaker_independent,emotion_original_eval_quadrant,logistic_regression,logreg_coefficient,importance,2,F0semitoneFrom27.5Hz_sma3nz_percentile20.0,0.39059652699695524,42,False,0.0
speaker_independent,emotion_original_eval_quadrant,logistic_regression,logreg_coefficient,importance,2,F0semitoneFrom27.5Hz_sma3nz_percentile50.0,0.5791090609172311,9,True,0.8
speaker_independent,emotion_original_eval_quadrant,logistic_regression,logreg_coefficient,importance,2,F0semitoneFrom27.5Hz_sma3nz_percentile80.0,0.280016550577346,64,False,0.0
speaker_independent,emotion_original_eval_quadrant,logistic_regression,logreg_coefficient,importance,2,F0semitoneFrom27.5Hz_sma3nz_pctlrange0-2,0.5738226266990986,10,True,0.2
speaker_independent,emotion_original_eval_quadrant,logistic_regression,logreg_coefficient,importance,2,F0semitoneFrom27.5Hz_sma3nz_meanRisingSlope,0.32342772506374956,53,False,0.0
speaker_independent,emotion_original_eval_quadrant,logistic_regression,logreg_coefficient,importance,2,F0semitoneFrom27.5Hz_sma3nz_stddevRisingSlope,0.21333148308247463,79,False,0.0
speaker_independent,emotion_original_eval_quadrant,logistic_regression,logreg_coefficient,importance,2,F0semitoneFrom27.5Hz_sma3nz_meanFallingSlope,0.25405785567149763,71,False,0.0
speaker_independent,emotion_original_eval_quadrant,logistic_regression,logreg_coefficient,importance,2,F0semitoneFrom27.5Hz_sma3nz_stddevFallingSlope,0.4961796060598122,22,False,0.2
speaker_independent,emotion_original_eval_quadrant,logistic_regression,logreg_coefficient,importance,2,loudness_sma3_amean,0.3480334801417939,46,False,0.0
speaker_independent,emotion_original_eval_quadrant,logistic_regression,logreg_coefficient,importance,2,loudness_sma3_stddevNorm,0.8701999182125524,1,True,1.0
speaker_independent,emotion_original_eval_quadrant,logistic_regression,logreg_coefficient,importance,2,loudness_sma3_percentile20.0,0.5701253763710644,11,True,0.2
speaker_independent,emotion_original_eval_quadrant,logistic_regression,logreg_coefficient,importance,2,loudness_sma3_percentile50.0,0.44980636052372736,33,False,0.0
speaker_independent,emotion_original_eval_quadrant,logistic_regression,logreg_coefficient,importance,2,loudness_sma3_percentile80.0,0.4074260169970646,41,False,0.0
speaker_independent,emotion_original_eval_quadrant,logistic_regression,logreg_coefficient,importance,2,loudness_sma3_pctlrange0-2,0.44555197773071964,35,False,0.0
speaker_independent,emotion_original_eval_quadrant,logistic_regression,logreg_coefficient,importance,2,loudness_sma3_meanRisingSlope,0.5322049278610422,19,False,0.8
speaker_independent,emotion_original_eval_quadrant,logistic_regression,logreg_coefficient,importance,2,loudness_sma3_stddevRisingSlope,0.4584477270034255,30,False,0.0
speaker_independent,emotion_original_eval_quadrant,logistic_regression,logreg_coefficient,importance,2,loudness_sma3_meanFallingSlope,0.5335470053535458,18,False,0.4
speaker_independent,emotion_original_eval_quadrant,logistic_regression,logreg_coefficient,importance,2,loudness_sma3_stddevFallingSlope,0.2729831057704964,66,False,0.0
speaker_independent,emotion_original_eval_quadrant,logistic_regression,logreg_coefficient,importance,2,spectralFlux_sma3_amean,0.3430156898662481,47,False,0.0
speaker_independent,emotion_original_eval_quadrant,logistic_regression,logreg_coefficient,importance,2,spectralFlux_sma3_stddevNorm,0.286709012347541,60,False,0.0
speaker_independent,emotion_original_eval_quadrant,logistic_regression,logreg_coefficient,importance,2,mfcc1_sma3_amean,0.5585959414576859,13,True,1.0
speaker_independent,emotion_original_eval_quadrant,logistic_regression,logreg_coefficient,importance,2,mfcc1_sma3_stddevNorm,0.27370119102376694,65,False,0.0
speaker_independent,emotion_original_eval_quadrant,logistic_regression,logreg_coefficient,importance,2,mfcc2_sma3_amean,0.5343457492625533,17,False,0.6
speaker_independent,emotion_original_eval_quadrant,logistic_regression,logreg_coefficient,importance,2,mfcc2_sma3_stddevNorm,0.32258383118670453,54,False,0.0
speaker_independent,emotion_original_eval_quadrant,logistic_regression,logreg_coefficient,importance,2,mfcc3_sma3_amean,0.6630017594301744,6,True,0.8
speaker_independent,emotion_original_eval_quadrant,logistic_regression,logreg_coefficient,importance,2,mfcc3_sma3_stddevNorm,0.12431630927191493,86,False,0.0
speaker_independent,emotion_original_eval_quadrant,logistic_regression,logreg_coefficient,importance,2,mfcc4_sma3_amean,0.5565880909547785,14,True,0.8
speaker_independent,emotion_original_eval_quadrant,logistic_regression,logreg_coefficient,importance,2,mfcc4_sma3_stddevNorm,0.24637487955062762,73,False,0.0
speaker_independent,emotion_original_eval_quadrant,logistic_regression,logreg_coefficient,importance,2,jitterLocal_sma3nz_amean,0.4229844307000794,40,False,0.0
speaker_independent,emotion_original_eval_quadrant,logistic_regression,logreg_coefficient,importance,2,jitterLocal_sma3nz_stddevNorm,0.1826939108972791,82,False,0.0
speaker_independent,emotion_original_eval_quadrant,logistic_regression,logreg_coefficient,importance,2,shimmerLocaldB_sma3nz_amean,0.22598917294631257,76,False,0.0
speaker_independent,emotion_original_eval_quadrant,logistic_regression,logreg_coefficient,importance,2,shimmerLocaldB_sma3nz_stddevNorm,0.23138088282671837,74,False,0.0
speaker_independent,emotion_original_eval_quadrant,logistic_regression,logreg_coefficient,importance,2,HNRdBACF_sma3nz_amean,0.8657657479188007,2,True,1.0
speaker_independent,emotion_original_eval_quadrant,logistic_regression,logreg_coefficient,importance,2,HNRdBACF_sma3nz_stddevNorm,0.4338422791042414,38,False,0.0
speaker_independent,emotion_original_eval_quadrant,logistic_regression,logreg_coefficient,importance,2,logRelF0-H1-H2_sma3nz_amean,0.18744943767529196,80,False,0.0
speaker_independent,emotion_original_eval_quadrant,logistic_regression,logreg_coefficient,importance,2,logRelF0-H1-H2_sma3nz_stddevNorm,0.24966492495067327,72,False,0.0
speaker_independent,emotion_original_eval_quadrant,logistic_regression,logreg_coefficient,importance,2,logRelF0-H1-A3_sma3nz_amean,0.33540211075414517,49,False,0.0
speaker_independent,emotion_original_eval_quadrant,logistic_regression,logreg_coefficient,importance,2,logRelF0-H1-A3_sma3nz_stddevNorm,0.358403709064377,44,False,0.2
speaker_independent,emotion_original_eval_quadrant,logistic_regression,logreg_coefficient,importance,2,F1frequency_sma3nz_amean,0.5815501133764996,8,True,1.0
speaker_independent,emotion_original_eval_quadrant,logistic_regression,logreg_coefficient,importance,2,F1frequency_sma3nz_stddevNorm,0.22743748680541562,75,False,0.0
speaker_independent,emotion_original_eval_quadrant,logistic_regression,logreg_coefficient,importance,2,F1bandwidth_sma3nz_amean,0.29674455802859034,59,False,0.0
speaker_independent,emotion_original_eval_quadrant,logistic_regression,logreg_coefficient,importance,2,F1bandwidth_sma3nz_stddevNorm,0.29904104579561475,57,False,0.0
speaker_independent,emotion_original_eval_quadrant,logistic_regression,logreg_coefficient,importance,2,F1amplitudeLogRelF0_sma3nz_amean,0.7425377810333549,5,True,0.8
speaker_independent,emotion_original_eval_quadrant,logistic_regression,logreg_coefficient,importance,2,F1amplitudeLogRelF0_sma3nz_stddevNorm,0.6125839085918454,7,True,0.6
speaker_independent,emotion_original_eval_quadrant,logistic_regression,logreg_coefficient,importance,2,F2frequency_sma3nz_amean,0.33205358409120556,50,False,0.0
speaker_independent,emotion_original_eval_quadrant,logistic_regression,logreg_coefficient,importance,2,F2frequency_sma3nz_stddevNorm,0.22401410867234156,78,False,0.0
speaker_independent,emotion_original_eval_quadrant,logistic_regression,logreg_coefficient,importance,2,F2bandwidth_sma3nz_amean,0.1553563938950256,84,False,0.0
speaker_independent,emotion_original_eval_quadrant,logistic_regression,logreg_coefficient,importance,2,F2bandwidth_sma3nz_stddevNorm,0.26082037927772556,69,False,0.0
speaker_independent,emotion_original_eval_quadrant,logistic_regression,logreg_coefficient,importance,2,F2amplitudeLogRelF0_sma3nz_amean,0.32348491806018176,52,False,0.0
speaker_independent,emotion_original_eval_quadrant,logistic_regression,logreg_coefficient,importance,2,F2amplitudeLogRelF0_sma3nz_stddevNorm,0.28579522892794174,61,False,0.0
speaker_independent,emotion_original_eval_quadrant,logistic_regression,logreg_coefficient,importance,2,F3frequency_sma3nz_amean,0.4849487266384103,25,False,0.2
speaker_independent,emotion_original_eval_quadrant,logistic_regression,logreg_coefficient,importance,2,F3frequency_sma3nz_stddevNorm,0.32692451247201704,51,False,0.0
speaker_independent,emotion_original_eval_quadrant,logistic_regression,logreg_coefficient,importance,2,F3bandwidth_sma3nz_amean,0.16450256555375584,83,False,0.0
speaker_independent,emotion_original_eval_quadrant,logistic_regression,logreg_coefficient,importance,2,F3bandwidth_sma3nz_stddevNorm,0.2983679743863722,58,False,0.0
speaker_independent,emotion_original_eval_quadrant,logistic_regression,logreg_coefficient,importance,2,F3amplitudeLogRelF0_sma3nz_amean,0.28032733228587176,63,False,0.0
speaker_independent,emotion_original_eval_quadrant,logistic_regression,logreg_coefficient,importance,2,F3amplitudeLogRelF0_sma3nz_stddevNorm,0.4525013111904115,32,False,0.4
speaker_independent,emotion_original_eval_quadrant,logistic_regression,logreg_coefficient,importance,2,alphaRatioV_sma3nz_amean,0.4595414719776199,29,False,0.4
speaker_independent,emotion_original_eval_quadrant,logistic_regression,logreg_coefficient,importance,2,alphaRatioV_sma3nz_stddevNorm,0.045903087012243445,88,False,0.0
speaker_independent,emotion_original_eval_quadrant,logistic_regression,logreg_coefficient,importance,2,hammarbergIndexV_sma3nz_amean,0.44228242171338034,36,False,0.0
speaker_independent,emotion_original_eval_quadrant,logistic_regression,logreg_coefficient,importance,2,hammarbergIndexV_sma3nz_stddevNorm,0.4387506530333961,37,False,0.2
speaker_independent,emotion_original_eval_quadrant,logistic_regression,logreg_coefficient,importance,2,slopeV0-500_sma3nz_amean,0.4599897702642838,28,False,0.2
speaker_independent,emotion_original_eval_quadrant,logistic_regression,logreg_coefficient,importance,2,slopeV0-500_sma3nz_stddevNorm,0.3407819937409311,48,False,0.0
speaker_independent,emotion_original_eval_quadrant,logistic_regression,logreg_coefficient,importance,2,slopeV500-1500_sma3nz_amean,0.4883689310977974,24,False,0.0
speaker_independent,emotion_original_eval_quadrant,logistic_regression,logreg_coefficient,importance,2,slopeV500-1500_sma3nz_stddevNorm,0.5219445142362388,20,False,0.0
speaker_independent,emotion_original_eval_quadrant,logistic_regression,logreg_coefficient,importance,2,spectralFluxV_sma3nz_amean,0.349674748163344,45,False,0.0
speaker_independent,emotion_original_eval_quadrant,logistic_regression,logreg_coefficient,importance,2,spectralFluxV_sma3nz_stddevNorm,0.5458680938976104,16,False,0.2
speaker_independent,emotion_original_eval_quadrant,logistic_regression,logreg_coefficient,importance,2,mfcc1V_sma3nz_amean,0.4626582010295997,27,False,0.0
speaker_independent,emotion_original_eval_quadrant,logistic_regression,logreg_coefficient,importance,2,mfcc1V_sma3nz_stddevNorm,0.07942397812824847,87,False,0.0
speaker_independent,emotion_original_eval_quadrant,logistic_regression,logreg_coefficient,importance,2,mfcc2V_sma3nz_amean,0.8214171205095194,4,True,0.6
speaker_independent,emotion_original_eval_quadrant,logistic_regression,logreg_coefficient,importance,2,mfcc2V_sma3nz_stddevNorm,0.2663379193955333,68,False,0.0
speaker_independent,emotion_original_eval_quadrant,logistic_regression,logreg_coefficient,importance,2,mfcc3V_sma3nz_amean,0.44647410642963137,34,False,0.0
speaker_independent,emotion_original_eval_quadrant,logistic_regression,logreg_coefficient,importance,2,mfcc3V_sma3nz_stddevNorm,0.2248992344036757,77,False,0.0
speaker_independent,emotion_original_eval_quadrant,logistic_regression,logreg_coefficient,importance,2,mfcc4V_sma3nz_amean,0.48452955284064453,26,False,0.0
speaker_independent,emotion_original_eval_quadrant,logistic_regression,logreg_coefficient,importance,2,mfcc4V_sma3nz_stddevNorm,0.15008084226530483,85,False,0.0
speaker_independent,emotion_original_eval_quadrant,logistic_regression,logreg_coefficient,importance,2,alphaRatioUV_sma3nz_amean,0.4575258817315468,31,False,0.0
speaker_independent,emotion_original_eval_quadrant,logistic_regression,logreg_coefficient,importance,2,hammarbergIndexUV_sma3nz_amean,0.5025328442543832,21,False,0.4
speaker_independent,emotion_original_eval_quadrant,logistic_regression,logreg_coefficient,importance,2,slopeUV0-500_sma3nz_amean,0.31917905904208665,55,False,0.0
speaker_independent,emotion_original_eval_quadrant,logistic_regression,logreg_coefficient,importance,2,slopeUV500-1500_sma3nz_amean,0.48880651601675174,23,False,0.0
speaker_independent,emotion_original_eval_quadrant,logistic_regression,logreg_coefficient,importance,2,spectralFluxUV_sma3nz_amean,0.25646942745858525,70,False,0.0
speaker_independent,emotion_original_eval_quadrant,logistic_regression,logreg_coefficient,importance,2,loudnessPeaksPerSec,0.2824770703933772,62,False,0.0
speaker_independent,emotion_original_eval_quadrant,logistic_regression,logreg_coefficient,importance,2,VoicedSegmentsPerSec,0.4267623515023081,39,False,0.0
speaker_independent,emotion_original_eval_quadrant,logistic_regression,logreg_coefficient,importance,2,MeanVoicedSegmentLengthSec,0.3061715586177116,56,False,0.0
speaker_independent,emotion_original_eval_quadrant,logistic_regression,logreg_coefficient,importance,2,StddevVoicedSegmentLengthSec,0.18435448954933897,81,False,0.0
speaker_independent,emotion_original_eval_quadrant,logistic_regression,logreg_coefficient,importance,2,MeanUnvoicedSegmentLength,0.3612009666491073,43,False,0.0
speaker_independent,emotion_original_eval_quadrant,logistic_regression,logreg_coefficient,importance,2,StddevUnvoicedSegmentLength,0.5694034858273743,12,True,0.2
speaker_independent,emotion_original_eval_quadrant,logistic_regression,logreg_coefficient,importance,2,equivalentSoundLevel_dBp,0.826217202536741,3,True,1.0
speaker_independent,emotion_original_eval_quadrant,random_forest,rf_impurity,importance,3,F0semitoneFrom27.5Hz_sma3nz_amean,0.011622900724241486,28,False,0.0
speaker_independent,emotion_original_eval_quadrant,random_forest,rf_impurity,importance,3,F0semitoneFrom27.5Hz_sma3nz_stddevNorm,0.015695119108386738,14,True,1.0
speaker_independent,emotion_original_eval_quadrant,random_forest,rf_impurity,importance,3,F0semitoneFrom27.5Hz_sma3nz_percentile20.0,0.012269696029259399,23,False,0.0
speaker_independent,emotion_original_eval_quadrant,random_forest,rf_impurity,importance,3,F0semitoneFrom27.5Hz_sma3nz_percentile50.0,0.011897146411931153,25,False,0.0
speaker_independent,emotion_original_eval_quadrant,random_forest,rf_impurity,importance,3,F0semitoneFrom27.5Hz_sma3nz_percentile80.0,0.010255167284692791,39,False,0.0
speaker_independent,emotion_original_eval_quadrant,random_forest,rf_impurity,importance,3,F0semitoneFrom27.5Hz_sma3nz_pctlrange0-2,0.023249994758442753,2,True,1.0
speaker_independent,emotion_original_eval_quadrant,random_forest,rf_impurity,importance,3,F0semitoneFrom27.5Hz_sma3nz_meanRisingSlope,0.008061901047273827,82,False,0.0
speaker_independent,emotion_original_eval_quadrant,random_forest,rf_impurity,importance,3,F0semitoneFrom27.5Hz_sma3nz_stddevRisingSlope,0.008489505007150447,68,False,0.0
speaker_independent,emotion_original_eval_quadrant,random_forest,rf_impurity,importance,3,F0semitoneFrom27.5Hz_sma3nz_meanFallingSlope,0.010796114429104976,32,False,0.0
speaker_independent,emotion_original_eval_quadrant,random_forest,rf_impurity,importance,3,F0semitoneFrom27.5Hz_sma3nz_stddevFallingSlope,0.01953751794945992,7,True,1.0
speaker_independent,emotion_original_eval_quadrant,random_forest,rf_impurity,importance,3,loudness_sma3_amean,0.015291342055216827,15,True,0.8
speaker_independent,emotion_original_eval_quadrant,random_forest,rf_impurity,importance,3,loudness_sma3_stddevNorm,0.010564808307538944,36,False,0.0
speaker_independent,emotion_original_eval_quadrant,random_forest,rf_impurity,importance,3,loudness_sma3_percentile20.0,0.008725086609183785,65,False,0.0
speaker_independent,emotion_original_eval_quadrant,random_forest,rf_impurity,importance,3,loudness_sma3_percentile50.0,0.013081703744997945,21,False,0.4
speaker_independent,emotion_original_eval_quadrant,random_forest,rf_impurity,importance,3,loudness_sma3_percentile80.0,0.01964319531841882,5,True,1.0
speaker_independent,emotion_original_eval_quadrant,random_forest,rf_impurity,importance,3,loudness_sma3_pctlrange0-2,0.02168597733039712,4,True,1.0
speaker_independent,emotion_original_eval_quadrant,random_forest,rf_impurity,importance,3,loudness_sma3_meanRisingSlope,0.01822196249588987,9,True,1.0
speaker_independent,emotion_original_eval_quadrant,random_forest,rf_impurity,importance,3,loudness_sma3_stddevRisingSlope,0.013683044583916632,18,False,0.4
speaker_independent,emotion_original_eval_quadrant,random_forest,rf_impurity,importance,3,loudness_sma3_meanFallingSlope,0.01826857833342406,8,True,1.0
speaker_independent,emotion_original_eval_quadrant,random_forest,rf_impurity,importance,3,loudness_sma3_stddevFallingSlope,0.01414564892594965,17,False,0.0
speaker_independent,emotion_original_eval_quadrant,random_forest,rf_impurity,importance,3,spectralFlux_sma3_amean,0.019587382937817064,6,True,1.0
speaker_independent,emotion_original_eval_quadrant,random_forest,rf_impurity,importance,3,spectralFlux_sma3_stddevNorm,0.008094605257670143,80,False,0.0
speaker_independent,emotion_original_eval_quadrant,random_forest,rf_impurity,importance,3,mfcc1_sma3_amean,0.00917576632876514,54,False,0.0
speaker_independent,emotion_original_eval_quadrant,random_forest,rf_impurity,importance,3,mfcc1_sma3_stddevNorm,0.010050115263146139,40,False,0.0
speaker_independent,emotion_original_eval_quadrant,random_forest,rf_impurity,importance,3,mfcc2_sma3_amean,0.009710658940251173,47,False,0.0
speaker_independent,emotion_original_eval_quadrant,random_forest,rf_impurity,importance,3,mfcc2_sma3_stddevNorm,0.008132767022411754,78,False,0.0
speaker_independent,emotion_original_eval_quadrant,random_forest,rf_impurity,importance,3,mfcc3_sma3_amean,0.008379648848753094,74,False,0.0
speaker_independent,emotion_original_eval_quadrant,random_forest,rf_impurity,importance,3,mfcc3_sma3_stddevNorm,0.008289801189917555,76,False,0.0
speaker_independent,emotion_original_eval_quadrant,random_forest,rf_impurity,importance,3,mfcc4_sma3_amean,0.008826754115025055,62,False,0.0
speaker_independent,emotion_original_eval_quadrant,random_forest,rf_impurity,importance,3,mfcc4_sma3_stddevNorm,0.00813111358636053,79,False,0.0
speaker_independent,emotion_original_eval_quadrant,random_forest,rf_impurity,importance,3,jitterLocal_sma3nz_amean,0.023716527475265772,1,True,1.0
speaker_independent,emotion_original_eval_quadrant,random_forest,rf_impurity,importance,3,jitterLocal_sma3nz_stddevNorm,0.008588131712075188,67,False,0.0
speaker_independent,emotion_original_eval_quadrant,random_forest,rf_impurity,importance,3,shimmerLocaldB_sma3nz_amean,0.00961806549488939,49,False,0.0
speaker_independent,emotion_original_eval_quadrant,random_forest,rf_impurity,importance,3,shimmerLocaldB_sma3nz_stddevNorm,0.015770587914225455,13,True,0.4
speaker_independent,emotion_original_eval_quadrant,random_forest,rf_impurity,importance,3,HNRdBACF_sma3nz_amean,0.017546713590933176,10,True,0.8
speaker_independent,emotion_original_eval_quadrant,random_forest,rf_impurity,importance,3,HNRdBACF_sma3nz_stddevNorm,0.017439425595776315,11,True,1.0
speaker_independent,emotion_original_eval_quadrant,random_forest,rf_impurity,importance,3,logRelF0-H1-H2_sma3nz_amean,0.008797114561929794,63,False,0.0
speaker_independent,emotion_original_eval_quadrant,random_forest,rf_impurity,importance,3,logRelF0-H1-H2_sma3nz_stddevNorm,0.009550450626468872,51,False,0.0
speaker_independent,emotion_original_eval_quadrant,random_forest,rf_impurity,importance,3,logRelF0-H1-A3_sma3nz_amean,0.011603555408230999,29,False,0.0
speaker_independent,emotion_original_eval_quadrant,random_forest,rf_impurity,importance,3,logRelF0-H1-A3_sma3nz_stddevNorm,0.00775026053782632,84,False,0.0
speaker_independent,emotion_original_eval_quadrant,random_forest,rf_impurity,importance,3,F1frequency_sma3nz_amean,0.011830397170148813,26,False,0.0
speaker_independent,emotion_original_eval_quadrant,random_forest,rf_impurity,importance,3,F1frequency_sma3nz_stddevNorm,0.008149779608411243,77,False,0.0
speaker_independent,emotion_original_eval_quadrant,random_forest,rf_impurity,importance,3,F1bandwidth_sma3nz_amean,0.008090035892299395,81,False,0.0
speaker_independent,emotion_original_eval_quadrant,random_forest,rf_impurity,importance,3,F1bandwidth_sma3nz_stddevNorm,0.009820796777063151,45,False,0.0
speaker_independent,emotion_original_eval_quadrant,random_forest,rf_impurity,importance,3,F1amplitudeLogRelF0_sma3nz_amean,0.00864130428249297,66,False,0.0
speaker_independent,emotion_original_eval_quadrant,random_forest,rf_impurity,importance,3,F1amplitudeLogRelF0_sma3nz_stddevNorm,0.009048377722688511,58,False,0.0
speaker_independent,emotion_original_eval_quadrant,random_forest,rf_impurity,importance,3,F2frequency_sma3nz_amean,0.009426383512573595,52,False,0.0
speaker_independent,emotion_original_eval_quadrant,random_forest,rf_impurity,importance,3,F2frequency_sma3nz_stddevNorm,0.008897153035378587,60,False,0.0
speaker_independent,emotion_original_eval_quadrant,random_forest,rf_impurity,importance,3,F2bandwidth_sma3nz_amean,0.0077029512040601685,85,False,0.0
speaker_independent,emotion_original_eval_quadrant,random_forest,rf_impurity,importance,3,F2bandwidth_sma3nz_stddevNorm,0.008473361552859488,70,False,0.0
speaker_independent,emotion_original_eval_quadrant,random_forest,rf_impurity,importance,3,F2amplitudeLogRelF0_sma3nz_amean,0.009817018021600545,46,False,0.0
speaker_independent,emotion_original_eval_quadrant,random_forest,rf_impurity,importance,3,F2amplitudeLogRelF0_sma3nz_stddevNorm,0.011200812907638958,30,False,0.0
speaker_independent,emotion_original_eval_quadrant,random_forest,rf_impurity,importance,3,F3frequency_sma3nz_amean,0.010009862067238966,42,False,0.0
speaker_independent,emotion_original_eval_quadrant,random_forest,rf_impurity,importance,3,F3frequency_sma3nz_stddevNorm,0.010042064447111677,41,False,0.0
speaker_independent,emotion_original_eval_quadrant,random_forest,rf_impurity,importance,3,F3bandwidth_sma3nz_amean,0.009003492318356293,59,False,0.0
speaker_independent,emotion_original_eval_quadrant,random_forest,rf_impurity,importance,3,F3bandwidth_sma3nz_stddevNorm,0.007299082154910582,88,False,0.0
speaker_independent,emotion_original_eval_quadrant,random_forest,rf_impurity,importance,3,F3amplitudeLogRelF0_sma3nz_amean,0.01073078976488537,33,False,0.0
speaker_independent,emotion_original_eval_quadrant,random_forest,rf_impurity,importance,3,F3amplitudeLogRelF0_sma3nz_stddevNorm,0.014349014461879856,16,False,0.2
speaker_independent,emotion_original_eval_quadrant,random_forest,rf_impurity,importance,3,alphaRatioV_sma3nz_amean,0.010727078988798072,34,False,0.0
speaker_independent,emotion_original_eval_quadrant,random_forest,rf_impurity,importance,3,alphaRatioV_sma3nz_stddevNorm,0.010848420472680809,31,False,0.0
speaker_independent,emotion_original_eval_quadrant,random_forest,rf_impurity,importance,3,hammarbergIndexV_sma3nz_amean,0.013166287827566667,20,False,0.0
speaker_independent,emotion_original_eval_quadrant,random_forest,rf_impurity,importance,3,hammarbergIndexV_sma3nz_stddevNorm,0.009985492588409898,43,False,0.0
speaker_independent,emotion_original_eval_quadrant,random_forest,rf_impurity,importance,3,slopeV0-500_sma3nz_amean,0.010668870272257337,35,False,0.0
speaker_independent,emotion_original_eval_quadrant,random_forest,rf_impurity,importance,3,slopeV0-500_sma3nz_stddevNorm,0.00883276663713105,61,False,0.0
speaker_independent,emotion_original_eval_quadrant,random_forest,rf_impurity,importance,3,slopeV500-1500_sma3nz_amean,0.012741920096695973,22,False,0.0
speaker_independent,emotion_original_eval_quadrant,random_forest,rf_impurity,importance,3,slopeV500-1500_sma3nz_stddevNorm,0.009066684476392412,57,False,0.0
speaker_independent,emotion_original_eval_quadrant,random_forest,rf_impurity,importance,3,spectralFluxV_sma3nz_amean,0.022998813281192628,3,True,1.0
speaker_independent,emotion_original_eval_quadrant,random_forest,rf_impurity,importance,3,spectralFluxV_sma3nz_stddevNorm,0.009079269851079328,56,False,0.0
speaker_independent,emotion_original_eval_quadrant,random_forest,rf_impurity,importance,3,mfcc1V_sma3nz_amean,0.01200361273128803,24,False,0.0
speaker_independent,emotion_original_eval_quadrant,random_forest,rf_impurity,importance,3,mfcc1V_sma3nz_stddevNorm,0.008415116201079471,73,False,0.0
speaker_independent,emotion_original_eval_quadrant,random_forest,rf_impurity,importance,3,mfcc2V_sma3nz_amean,0.011767216886216673,27,False,0.0
speaker_independent,emotion_original_eval_quadrant,random_forest,rf_impurity,importance,3,mfcc2V_sma3nz_stddevNorm,0.008725886912957719,64,False,0.0
speaker_independent,emotion_original_eval_quadrant,random_forest,rf_impurity,importance,3,mfcc3V_sma3nz_amean,0.008487876533764904,69,False,0.0
speaker_independent,emotion_original_eval_quadrant,random_forest,rf_impurity,importance,3,mfcc3V_sma3nz_stddevNorm,0.007691461840346663,86,False,0.0
speaker_independent,emotion_original_eval_quadrant,random_forest,rf_impurity,importance,3,mfcc4V_sma3nz_amean,0.00956757043539745,50,False,0.0
speaker_independent,emotion_original_eval_quadrant,random_forest,rf_impurity,importance,3,mfcc4V_sma3nz_stddevNorm,0.009647884684081473,48,False,0.0
speaker_independent,emotion_original_eval_quadrant,random_forest,rf_impurity,importance,3,alphaRatioUV_sma3nz_amean,0.009093396040113472,55,False,0.0
speaker_independent,emotion_original_eval_quadrant,random_forest,rf_impurity,importance,3,hammarbergIndexUV_sma3nz_amean,0.007395284081146268,87,False,0.0
speaker_independent,emotion_original_eval_quadrant,random_forest,rf_impurity,importance,3,slopeUV0-500_sma3nz_amean,0.00792706766313436,83,False,0.0
speaker_independent,emotion_original_eval_quadrant,random_forest,rf_impurity,importance,3,slopeUV500-1500_sma3nz_amean,0.009844890678258066,44,False,0.0
speaker_independent,emotion_original_eval_quadrant,random_forest,rf_impurity,importance,3,spectralFluxUV_sma3nz_amean,0.013466633608525787,19,False,0.2
speaker_independent,emotion_original_eval_quadrant,random_forest,rf_impurity,importance,3,loudnessPeaksPerSec,0.01040330204590821,38,False,0.0
speaker_independent,emotion_original_eval_quadrant,random_forest,rf_impurity,importance,3,VoicedSegmentsPerSec,0.008451779821677252,71,False,0.0
speaker_independent,emotion_original_eval_quadrant,random_forest,rf_impurity,importance,3,MeanVoicedSegmentLengthSec,0.008419548842252938,72,False,0.0
speaker_independent,emotion_original_eval_quadrant,random_forest,rf_impurity,importance,3,StddevVoicedSegmentLengthSec,0.009385827710026586,53,False,0.0
speaker_independent,emotion_original_eval_quadrant,random_forest,rf_impurity,importance,3,MeanUnvoicedSegmentLength,0.010421001502986438,37,False,0.0
speaker_independent,emotion_original_eval_quadrant,random_forest,rf_impurity,importance,3,StddevUnvoicedSegmentLength,0.00837127289836541,75,False,0.0
speaker_independent,emotion_original_eval_quadrant,random_forest,rf_impurity,importance,3,equivalentSoundLevel_dBp,0.015919230626054444,12,True,0.8
speaker_independent,emotion_original_eval_quadrant,random_forest,rf_permutation,importance,3,F0semitoneFrom27.5Hz_sma3nz_amean,0.00078125,20,False,0.0
speaker_independent,emotion_original_eval_quadrant,random_forest,rf_permutation,importance,3,F0semitoneFrom27.5Hz_sma3nz_stddevNorm,-0.001953125,37,False,0.2
speaker_independent,emotion_original_eval_quadrant,random_forest,rf_permutation,importance,3,F0semitoneFrom27.5Hz_sma3nz_percentile20.0,0.00703125,5,True,0.2
speaker_independent,emotion_original_eval_quadrant,random_forest,rf_permutation,importance,3,F0semitoneFrom27.5Hz_sma3nz_percentile50.0,0.011328125,2,True,0.2
speaker_independent,emotion_original_eval_quadrant,random_forest,rf_permutation,importance,3,F0semitoneFrom27.5Hz_sma3nz_percentile80.0,0.0,26,False,0.2
speaker_independent,emotion_original_eval_quadrant,random_forest,rf_permutation,importance,3,F0semitoneFrom27.5Hz_sma3nz_pctlrange0-2,0.012109375,1,True,0.8
speaker_independent,emotion_original_eval_quadrant,random_forest,rf_permutation,importance,3,F0semitoneFrom27.5Hz_sma3nz_meanRisingSlope,-0.003515625,49,False,0.0
speaker_independent,emotion_original_eval_quadrant,random_forest,rf_permutation,importance,3,F0semitoneFrom27.5Hz_sma3nz_stddevRisingSlope,-0.00859375,71,False,0.2
speaker_independent,emotion_original_eval_quadrant,random_forest,rf_permutation,importance,3,F0semitoneFrom27.5Hz_sma3nz_meanFallingSlope,-0.0109375,77,False,0.4
speaker_independent,emotion_original_eval_quadrant,random_forest,rf_permutation,importance,3,F0semitoneFrom27.5Hz_sma3nz_stddevFallingSlope,-0.008203125,70,False,0.6
speaker_independent,emotion_original_eval_quadrant,random_forest,rf_permutation,importance,3,loudness_sma3_amean,-0.014453125,81,False,0.0
speaker_independent,emotion_original_eval_quadrant,random_forest,rf_permutation,importance,3,loudness_sma3_stddevNorm,-0.005859375,64,False,0.2
speaker_independent,emotion_original_eval_quadrant,random_forest,rf_permutation,importance,3,loudness_sma3_percentile20.0,-0.004296875,55,False,0.4
speaker_independent,emotion_original_eval_quadrant,random_forest,rf_permutation,importance,3,loudness_sma3_percentile50.0,-0.005859375,64,False,0.0
speaker_independent,emotion_original_eval_quadrant,random_forest,rf_permutation,importance,3,loudness_sma3_percentile80.0,-0.0171875,86,False,0.2
speaker_independent,emotion_original_eval_quadrant,random_forest,rf_permutation,importance,3,loudness_sma3_pctlrange0-2,-0.009765625,74,False,0.2
speaker_independent,emotion_original_eval_quadrant,random_forest,rf_permutation,importance,3,loudness_sma3_meanRisingSlope,-0.01015625,76,False,0.2
speaker_independent,emotion_original_eval_quadrant,random_forest,rf_permutation,importance,3,loudness_sma3_stddevRisingSlope,-0.007421875,67,False,0.4
speaker_independent,emotion_original_eval_quadrant,random_forest,rf_permutation,importance,3,loudness_sma3_meanFallingSlope,-0.008984375,72,False,0.2
speaker_independent,emotion_original_eval_quadrant,random_forest,rf_permutation,importance,3,loudness_sma3_stddevFallingSlope,-0.000390625,29,False,0.0
speaker_independent,emotion_original_eval_quadrant,random_forest,rf_permutation,importance,3,spectralFlux_sma3_amean,-0.014453125,81,False,0.0
speaker_independent,emotion_original_eval_quadrant,random_forest,rf_permutation,importance,3,spectralFlux_sma3_stddevNorm,0.0,26,False,0.2
speaker_independent,emotion_original_eval_quadrant,random_forest,rf_permutation,importance,3,mfcc1_sma3_amean,0.00625,8,True,0.6
speaker_independent,emotion_original_eval_quadrant,random_forest,rf_permutation,importance,3,mfcc1_sma3_stddevNorm,-0.003515625,49,False,0.2
speaker_independent,emotion_original_eval_quadrant,random_forest,rf_permutation,importance,3,mfcc2_sma3_amean,-0.00390625,52,False,0.0
speaker_independent,emotion_original_eval_quadrant,random_forest,rf_permutation,importance,3,mfcc2_sma3_stddevNorm,-0.002734375,42,False,0.2
speaker_independent,emotion_original_eval_quadrant,random_forest,rf_permutation,importance,3,mfcc3_sma3_amean,-0.009375,73,False,0.2
speaker_independent,emotion_original_eval_quadrant,random_forest,rf_permutation,importance,3,mfcc3_sma3_stddevNorm,-0.002734375,42,False,0.0
speaker_independent,emotion_original_eval_quadrant,random_forest,rf_permutation,importance,3,mfcc4_sma3_amean,-0.00234375,39,False,0.2
speaker_independent,emotion_original_eval_quadrant,random_forest,rf_permutation,importance,3,mfcc4_sma3_stddevNorm,-0.0015625,33,False,0.2
speaker_independent,emotion_original_eval_quadrant,random_forest,rf_permutation,importance,3,jitterLocal_sma3nz_amean,-0.01484375,83,False,0.2
speaker_independent,emotion_original_eval_quadrant,random_forest,rf_permutation,importance,3,jitterLocal_sma3nz_stddevNorm,-0.004296875,55,False,0.2
speaker_independent,emotion_original_eval_quadrant,random_forest,rf_permutation,importance,3,shimmerLocaldB_sma3nz_amean,-0.0015625,33,False,0.0
speaker_independent,emotion_original_eval_quadrant,random_forest,rf_permutation,importance,3,shimmerLocaldB_sma3nz_stddevNorm,-0.00078125,31,False,0.0
speaker_independent,emotion_original_eval_quadrant,random_forest,rf_permutation,importance,3,HNRdBACF_sma3nz_amean,0.000390625,24,False,0.2
speaker_independent,emotion_original_eval_quadrant,random_forest,rf_permutation,importance,3,HNRdBACF_sma3nz_stddevNorm,-0.003515625,49,False,0.4
speaker_independent,emotion_original_eval_quadrant,random_forest,rf_permutation,importance,3,logRelF0-H1-H2_sma3nz_amean,-0.004296875,55,False,0.2
speaker_independent,emotion_original_eval_quadrant,random_forest,rf_permutation,importance,3,logRelF0-H1-H2_sma3nz_stddevNorm,0.002734375,15,True,0.6
speaker_independent,emotion_original_eval_quadrant,random_forest,rf_permutation,importance,3,logRelF0-H1-A3_sma3nz_amean,-0.015625,85,False,0.0
speaker_independent,emotion_original_eval_quadrant,random_forest,rf_permutation,importance,3,logRelF0-H1-A3_sma3nz_stddevNorm,-0.004296875,55,False,0.0
speaker_independent,emotion_original_eval_quadrant,random_forest,rf_permutation,importance,3,F1frequency_sma3nz_amean,0.00625,8,True,0.4
speaker_independent,emotion_original_eval_quadrant,random_forest,rf_permutation,importance,3,F1frequency_sma3nz_stddevNorm,0.0046875,12,True,0.2
speaker_independent,emotion_original_eval_quadrant,random_forest,rf_permutation,importance,3,F1bandwidth_sma3nz_amean,0.005078125,11,True,0.4
speaker_independent,emotion_original_eval_quadrant,random_forest,rf_permutation,importance,3,F1bandwidth_sma3nz_stddevNorm,-0.002734375,42,False,0.0
speaker_independent,emotion_original_eval_quadrant,random_forest,rf_permutation,importance,3,F1amplitudeLogRelF0_sma3nz_amean,0.0046875,12,True,0.4
speaker_independent,emotion_original_eval_quadrant,random_forest,rf_permutation,importance,3,F1amplitudeLogRelF0_sma3nz_stddevNorm,0.0,26,False,0.0
speaker_independent,emotion_original_eval_quadrant,random_forest,rf_permutation,importance,3,F2frequency_sma3nz_amean,-0.0015625,33,False,0.0
speaker_independent,emotion_original_eval_quadrant,random_forest,rf_permutation,importance,3,F2frequency_sma3nz_stddevNorm,-0.00234375,39,False,0.4
speaker_independent,emotion_original_eval_quadrant,random_forest,rf_permutation,importance,3,F2bandwidth_sma3nz_amean,-0.0046875,60,False,0.2
speaker_independent,emotion_original_eval_quadrant,random_forest,rf_permutation,importance,3,F2bandwidth_sma3nz_stddevNorm,-0.005078125,61,False,0.0
speaker_independent,emotion_original_eval_quadrant,random_forest,rf_permutation,importance,3,F2amplitudeLogRelF0_sma3nz_amean,0.0015625,19,False,0.2
speaker_independent,emotion_original_eval_quadrant,random_forest,rf_permutation,importance,3,F2amplitudeLogRelF0_sma3nz_stddevNorm,0.00625,8,True,0.4
speaker_independent,emotion_original_eval_quadrant,random_forest,rf_permutation,importance,3,F3frequency_sma3nz_amean,-0.00234375,39,False,0.0
speaker_independent,emotion_original_eval_quadrant,random_forest,rf_permutation,importance,3,F3frequency_sma3nz_stddevNorm,0.00234375,17,False,0.0
speaker_independent,emotion_original_eval_quadrant,random_forest,rf_permutation,importance,3,F3bandwidth_sma3nz_amean,-0.00546875,63,False,0.0
speaker_independent,emotion_original_eval_quadrant,random_forest,rf_permutation,importance,3,F3bandwidth_sma3nz_stddevNorm,-0.0015625,33,False,0.0
speaker_independent,emotion_original_eval_quadrant,random_forest,rf_permutation,importance,3,F3amplitudeLogRelF0_sma3nz_amean,0.009375,3,True,0.4
speaker_independent,emotion_original_eval_quadrant,random_forest,rf_permutation,importance,3,F3amplitudeLogRelF0_sma3nz_stddevNorm,0.008203125,4,True,0.2
speaker_independent,emotion_original_eval_quadrant,random_forest,rf_permutation,importance,3,alphaRatioV_sma3nz_amean,-0.0171875,86,False,0.0
speaker_independent,emotion_original_eval_quadrant,random_forest,rf_permutation,importance,3,alphaRatioV_sma3nz_stddevNorm,0.00703125,5,True,0.6
speaker_independent,emotion_original_eval_quadrant,random_forest,rf_permutation,importance,3,hammarbergIndexV_sma3nz_amean,-0.0171875,86,False,0.2
speaker_independent,emotion_original_eval_quadrant,random_forest,rf_permutation,importance,3,hammarbergIndexV_sma3nz_stddevNorm,0.00078125,20,False,0.2
speaker_independent,emotion_original_eval_quadrant,random_forest,rf_permutation,importance,3,slopeV0-500_sma3nz_amean,0.00078125,20,False,0.4
speaker_independent,emotion_original_eval_quadrant,random_forest,rf_permutation,importance,3,slopeV0-500_sma3nz_stddevNorm,-0.003125,47,False,0.0
speaker_independent,emotion_original_eval_quadrant,random_forest,rf_permutation,importance,3,slopeV500-1500_sma3nz_amean,0.00703125,5,True,0.2
speaker_independent,emotion_original_eval_quadrant,random_forest,rf_permutation,importance,3,slopeV500-1500_sma3nz_stddevNorm,-0.002734375,42,False,0.2
speaker_independent,emotion_original_eval_quadrant,random_forest,rf_permutation,importance,3,spectralFluxV_sma3nz_amean,-0.01328125,80,False,0.4
speaker_independent,emotion_original_eval_quadrant,random_forest,rf_permutation,importance,3,spectralFluxV_sma3nz_stddevNorm,0.001953125,18,False,0.2
speaker_independent,emotion_original_eval_quadrant,random_forest,rf_permutation,importance,3,mfcc1V_sma3nz_amean,0.003125,14,True,0.2
speaker_independent,emotion_original_eval_quadrant,random_forest,rf_permutation,importance,3,mfcc1V_sma3nz_stddevNorm,-0.001953125,37,False,0.2
speaker_independent,emotion_original_eval_quadrant,random_forest,rf_permutation,importance,3,mfcc2V_sma3nz_amean,-0.00390625,52,False,0.0
speaker_independent,emotion_original_eval_quadrant,random_forest,rf_permutation,importance,3,mfcc2V_sma3nz_stddevNorm,-0.011328125,78,False,0.2
speaker_independent,emotion_original_eval_quadrant,random_forest,rf_permutation,importance,3,mfcc3V_sma3nz_amean,-0.00390625,52,False,0.4
speaker_independent,emotion_original_eval_quadrant,random_forest,rf_permutation,importance,3,mfcc3V_sma3nz_stddevNorm,-0.012890625,79,False,0.0
speaker_independent,emotion_original_eval_quadrant,random_forest,rf_permutation,importance,3,mfcc4V_sma3nz_amean,-0.003125,47,False,0.2
speaker_independent,emotion_original_eval_quadrant,random_forest,rf_permutation,importance,3,mfcc4V_sma3nz_stddevNorm,-0.0078125,68,False,0.0
speaker_independent,emotion_original_eval_quadrant,random_forest,rf_permutation,importance,3,alphaRatioUV_sma3nz_amean,0.002734375,15,True,0.6
speaker_independent,emotion_original_eval_quadrant,random_forest,rf_permutation,importance,3,hammarbergIndexUV_sma3nz_amean,-0.005078125,61,False,0.2
speaker_independent,emotion_original_eval_quadrant,random_forest,rf_permutation,importance,3,slopeUV0-500_sma3nz_amean,-0.000390625,29,False,0.2
speaker_independent,emotion_original_eval_quadrant,random_forest,rf_permutation,importance,3,slopeUV500-1500_sma3nz_amean,-0.00078125,31,False,0.4
speaker_independent,emotion_original_eval_quadrant,random_forest,rf_permutation,importance,3,spectralFluxUV_sma3nz_amean,-0.0078125,68,False,0.0
speaker_independent,emotion_original_eval_quadrant,random_forest,rf_permutation,importance,3,loudnessPeaksPerSec,-0.009765625,74,False,0.4
speaker_independent,emotion_original_eval_quadrant,random_forest,rf_permutation,importance,3,VoicedSegmentsPerSec,0.00078125,20,False,0.0
speaker_independent,emotion_original_eval_quadrant,random_forest,rf_permutation,importance,3,MeanVoicedSegmentLengthSec,0.000390625,24,False,0.2
speaker_independent,emotion_original_eval_quadrant,random_forest,rf_permutation,importance,3,StddevVoicedSegmentLengthSec,-0.004296875,55,False,0.4
speaker_independent,emotion_original_eval_quadrant,random_forest,rf_permutation,importance,3,MeanUnvoicedSegmentLength,-0.005859375,64,False,0.0
speaker_independent,emotion_original_eval_quadrant,random_forest,rf_permutation,importance,3,StddevUnvoicedSegmentLength,-0.002734375,42,False,0.0
speaker_independent,emotion_original_eval_quadrant,random_forest,rf_permutation,importance,3,equivalentSoundLevel_dBp,-0.01484375,83,False,0.2
speaker_independent,emotion_original_eval_quadrant,logistic_regression,logreg_coefficient,importance,3,F0semitoneFrom27.5Hz_sma3nz_amean,0.5414609787065718,18,False,0.8
speaker_independent,emotion_original_eval_quadrant,logistic_regression,logreg_coefficient,importance,3,F0semitoneFrom27.5Hz_sma3nz_stddevNorm,0.3010948809178689,58,False,0.0
speaker_independent,emotion_original_eval_quadrant,logistic_regression,logreg_coefficient,importance,3,F0semitoneFrom27.5Hz_sma3nz_percentile20.0,0.23414557999209665,71,False,0.0
speaker_independent,emotion_original_eval_quadrant,logistic_regression,logreg_coefficient,importance,3,F0semitoneFrom27.5Hz_sma3nz_percentile50.0,0.6242964596710054,12,True,0.8
speaker_independent,emotion_original_eval_quadrant,logistic_regression,logreg_coefficient,importance,3,F0semitoneFrom27.5Hz_sma3nz_percentile80.0,0.23956051071371,67,False,0.0
speaker_independent,emotion_original_eval_quadrant,logistic_regression,logreg_coefficient,importance,3,F0semitoneFrom27.5Hz_sma3nz_pctlrange0-2,0.42349501519926736,33,False,0.2
speaker_independent,emotion_original_eval_quadrant,logistic_regression,logreg_coefficient,importance,3,F0semitoneFrom27.5Hz_sma3nz_meanRisingSlope,0.2185847231878857,73,False,0.0
speaker_independent,emotion_original_eval_quadrant,logistic_regression,logreg_coefficient,importance,3,F0semitoneFrom27.5Hz_sma3nz_stddevRisingSlope,0.2374353227261874,68,False,0.0
speaker_independent,emotion_original_eval_quadrant,logistic_regression,logreg_coefficient,importance,3,F0semitoneFrom27.5Hz_sma3nz_meanFallingSlope,0.37343842363412216,40,False,0.0
speaker_independent,emotion_original_eval_quadrant,logistic_regression,logreg_coefficient,importance,3,F0semitoneFrom27.5Hz_sma3nz_stddevFallingSlope,0.5544298908422622,15,True,0.2
speaker_independent,emotion_original_eval_quadrant,logistic_regression,logreg_coefficient,importance,3,loudness_sma3_amean,0.23710801874430973,69,False,0.0
speaker_independent,emotion_original_eval_quadrant,logistic_regression,logreg_coefficient,importance,3,loudness_sma3_stddevNorm,0.7020300738465162,7,True,1.0
speaker_independent,emotion_original_eval_quadrant,logistic_regression,logreg_coefficient,importance,3,loudness_sma3_percentile20.0,0.40692163070466825,36,False,0.2
speaker_independent,emotion_original_eval_quadrant,logistic_regression,logreg_coefficient,importance,3,loudness_sma3_percentile50.0,0.38356825997627547,39,False,0.0
speaker_independent,emotion_original_eval_quadrant,logistic_regression,logreg_coefficient,importance,3,loudness_sma3_percentile80.0,0.3453883253682444,47,False,0.0
speaker_independent,emotion_original_eval_quadrant,logistic_regression,logreg_coefficient,importance,3,loudness_sma3_pctlrange0-2,0.4433372457332871,30,False,0.0
speaker_independent,emotion_original_eval_quadrant,logistic_regression,logreg_coefficient,importance,3,loudness_sma3_meanRisingSlope,0.7876575478770647,4,True,0.8
speaker_independent,emotion_original_eval_quadrant,logistic_regression,logreg_coefficient,importance,3,loudness_sma3_stddevRisingSlope,0.516721154986293,20,False,0.0
speaker_independent,emotion_original_eval_quadrant,logistic_regression,logreg_coefficient,importance,3,loudness_sma3_meanFallingSlope,0.5511281110561177,16,False,0.4
speaker_independent,emotion_original_eval_quadrant,logistic_regression,logreg_coefficient,importance,3,loudness_sma3_stddevFallingSlope,0.46200974302581155,29,False,0.0
speaker_independent,emotion_original_eval_quadrant,logistic_regression,logreg_coefficient,importance,3,spectralFlux_sma3_amean,0.30429776014529747,56,False,0.0
speaker_independent,emotion_original_eval_quadrant,logistic_regression,logreg_coefficient,importance,3,spectralFlux_sma3_stddevNorm,0.3923754082141372,38,False,0.0
speaker_independent,emotion_original_eval_quadrant,logistic_regression,logreg_coefficient,importance,3,mfcc1_sma3_amean,0.8354542302908026,3,True,1.0
speaker_independent,emotion_original_eval_quadrant,logistic_regression,logreg_coefficient,importance,3,mfcc1_sma3_stddevNorm,0.23406758247140713,72,False,0.0
speaker_independent,emotion_original_eval_quadrant,logistic_regression,logreg_coefficient,importance,3,mfcc2_sma3_amean,0.5642977169376808,14,True,0.6
speaker_independent,emotion_original_eval_quadrant,logistic_regression,logreg_coefficient,importance,3,mfcc2_sma3_stddevNorm,0.39966711974016333,37,False,0.0
speaker_independent,emotion_original_eval_quadrant,logistic_regression,logreg_coefficient,importance,3,mfcc3_sma3_amean,0.7810758375214103,5,True,0.8
speaker_independent,emotion_original_eval_quadrant,logistic_regression,logreg_coefficient,importance,3,mfcc3_sma3_stddevNorm,0.16833050882017736,82,False,0.0
speaker_independent,emotion_original_eval_quadrant,logistic_regression,logreg_coefficient,importance,3,mfcc4_sma3_amean,0.4893754737358489,25,False,0.8
speaker_independent,emotion_original_eval_quadrant,logistic_regression,logreg_coefficient,importance,3,mfcc4_sma3_stddevNorm,0.12149139212850041,85,False,0.0
speaker_independent,emotion_original_eval_quadrant,logistic_regression,logreg_coefficient,importance,3,jitterLocal_sma3nz_amean,0.36849920013647064,43,False,0.0
speaker_independent,emotion_original_eval_quadrant,logistic_regression,logreg_coefficient,importance,3,jitterLocal_sma3nz_stddevNorm,0.20222824799601347,79,False,0.0
speaker_independent,emotion_original_eval_quadrant,logistic_regression,logreg_coefficient,importance,3,shimmerLocaldB_sma3nz_amean,0.294401410084904,59,False,0.0
speaker_independent,emotion_original_eval_quadrant,logistic_regression,logreg_coefficient,importance,3,shimmerLocaldB_sma3nz_stddevNorm,0.3090439611633101,54,False,0.0
speaker_independent,emotion_original_eval_quadrant,logistic_regression,logreg_coefficient,importance,3,HNRdBACF_sma3nz_amean,1.0157349554408923,2,True,1.0
speaker_independent,emotion_original_eval_quadrant,logistic_regression,logreg_coefficient,importance,3,HNRdBACF_sma3nz_stddevNorm,0.41026988999442304,34,False,0.0
speaker_independent,emotion_original_eval_quadrant,logistic_regression,logreg_coefficient,importance,3,logRelF0-H1-H2_sma3nz_amean,0.16880778677785357,81,False,0.0
speaker_independent,emotion_original_eval_quadrant,logistic_regression,logreg_coefficient,importance,3,logRelF0-H1-H2_sma3nz_stddevNorm,0.24204409016887085,65,False,0.0
speaker_independent,emotion_original_eval_quadrant,logistic_regression,logreg_coefficient,importance,3,logRelF0-H1-A3_sma3nz_amean,0.34270082883546427,48,False,0.0
speaker_independent,emotion_original_eval_quadrant,logistic_regression,logreg_coefficient,importance,3,logRelF0-H1-A3_sma3nz_stddevNorm,0.32124317159313215,52,False,0.2
speaker_independent,emotion_original_eval_quadrant,logistic_regression,logreg_coefficient,importance,3,F1frequency_sma3nz_amean,0.7772241550441019,6,True,1.0
speaker_independent,emotion_original_eval_quadrant,logistic_regression,logreg_coefficient,importance,3,F1frequency_sma3nz_stddevNorm,0.11646026810740695,86,False,0.0
speaker_independent,emotion_original_eval_quadrant,logistic_regression,logreg_coefficient,importance,3,F1bandwidth_sma3nz_amean,0.21205511358341797,75,False,0.0
speaker_independent,emotion_original_eval_quadrant,logistic_regression,logreg_coefficient,importance,3,F1bandwidth_sma3nz_stddevNorm,0.33952897463652737,49,False,0.0
speaker_independent,emotion_original_eval_quadrant,logistic_regression,logreg_coefficient,importance,3,F1amplitudeLogRelF0_sma3nz_amean,0.6999541776643752,8,True,0.8
speaker_independent,emotion_original_eval_quadrant,logistic_regression,logreg_coefficient,importance,3,F1amplitudeLogRelF0_sma3nz_stddevNorm,0.5429478774877194,17,False,0.6
speaker_independent,emotion_original_eval_quadrant,logistic_regression,logreg_coefficient,importance,3,F2frequency_sma3nz_amean,0.3698077209235027,42,False,0.0
speaker_independent,emotion_original_eval_quadrant,logistic_regression,logreg_coefficient,importance,3,F2frequency_sma3nz_stddevNorm,0.2917136723842796,60,False,0.0
speaker_independent,emotion_original_eval_quadrant,logistic_regression,logreg_coefficient,importance,3,F2bandwidth_sma3nz_amean,0.14342008215444813,84,False,0.0
speaker_independent,emotion_original_eval_quadrant,logistic_regression,logreg_coefficient,importance,3,F2bandwidth_sma3nz_stddevNorm,0.21137757888624312,77,False,0.0
speaker_independent,emotion_original_eval_quadrant,logistic_regression,logreg_coefficient,importance,3,F2amplitudeLogRelF0_sma3nz_amean,0.3224696029114076,51,False,0.0
speaker_independent,emotion_original_eval_quadrant,logistic_regression,logreg_coefficient,importance,3,F2amplitudeLogRelF0_sma3nz_stddevNorm,0.3097217741586612,53,False,0.0
speaker_independent,emotion_original_eval_quadrant,logistic_regression,logreg_coefficient,importance,3,F3frequency_sma3nz_amean,0.5122651863465486,22,False,0.2
speaker_independent,emotion_original_eval_quadrant,logistic_regression,logreg_coefficient,importance,3,F3frequency_sma3nz_stddevNorm,0.29015985966521524,61,False,0.0
speaker_independent,emotion_original_eval_quadrant,logistic_regression,logreg_coefficient,importance,3,F3bandwidth_sma3nz_amean,0.2549047064410037,63,False,0.0
speaker_independent,emotion_original_eval_quadrant,logistic_regression,logreg_coefficient,importance,3,F3bandwidth_sma3nz_stddevNorm,0.25714790839028945,62,False,0.0
speaker_independent,emotion_original_eval_quadrant,logistic_regression,logreg_coefficient,importance,3,F3amplitudeLogRelF0_sma3nz_amean,0.3555227829727194,46,False,0.0
speaker_independent,emotion_original_eval_quadrant,logistic_regression,logreg_coefficient,importance,3,F3amplitudeLogRelF0_sma3nz_stddevNorm,0.6333629504285562,11,True,0.4
speaker_independent,emotion_original_eval_quadrant,logistic_regression,logreg_coefficient,importance,3,alphaRatioV_sma3nz_amean,0.6753043991676034,10,True,0.4
speaker_independent,emotion_original_eval_quadrant,logistic_regression,logreg_coefficient,importance,3,alphaRatioV_sma3nz_stddevNorm,0.06493129830272566,88,False,0.0
speaker_independent,emotion_original_eval_quadrant,logistic_regression,logreg_coefficient,importance,3,hammarbergIndexV_sma3nz_amean,0.5363818777176359,19,False,0.0
speaker_independent,emotion_original_eval_quadrant,logistic_regression,logreg_coefficient,importance,3,hammarbergIndexV_sma3nz_stddevNorm,0.4934122829350699,24,False,0.2
speaker_independent,emotion_original_eval_quadrant,logistic_regression,logreg_coefficient,importance,3,slopeV0-500_sma3nz_amean,0.4301570948649858,32,False,0.2
speaker_independent,emotion_original_eval_quadrant,logistic_regression,logreg_coefficient,importance,3,slopeV0-500_sma3nz_stddevNorm,0.21552264114795153,74,False,0.0
speaker_independent,emotion_original_eval_quadrant,logistic_regression,logreg_coefficient,importance,3,slopeV500-1500_sma3nz_amean,0.3682837824661556,44,False,0.0
speaker_independent,emotion_original_eval_quadrant,logistic_regression,logreg_coefficient,importance,3,slopeV500-1500_sma3nz_stddevNorm,0.3726907248750987,41,False,0.0
speaker_independent,emotion_original_eval_quadrant,logistic_regression,logreg_coefficient,importance,3,spectralFluxV_sma3nz_amean,0.3661859641846139,45,False,0.0
speaker_independent,emotion_original_eval_quadrant,logistic_regression,logreg_coefficient,importance,3,spectralFluxV_sma3nz_stddevNorm,0.40777646104426124,35,False,0.2
speaker_independent,emotion_original_eval_quadrant,logistic_regression,logreg_coefficient,importance,3,mfcc1V_sma3nz_amean,0.4888950857239347,26,False,0.0
speaker_independent,emotion_original_eval_quadrant,logistic_regression,logreg_coefficient,importance,3,mfcc1V_sma3nz_stddevNorm,0.10625331955486672,87,False,0.0
speaker_independent,emotion_original_eval_quadrant,logistic_regression,logreg_coefficient,importance,3,mfcc2V_sma3nz_amean,0.6837191424786728,9,True,0.6
speaker_independent,emotion_original_eval_quadrant,logistic_regression,logreg_coefficient,importance,3,mfcc2V_sma3nz_stddevNorm,0.18690340656589344,80,False,0.0
speaker_independent,emotion_original_eval_quadrant,logistic_regression,logreg_coefficient,importance,3,mfcc3V_sma3nz_amean,0.32946546345484945,50,False,0.0
speaker_independent,emotion_original_eval_quadrant,logistic_regression,logreg_coefficient,importance,3,mfcc3V_sma3nz_stddevNorm,0.30350734328363854,57,False,0.0
speaker_independent,emotion_original_eval_quadrant,logistic_regression,logreg_coefficient,importance,3,mfcc4V_sma3nz_amean,0.3066595930385969,55,False,0.0
speaker_independent,emotion_original_eval_quadrant,logistic_regression,logreg_coefficient,importance,3,mfcc4V_sma3nz_stddevNorm,0.21203157716968787,76,False,0.0
speaker_independent,emotion_original_eval_quadrant,logistic_regression,logreg_coefficient,importance,3,alphaRatioUV_sma3nz_amean,0.4647077121441799,28,False,0.0
speaker_independent,emotion_original_eval_quadrant,logistic_regression,logreg_coefficient,importance,3,hammarbergIndexUV_sma3nz_amean,0.5903916546463682,13,True,0.4
speaker_independent,emotion_original_eval_quadrant,logistic_regression,logreg_coefficient,importance,3,slopeUV0-500_sma3nz_amean,0.5155413282023982,21,False,0.0
speaker_independent,emotion_original_eval_quadrant,logistic_regression,logreg_coefficient,importance,3,slopeUV500-1500_sma3nz_amean,0.43092496957906223,31,False,0.0
speaker_independent,emotion_original_eval_quadrant,logistic_regression,logreg_coefficient,importance,3,spectralFluxUV_sma3nz_amean,0.24081656055176046,66,False,0.0
speaker_independent,emotion_original_eval_quadrant,logistic_regression,logreg_coefficient,importance,3,loudnessPeaksPerSec,0.23505359354987626,70,False,0.0
speaker_independent,emotion_original_eval_quadrant,logistic_regression,logreg_coefficient,importance,3,VoicedSegmentsPerSec,0.5053395076243687,23,False,0.0
speaker_independent,emotion_original_eval_quadrant,logistic_regression,logreg_coefficient,importance,3,MeanVoicedSegmentLengthSec,0.2052879898254847,78,False,0.0
speaker_independent,emotion_original_eval_quadrant,logistic_regression,logreg_coefficient,importance,3,StddevVoicedSegmentLengthSec,0.16789345743370884,83,False,0.0
speaker_independent,emotion_original_eval_quadrant,logistic_regression,logreg_coefficient,importance,3,MeanUnvoicedSegmentLength,0.24324952292682675,64,False,0.0
speaker_independent,emotion_original_eval_quadrant,logistic_regression,logreg_coefficient,importance,3,StddevUnvoicedSegmentLength,0.4853833209755287,27,False,0.2
speaker_independent,emotion_original_eval_quadrant,logistic_regression,logreg_coefficient,importance,3,equivalentSoundLevel_dBp,1.0318075286915769,1,True,1.0
speaker_independent,emotion_original_eval_quadrant,random_forest,rf_impurity,importance,4,F0semitoneFrom27.5Hz_sma3nz_amean,0.009803872598716332,43,False,0.0
speaker_independent,emotion_original_eval_quadrant,random_forest,rf_impurity,importance,4,F0semitoneFrom27.5Hz_sma3nz_stddevNorm,0.016587747897813355,11,True,1.0
speaker_independent,emotion_original_eval_quadrant,random_forest,rf_impurity,importance,4,F0semitoneFrom27.5Hz_sma3nz_percentile20.0,0.012063308571809293,27,False,0.0
speaker_independent,emotion_original_eval_quadrant,random_forest,rf_impurity,importance,4,F0semitoneFrom27.5Hz_sma3nz_percentile50.0,0.008628278830076299,71,False,0.0
speaker_independent,emotion_original_eval_quadrant,random_forest,rf_impurity,importance,4,F0semitoneFrom27.5Hz_sma3nz_percentile80.0,0.009444591115759812,51,False,0.0
speaker_independent,emotion_original_eval_quadrant,random_forest,rf_impurity,importance,4,F0semitoneFrom27.5Hz_sma3nz_pctlrange0-2,0.023537015600510684,2,True,1.0
speaker_independent,emotion_original_eval_quadrant,random_forest,rf_impurity,importance,4,F0semitoneFrom27.5Hz_sma3nz_meanRisingSlope,0.010280955650045774,38,False,0.0
speaker_independent,emotion_original_eval_quadrant,random_forest,rf_impurity,importance,4,F0semitoneFrom27.5Hz_sma3nz_stddevRisingSlope,0.008661349024985733,70,False,0.0
speaker_independent,emotion_original_eval_quadrant,random_forest,rf_impurity,importance,4,F0semitoneFrom27.5Hz_sma3nz_meanFallingSlope,0.012786047726075125,21,False,0.0
speaker_independent,emotion_original_eval_quadrant,random_forest,rf_impurity,importance,4,F0semitoneFrom27.5Hz_sma3nz_stddevFallingSlope,0.018662824225205123,7,True,1.0
speaker_independent,emotion_original_eval_quadrant,random_forest,rf_impurity,importance,4,loudness_sma3_amean,0.016106840725386123,12,True,0.8
speaker_independent,emotion_original_eval_quadrant,random_forest,rf_impurity,importance,4,loudness_sma3_stddevNorm,0.01206644631680424,26,False,0.0
speaker_independent,emotion_original_eval_quadrant,random_forest,rf_impurity,importance,4,loudness_sma3_percentile20.0,0.012180131135942886,25,False,0.0
speaker_independent,emotion_original_eval_quadrant,random_forest,rf_impurity,importance,4,loudness_sma3_percentile50.0,0.014548918577509446,16,False,0.4
speaker_independent,emotion_original_eval_quadrant,random_forest,rf_impurity,importance,4,loudness_sma3_percentile80.0,0.016656711645748827,10,True,1.0
speaker_independent,emotion_original_eval_quadrant,random_forest,rf_impurity,importance,4,loudness_sma3_pctlrange0-2,0.02263286177727949,3,True,1.0
speaker_independent,emotion_original_eval_quadrant,random_forest,rf_impurity,importance,4,loudness_sma3_meanRisingSlope,0.019077554897726227,6,True,1.0
speaker_independent,emotion_original_eval_quadrant,random_forest,rf_impurity,importance,4,loudness_sma3_stddevRisingSlope,0.011775640061640068,30,False,0.4
speaker_independent,emotion_original_eval_quadrant,random_forest,rf_impurity,importance,4,loudness_sma3_meanFallingSlope,0.01843719148165277,8,True,1.0
speaker_independent,emotion_original_eval_quadrant,random_forest,rf_impurity,importance,4,loudness_sma3_stddevFallingSlope,0.013838352747932717,17,False,0.0
speaker_independent,emotion_original_eval_quadrant,random_forest,rf_impurity,importance,4,spectralFlux_sma3_amean,0.020019577262807172,5,True,1.0
speaker_independent,emotion_original_eval_quadrant,random_forest,rf_impurity,importance,4,spectralFlux_sma3_stddevNorm,0.00924423567588945,57,False,0.0
speaker_independent,emotion_original_eval_quadrant,random_forest,rf_impurity,importance,4,mfcc1_sma3_amean,0.010497899657724167,37,False,0.0
speaker_independent,emotion_original_eval_quadrant,random_forest,rf_impurity,importance,4,mfcc1_sma3_stddevNorm,0.009904360949943684,41,False,0.0
speaker_independent,emotion_original_eval_quadrant,random_forest,rf_impurity,importance,4,mfcc2_sma3_amean,0.008015335131896747,79,False,0.0
speaker_independent,emotion_original_eval_quadrant,random_forest,rf_impurity,importance,4,mfcc2_sma3_stddevNorm,0.006769446710742487,87,False,0.0
speaker_independent,emotion_original_eval_quadrant,random_forest,rf_impurity,importance,4,mfcc3_sma3_amean,0.008968995866536761,66,False,0.0
speaker_independent,emotion_original_eval_quadrant,random_forest,rf_impurity,importance,4,mfcc3_sma3_stddevNorm,0.00826396652735618,76,False,0.0
speaker_independent,emotion_original_eval_quadrant,random_forest,rf_impurity,importance,4,mfcc4_sma3_amean,0.010101665270854729,39,False,0.0
speaker_independent,emotion_original_eval_quadrant,random_forest,rf_impurity,importance,4,mfcc4_sma3_stddevNorm,0.009166936228415917,61,False,0.0
speaker_independent,emotion_original_eval_quadrant,random_forest,rf_impurity,importance,4,jitterLocal_sma3nz_amean,0.020940598732744477,4,True,1.0
speaker_independent,emotion_original_eval_quadrant,random_forest,rf_impurity,importance,4,jitterLocal_sma3nz_stddevNorm,0.0068187265154494,85,False,0.0
speaker_independent,emotion_original_eval_quadrant,random_forest,rf_impurity,importance,4,shimmerLocaldB_sma3nz_amean,0.009640239530171204,47,False,0.0
speaker_independent,emotion_original_eval_quadrant,random_forest,rf_impurity,importance,4,shimmerLocaldB_sma3nz_stddevNorm,0.013414188751714224,19,False,0.4
speaker_independent,emotion_original_eval_quadrant,random_forest,rf_impurity,importance,4,HNRdBACF_sma3nz_amean,0.015308773588213474,13,True,0.8
speaker_independent,emotion_original_eval_quadrant,random_forest,rf_impurity,importance,4,HNRdBACF_sma3nz_stddevNorm,0.017105058019433662,9,True,1.0
speaker_independent,emotion_original_eval_quadrant,random_forest,rf_impurity,importance,4,logRelF0-H1-H2_sma3nz_amean,0.008594625373517047,73,False,0.0
speaker_independent,emotion_original_eval_quadrant,random_forest,rf_impurity,importance,4,logRelF0-H1-H2_sma3nz_stddevNorm,0.009403119646931036,52,False,0.0
speaker_independent,emotion_original_eval_quadrant,random_forest,rf_impurity,importance,4,logRelF0-H1-A3_sma3nz_amean,0.009363122419344455,54,False,0.0
speaker_independent,emotion_original_eval_quadrant,random_forest,rf_impurity,importance,4,logRelF0-H1-A3_sma3nz_stddevNorm,0.006603989952877418,88,False,0.0
speaker_independent,emotion_original_eval_quadrant,random_forest,rf_impurity,importance,4,F1frequency_sma3nz_amean,0.012557572918899118,22,False,0.0
speaker_independent,emotion_original_eval_quadrant,random_forest,rf_impurity,importance,4,F1frequency_sma3nz_stddevNorm,0.008759265764625455,68,False,0.0
speaker_independent,emotion_original_eval_quadrant,random_forest,rf_impurity,importance,4,F1bandwidth_sma3nz_amean,0.0094798872313908,50,False,0.0
speaker_independent,emotion_original_eval_quadrant,random_forest,rf_impurity,importance,4,F1bandwidth_sma3nz_stddevNorm,0.009560245747925725,48,False,0.0
speaker_independent,emotion_original_eval_quadrant,random_forest,rf_impurity,importance,4,F1amplitudeLogRelF0_sma3nz_amean,0.009122005583419855,63,False,0.0
speaker_independent,emotion_original_eval_quadrant,random_forest,rf_impurity,importance,4,F1amplitudeLogRelF0_sma3nz_stddevNorm,0.011737217250374472,31,False,0.0
speaker_independent,emotion_original_eval_quadrant,random_forest,rf_impurity,importance,4,F2frequency_sma3nz_amean,0.011672416536378027,32,False,0.0
speaker_independent,emotion_original_eval_quadrant,random_forest,rf_impurity,importance,4,F2frequency_sma3nz_stddevNorm,0.007707875551767668,83,False,0.0
speaker_independent,emotion_original_eval_quadrant,random_forest,rf_impurity,importance,4,F2bandwidth_sma3nz_amean,0.008200338435497462,77,False,0.0
speaker_independent,emotion_original_eval_quadrant,random_forest,rf_impurity,importance,4,F2bandwidth_sma3nz_stddevNorm,0.007779668006361255,82,False,0.0
speaker_independent,emotion_original_eval_quadrant,random_forest,rf_impurity,importance,4,F2amplitudeLogRelF0_sma3nz_amean,0.010730784377076353,36,False,0.0
speaker_independent,emotion_original_eval_quadrant,random_forest,rf_impurity,importance,4,F2amplitudeLogRelF0_sma3nz_stddevNorm,0.011887112143657742,29,False,0.0
speaker_independent,emotion_original_eval_quadrant,random_forest,rf_impurity,importance,4,F3frequency_sma3nz_amean,0.011573860970685954,33,False,0.0
speaker_independent,emotion_original_eval_quadrant,random_forest,rf_impurity,importance,4,F3frequency_sma3nz_stddevNorm,0.009736913277210312,44,False,0.0
speaker_independent,emotion_original_eval_quadrant,random_forest,rf_impurity,importance,4,F3bandwidth_sma3nz_amean,0.0086125707381749,72,False,0.0
speaker_independent,emotion_original_eval_quadrant,random_forest,rf_impurity,importance,4,F3bandwidth_sma3nz_stddevNorm,0.008341366289126462,75,False,0.0
speaker_independent,emotion_original_eval_quadrant,random_forest,rf_impurity,importance,4,F3amplitudeLogRelF0_sma3nz_amean,0.012226659159306536,23,False,0.0
speaker_independent,emotion_original_eval_quadrant,random_forest,rf_impurity,importance,4,F3amplitudeLogRelF0_sma3nz_stddevNorm,0.015033376865363863,14,True,0.2
speaker_independent,emotion_original_eval_quadrant,random_forest,rf_impurity,importance,4,alphaRatioV_sma3nz_amean,0.007662762526607058,84,False,0.0
speaker_independent,emotion_original_eval_quadrant,random_forest,rf_impurity,importance,4,alphaRatioV_sma3nz_stddevNorm,0.009977211166625088,40,False,0.0
speaker_independent,emotion_original_eval_quadrant,random_forest,rf_impurity,importance,4,hammarbergIndexV_sma3nz_amean,0.00915120431370293,62,False,0.0
speaker_independent,emotion_original_eval_quadrant,random_forest,rf_impurity,importance,4,hammarbergIndexV_sma3nz_stddevNorm,0.009866762127131916,42,False,0.0
speaker_independent,emotion_original_eval_quadrant,random_forest,rf_impurity,importance,4,slopeV0-500_sma3nz_amean,0.009514240248525058,49,False,0.0
speaker_independent,emotion_original_eval_quadrant,random_forest,rf_impurity,importance,4,slopeV0-500_sma3nz_stddevNorm,0.009292569306454139,56,False,0.0
speaker_independent,emotion_original_eval_quadrant,random_forest,rf_impurity,importance,4,slopeV500-1500_sma3nz_amean,0.010813296733521245,35,False,0.0
speaker_independent,emotion_original_eval_quadrant,random_forest,rf_impurity,importance,4,slopeV500-1500_sma3nz_stddevNorm,0.009717632240243355,45,False,0.0
speaker_independent,emotion_original_eval_quadrant,random_forest,rf_impurity,importance,4,spectralFluxV_sma3nz_amean,0.02529600070363346,1,True,1.0
speaker_independent,emotion_original_eval_quadrant,random_forest,rf_impurity,importance,4,spectralFluxV_sma3nz_stddevNorm,0.012216209420737372,24,False,0.0
speaker_independent,emotion_original_eval_quadrant,random_forest,rf_impurity,importance,4,mfcc1V_sma3nz_amean,0.013216651901292432,20,False,0.0
speaker_independent,emotion_original_eval_quadrant,random_forest,rf_impurity,importance,4,mfcc1V_sma3nz_stddevNorm,0.009234669290648279,58,False,0.0
speaker_independent,emotion_original_eval_quadrant,random_forest,rf_impurity,importance,4,mfcc2V_sma3nz_amean,0.009396508438271807,53,False,0.0
speaker_independent,emotion_original_eval_quadrant,random_forest,rf_impurity,importance,4,mfcc2V_sma3nz_stddevNorm,0.007899889587023451,81,False,0.0
speaker_independent,emotion_original_eval_quadrant,random_forest,rf_impurity,importance,4,mfcc3V_sma3nz_amean,0.008592033237196336,74,False,0.0
speaker_independent,emotion_original_eval_quadrant,random_forest,rf_impurity,importance,4,mfcc3V_sma3nz_stddevNorm,0.006809273881483503,86,False,0.0
speaker_independent,emotion_original_eval_quadrant,random_forest,rf_impurity,importance,4,mfcc4V_sma3nz_amean,0.00814571974317211,78,False,0.0
speaker_independent,emotion_original_eval_quadrant,random_forest,rf_impurity,importance,4,mfcc4V_sma3nz_stddevNorm,0.009229341827770578,59,False,0.0
speaker_independent,emotion_original_eval_quadrant,random_forest,rf_impurity,importance,4,alphaRatioUV_sma3nz_amean,0.009228539135089595,60,False,0.0
speaker_independent,emotion_original_eval_quadrant,random_forest,rf_impurity,importance,4,hammarbergIndexUV_sma3nz_amean,0.007998071392799093,80,False,0.0
speaker_independent,emotion_original_eval_quadrant,random_forest,rf_impurity,importance,4,slopeUV0-500_sma3nz_amean,0.008972317270859034,65,False,0.0
speaker_independent,emotion_original_eval_quadrant,random_forest,rf_impurity,importance,4,slopeUV500-1500_sma3nz_amean,0.009084158611768216,64,False,0.0
speaker_independent,emotion_original_eval_quadrant,random_forest,rf_impurity,importance,4,spectralFluxUV_sma3nz_amean,0.013586245884853805,18,False,0.2
speaker_independent,emotion_original_eval_quadrant,random_forest,rf_impurity,importance,4,loudnessPeaksPerSec,0.011931547422485875,28,False,0.0
speaker_independent,emotion_original_eval_quadrant,random_forest,rf_impurity,importance,4,VoicedSegmentsPerSec,0.009678743480112656,46,False,0.0
speaker_independent,emotion_original_eval_quadrant,random_forest,rf_impurity,importance,4,MeanVoicedSegmentLengthSec,0.008715597117817985,69,False,0.0
speaker_independent,emotion_original_eval_quadrant,random_forest,rf_impurity,importance,4,StddevVoicedSegmentLengthSec,0.011247107932540868,34,False,0.0
speaker_independent,emotion_original_eval_quadrant,random_forest,rf_impurity,importance,4,MeanUnvoicedSegmentLength,0.009322151936229182,55,False,0.0
speaker_independent,emotion_original_eval_quadrant,random_forest,rf_impurity,importance,4,StddevUnvoicedSegmentLength,0.008930952615306492,67,False,0.0
speaker_independent,emotion_original_eval_quadrant,random_forest,rf_impurity,importance,4,equivalentSoundLevel_dBp,0.014631951237671212,15,True,0.8
speaker_independent,emotion_original_eval_quadrant,random_forest,rf_permutation,importance,4,F0semitoneFrom27.5Hz_sma3nz_amean,-0.003515625,84,False,0.0
speaker_independent,emotion_original_eval_quadrant,random_forest,rf_permutation,importance,4,F0semitoneFrom27.5Hz_sma3nz_stddevNorm,-0.000390625,65,False,0.2
speaker_independent,emotion_original_eval_quadrant,random_forest,rf_permutation,importance,4,F0semitoneFrom27.5Hz_sma3nz_percentile20.0,0.00234375,46,False,0.2
speaker_independent,emotion_original_eval_quadrant,random_forest,rf_permutation,importance,4,F0semitoneFrom27.5Hz_sma3nz_percentile50.0,-0.005078125,88,False,0.2
speaker_independent,emotion_original_eval_quadrant,random_forest,rf_permutation,importance,4,F0semitoneFrom27.5Hz_sma3nz_percentile80.0,-0.001171875,69,False,0.2
speaker_independent,emotion_original_eval_quadrant,random_forest,rf_permutation,importance,4,F0semitoneFrom27.5Hz_sma3nz_pctlrange0-2,0.0234375,1,True,0.8
speaker_independent,emotion_original_eval_quadrant,random_forest,rf_permutation,importance,4,F0semitoneFrom27.5Hz_sma3nz_meanRisingSlope,0.0015625,52,False,0.0
speaker_independent,emotion_original_eval_quadrant,random_forest,rf_permutation,importance,4,F0semitoneFrom27.5Hz_sma3nz_stddevRisingSlope,0.00625,23,False,0.2
speaker_independent,emotion_original_eval_quadrant,random_forest,rf_permutation,importance,4,F0semitoneFrom27.5Hz_sma3nz_meanFallingSlope,0.013671875,4,True,0.4
speaker_independent,emotion_original_eval_quadrant,random_forest,rf_permutation,importance,4,F0semitoneFrom27.5Hz_sma3nz_stddevFallingSlope,0.0203125,2,True,0.6
speaker_independent,emotion_original_eval_quadrant,random_forest,rf_permutation,importance,4,loudness_sma3_amean,0.006640625,21,False,0.0
speaker_independent,emotion_original_eval_quadrant,random_forest,rf_permutation,importance,4,loudness_sma3_stddevNorm,0.0046875,36,False,0.2
speaker_independent,emotion_original_eval_quadrant,random_forest,rf_permutation,importance,4,loudness_sma3_percentile20.0,0.012109375,8,True,0.4
speaker_independent,emotion_original_eval_quadrant,random_forest,rf_permutation,importance,4,loudness_sma3_percentile50.0,0.00234375,46,False,0.0
speaker_independent,emotion_original_eval_quadrant,random_forest,rf_permutation,importance,4,loudness_sma3_percentile80.0,0.011328125,10,True,0.2
speaker_independent,emotion_original_eval_quadrant,random_forest,rf_permutation,importance,4,loudness_sma3_pctlrange0-2,0.00859375,12,True,0.2
speaker_independent,emotion_original_eval_quadrant,random_forest,rf_permutation,importance,4,loudness_sma3_meanRisingSlope,0.009375,11,True,0.2
speaker_independent,emotion_original_eval_quadrant,random_forest,rf_permutation,importance,4,loudness_sma3_stddevRisingSlope,0.01171875,9,True,0.4
speaker_independent,emotion_original_eval_quadrant,random_forest,rf_permutation,importance,4,loudness_sma3_meanFallingSlope,0.00703125,18,False,0.2
speaker_independent,emotion_original_eval_quadrant,random_forest,rf_permutation,importance,4,loudness_sma3_stddevFallingSlope,0.00078125,61,False,0.0
speaker_independent,emotion_original_eval_quadrant,random_forest,rf_permutation,importance,4,spectralFlux_sma3_amean,0.004296875,38,False,0.0
speaker_independent,emotion_original_eval_quadrant,random_forest,rf_permutation,importance,4,spectralFlux_sma3_stddevNorm,-0.002734375,78,False,0.2
speaker_independent,emotion_original_eval_quadrant,random_forest,rf_permutation,importance,4,mfcc1_sma3_amean,-0.00390625,87,False,0.6
speaker_independent,emotion_original_eval_quadrant,random_forest,rf_permutation,importance,4,mfcc1_sma3_stddevNorm,0.001171875,55,False,0.2
speaker_independent,emotion_original_eval_quadrant,random_forest,rf_permutation,importance,4,mfcc2_sma3_amean,-0.003515625,84,False,0.0
speaker_independent,emotion_original_eval_quadrant,random_forest,rf_permutation,importance,4,mfcc2_sma3_stddevNorm,-0.0015625,72,False,0.2
speaker_independent,emotion_original_eval_quadrant,random_forest,rf_permutation,importance,4,mfcc3_sma3_amean,0.005859375,28,False,0.2
speaker_independent,emotion_original_eval_quadrant,random_forest,rf_permutation,importance,4,mfcc3_sma3_stddevNorm,0.0,62,False,0.0
speaker_independent,emotion_original_eval_quadrant,random_forest,rf_permutation,importance,4,mfcc4_sma3_amean,-0.000390625,65,False,0.2
speaker_independent,emotion_original_eval_quadrant,random_forest,rf_permutation,importance,4,mfcc4_sma3_stddevNorm,-0.002734375,78,False,0.2
speaker_independent,emotion_original_eval_quadrant,random_forest,rf_permutation,importance,4,jitterLocal_sma3nz_amean,0.005859375,28,False,0.2
speaker_independent,emotion_original_eval_quadrant,random_forest,rf_permutation,importance,4,jitterLocal_sma3nz_stddevNorm,-0.001171875,69,False,0.2
speaker_independent,emotion_original_eval_quadrant,random_forest,rf_permutation,importance,4,shimmerLocaldB_sma3nz_amean,0.00546875,30,False,0.0
speaker_independent,emotion_original_eval_quadrant,random_forest,rf_permutation,importance,4,shimmerLocaldB_sma3nz_stddevNorm,0.004296875,38,False,0.0
speaker_independent,emotion_original_eval_quadrant,random_forest,rf_permutation,importance,4,HNRdBACF_sma3nz_amean,0.005078125,33,False,0.2
speaker_independent,emotion_original_eval_quadrant,random_forest,rf_permutation,importance,4,HNRdBACF_sma3nz_stddevNorm,0.001171875,55,False,0.4
speaker_independent,emotion_original_eval_quadrant,random_forest,rf_permutation,importance,4,logRelF0-H1-H2_sma3nz_amean,0.001171875,55,False,0.2
speaker_independent,emotion_original_eval_quadrant,random_forest,rf_permutation,importance,4,logRelF0-H1-H2_sma3nz_stddevNorm,0.002734375,44,False,0.6
speaker_independent,emotion_original_eval_quadrant,random_forest,rf_permutation,importance,4,logRelF0-H1-A3_sma3nz_amean,0.00625,23,False,0.0
speaker_independent,emotion_original_eval_quadrant,random_forest,rf_permutation,importance,4,logRelF0-H1-A3_sma3nz_stddevNorm,-0.001953125,75,False,0.0
speaker_independent,emotion_original_eval_quadrant,random_forest,rf_permutation,importance,4,F1frequency_sma3nz_amean,0.0015625,52,False,0.4
speaker_independent,emotion_original_eval_quadrant,random_forest,rf_permutation,importance,4,F1frequency_sma3nz_stddevNorm,0.001171875,55,False,0.2
speaker_independent,emotion_original_eval_quadrant,random_forest,rf_permutation,importance,4,F1bandwidth_sma3nz_amean,-0.00078125,68,False,0.4
speaker_independent,emotion_original_eval_quadrant,random_forest,rf_permutation,importance,4,F1bandwidth_sma3nz_stddevNorm,-0.0015625,72,False,0.0
speaker_independent,emotion_original_eval_quadrant,random_forest,rf_permutation,importance,4,F1amplitudeLogRelF0_sma3nz_amean,-0.003515625,84,False,0.4
speaker_independent,emotion_original_eval_quadrant,random_forest,rf_permutation,importance,4,F1amplitudeLogRelF0_sma3nz_stddevNorm,0.0,62,False,0.0
speaker_independent,emotion_original_eval_quadrant,random_forest,rf_permutation,importance,4,F2frequency_sma3nz_amean,0.003515625,41,False,0.0
speaker_independent,emotion_original_eval_quadrant,random_forest,rf_permutation,importance,4,F2frequency_sma3nz_stddevNorm,0.001171875,55,False,0.4
speaker_independent,emotion_original_eval_quadrant,random_forest,rf_permutation,importance,4,F2bandwidth_sma3nz_amean,0.00234375,46,False,0.2
speaker_independent,emotion_original_eval_quadrant,random_forest,rf_permutation,importance,4,F2bandwidth_sma3nz_stddevNorm,0.004296875,38,False,0.0
speaker_independent,emotion_original_eval_quadrant,random_forest,rf_permutation,importance,4,F2amplitudeLogRelF0_sma3nz_amean,0.0078125,14,True,0.2
speaker_independent,emotion_original_eval_quadrant,random_forest,rf_permutation,importance,4,F2amplitudeLogRelF0_sma3nz_stddevNorm,0.01328125,5,True,0.4
speaker_independent,emotion_original_eval_quadrant,random_forest,rf_permutation,importance,4,F3frequency_sma3nz_amean,0.006640625,21,False,0.0
speaker_independent,emotion_original_eval_quadrant,random_forest,rf_permutation,importance,4,F3frequency_sma3nz_stddevNorm,0.00625,23,False,0.0
speaker_independent,emotion_original_eval_quadrant,random_forest,rf_permutation,importance,4,F3bandwidth_sma3nz_amean,0.00703125,18,False,0.0
speaker_independent,emotion_original_eval_quadrant,random_forest,rf_permutation,importance,4,F3bandwidth_sma3nz_stddevNorm,0.00625,23,False,0.0
speaker_independent,emotion_original_eval_quadrant,random_forest,rf_permutation,importance,4,F3amplitudeLogRelF0_sma3nz_amean,0.001953125,49,False,0.4
speaker_independent,emotion_original_eval_quadrant,random_forest,rf_permutation,importance,4,F3amplitudeLogRelF0_sma3nz_stddevNorm,0.005078125,33,False,0.2
speaker_independent,emotion_original_eval_quadrant,random_forest,rf_permutation,importance,4,alphaRatioV_sma3nz_amean,-0.0015625,72,False,0.0
speaker_independent,emotion_original_eval_quadrant,random_forest,rf_permutation,importance,4,alphaRatioV_sma3nz_stddevNorm,0.01875,3,True,0.6
speaker_independent,emotion_original_eval_quadrant,random_forest,rf_permutation,importance,4,hammarbergIndexV_sma3nz_amean,0.00703125,18,False,0.2
speaker_independent,emotion_original_eval_quadrant,random_forest,rf_permutation,importance,4,hammarbergIndexV_sma3nz_stddevNorm,0.0078125,14,True,0.2
speaker_independent,emotion_original_eval_quadrant,random_forest,rf_permutation,importance,4,slopeV0-500_sma3nz_amean,0.001953125,49,False,0.4
speaker_independent,emotion_original_eval_quadrant,random_forest,rf_permutation,importance,4,slopeV0-500_sma3nz_stddevNorm,-0.002734375,78,False,0.0
speaker_independent,emotion_original_eval_quadrant,random_forest,rf_permutation,importance,4,slopeV500-1500_sma3nz_amean,0.002734375,44,False,0.2
speaker_independent,emotion_original_eval_quadrant,random_forest,rf_permutation,importance,4,slopeV500-1500_sma3nz_stddevNorm,-0.003125,82,False,0.2
speaker_independent,emotion_original_eval_quadrant,random_forest,rf_permutation,importance,4,spectralFluxV_sma3nz_amean,0.0078125,14,True,0.4
speaker_independent,emotion_original_eval_quadrant,random_forest,rf_permutation,importance,4,spectralFluxV_sma3nz_stddevNorm,0.0046875,36,False,0.2
speaker_independent,emotion_original_eval_quadrant,random_forest,rf_permutation,importance,4,mfcc1V_sma3nz_amean,0.0,62,False,0.2
speaker_independent,emotion_original_eval_quadrant,random_forest,rf_permutation,importance,4,mfcc1V_sma3nz_stddevNorm,0.00625,23,False,0.2
speaker_independent,emotion_original_eval_quadrant,random_forest,rf_permutation,importance,4,mfcc2V_sma3nz_amean,-0.003125,82,False,0.0
speaker_independent,emotion_original_eval_quadrant,random_forest,rf_permutation,importance,4,mfcc2V_sma3nz_stddevNorm,0.0015625,52,False,0.2
speaker_independent,emotion_original_eval_quadrant,random_forest,rf_permutation,importance,4,mfcc3V_sma3nz_amean,0.008203125,13,True,0.4
speaker_independent,emotion_original_eval_quadrant,random_forest,rf_permutation,importance,4,mfcc3V_sma3nz_stddevNorm,-0.001171875,69,False,0.0
speaker_independent,emotion_original_eval_quadrant,random_forest,rf_permutation,importance,4,mfcc4V_sma3nz_amean,-0.00234375,77,False,0.2
speaker_independent,emotion_original_eval_quadrant,random_forest,rf_permutation,importance,4,mfcc4V_sma3nz_stddevNorm,-0.002734375,78,False,0.0
speaker_independent,emotion_original_eval_quadrant,random_forest,rf_permutation,importance,4,alphaRatioUV_sma3nz_amean,0.00546875,30,False,0.6
speaker_independent,emotion_original_eval_quadrant,random_forest,rf_permutation,importance,4,hammarbergIndexUV_sma3nz_amean,0.001953125,49,False,0.2
speaker_independent,emotion_original_eval_quadrant,random_forest,rf_permutation,importance,4,slopeUV0-500_sma3nz_amean,0.005078125,33,False,0.2
speaker_independent,emotion_original_eval_quadrant,random_forest,rf_permutation,importance,4,slopeUV500-1500_sma3nz_amean,-0.000390625,65,False,0.4
speaker_independent,emotion_original_eval_quadrant,random_forest,rf_permutation,importance,4,spectralFluxUV_sma3nz_amean,0.003125,42,False,0.0
speaker_independent,emotion_original_eval_quadrant,random_forest,rf_permutation,importance,4,loudnessPeaksPerSec,0.012890625,6,True,0.4
speaker_independent,emotion_original_eval_quadrant,random_forest,rf_permutation,importance,4,VoicedSegmentsPerSec,-0.001953125,75,False,0.0
speaker_independent,emotion_original_eval_quadrant,random_forest,rf_permutation,importance,4,MeanVoicedSegmentLengthSec,0.00546875,30,False,0.2
speaker_independent,emotion_original_eval_quadrant,random_forest,rf_permutation,importance,4,StddevVoicedSegmentLengthSec,0.0078125,14,True,0.4
speaker_independent,emotion_original_eval_quadrant,random_forest,rf_permutation,importance,4,MeanUnvoicedSegmentLength,0.003125,42,False,0.0
speaker_independent,emotion_original_eval_quadrant,random_forest,rf_permutation,importance,4,StddevUnvoicedSegmentLength,0.001171875,55,False,0.0
speaker_independent,emotion_original_eval_quadrant,random_forest,rf_permutation,importance,4,equivalentSoundLevel_dBp,0.012890625,6,True,0.2
speaker_independent,emotion_original_eval_quadrant,logistic_regression,logreg_coefficient,importance,4,F0semitoneFrom27.5Hz_sma3nz_amean,0.5491827495099957,13,True,0.8
speaker_independent,emotion_original_eval_quadrant,logistic_regression,logreg_coefficient,importance,4,F0semitoneFrom27.5Hz_sma3nz_stddevNorm,0.35697080657473573,46,False,0.0
speaker_independent,emotion_original_eval_quadrant,logistic_regression,logreg_coefficient,importance,4,F0semitoneFrom27.5Hz_sma3nz_percentile20.0,0.32577135567064824,56,False,0.0
speaker_independent,emotion_original_eval_quadrant,logistic_regression,logreg_coefficient,importance,4,F0semitoneFrom27.5Hz_sma3nz_percentile50.0,0.6111619207044223,11,True,0.8
speaker_independent,emotion_original_eval_quadrant,logistic_regression,logreg_coefficient,importance,4,F0semitoneFrom27.5Hz_sma3nz_percentile80.0,0.2994284878583301,61,False,0.0
speaker_independent,emotion_original_eval_quadrant,logistic_regression,logreg_coefficient,importance,4,F0semitoneFrom27.5Hz_sma3nz_pctlrange0-2,0.44043678680800474,34,False,0.2
speaker_independent,emotion_original_eval_quadrant,logistic_regression,logreg_coefficient,importance,4,F0semitoneFrom27.5Hz_sma3nz_meanRisingSlope,0.38772868405744065,42,False,0.0
speaker_independent,emotion_original_eval_quadrant,logistic_regression,logreg_coefficient,importance,4,F0semitoneFrom27.5Hz_sma3nz_stddevRisingSlope,0.3945187139638793,41,False,0.0
speaker_independent,emotion_original_eval_quadrant,logistic_regression,logreg_coefficient,importance,4,F0semitoneFrom27.5Hz_sma3nz_meanFallingSlope,0.13748483766077452,84,False,0.0
speaker_independent,emotion_original_eval_quadrant,logistic_regression,logreg_coefficient,importance,4,F0semitoneFrom27.5Hz_sma3nz_stddevFallingSlope,0.5115559585983029,21,False,0.2
speaker_independent,emotion_original_eval_quadrant,logistic_regression,logreg_coefficient,importance,4,loudness_sma3_amean,0.22849233556035872,73,False,0.0
speaker_independent,emotion_original_eval_quadrant,logistic_regression,logreg_coefficient,importance,4,loudness_sma3_stddevNorm,0.6815478475970558,8,True,1.0
speaker_independent,emotion_original_eval_quadrant,logistic_regression,logreg_coefficient,importance,4,loudness_sma3_percentile20.0,0.4011493118463184,39,False,0.2
speaker_independent,emotion_original_eval_quadrant,logistic_regression,logreg_coefficient,importance,4,loudness_sma3_percentile50.0,0.491159105650163,24,False,0.0
speaker_independent,emotion_original_eval_quadrant,logistic_regression,logreg_coefficient,importance,4,loudness_sma3_percentile80.0,0.2664346426488186,66,False,0.0
speaker_independent,emotion_original_eval_quadrant,logistic_regression,logreg_coefficient,importance,4,loudness_sma3_pctlrange0-2,0.3342017386278298,51,False,0.0
speaker_independent,emotion_original_eval_quadrant,logistic_regression,logreg_coefficient,importance,4,loudness_sma3_meanRisingSlope,0.7764069817665801,4,True,0.8
speaker_independent,emotion_original_eval_quadrant,logistic_regression,logreg_coefficient,importance,4,loudness_sma3_stddevRisingSlope,0.3345499059481548,50,False,0.0
speaker_independent,emotion_original_eval_quadrant,logistic_regression,logreg_coefficient,importance,4,loudness_sma3_meanFallingSlope,0.5426916559627845,16,False,0.4
speaker_independent,emotion_original_eval_quadrant,logistic_regression,logreg_coefficient,importance,4,loudness_sma3_stddevFallingSlope,0.23292473649640497,71,False,0.0
speaker_independent,emotion_original_eval_quadrant,logistic_regression,logreg_coefficient,importance,4,spectralFlux_sma3_amean,0.2960049024298307,64,False,0.0
speaker_independent,emotion_original_eval_quadrant,logistic_regression,logreg_coefficient,importance,4,spectralFlux_sma3_stddevNorm,0.2990037369259783,62,False,0.0
speaker_independent,emotion_original_eval_quadrant,logistic_regression,logreg_coefficient,importance,4,mfcc1_sma3_amean,0.7457359407292143,6,True,1.0
speaker_independent,emotion_original_eval_quadrant,logistic_regression,logreg_coefficient,importance,4,mfcc1_sma3_stddevNorm,0.22972853137416388,72,False,0.0
speaker_independent,emotion_original_eval_quadrant,logistic_regression,logreg_coefficient,importance,4,mfcc2_sma3_amean,0.5592983926943134,12,True,0.6
speaker_independent,emotion_original_eval_quadrant,logistic_regression,logreg_coefficient,importance,4,mfcc2_sma3_stddevNorm,0.4495476638433459,30,False,0.0
speaker_independent,emotion_original_eval_quadrant,logistic_regression,logreg_coefficient,importance,4,mfcc3_sma3_amean,0.5488493951683658,14,True,0.8
speaker_independent,emotion_original_eval_quadrant,logistic_regression,logreg_coefficient,importance,4,mfcc3_sma3_stddevNorm,0.3976963515769276,40,False,0.0
speaker_independent,emotion_original_eval_quadrant,logistic_regression,logreg_coefficient,importance,4,mfcc4_sma3_amean,0.6729282322350375,9,True,0.8
speaker_independent,emotion_original_eval_quadrant,logistic_regression,logreg_coefficient,importance,4,mfcc4_sma3_stddevNorm,0.14336262625945145,83,False,0.0
speaker_independent,emotion_original_eval_quadrant,logistic_regression,logreg_coefficient,importance,4,jitterLocal_sma3nz_amean,0.4040047361161644,37,False,0.0
speaker_independent,emotion_original_eval_quadrant,logistic_regression,logreg_coefficient,importance,4,jitterLocal_sma3nz_stddevNorm,0.18015177998344337,78,False,0.0
speaker_independent,emotion_original_eval_quadrant,logistic_regression,logreg_coefficient,importance,4,shimmerLocaldB_sma3nz_amean,0.2872778093042004,65,False,0.0
speaker_independent,emotion_original_eval_quadrant,logistic_regression,logreg_coefficient,importance,4,shimmerLocaldB_sma3nz_stddevNorm,0.2074457248227755,75,False,0.0
speaker_independent,emotion_original_eval_quadrant,logistic_regression,logreg_coefficient,importance,4,HNRdBACF_sma3nz_amean,0.9874954386381913,1,True,1.0
speaker_independent,emotion_original_eval_quadrant,logistic_regression,logreg_coefficient,importance,4,HNRdBACF_sma3nz_stddevNorm,0.5245672555747418,18,False,0.0
speaker_independent,emotion_original_eval_quadrant,logistic_regression,logreg_coefficient,importance,4,logRelF0-H1-H2_sma3nz_amean,0.21660310709633432,74,False,0.0
speaker_independent,emotion_original_eval_quadrant,logistic_regression,logreg_coefficient,importance,4,logRelF0-H1-H2_sma3nz_stddevNorm,0.4459800061803155,32,False,0.0
speaker_independent,emotion_original_eval_quadrant,logistic_regression,logreg_coefficient,importance,4,logRelF0-H1-A3_sma3nz_amean,0.3260102518338855,55,False,0.0
speaker_independent,emotion_original_eval_quadrant,logistic_regression,logreg_coefficient,importance,4,logRelF0-H1-A3_sma3nz_stddevNorm,0.330960868373236,53,False,0.2
speaker_independent,emotion_original_eval_quadrant,logistic_regression,logreg_coefficient,importance,4,F1frequency_sma3nz_amean,0.7545991862667923,5,True,1.0
speaker_independent,emotion_original_eval_quadrant,logistic_regression,logreg_coefficient,importance,4,F1frequency_sma3nz_stddevNorm,0.17117891240273775,80,False,0.0
speaker_independent,emotion_original_eval_quadrant,logistic_regression,logreg_coefficient,importance,4,F1bandwidth_sma3nz_amean,0.42818446072101524,36,False,0.0
speaker_independent,emotion_original_eval_quadrant,logistic_regression,logreg_coefficient,importance,4,F1bandwidth_sma3nz_stddevNorm,0.33203749783258396,52,False,0.0
speaker_independent,emotion_original_eval_quadrant,logistic_regression,logreg_coefficient,importance,4,F1amplitudeLogRelF0_sma3nz_amean,0.7075947941188716,7,True,0.8
speaker_independent,emotion_original_eval_quadrant,logistic_regression,logreg_coefficient,importance,4,F1amplitudeLogRelF0_sma3nz_stddevNorm,0.6712833175045618,10,True,0.6
speaker_independent,emotion_original_eval_quadrant,logistic_regression,logreg_coefficient,importance,4,F2frequency_sma3nz_amean,0.29652785750450084,63,False,0.0
speaker_independent,emotion_original_eval_quadrant,logistic_regression,logreg_coefficient,importance,4,F2frequency_sma3nz_stddevNorm,0.12681818304390863,86,False,0.0
speaker_independent,emotion_original_eval_quadrant,logistic_regression,logreg_coefficient,importance,4,F2bandwidth_sma3nz_amean,0.13326639822218642,85,False,0.0
speaker_independent,emotion_original_eval_quadrant,logistic_regression,logreg_coefficient,importance,4,F2bandwidth_sma3nz_stddevNorm,0.2011431220085111,77,False,0.0
speaker_independent,emotion_original_eval_quadrant,logistic_regression,logreg_coefficient,importance,4,F2amplitudeLogRelF0_sma3nz_amean,0.24392001402501595,69,False,0.0
speaker_independent,emotion_original_eval_quadrant,logistic_regression,logreg_coefficient,importance,4,F2amplitudeLogRelF0_sma3nz_stddevNorm,0.24662363253859346,68,False,0.0
speaker_independent,emotion_original_eval_quadrant,logistic_regression,logreg_coefficient,importance,4,F3frequency_sma3nz_amean,0.4885567916117709,25,False,0.2
speaker_independent,emotion_original_eval_quadrant,logistic_regression,logreg_coefficient,importance,4,F3frequency_sma3nz_stddevNorm,0.2043608441861119,76,False,0.0
speaker_independent,emotion_original_eval_quadrant,logistic_regression,logreg_coefficient,importance,4,F3bandwidth_sma3nz_amean,0.3123118547242378,57,False,0.0
speaker_independent,emotion_original_eval_quadrant,logistic_regression,logreg_coefficient,importance,4,F3bandwidth_sma3nz_stddevNorm,0.34695398740755845,49,False,0.0
speaker_independent,emotion_original_eval_quadrant,logistic_regression,logreg_coefficient,importance,4,F3amplitudeLogRelF0_sma3nz_amean,0.34739071699340385,48,False,0.0
speaker_independent,emotion_original_eval_quadrant,logistic_regression,logreg_coefficient,importance,4,F3amplitudeLogRelF0_sma3nz_stddevNorm,0.5033094851112402,23,False,0.4
speaker_independent,emotion_original_eval_quadrant,logistic_regression,logreg_coefficient,importance,4,alphaRatioV_sma3nz_amean,0.4037192606090901,38,False,0.4
speaker_independent,emotion_original_eval_quadrant,logistic_regression,logreg_coefficient,importance,4,alphaRatioV_sma3nz_stddevNorm,0.040101651072015236,88,False,0.0
speaker_independent,emotion_original_eval_quadrant,logistic_regression,logreg_coefficient,importance,4,hammarbergIndexV_sma3nz_amean,0.4864508880403821,26,False,0.0
speaker_independent,emotion_original_eval_quadrant,logistic_regression,logreg_coefficient,importance,4,hammarbergIndexV_sma3nz_stddevNorm,0.5213724647219858,19,False,0.2
speaker_independent,emotion_original_eval_quadrant,logistic_regression,logreg_coefficient,importance,4,slopeV0-500_sma3nz_amean,0.5437560743096613,15,True,0.2
speaker_independent,emotion_original_eval_quadrant,logistic_regression,logreg_coefficient,importance,4,slopeV0-500_sma3nz_stddevNorm,0.3492066945332168,47,False,0.0
speaker_independent,emotion_original_eval_quadrant,logistic_regression,logreg_coefficient,importance,4,slopeV500-1500_sma3nz_amean,0.44830697022166816,31,False,0.0
speaker_independent,emotion_original_eval_quadrant,logistic_regression,logreg_coefficient,importance,4,slopeV500-1500_sma3nz_stddevNorm,0.4430685694337041,33,False,0.0
speaker_independent,emotion_original_eval_quadrant,logistic_regression,logreg_coefficient,importance,4,spectralFluxV_sma3nz_amean,0.4577182466866448,28,False,0.0
speaker_independent,emotion_original_eval_quadrant,logistic_regression,logreg_coefficient,importance,4,spectralFluxV_sma3nz_stddevNorm,0.37039497774374314,43,False,0.2
speaker_independent,emotion_original_eval_quadrant,logistic_regression,logreg_coefficient,importance,4,mfcc1V_sma3nz_amean,0.3691055449176928,44,False,0.0
speaker_independent,emotion_original_eval_quadrant,logistic_regression,logreg_coefficient,importance,4,mfcc1V_sma3nz_stddevNorm,0.10870979580891679,87,False,0.0
speaker_independent,emotion_original_eval_quadrant,logistic_regression,logreg_coefficient,importance,4,mfcc2V_sma3nz_amean,0.7937865737442379,3,True,0.6
speaker_independent,emotion_original_eval_quadrant,logistic_regression,logreg_coefficient,importance,4,mfcc2V_sma3nz_stddevNorm,0.17481428299947882,79,False,0.0
speaker_independent,emotion_original_eval_quadrant,logistic_regression,logreg_coefficient,importance,4,mfcc3V_sma3nz_amean,0.3015600454025983,60,False,0.0
speaker_independent,emotion_original_eval_quadrant,logistic_regression,logreg_coefficient,importance,4,mfcc3V_sma3nz_stddevNorm,0.2632857038241729,67,False,0.0
speaker_independent,emotion_original_eval_quadrant,logistic_regression,logreg_coefficient,importance,4,mfcc4V_sma3nz_amean,0.4284582023576588,35,False,0.0
speaker_independent,emotion_original_eval_quadrant,logistic_regression,logreg_coefficient,importance,4,mfcc4V_sma3nz_stddevNorm,0.17038610296815856,81,False,0.0
speaker_independent,emotion_original_eval_quadrant,logistic_regression,logreg_coefficient,importance,4,alphaRatioUV_sma3nz_amean,0.45182871771489497,29,False,0.0
speaker_independent,emotion_original_eval_quadrant,logistic_regression,logreg_coefficient,importance,4,hammarbergIndexUV_sma3nz_amean,0.5078879857508809,22,False,0.4
speaker_independent,emotion_original_eval_quadrant,logistic_regression,logreg_coefficient,importance,4,slopeUV0-500_sma3nz_amean,0.5147643671407521,20,False,0.0
speaker_independent,emotion_original_eval_quadrant,logistic_regression,logreg_coefficient,importance,4,slopeUV500-1500_sma3nz_amean,0.5284346482665917,17,False,0.0
speaker_independent,emotion_original_eval_quadrant,logistic_regression,logreg_coefficient,importance,4,spectralFluxUV_sma3nz_amean,0.3657001588916732,45,False,0.0
speaker_independent,emotion_original_eval_quadrant,logistic_regression,logreg_coefficient,importance,4,loudnessPeaksPerSec,0.3051123440183567,59,False,0.0
speaker_independent,emotion_original_eval_quadrant,logistic_regression,logreg_coefficient,importance,4,VoicedSegmentsPerSec,0.47633233241610773,27,False,0.0
speaker_independent,emotion_original_eval_quadrant,logistic_regression,logreg_coefficient,importance,4,MeanVoicedSegmentLengthSec,0.23953869994193477,70,False,0.0
speaker_independent,emotion_original_eval_quadrant,logistic_regression,logreg_coefficient,importance,4,StddevVoicedSegmentLengthSec,0.3062808548433257,58,False,0.0
speaker_independent,emotion_original_eval_quadrant,logistic_regression,logreg_coefficient,importance,4,MeanUnvoicedSegmentLength,0.15366909069769483,82,False,0.0
speaker_independent,emotion_original_eval_quadrant,logistic_regression,logreg_coefficient,importance,4,StddevUnvoicedSegmentLength,0.32759093657097305,54,False,0.2
speaker_independent,emotion_original_eval_quadrant,logistic_regression,logreg_coefficient,importance,4,equivalentSoundLevel_dBp,0.9578201153979977,2,True,1.0
speaker_independent,emotion_original,logistic_regression,rfecv,rfecv,0,F0semitoneFrom27.5Hz_sma3nz_amean,,1,True,1.0
speaker_independent,emotion_original,logistic_regression,rfecv,rfecv,0,F0semitoneFrom27.5Hz_sma3nz_stddevNorm,,3,False,0.2
speaker_independent,emotion_original,logistic_regression,rfecv,rfecv,0,F0semitoneFrom27.5Hz_sma3nz_percentile20.0,,1,True,0.6
speaker_independent,emotion_original,logistic_regression,rfecv,rfecv,0,F0semitoneFrom27.5Hz_sma3nz_percentile50.0,,1,True,1.0
speaker_independent,emotion_original,logistic_regression,rfecv,rfecv,0,F0semitoneFrom27.5Hz_sma3nz_percentile80.0,,1,True,0.8
speaker_independent,emotion_original,logistic_regression,rfecv,rfecv,0,F0semitoneFrom27.5Hz_sma3nz_pctlrange0-2,,1,True,1.0
speaker_independent,emotion_original,logistic_regression,rfecv,rfecv,0,F0semitoneFrom27.5Hz_sma3nz_meanRisingSlope,,8,False,0.2
speaker_independent,emotion_original,logistic_regression,rfecv,rfecv,0,F0semitoneFrom27.5Hz_sma3nz_stddevRisingSlope,,9,False,0.2
speaker_independent,emotion_original,logistic_regression,rfecv,rfecv,0,F0semitoneFrom27.5Hz_sma3nz_meanFallingSlope,,8,False,0.4
speaker_independent,emotion_original,logistic_regression,rfecv,rfecv,0,F0semitoneFrom27.5Hz_sma3nz_stddevFallingSlope,,1,True,0.8
speaker_independent,emotion_original,logistic_regression,rfecv,rfecv,0,loudness_sma3_amean,,8,False,0.2
speaker_independent,emotion_original,logistic_regression,rfecv,rfecv,0,loudness_sma3_stddevNorm,,1,True,1.0
speaker_independent,emotion_original,logistic_regression,rfecv,rfecv,0,loudness_sma3_percentile20.0,,6,False,0.6
speaker_independent,emotion_original,logistic_regression,rfecv,rfecv,0,loudness_sma3_percentile50.0,,5,False,0.8
speaker_independent,emotion_original,logistic_regression,rfecv,rfecv,0,loudness_sma3_percentile80.0,,2,False,0.4
speaker_independent,emotion_original,logistic_regression,rfecv,rfecv,0,loudness_sma3_pctlrange0-2,,1,True,1.0
speaker_independent,emotion_original,logistic_regression,rfecv,rfecv,0,loudness_sma3_meanRisingSlope,,1,True,1.0
speaker_independent,emotion_original,logistic_regression,rfecv,rfecv,0,loudness_sma3_stddevRisingSlope,,1,True,0.8
speaker_independent,emotion_original,logistic_regression,rfecv,rfecv,0,loudness_sma3_meanFallingSlope,,1,True,1.0
speaker_independent,emotion_original,logistic_regression,rfecv,rfecv,0,loudness_sma3_stddevFallingSlope,,1,True,0.6
speaker_independent,emotion_original,logistic_regression,rfecv,rfecv,0,spectralFlux_sma3_amean,,1,True,0.8
speaker_independent,emotion_original,logistic_regression,rfecv,rfecv,0,spectralFlux_sma3_stddevNorm,,4,False,0.6
speaker_independent,emotion_original,logistic_regression,rfecv,rfecv,0,mfcc1_sma3_amean,,1,True,1.0
speaker_independent,emotion_original,logistic_regression,rfecv,rfecv,0,mfcc1_sma3_stddevNorm,,1,True,0.8
speaker_independent,emotion_original,logistic_regression,rfecv,rfecv,0,mfcc2_sma3_amean,,1,True,1.0
speaker_independent,emotion_original,logistic_regression,rfecv,rfecv,0,mfcc2_sma3_stddevNorm,,1,True,0.8
speaker_independent,emotion_original,logistic_regression,rfecv,rfecv,0,mfcc3_sma3_amean,,1,True,1.0
speaker_independent,emotion_original,logistic_regression,rfecv,rfecv,0,mfcc3_sma3_stddevNorm,,5,False,0.2
speaker_independent,emotion_original,logistic_regression,rfecv,rfecv,0,mfcc4_sma3_amean,,1,True,1.0
speaker_independent,emotion_original,logistic_regression,rfecv,rfecv,0,mfcc4_sma3_stddevNorm,,9,False,0.2
speaker_independent,emotion_original,logistic_regression,rfecv,rfecv,0,jitterLocal_sma3nz_amean,,3,False,0.4
speaker_independent,emotion_original,logistic_regression,rfecv,rfecv,0,jitterLocal_sma3nz_stddevNorm,,9,False,0.2
speaker_independent,emotion_original,logistic_regression,rfecv,rfecv,0,shimmerLocaldB_sma3nz_amean,,7,False,0.4
speaker_independent,emotion_original,logistic_regression,rfecv,rfecv,0,shimmerLocaldB_sma3nz_stddevNorm,,6,False,0.4
speaker_independent,emotion_original,logistic_regression,rfecv,rfecv,0,HNRdBACF_sma3nz_amean,,1,True,1.0
speaker_independent,emotion_original,logistic_regression,rfecv,rfecv,0,HNRdBACF_sma3nz_stddevNorm,,2,False,0.6
speaker_independent,emotion_original,logistic_regression,rfecv,rfecv,0,logRelF0-H1-H2_sma3nz_amean,,6,False,0.2
speaker_independent,emotion_original,logistic_regression,rfecv,rfecv,0,logRelF0-H1-H2_sma3nz_stddevNorm,,9,False,0.4
speaker_independent,emotion_original,logistic_regression,rfecv,rfecv,0,logRelF0-H1-A3_sma3nz_amean,,4,False,0.6
speaker_independent,emotion_original,logistic_regression,rfecv,rfecv,0,logRelF0-H1-A3_sma3nz_stddevNorm,,3,False,0.8
speaker_independent,emotion_original,logistic_regression,rfecv,rfecv,0,F1frequency_sma3nz_amean,,1,True,1.0
speaker_independent,emotion_original,logistic_regression,rfecv,rfecv,0,F1frequency_sma3nz_stddevNorm,,10,False,0.2
speaker_independent,emotion_original,logistic_regression,rfecv,rfecv,0,F1bandwidth_sma3nz_amean,,5,False,0.2
speaker_independent,emotion_original,logistic_regression,rfecv,rfecv,0,F1bandwidth_sma3nz_stddevNorm,,8,False,0.4
speaker_independent,emotion_original,logistic_regression,rfecv,rfecv,0,F1amplitudeLogRelF0_sma3nz_amean,,1,True,1.0
speaker_independent,emotion_original,logistic_regression,rfecv,rfecv,0,F1amplitudeLogRelF0_sma3nz_stddevNorm,,1,True,0.8
speaker_independent,emotion_original,logistic_regression,rfecv,rfecv,0,F2frequency_sma3nz_amean,,4,False,0.4
speaker_independent,emotion_original,logistic_regression,rfecv,rfecv,0,F2frequency_sma3nz_stddevNorm,,7,False,0.4
speaker_independent,emotion_original,logistic_regression,rfecv,rfecv,0,F2bandwidth_sma3nz_amean,,10,False,0.2
speaker_independent,emotion_original,logistic_regression,rfecv,rfecv,0,F2bandwidth_sma3nz_stddevNorm,,9,False,0.2
speaker_independent,emotion_original,logistic_regression,rfecv,rfecv,0,F2amplitudeLogRelF0_sma3nz_amean,,4,False,0.6
speaker_independent,emotion_original,logistic_regression,rfecv,rfecv,0,F2amplitudeLogRelF0_sma3nz_stddevNorm,,2,False,0.6
speaker_independent,emotion_original,logistic_regression,rfecv,rfecv,0,F3frequency_sma3nz_amean,,1,True,1.0
speaker_independent,emotion_original,logistic_regression,rfecv,rfecv,0,F3frequency_sma3nz_stddevNorm,,6,False,0.4
speaker_independent,emotion_original,logistic_regression,rfecv,rfecv,0,F3bandwidth_sma3nz_amean,,6,False,0.2
speaker_independent,emotion_original,logistic_regression,rfecv,rfecv,0,F3bandwidth_sma3nz_stddevNorm,,7,False,0.2
speaker_independent,emotion_original,logistic_regression,rfecv,rfecv,0,F3amplitudeLogRelF0_sma3nz_amean,,1,True,1.0
speaker_independent,emotion_original,logistic_regression,rfecv,rfecv,0,F3amplitudeLogRelF0_sma3nz_stddevNorm,,1,True,1.0
speaker_independent,emotion_original,logistic_regression,rfecv,rfecv,0,alphaRatioV_sma3nz_amean,,1,True,0.8
speaker_independent,emotion_original,logistic_regression,rfecv,rfecv,0,alphaRatioV_sma3nz_stddevNorm,,8,False,0.2
speaker_independent,emotion_original,logistic_regression,rfecv,rfecv,0,hammarbergIndexV_sma3nz_amean,,1,True,0.8
speaker_independent,emotion_original,logistic_regression,rfecv,rfecv,0,hammarbergIndexV_sma3nz_stddevNorm,,2,False,0.8
speaker_independent,emotion_original,logistic_regression,rfecv,rfecv,0,slopeV0-500_sma3nz_amean,,1,True,1.0
speaker_independent,emotion_original,logistic_regression,rfecv,rfecv,0,slopeV0-500_sma3nz_stddevNorm,,5,False,0.2
speaker_independent,emotion_original,logistic_regression,rfecv,rfecv,0,slopeV500-1500_sma3nz_amean,,1,True,1.0
speaker_independent,emotion_original,logistic_regression,rfecv,rfecv,0,slopeV500-1500_sma3nz_stddevNorm,,1,True,1.0
speaker_independent,emotion_original,logistic_regression,rfecv,rfecv,0,spectralFluxV_sma3nz_amean,,1,True,1.0
speaker_independent,emotion_original,logistic_regression,rfecv,rfecv,0,spectralFluxV_sma3nz_stddevNorm,,1,True,0.8
speaker_independent,emotion_original,logistic_regression,rfecv,rfecv,0,mfcc1V_sma3nz_amean,,3,False,0.6
speaker_independent,emotion_original,logistic_regression,rfecv,rfecv,0,mfcc1V_sma3nz_stddevNorm,,10,False,0.2
speaker_independent,emotion_original,logistic_regression,rfecv,rfecv,0,mfcc2V_sma3nz_amean,,1,True,1.0
speaker_independent,emotion_original,logistic_regression,rfecv,rfecv,0,mfcc2V_sma3nz_stddevNorm,,10,False,0.2
speaker_independent,emotion_original,logistic_regression,rfecv,rfecv,0,mfcc3V_sma3nz_amean,,2,False,0.6
speaker_independent,emotion_original,logistic_regression,rfecv,rfecv,0,mfcc3V_sma3nz_stddevNorm,,5,False,0.4
speaker_independent,emotion_original,logistic_regression,rfecv,rfecv,0,mfcc4V_sma3nz_amean,,1,True,1.0
speaker_independent,emotion_original,logistic_regression,rfecv,rfecv,0,mfcc4V_sma3nz_stddevNorm,,10,False,0.2
speaker_independent,emotion_original,logistic_regression,rfecv,rfecv,0,alphaRatioUV_sma3nz_amean,,1,True,1.0
speaker_independent,emotion_original,logistic_regression,rfecv,rfecv,0,hammarbergIndexUV_sma3nz_amean,,1,True,1.0
speaker_independent,emotion_original,logistic_regression,rfecv,rfecv,0,slopeUV0-500_sma3nz_amean,,1,True,0.8
speaker_independent,emotion_original,logistic_regression,rfecv,rfecv,0,slopeUV500-1500_sma3nz_amean,,1,True,1.0
speaker_independent,emotion_original,logistic_regression,rfecv,rfecv,0,spectralFluxUV_sma3nz_amean,,1,True,1.0
speaker_independent,emotion_original,logistic_regression,rfecv,rfecv,0,loudnessPeaksPerSec,,3,False,0.4
speaker_independent,emotion_original,logistic_regression,rfecv,rfecv,0,VoicedSegmentsPerSec,,4,False,0.4
speaker_independent,emotion_original,logistic_regression,rfecv,rfecv,0,MeanVoicedSegmentLengthSec,,7,False,0.2
speaker_independent,emotion_original,logistic_regression,rfecv,rfecv,0,StddevVoicedSegmentLengthSec,,7,False,0.2
speaker_independent,emotion_original,logistic_regression,rfecv,rfecv,0,MeanUnvoicedSegmentLength,,1,True,0.6
speaker_independent,emotion_original,logistic_regression,rfecv,rfecv,0,StddevUnvoicedSegmentLength,,1,True,0.8
speaker_independent,emotion_original,logistic_regression,rfecv,rfecv,0,equivalentSoundLevel_dBp,,1,True,1.0
speaker_independent,emotion_original,logistic_regression,rfecv,rfecv,1,F0semitoneFrom27.5Hz_sma3nz_amean,,1,True,1.0
speaker_independent,emotion_original,logistic_regression,rfecv,rfecv,1,F0semitoneFrom27.5Hz_sma3nz_stddevNorm,,3,False,0.2
speaker_independent,emotion_original,logistic_regression,rfecv,rfecv,1,F0semitoneFrom27.5Hz_sma3nz_percentile20.0,,1,True,0.6
speaker_independent,emotion_original,logistic_regression,rfecv,rfecv,1,F0semitoneFrom27.5Hz_sma3nz_percentile50.0,,1,True,1.0
speaker_independent,emotion_original,logistic_regression,rfecv,rfecv,1,F0semitoneFrom27.5Hz_sma3nz_percentile80.0,,1,True,0.8
speaker_independent,emotion_original,logistic_regression,rfecv,rfecv,1,F0semitoneFrom27.5Hz_sma3nz_pctlrange0-2,,1,True,1.0
speaker_independent,emotion_original,logistic_regression,rfecv,rfecv,1,F0semitoneFrom27.5Hz_sma3nz_meanRisingSlope,,2,False,0.2
speaker_independent,emotion_original,logistic_regression,rfecv,rfecv,1,F0semitoneFrom27.5Hz_sma3nz_stddevRisingSlope,,5,False,0.2
speaker_independent,emotion_original,logistic_regression,rfecv,rfecv,1,F0semitoneFrom27.5Hz_sma3nz_meanFallingSlope,,6,False,0.4
speaker_independent,emotion_original,logistic_regression,rfecv,rfecv,1,F0semitoneFrom27.5Hz_sma3nz_stddevFallingSlope,,2,False,0.8
speaker_independent,emotion_original,logistic_regression,rfecv,rfecv,1,loudness_sma3_amean,,9,False,0.2
speaker_independent,emotion_original,logistic_regression,rfecv,rfecv,1,loudness_sma3_stddevNorm,,1,True,1.0
speaker_independent,emotion_original,logistic_regression,rfecv,rfecv,1,loudness_sma3_percentile20.0,,1,True,0.6
speaker_independent,emotion_original,logistic_regression,rfecv,rfecv,1,loudness_sma3_percentile50.0,,1,True,0.8
speaker_independent,emotion_original,logistic_regression,rfecv,rfecv,1,loudness_sma3_percentile80.0,,6,False,0.4
speaker_independent,emotion_original,logistic_regression,rfecv,rfecv,1,loudness_sma3_pctlrange0-2,,1,True,1.0
speaker_independent,emotion_original,logistic_regression,rfecv,rfecv,1,loudness_sma3_meanRisingSlope,,1,True,1.0
speaker_independent,emotion_original,logistic_regression,rfecv,rfecv,1,loudness_sma3_stddevRisingSlope,,1,True,0.8
speaker_independent,emotion_original,logistic_regression,rfecv,rfecv,1,loudness_sma3_meanFallingSlope,,1,True,1.0
speaker_independent,emotion_original,logistic_regression,rfecv,rfecv,1,loudness_sma3_stddevFallingSlope,,2,False,0.6
speaker_independent,emotion_original,logistic_regression,rfecv,rfecv,1,spectralFlux_sma3_amean,,1,True,0.8
speaker_independent,emotion_original,logistic_regression,rfecv,rfecv,1,spectralFlux_sma3_stddevNorm,,1,True,0.6
speaker_independent,emotion_original,logistic_regression,rfecv,rfecv,1,mfcc1_sma3_amean,,1,True,1.0
speaker_independent,emotion_original,logistic_regression,rfecv,rfecv,1,mfcc1_sma3_stddevNorm,,9,False,0.8
speaker_independent,emotion_original,logistic_regression,rfecv,rfecv,1,mfcc2_sma3_amean,,1,True,1.0
speaker_independent,emotion_original,logistic_regression,rfecv,rfecv,1,mfcc2_sma3_stddevNorm,,8,False,0.8
speaker_independent,emotion_original,logistic_regression,rfecv,rfecv,1,mfcc3_sma3_amean,,1,True,1.0
speaker_independent,emotion_original,logistic_regression,rfecv,rfecv,1,mfcc3_sma3_stddevNorm,,4,False,0.2
speaker_independent,emotion_original,logistic_regression,rfecv,rfecv,1,mfcc4_sma3_amean,,1,True,1.0
speaker_independent,emotion_original,logistic_regression,rfecv,rfecv,1,mfcc4_sma3_stddevNorm,,8,False,0.2
speaker_independent,emotion_original,logistic_regression,rfecv,rfecv,1,jitterLocal_sma3nz_amean,,1,True,0.4
speaker_independent,emotion_original,logistic_regression,rfecv,rfecv,1,jitterLocal_sma3nz_stddevNorm,,8,False,0.2
speaker_independent,emotion_original,logistic_regression,rfecv,rfecv,1,shimmerLocaldB_sma3nz_amean,,2,False,0.4
speaker_independent,emotion_original,logistic_regression,rfecv,rfecv,1,shimmerLocaldB_sma3nz_stddevNorm,,6,False,0.4
speaker_independent,emotion_original,logistic_regression,rfecv,rfecv,1,HNRdBACF_sma3nz_amean,,1,True,1.0
speaker_independent,emotion_original,logistic_regression,rfecv,rfecv,1,HNRdBACF_sma3nz_stddevNorm,,4,False,0.6
speaker_independent,emotion_original,logistic_regression,rfecv,rfecv,1,logRelF0-H1-H2_sma3nz_amean,,8,False,0.2
speaker_independent,emotion_original,logistic_regression,rfecv,rfecv,1,logRelF0-H1-H2_sma3nz_stddevNorm,,3,False,0.4
speaker_independent,emotion_original,logistic_regression,rfecv,rfecv,1,logRelF0-H1-A3_sma3nz_amean,,1,True,0.6
speaker_independent,emotion_original,logistic_regression,rfecv,rfecv,1,logRelF0-H1-A3_sma3nz_stddevNorm,,1,True,0.8
speaker_independent,emotion_original,logistic_regression,rfecv,rfecv,1,F1frequency_sma3nz_amean,,1,True,1.0
speaker_independent,emotion_original,logistic_regression,rfecv,rfecv,1,F1frequency_sma3nz_stddevNorm,,7,False,0.2
speaker_independent,emotion_original,logistic_regression,rfecv,rfecv,1,F1bandwidth_sma3nz_amean,,4,False,0.2
speaker_independent,emotion_original,logistic_regression,rfecv,rfecv,1,F1bandwidth_sma3nz_stddevNorm,,5,False,0.4
speaker_independent,emotion_original,logistic_regression,rfecv,rfecv,1,F1amplitudeLogRelF0_sma3nz_amean,,1,True,1.0
speaker_independent,emotion_original,logistic_regression,rfecv,rfecv,1,F1amplitudeLogRelF0_sma3nz_stddevNorm,,3,False,0.8
speaker_independent,emotion_original,logistic_regression,rfecv,rfecv,1,F2frequency_sma3nz_amean,,3,False,0.4
speaker_independent,emotion_original,logistic_regression,rfecv,rfecv,1,F2frequency_sma3nz_stddevNorm,,6,False,0.4
speaker_independent,emotion_original,logistic_regression,rfecv,rfecv,1,F2bandwidth_sma3nz_amean,,7,False,0.2
speaker_independent,emotion_original,logistic_regression,rfecv,rfecv,1,F2bandwidth_sma3nz_stddevNorm,,6,False,0.2
speaker_independent,emotion_original,logistic_regression,rfecv,rfecv,1,F2amplitudeLogRelF0_sma3nz_amean,,1,True,0.6
speaker_independent,emotion_original,logistic_regression,rfecv,rfecv,1,F2amplitudeLogRelF0_sma3nz_stddevNorm,,1,True,0.6
speaker_independent,emotion_original,logistic_regression,rfecv,rfecv,1,F3frequency_sma3nz_amean,,1,True,1.0
speaker_independent,emotion_original,logistic_regression,rfecv,rfecv,1,F3frequency_sma3nz_stddevNorm,,5,False,0.4
speaker_independent,emotion_original,logistic_regression,rfecv,rfecv,1,F3bandwidth_sma3nz_amean,,4,False,0.2
speaker_independent,emotion_original,logistic_regression,rfecv,rfecv,1,F3bandwidth_sma3nz_stddevNorm,,4,False,0.2
speaker_independent,emotion_original,logistic_regression,rfecv,rfecv,1,F3amplitudeLogRelF0_sma3nz_amean,,1,True,1.0
speaker_independent,emotion_original,logistic_regression,rfecv,rfecv,1,F3amplitudeLogRelF0_sma3nz_stddevNorm,,1,True,1.0
speaker_independent,emotion_original,logistic_regression,rfecv,rfecv,1,alphaRatioV_sma3nz_amean,,1,True,0.8
speaker_independent,emotion_original,logistic_regression,rfecv,rfecv,1,alphaRatioV_sma3nz_stddevNorm,,9,False,0.2
speaker_independent,emotion_original,logistic_regression,rfecv,rfecv,1,hammarbergIndexV_sma3nz_amean,,1,True,0.8
speaker_independent,emotion_original,logistic_regression,rfecv,rfecv,1,hammarbergIndexV_sma3nz_stddevNorm,,1,True,0.8
speaker_independent,emotion_original,logistic_regression,rfecv,rfecv,1,slopeV0-500_sma3nz_amean,,1,True,1.0
speaker_independent,emotion_original,logistic_regression,rfecv,rfecv,1,slopeV0-500_sma3nz_stddevNorm,,2,False,0.2
speaker_independent,emotion_original,logistic_regression,rfecv,rfecv,1,slopeV500-1500_sma3nz_amean,,1,True,1.0
speaker_independent,emotion_original,logistic_regression,rfecv,rfecv,1,slopeV500-1500_sma3nz_stddevNorm,,1,True,1.0
speaker_independent,emotion_original,logistic_regression,rfecv,rfecv,1,spectralFluxV_sma3nz_amean,,1,True,1.0
speaker_independent,emotion_original,logistic_regression,rfecv,rfecv,1,spectralFluxV_sma3nz_stddevNorm,,1,True,0.8
speaker_independent,emotion_original,logistic_regression,rfecv,rfecv,1,mfcc1V_sma3nz_amean,,1,True,0.6
speaker_independent,emotion_original,logistic_regression,rfecv,rfecv,1,mfcc1V_sma3nz_stddevNorm,,9,False,0.2
speaker_independent,emotion_original,logistic_regression,rfecv,rfecv,1,mfcc2V_sma3nz_amean,,1,True,1.0
speaker_independent,emotion_original,logistic_regression,rfecv,rfecv,1,mfcc2V_sma3nz_stddevNorm,,9,False,0.2
speaker_independent,emotion_original,logistic_regression,rfecv,rfecv,1,mfcc3V_sma3nz_amean,,1,True,0.6
speaker_independent,emotion_original,logistic_regression,rfecv,rfecv,1,mfcc3V_sma3nz_stddevNorm,,8,False,0.4
speaker_independent,emotion_original,logistic_regression,rfecv,rfecv,1,mfcc4V_sma3nz_amean,,1,True,1.0
speaker_independent,emotion_original,logistic_regression,rfecv,rfecv,1,mfcc4V_sma3nz_stddevNorm,,7,False,0.2
speaker_independent,emotion_original,logistic_regression,rfecv,rfecv,1,alphaRatioUV_sma3nz_amean,,1,True,1.0
speaker_independent,emotion_original,logistic_regression,rfecv,rfecv,1,hammarbergIndexUV_sma3nz_amean,,1,True,1.0
speaker_independent,emotion_original,logistic_regression,rfecv,rfecv,1,slopeUV0-500_sma3nz_amean,,3,False,0.8
speaker_independent,emotion_original,logistic_regression,rfecv,rfecv,1,slopeUV500-1500_sma3nz_amean,,1,True,1.0
speaker_independent,emotion_original,logistic_regression,rfecv,rfecv,1,spectralFluxUV_sma3nz_amean,,1,True,1.0
speaker_independent,emotion_original,logistic_regression,rfecv,rfecv,1,loudnessPeaksPerSec,,1,True,0.4
speaker_independent,emotion_original,logistic_regression,rfecv,rfecv,1,VoicedSegmentsPerSec,,5,False,0.4
speaker_independent,emotion_original,logistic_regression,rfecv,rfecv,1,MeanVoicedSegmentLengthSec,,7,False,0.2
speaker_independent,emotion_original,logistic_regression,rfecv,rfecv,1,StddevVoicedSegmentLengthSec,,7,False,0.2
speaker_independent,emotion_original,logistic_regression,rfecv,rfecv,1,MeanUnvoicedSegmentLength,,5,False,0.6
speaker_independent,emotion_original,logistic_regression,rfecv,rfecv,1,StddevUnvoicedSegmentLength,,1,True,0.8
speaker_independent,emotion_original,logistic_regression,rfecv,rfecv,1,equivalentSoundLevel_dBp,,1,True,1.0
speaker_independent,emotion_original,logistic_regression,rfecv,rfecv,2,F0semitoneFrom27.5Hz_sma3nz_amean,,1,True,1.0
speaker_independent,emotion_original,logistic_regression,rfecv,rfecv,2,F0semitoneFrom27.5Hz_sma3nz_stddevNorm,,1,True,0.2
speaker_independent,emotion_original,logistic_regression,rfecv,rfecv,2,F0semitoneFrom27.5Hz_sma3nz_percentile20.0,,1,True,0.6
speaker_independent,emotion_original,logistic_regression,rfecv,rfecv,2,F0semitoneFrom27.5Hz_sma3nz_percentile50.0,,1,True,1.0
speaker_independent,emotion_original,logistic_regression,rfecv,rfecv,2,F0semitoneFrom27.5Hz_sma3nz_percentile80.0,,1,True,0.8
speaker_independent,emotion_original,logistic_regression,rfecv,rfecv,2,F0semitoneFrom27.5Hz_sma3nz_pctlrange0-2,,1,True,1.0
speaker_independent,emotion_original,logistic_regression,rfecv,rfecv,2,F0semitoneFrom27.5Hz_sma3nz_meanRisingSlope,,1,True,0.2
speaker_independent,emotion_original,logistic_regression,rfecv,rfecv,2,F0semitoneFrom27.5Hz_sma3nz_stddevRisingSlope,,1,True,0.2
speaker_independent,emotion_original,logistic_regression,rfecv,rfecv,2,F0semitoneFrom27.5Hz_sma3nz_meanFallingSlope,,1,True,0.4
speaker_independent,emotion_original,logistic_regression,rfecv,rfecv,2,F0semitoneFrom27.5Hz_sma3nz_stddevFallingSlope,,1,True,0.8
speaker_independent,emotion_original,logistic_regression,rfecv,rfecv,2,loudness_sma3_amean,,1,True,0.2
speaker_independent,emotion_original,logistic_regression,rfecv,rfecv,2,loudness_sma3_stddevNorm,,1,True,1.0
speaker_independent,emotion_original,logistic_regression,rfecv,rfecv,2,loudness_sma3_percentile20.0,,1,True,0.6
speaker_independent,emotion_original,logistic_regression,rfecv,rfecv,2,loudness_sma3_percentile50.0,,1,True,0.8
speaker_independent,emotion_original,logistic_regression,rfecv,rfecv,2,loudness_sma3_percentile80.0,,1,True,0.4
speaker_independent,emotion_original,logistic_regression,rfecv,rfecv,2,loudness_sma3_pctlrange0-2,,1,True,1.0
speaker_independent,emotion_original,logistic_regression,rfecv,rfecv,2,loudness_sma3_meanRisingSlope,,1,True,1.0
speaker_independent,emotion_original,logistic_regression,rfecv,rfecv,2,loudness_sma3_stddevRisingSlope,,1,True,0.8
speaker_independent,emotion_original,logistic_regression,rfecv,rfecv,2,loudness_sma3_meanFallingSlope,,1,True,1.0
speaker_independent,emotion_original,logistic_regression,rfecv,rfecv,2,loudness_sma3_stddevFallingSlope,,1,True,0.6
speaker_independent,emotion_original,logistic_regression,rfecv,rfecv,2,spectralFlux_sma3_amean,,1,True,0.8
speaker_independent,emotion_original,logistic_regression,rfecv,rfecv,2,spectralFlux_sma3_stddevNorm,,1,True,0.6
speaker_independent,emotion_original,logistic_regression,rfecv,rfecv,2,mfcc1_sma3_amean,,1,True,1.0
speaker_independent,emotion_original,logistic_regression,rfecv,rfecv,2,mfcc1_sma3_stddevNorm,,1,True,0.8
speaker_independent,emotion_original,logistic_regression,rfecv,rfecv,2,mfcc2_sma3_amean,,1,True,1.0
speaker_independent,emotion_original,logistic_regression,rfecv,rfecv,2,mfcc2_sma3_stddevNorm,,1,True,0.8
speaker_independent,emotion_original,logistic_regression,rfecv,rfecv,2,mfcc3_sma3_amean,,1,True,1.0
speaker_independent,emotion_original,logistic_regression,rfecv,rfecv,2,mfcc3_sma3_stddevNorm,,1,True,0.2
speaker_independent,emotion_original,logistic_regression,rfecv,rfecv,2,mfcc4_sma3_amean,,1,True,1.0
speaker_independent,emotion_original,logistic_regression,rfecv,rfecv,2,mfcc4_sma3_stddevNorm,,1,True,0.2
speaker_independent,emotion_original,logistic_regression,rfecv,rfecv,2,jitterLocal_sma3nz_amean,,1,True,0.4
speaker_independent,emotion_original,logistic_regression,rfecv,rfecv,2,jitterLocal_sma3nz_stddevNorm,,1,True,0.2
speaker_independent,emotion_original,logistic_regression,rfecv,rfecv,2,shimmerLocaldB_sma3nz_amean,,1,True,0.4
speaker_independent,emotion_original,logistic_regression,rfecv,rfecv,2,shimmerLocaldB_sma3nz_stddevNorm,,1,True,0.4
speaker_independent,emotion_original,logistic_regression,rfecv,rfecv,2,HNRdBACF_sma3nz_amean,,1,True,1.0
speaker_independent,emotion_original,logistic_regression,rfecv,rfecv,2,HNRdBACF_sma3nz_stddevNorm,,1,True,0.6
speaker_independent,emotion_original,logistic_regression,rfecv,rfecv,2,logRelF0-H1-H2_sma3nz_amean,,1,True,0.2
speaker_independent,emotion_original,logistic_regression,rfecv,rfecv,2,logRelF0-H1-H2_sma3nz_stddevNorm,,1,True,0.4
speaker_independent,emotion_original,logistic_regression,rfecv,rfecv,2,logRelF0-H1-A3_sma3nz_amean,,1,True,0.6
speaker_independent,emotion_original,logistic_regression,rfecv,rfecv,2,logRelF0-H1-A3_sma3nz_stddevNorm,,1,True,0.8
speaker_independent,emotion_original,logistic_regression,rfecv,rfecv,2,F1frequency_sma3nz_amean,,1,True,1.0
speaker_independent,emotion_original,logistic_regression,rfecv,rfecv,2,F1frequency_sma3nz_stddevNorm,,1,True,0.2
speaker_independent,emotion_original,logistic_regression,rfecv,rfecv,2,F1bandwidth_sma3nz_amean,,1,True,0.2
speaker_independent,emotion_original,logistic_regression,rfecv,rfecv,2,F1bandwidth_sma3nz_stddevNorm,,1,True,0.4
speaker_independent,emotion_original,logistic_regression,rfecv,rfecv,2,F1amplitudeLogRelF0_sma3nz_amean,,1,True,1.0
speaker_independent,emotion_original,logistic_regression,rfecv,rfecv,2,F1amplitudeLogRelF0_sma3nz_stddevNorm,,1,True,0.8
speaker_independent,emotion_original,logistic_regression,rfecv,rfecv,2,F2frequency_sma3nz_amean,,1,True,0.4
speaker_independent,emotion_original,logistic_regression,rfecv,rfecv,2,F2frequency_sma3nz_stddevNorm,,1,True,0.4
speaker_independent,emotion_original,logistic_regression,rfecv,rfecv,2,F2bandwidth_sma3nz_amean,,1,True,0.2
speaker_independent,emotion_original,logistic_regression,rfecv,rfecv,2,F2bandwidth_sma3nz_stddevNorm,,1,True,0.2
speaker_independent,emotion_original,logistic_regression,rfecv,rfecv,2,F2amplitudeLogRelF0_sma3nz_amean,,1,True,0.6
speaker_independent,emotion_original,logistic_regression,rfecv,rfecv,2,F2amplitudeLogRelF0_sma3nz_stddevNorm,,1,True,0.6
speaker_independent,emotion_original,logistic_regression,rfecv,rfecv,2,F3frequency_sma3nz_amean,,1,True,1.0
speaker_independent,emotion_original,logistic_regression,rfecv,rfecv,2,F3frequency_sma3nz_stddevNorm,,1,True,0.4
speaker_independent,emotion_original,logistic_regression,rfecv,rfecv,2,F3bandwidth_sma3nz_amean,,1,True,0.2
speaker_independent,emotion_original,logistic_regression,rfecv,rfecv,2,F3bandwidth_sma3nz_stddevNorm,,1,True,0.2
speaker_independent,emotion_original,logistic_regression,rfecv,rfecv,2,F3amplitudeLogRelF0_sma3nz_amean,,1,True,1.0
speaker_independent,emotion_original,logistic_regression,rfecv,rfecv,2,F3amplitudeLogRelF0_sma3nz_stddevNorm,,1,True,1.0
speaker_independent,emotion_original,logistic_regression,rfecv,rfecv,2,alphaRatioV_sma3nz_amean,,1,True,0.8
speaker_independent,emotion_original,logistic_regression,rfecv,rfecv,2,alphaRatioV_sma3nz_stddevNorm,,1,True,0.2
speaker_independent,emotion_original,logistic_regression,rfecv,rfecv,2,hammarbergIndexV_sma3nz_amean,,1,True,0.8
speaker_independent,emotion_original,logistic_regression,rfecv,rfecv,2,hammarbergIndexV_sma3nz_stddevNorm,,1,True,0.8
speaker_independent,emotion_original,logistic_regression,rfecv,rfecv,2,slopeV0-500_sma3nz_amean,,1,True,1.0
speaker_independent,emotion_original,logistic_regression,rfecv,rfecv,2,slopeV0-500_sma3nz_stddevNorm,,1,True,0.2
speaker_independent,emotion_original,logistic_regression,rfecv,rfecv,2,slopeV500-1500_sma3nz_amean,,1,True,1.0
speaker_independent,emotion_original,logistic_regression,rfecv,rfecv,2,slopeV500-1500_sma3nz_stddevNorm,,1,True,1.0
speaker_independent,emotion_original,logistic_regression,rfecv,rfecv,2,spectralFluxV_sma3nz_amean,,1,True,1.0
speaker_independent,emotion_original,logistic_regression,rfecv,rfecv,2,spectralFluxV_sma3nz_stddevNorm,,1,True,0.8
speaker_independent,emotion_original,logistic_regression,rfecv,rfecv,2,mfcc1V_sma3nz_amean,,1,True,0.6
speaker_independent,emotion_original,logistic_regression,rfecv,rfecv,2,mfcc1V_sma3nz_stddevNorm,,1,True,0.2
speaker_independent,emotion_original,logistic_regression,rfecv,rfecv,2,mfcc2V_sma3nz_amean,,1,True,1.0
speaker_independent,emotion_original,logistic_regression,rfecv,rfecv,2,mfcc2V_sma3nz_stddevNorm,,1,True,0.2
speaker_independent,emotion_original,logistic_regression,rfecv,rfecv,2,mfcc3V_sma3nz_amean,,1,True,0.6
speaker_independent,emotion_original,logistic_regression,rfecv,rfecv,2,mfcc3V_sma3nz_stddevNorm,,1,True,0.4
speaker_independent,emotion_original,logistic_regression,rfecv,rfecv,2,mfcc4V_sma3nz_amean,,1,True,1.0
speaker_independent,emotion_original,logistic_regression,rfecv,rfecv,2,mfcc4V_sma3nz_stddevNorm,,1,True,0.2
speaker_independent,emotion_original,logistic_regression,rfecv,rfecv,2,alphaRatioUV_sma3nz_amean,,1,True,1.0
speaker_independent,emotion_original,logistic_regression,rfecv,rfecv,2,hammarbergIndexUV_sma3nz_amean,,1,True,1.0
speaker_independent,emotion_original,logistic_regression,rfecv,rfecv,2,slopeUV0-500_sma3nz_amean,,1,True,0.8
speaker_independent,emotion_original,logistic_regression,rfecv,rfecv,2,slopeUV500-1500_sma3nz_amean,,1,True,1.0
speaker_independent,emotion_original,logistic_regression,rfecv,rfecv,2,spectralFluxUV_sma3nz_amean,,1,True,1.0
speaker_independent,emotion_original,logistic_regression,rfecv,rfecv,2,loudnessPeaksPerSec,,1,True,0.4
speaker_independent,emotion_original,logistic_regression,rfecv,rfecv,2,VoicedSegmentsPerSec,,1,True,0.4
speaker_independent,emotion_original,logistic_regression,rfecv,rfecv,2,MeanVoicedSegmentLengthSec,,1,True,0.2
speaker_independent,emotion_original,logistic_regression,rfecv,rfecv,2,StddevVoicedSegmentLengthSec,,1,True,0.2
speaker_independent,emotion_original,logistic_regression,rfecv,rfecv,2,MeanUnvoicedSegmentLength,,1,True,0.6
speaker_independent,emotion_original,logistic_regression,rfecv,rfecv,2,StddevUnvoicedSegmentLength,,1,True,0.8
speaker_independent,emotion_original,logistic_regression,rfecv,rfecv,2,equivalentSoundLevel_dBp,,1,True,1.0
speaker_independent,emotion_original,logistic_regression,rfecv,rfecv,3,F0semitoneFrom27.5Hz_sma3nz_amean,,1,True,1.0
speaker_independent,emotion_original,logistic_regression,rfecv,rfecv,3,F0semitoneFrom27.5Hz_sma3nz_stddevNorm,,3,False,0.2
speaker_independent,emotion_original,logistic_regression,rfecv,rfecv,3,F0semitoneFrom27.5Hz_sma3nz_percentile20.0,,3,False,0.6
speaker_independent,emotion_original,logistic_regression,rfecv,rfecv,3,F0semitoneFrom27.5Hz_sma3nz_percentile50.0,,1,True,1.0
speaker_independent,emotion_original,logistic_regression,rfecv,rfecv,3,F0semitoneFrom27.5Hz_sma3nz_percentile80.0,,1,True,0.8
speaker_independent,emotion_original,logistic_regression,rfecv,rfecv,3,F0semitoneFrom27.5Hz_sma3nz_pctlrange0-2,,1,True,1.0
speaker_independent,emotion_original,logistic_regression,rfecv,rfecv,3,F0semitoneFrom27.5Hz_sma3nz_meanRisingSlope,,2,False,0.2
speaker_independent,emotion_original,logistic_regression,rfecv,rfecv,3,F0semitoneFrom27.5Hz_sma3nz_stddevRisingSlope,,2,False,0.2
speaker_independent,emotion_original,logistic_regression,rfecv,rfecv,3,F0semitoneFrom27.5Hz_sma3nz_meanFallingSlope,,1,True,0.4
speaker_independent,emotion_original,logistic_regression,rfecv,rfecv,3,F0semitoneFrom27.5Hz_sma3nz_stddevFallingSlope,,1,True,0.8
speaker_independent,emotion_original,logistic_regression,rfecv,rfecv,3,loudness_sma3_amean,,2,False,0.2
speaker_independent,emotion_original,logistic_regression,rfecv,rfecv,3,loudness_sma3_stddevNorm,,1,True,1.0
speaker_independent,emotion_original,logistic_regression,rfecv,rfecv,3,loudness_sma3_percentile20.0,,1,True,0.6
speaker_independent,emotion_original,logistic_regression,rfecv,rfecv,3,loudness_sma3_percentile50.0,,1,True,0.8
speaker_independent,emotion_original,logistic_regression,rfecv,rfecv,3,loudness_sma3_percentile80.0,,1,True,0.4
speaker_independent,emotion_original,logistic_regression,rfecv,rfecv,3,loudness_sma3_pctlrange0-2,,1,True,1.0
speaker_independent,emotion_original,logistic_regression,rfecv,rfecv,3,loudness_sma3_meanRisingSlope,,1,True,1.0
speaker_independent,emotion_original,logistic_regression,rfecv,rfecv,3,loudness_sma3_stddevRisingSlope,,1,True,0.8
speaker_independent,emotion_original,logistic_regression,rfecv,rfecv,3,loudness_sma3_meanFallingSlope,,1,True,1.0
speaker_independent,emotion_original,logistic_regression,rfecv,rfecv,3,loudness_sma3_stddevFallingSlope,,1,True,0.6
speaker_independent,emotion_original,logistic_regression,rfecv,rfecv,3,spectralFlux_sma3_amean,,1,True,0.8
speaker_independent,emotion_original,logistic_regression,rfecv,rfecv,3,spectralFlux_sma3_stddevNorm,,1,True,0.6
speaker_independent,emotion_original,logistic_regression,rfecv,rfecv,3,mfcc1_sma3_amean,,1,True,1.0
speaker_independent,emotion_original,logistic_regression,rfecv,rfecv,3,mfcc1_sma3_stddevNorm,,1,True,0.8
speaker_independent,emotion_original,logistic_regression,rfecv,rfecv,3,mfcc2_sma3_amean,,1,True,1.0
speaker_independent,emotion_original,logistic_regression,rfecv,rfecv,3,mfcc2_sma3_stddevNorm,,1,True,0.8
speaker_independent,emotion_original,logistic_regression,rfecv,rfecv,3,mfcc3_sma3_amean,,1,True,1.0
speaker_independent,emotion_original,logistic_regression,rfecv,rfecv,3,mfcc3_sma3_stddevNorm,,5,False,0.2
speaker_independent,emotion_original,logistic_regression,rfecv,rfecv,3,mfcc4_sma3_amean,,1,True,1.0
speaker_independent,emotion_original,logistic_regression,rfecv,rfecv,3,mfcc4_sma3_stddevNorm,,6,False,0.2
speaker_independent,emotion_original,logistic_regression,rfecv,rfecv,3,jitterLocal_sma3nz_amean,,2,False,0.4
speaker_independent,emotion_original,logistic_regression,rfecv,rfecv,3,jitterLocal_sma3nz_stddevNorm,,4,False,0.2
speaker_independent,emotion_original,logistic_regression,rfecv,rfecv,3,shimmerLocaldB_sma3nz_amean,,1,True,0.4
speaker_independent,emotion_original,logistic_regression,rfecv,rfecv,3,shimmerLocaldB_sma3nz_stddevNorm,,1,True,0.4
speaker_independent,emotion_original,logistic_regression,rfecv,rfecv,3,HNRdBACF_sma3nz_amean,,1,True,1.0
speaker_independent,emotion_original,logistic_regression,rfecv,rfecv,3,HNRdBACF_sma3nz_stddevNorm,,1,True,0.6
speaker_independent,emotion_original,logistic_regression,rfecv,rfecv,3,logRelF0-H1-H2_sma3nz_amean,,5,False,0.2
speaker_independent,emotion_original,logistic_regression,rfecv,rfecv,3,logRelF0-H1-H2_sma3nz_stddevNorm,,4,False,0.4
speaker_independent,emotion_original,logistic_regression,rfecv,rfecv,3,logRelF0-H1-A3_sma3nz_amean,,1,True,0.6
speaker_independent,emotion_original,logistic_regression,rfecv,rfecv,3,logRelF0-H1-A3_sma3nz_stddevNorm,,1,True,0.8
speaker_independent,emotion_original,logistic_regression,rfecv,rfecv,3,F1frequency_sma3nz_amean,,1,True,1.0
speaker_independent,emotion_original,logistic_regression,rfecv,rfecv,3,F1frequency_sma3nz_stddevNorm,,6,False,0.2
speaker_independent,emotion_original,logistic_regression,rfecv,rfecv,3,F1bandwidth_sma3nz_amean,,3,False,0.2
speaker_independent,emotion_original,logistic_regression,rfecv,rfecv,3,F1bandwidth_sma3nz_stddevNorm,,1,True,0.4
speaker_independent,emotion_original,logistic_regression,rfecv,rfecv,3,F1amplitudeLogRelF0_sma3nz_amean,,1,True,1.0
speaker_independent,emotion_original,logistic_regression,rfecv,rfecv,3,F1amplitudeLogRelF0_sma3nz_stddevNorm,,1,True,0.8
speaker_independent,emotion_original,logistic_regression,rfecv,rfecv,3,F2frequency_sma3nz_amean,,1,True,0.4
speaker_independent,emotion_original,logistic_regression,rfecv,rfecv,3,F2frequency_sma3nz_stddevNorm,,1,True,0.4
speaker_independent,emotion_original,logistic_regression,rfecv,rfecv,3,F2bandwidth_sma3nz_amean,,6,False,0.2
speaker_independent,emotion_original,logistic_regression,rfecv,rfecv,3,F2bandwidth_sma3nz_stddevNorm,,4,False,0.2
speaker_independent,emotion_original,logistic_regression,rfecv,rfecv,3,F2amplitudeLogRelF0_sma3nz_amean,,1,True,0.6
speaker_independent,emotion_original,logistic_regression,rfecv,rfecv,3,F2amplitudeLogRelF0_sma3nz_stddevNorm,,1,True,0.6
speaker_independent,emotion_original,logistic_regression,rfecv,rfecv,3,F3frequency_sma3nz_amean,,1,True,1.0
speaker_independent,emotion_original,logistic_regression,rfecv,rfecv,3,F3frequency_sma3nz_stddevNorm,,1,True,0.4
speaker_independent,emotion_original,logistic_regression,rfecv,rfecv,3,F3bandwidth_sma3nz_amean,,2,False,0.2
speaker_independent,emotion_original,logistic_regression,rfecv,rfecv,3,F3bandwidth_sma3nz_stddevNorm,,3,False,0.2
speaker_independent,emotion_original,logistic_regression,rfecv,rfecv,3,F3amplitudeLogRelF0_sma3nz_amean,,1,True,1.0
speaker_independent,emotion_original,logistic_regression,rfecv,rfecv,3,F3amplitudeLogRelF0_sma3nz_stddevNorm,,1,True,1.0
speaker_independent,emotion_original,logistic_regression,rfecv,rfecv,3,alphaRatioV_sma3nz_amean,,1,True,0.8
speaker_independent,emotion_original,logistic_regression,rfecv,rfecv,3,alphaRatioV_sma3nz_stddevNorm,,6,False,0.2
speaker_independent,emotion_original,logistic_regression,rfecv,rfecv,3,hammarbergIndexV_sma3nz_amean,,1,True,0.8
speaker_independent,emotion_original,logistic_regression,rfecv,rfecv,3,hammarbergIndexV_sma3nz_stddevNorm,,1,True,0.8
speaker_independent,emotion_original,logistic_regression,rfecv,rfecv,3,slopeV0-500_sma3nz_amean,,1,True,1.0
speaker_independent,emotion_original,logistic_regression,rfecv,rfecv,3,slopeV0-500_sma3nz_stddevNorm,,4,False,0.2
speaker_independent,emotion_original,logistic_regression,rfecv,rfecv,3,slopeV500-1500_sma3nz_amean,,1,True,1.0
speaker_independent,emotion_original,logistic_regression,rfecv,rfecv,3,slopeV500-1500_sma3nz_stddevNorm,,1,True,1.0
speaker_independent,emotion_original,logistic_regression,rfecv,rfecv,3,spectralFluxV_sma3nz_amean,,1,True,1.0
speaker_independent,emotion_original,logistic_regression,rfecv,rfecv,3,spectralFluxV_sma3nz_stddevNorm,,1,True,0.8
speaker_independent,emotion_original,logistic_regression,rfecv,rfecv,3,mfcc1V_sma3nz_amean,,1,True,0.6
speaker_independent,emotion_original,logistic_regression,rfecv,rfecv,3,mfcc1V_sma3nz_stddevNorm,,6,False,0.2
speaker_independent,emotion_original,logistic_regression,rfecv,rfecv,3,mfcc2V_sma3nz_amean,,1,True,1.0
speaker_independent,emotion_original,logistic_regression,rfecv,rfecv,3,mfcc2V_sma3nz_stddevNorm,,5,False,0.2
speaker_independent,emotion_original,logistic_regression,rfecv,rfecv,3,mfcc3V_sma3nz_amean,,1,True,0.6
speaker_independent,emotion_original,logistic_regression,rfecv,rfecv,3,mfcc3V_sma3nz_stddevNorm,,1,True,0.4
speaker_independent,emotion_original,logistic_regression,rfecv,rfecv,3,mfcc4V_sma3nz_amean,,1,True,1.0
speaker_independent,emotion_original,logistic_regression,rfecv,rfecv,3,mfcc4V_sma3nz_stddevNorm,,4,False,0.2
speaker_independent,emotion_original,logistic_regression,rfecv,rfecv,3,alphaRatioUV_sma3nz_amean,,1,True,1.0
speaker_independent,emotion_original,logistic_regression,rfecv,rfecv,3,hammarbergIndexUV_sma3nz_amean,,1,True,1.0
speaker_independent,emotion_original,logistic_regression,rfecv,rfecv,3,slopeUV0-500_sma3nz_amean,,1,True,0.8
speaker_independent,emotion_original,logistic_regression,rfecv,rfecv,3,slopeUV500-1500_sma3nz_amean,,1,True,1.0
speaker_independent,emotion_original,logistic_regression,rfecv,rfecv,3,spectralFluxUV_sma3nz_amean,,1,True,1.0
speaker_independent,emotion_original,logistic_regression,rfecv,rfecv,3,loudnessPeaksPerSec,,3,False,0.4
speaker_independent,emotion_original,logistic_regression,rfecv,rfecv,3,VoicedSegmentsPerSec,,1,True,0.4
speaker_independent,emotion_original,logistic_regression,rfecv,rfecv,3,MeanVoicedSegmentLengthSec,,5,False,0.2
speaker_independent,emotion_original,logistic_regression,rfecv,rfecv,3,StddevVoicedSegmentLengthSec,,5,False,0.2
speaker_independent,emotion_original,logistic_regression,rfecv,rfecv,3,MeanUnvoicedSegmentLength,,1,True,0.6
speaker_independent,emotion_original,logistic_regression,rfecv,rfecv,3,StddevUnvoicedSegmentLength,,1,True,0.8
speaker_independent,emotion_original,logistic_regression,rfecv,rfecv,3,equivalentSoundLevel_dBp,,1,True,1.0
speaker_independent,emotion_original,logistic_regression,rfecv,rfecv,4,F0semitoneFrom27.5Hz_sma3nz_amean,,1,True,1.0
speaker_independent,emotion_original,logistic_regression,rfecv,rfecv,4,F0semitoneFrom27.5Hz_sma3nz_stddevNorm,,4,False,0.2
speaker_independent,emotion_original,logistic_regression,rfecv,rfecv,4,F0semitoneFrom27.5Hz_sma3nz_percentile20.0,,4,False,0.6
speaker_independent,emotion_original,logistic_regression,rfecv,rfecv,4,F0semitoneFrom27.5Hz_sma3nz_percentile50.0,,1,True,1.0
speaker_independent,emotion_original,logistic_regression,rfecv,rfecv,4,F0semitoneFrom27.5Hz_sma3nz_percentile80.0,,4,False,0.8
speaker_independent,emotion_original,logistic_regression,rfecv,rfecv,4,F0semitoneFrom27.5Hz_sma3nz_pctlrange0-2,,1,True,1.0
speaker_independent,emotion_original,logistic_regression,rfecv,rfecv,4,F0semitoneFrom27.5Hz_sma3nz_meanRisingSlope,,5,False,0.2
speaker_independent,emotion_original,logistic_regression,rfecv,rfecv,4,F0semitoneFrom27.5Hz_sma3nz_stddevRisingSlope,,6,False,0.2
speaker_independent,emotion_original,logistic_regression,rfecv,rfecv,4,F0semitoneFrom27.5Hz_sma3nz_meanFallingSlope,,11,False,0.4
speaker_independent,emotion_original,logistic_regression,rfecv,rfecv,4,F0semitoneFrom27.5Hz_sma3nz_stddevFallingSlope,,1,True,0.8
speaker_independent,emotion_original,logistic_regression,rfecv,rfecv,4,loudness_sma3_amean,,8,False,0.2
speaker_independent,emotion_original,logistic_regression,rfecv,rfecv,4,loudness_sma3_stddevNorm,,1,True,1.0
speaker_independent,emotion_original,logistic_regression,rfecv,rfecv,4,loudness_sma3_percentile20.0,,4,False,0.6
speaker_independent,emotion_original,logistic_regression,rfecv,rfecv,4,loudness_sma3_percentile50.0,,1,True,0.8
speaker_independent,emotion_original,logistic_regression,rfecv,rfecv,4,loudness_sma3_percentile80.0,,5,False,0.4
speaker_independent,emotion_original,logistic_regression,rfecv,rfecv,4,loudness_sma3_pctlrange0-2,,1,True,1.0
speaker_independent,emotion_original,logistic_regression,rfecv,rfecv,4,loudness_sma3_meanRisingSlope,,1,True,1.0
speaker_independent,emotion_original,logistic_regression,rfecv,rfecv,4,loudness_sma3_stddevRisingSlope,,2,False,0.8
speaker_independent,emotion_original,logistic_regression,rfecv,rfecv,4,loudness_sma3_meanFallingSlope,,1,True,1.0
speaker_independent,emotion_original,logistic_regression,rfecv,rfecv,4,loudness_sma3_stddevFallingSlope,,7,False,0.6
speaker_independent,emotion_original,logistic_regression,rfecv,rfecv,4,spectralFlux_sma3_amean,,6,False,0.8
speaker_independent,emotion_original,logistic_regression,rfecv,rfecv,4,spectralFlux_sma3_stddevNorm,,5,False,0.6
speaker_independent,emotion_original,logistic_regression,rfecv,rfecv,4,mfcc1_sma3_amean,,1,True,1.0
speaker_independent,emotion_original,logistic_regression,rfecv,rfecv,4,mfcc1_sma3_stddevNorm,,1,True,0.8
speaker_independent,emotion_original,logistic_regression,rfecv,rfecv,4,mfcc2_sma3_amean,,1,True,1.0
speaker_independent,emotion_original,logistic_regression,rfecv,rfecv,4,mfcc2_sma3_stddevNorm,,1,True,0.8
speaker_independent,emotion_original,logistic_regression,rfecv,rfecv,4,mfcc3_sma3_amean,,1,True,1.0
speaker_independent,emotion_original,logistic_regression,rfecv,rfecv,4,mfcc3_sma3_stddevNorm,,3,False,0.2
speaker_independent,emotion_original,logistic_regression,rfecv,rfecv,4,mfcc4_sma3_amean,,1,True,1.0
speaker_independent,emotion_original,logistic_regression,rfecv,rfecv,4,mfcc4_sma3_stddevNorm,,11,False,0.2
speaker_independent,emotion_original,logistic_regression,rfecv,rfecv,4,jitterLocal_sma3nz_amean,,7,False,0.4
speaker_independent,emotion_original,logistic_regression,rfecv,rfecv,4,jitterLocal_sma3nz_stddevNorm,,10,False,0.2
speaker_independent,emotion_original,logistic_regression,rfecv,rfecv,4,shimmerLocaldB_sma3nz_amean,,3,False,0.4
speaker_independent,emotion_original,logistic_regression,rfecv,rfecv,4,shimmerLocaldB_sma3nz_stddevNorm,,8,False,0.4
speaker_independent,emotion_original,logistic_regression,rfecv,rfecv,4,HNRdBACF_sma3nz_amean,,1,True,1.0
speaker_independent,emotion_original,logistic_regression,rfecv,rfecv,4,HNRdBACF_sma3nz_stddevNorm,,1,True,0.6
speaker_independent,emotion_original,logistic_regression,rfecv,rfecv,4,logRelF0-H1-H2_sma3nz_amean,,9,False,0.2
speaker_independent,emotion_original,logistic_regression,rfecv,rfecv,4,logRelF0-H1-H2_sma3nz_stddevNorm,,1,True,0.4
speaker_independent,emotion_original,logistic_regression,rfecv,rfecv,4,logRelF0-H1-A3_sma3nz_amean,,2,False,0.6
speaker_independent,emotion_original,logistic_regression,rfecv,rfecv,4,logRelF0-H1-A3_sma3nz_stddevNorm,,1,True,0.8
speaker_independent,emotion_original,logistic_regression,rfecv,rfecv,4,F1frequency_sma3nz_amean,,1,True,1.0
speaker_independent,emotion_original,logistic_regression,rfecv,rfecv,4,F1frequency_sma3nz_stddevNorm,,10,False,0.2
speaker_independent,emotion_original,logistic_regression,rfecv,rfecv,4,F1bandwidth_sma3nz_amean,,7,False,0.2
speaker_independent,emotion_original,logistic_regression,rfecv,rfecv,4,F1bandwidth_sma3nz_stddevNorm,,6,False,0.4
speaker_independent,emotion_original,logistic_regression,rfecv,rfecv,4,F1amplitudeLogRelF0_sma3nz_amean,,1,True,1.0
speaker_independent,emotion_original,logistic_regression,rfecv,rfecv,4,F1amplitudeLogRelF0_sma3nz_stddevNorm,,1,True,0.8
speaker_independent,emotion_original,logistic_regression,rfecv,rfecv,4,F2frequency_sma3nz_amean,,4,False,0.4
speaker_independent,emotion_original,logistic_regression,rfecv,rfecv,4,F2frequency_sma3nz_stddevNorm,,11,False,0.4
speaker_independent,emotion_original,logistic_regression,rfecv,rfecv,4,F2bandwidth_sma3nz_amean,,10,False,0.2
speaker_independent,emotion_original,logistic_regression,rfecv,rfecv,4,F2bandwidth_sma3nz_stddevNorm,,9,False,0.2
speaker_independent,emotion_original,logistic_regression,rfecv,rfecv,4,F2amplitudeLogRelF0_sma3nz_amean,,9,False,0.6
speaker_independent,emotion_original,logistic_regression,rfecv,rfecv,4,F2amplitudeLogRelF0_sma3nz_stddevNorm,,7,False,0.6
speaker_independent,emotion_original,logistic_regression,rfecv,rfecv,4,F3frequency_sma3nz_amean,,1,True,1.0
speaker_independent,emotion_original,logistic_regression,rfecv,rfecv,4,F3frequency_sma3nz_stddevNorm,,9,False,0.4
speaker_independent,emotion_original,logistic_regression,rfecv,rfecv,4,F3bandwidth_sma3nz_amean,,5,False,0.2
speaker_independent,emotion_original,logistic_regression,rfecv,rfecv,4,F3bandwidth_sma3nz_stddevNorm,,6,False,0.2
speaker_independent,emotion_original,logistic_regression,rfecv,rfecv,4,F3amplitudeLogRelF0_sma3nz_amean,,1,True,1.0
speaker_independent,emotion_original,logistic_regression,rfecv,rfecv,4,F3amplitudeLogRelF0_sma3nz_stddevNorm,,1,True,1.0
speaker_independent,emotion_original,logistic_regression,rfecv,rfecv,4,alphaRatioV_sma3nz_amean,,2,False,0.8
speaker_independent,emotion_original,logistic_regression,rfecv,rfecv,4,alphaRatioV_sma3nz_stddevNorm,,11,False,0.2
speaker_independent,emotion_original,logistic_regression,rfecv,rfecv,4,hammarbergIndexV_sma3nz_amean,,2,False,0.8
speaker_independent,emotion_original,logistic_regression,rfecv,rfecv,4,hammarbergIndexV_sma3nz_stddevNorm,,1,True,0.8
speaker_independent,emotion_original,logistic_regression,rfecv,rfecv,4,slopeV0-500_sma3nz_amean,,1,True,1.0
speaker_independent,emotion_original,logistic_regression,rfecv,rfecv,4,slopeV0-500_sma3nz_stddevNorm,,3,False,0.2
speaker_independent,emotion_original,logistic_regression,rfecv,rfecv,4,slopeV500-1500_sma3nz_amean,,1,True,1.0
speaker_independent,emotion_original,logistic_regression,rfecv,rfecv,4,slopeV500-1500_sma3nz_stddevNorm,,1,True,1.0
speaker_independent,emotion_original,logistic_regression,rfecv,rfecv,4,spectralFluxV_sma3nz_amean,,1,True,1.0
speaker_independent,emotion_original,logistic_regression,rfecv,rfecv,4,spectralFluxV_sma3nz_stddevNorm,,2,False,0.8
speaker_independent,emotion_original,logistic_regression,rfecv,rfecv,4,mfcc1V_sma3nz_amean,,3,False,0.6
speaker_independent,emotion_original,logistic_regression,rfecv,rfecv,4,mfcc1V_sma3nz_stddevNorm,,11,False,0.2
speaker_independent,emotion_original,logistic_regression,rfecv,rfecv,4,mfcc2V_sma3nz_amean,,1,True,1.0
speaker_independent,emotion_original,logistic_regression,rfecv,rfecv,4,mfcc2V_sma3nz_stddevNorm,,10,False,0.2
speaker_independent,emotion_original,logistic_regression,rfecv,rfecv,4,mfcc3V_sma3nz_amean,,8,False,0.6
speaker_independent,emotion_original,logistic_regression,rfecv,rfecv,4,mfcc3V_sma3nz_stddevNorm,,8,False,0.4
speaker_independent,emotion_original,logistic_regression,rfecv,rfecv,4,mfcc4V_sma3nz_amean,,1,True,1.0
speaker_independent,emotion_original,logistic_regression,rfecv,rfecv,4,mfcc4V_sma3nz_stddevNorm,,9,False,0.2
speaker_independent,emotion_original,logistic_regression,rfecv,rfecv,4,alphaRatioUV_sma3nz_amean,,1,True,1.0
speaker_independent,emotion_original,logistic_regression,rfecv,rfecv,4,hammarbergIndexUV_sma3nz_amean,,1,True,1.0
speaker_independent,emotion_original,logistic_regression,rfecv,rfecv,4,slopeUV0-500_sma3nz_amean,,1,True,0.8
speaker_independent,emotion_original,logistic_regression,rfecv,rfecv,4,slopeUV500-1500_sma3nz_amean,,1,True,1.0
speaker_independent,emotion_original,logistic_regression,rfecv,rfecv,4,spectralFluxUV_sma3nz_amean,,1,True,1.0
speaker_independent,emotion_original,logistic_regression,rfecv,rfecv,4,loudnessPeaksPerSec,,8,False,0.4
speaker_independent,emotion_original,logistic_regression,rfecv,rfecv,4,VoicedSegmentsPerSec,,5,False,0.4
speaker_independent,emotion_original,logistic_regression,rfecv,rfecv,4,MeanVoicedSegmentLengthSec,,6,False,0.2
speaker_independent,emotion_original,logistic_regression,rfecv,rfecv,4,StddevVoicedSegmentLengthSec,,7,False,0.2
speaker_independent,emotion_original,logistic_regression,rfecv,rfecv,4,MeanUnvoicedSegmentLength,,10,False,0.6
speaker_independent,emotion_original,logistic_regression,rfecv,rfecv,4,StddevUnvoicedSegmentLength,,3,False,0.8
speaker_independent,emotion_original,logistic_regression,rfecv,rfecv,4,equivalentSoundLevel_dBp,,1,True,1.0
speaker_independent,emotion_quadrant,logistic_regression,rfecv,rfecv,0,F0semitoneFrom27.5Hz_sma3nz_amean,,1,True,0.8
speaker_independent,emotion_quadrant,logistic_regression,rfecv,rfecv,0,F0semitoneFrom27.5Hz_sma3nz_stddevNorm,,6,False,0.4
speaker_independent,emotion_quadrant,logistic_regression,rfecv,rfecv,0,F0semitoneFrom27.5Hz_sma3nz_percentile20.0,,3,False,0.4
speaker_independent,emotion_quadrant,logistic_regression,rfecv,rfecv,0,F0semitoneFrom27.5Hz_sma3nz_percentile50.0,,1,True,1.0
speaker_independent,emotion_quadrant,logistic_regression,rfecv,rfecv,0,F0semitoneFrom27.5Hz_sma3nz_percentile80.0,,3,False,0.4
speaker_independent,emotion_quadrant,logistic_regression,rfecv,rfecv,0,F0semitoneFrom27.5Hz_sma3nz_pctlrange0-2,,1,True,0.6
speaker_independent,emotion_quadrant,logistic_regression,rfecv,rfecv,0,F0semitoneFrom27.5Hz_sma3nz_meanRisingSlope,,9,False,0.4
speaker_independent,emotion_quadrant,logistic_regression,rfecv,rfecv,0,F0semitoneFrom27.5Hz_sma3nz_stddevRisingSlope,,10,False,0.4
speaker_independent,emotion_quadrant,logistic_regression,rfecv,rfecv,0,F0semitoneFrom27.5Hz_sma3nz_meanFallingSlope,,10,False,0.4
speaker_independent,emotion_quadrant,logistic_regression,rfecv,rfecv,0,F0semitoneFrom27.5Hz_sma3nz_stddevFallingSlope,,1,True,0.8
speaker_independent,emotion_quadrant,logistic_regression,rfecv,rfecv,0,loudness_sma3_amean,,1,True,0.6
speaker_independent,emotion_quadrant,logistic_regression,rfecv,rfecv,0,loudness_sma3_stddevNorm,,8,False,0.4
speaker_independent,emotion_quadrant,logistic_regression,rfecv,rfecv,0,loudness_sma3_percentile20.0,,9,False,0.4
speaker_independent,emotion_quadrant,logistic_regression,rfecv,rfecv,0,loudness_sma3_percentile50.0,,8,False,0.8
speaker_independent,emotion_quadrant,logistic_regression,rfecv,rfecv,0,loudness_sma3_percentile80.0,,1,True,0.4
speaker_independent,emotion_quadrant,logistic_regression,rfecv,rfecv,0,loudness_sma3_pctlrange0-2,,1,True,1.0
speaker_independent,emotion_quadrant,logistic_regression,rfecv,rfecv,0,loudness_sma3_meanRisingSlope,,1,True,0.8
speaker_independent,emotion_quadrant,logistic_regression,rfecv,rfecv,0,loudness_sma3_stddevRisingSlope,,10,False,0.6
speaker_independent,emotion_quadrant,logistic_regression,rfecv,rfecv,0,loudness_sma3_meanFallingSlope,,1,True,0.8
speaker_independent,emotion_quadrant,logistic_regression,rfecv,rfecv,0,loudness_sma3_stddevFallingSlope,,1,True,0.6
speaker_independent,emotion_quadrant,logistic_regression,rfecv,rfecv,0,spectralFlux_sma3_amean,,7,False,0.2
speaker_independent,emotion_quadrant,logistic_regression,rfecv,rfecv,0,spectralFlux_sma3_stddevNorm,,12,False,0.2
speaker_independent,emotion_quadrant,logistic_regression,rfecv,rfecv,0,mfcc1_sma3_amean,,6,False,0.4
speaker_independent,emotion_quadrant,logistic_regression,rfecv,rfecv,0,mfcc1_sma3_stddevNorm,,1,True,0.4
speaker_independent,emotion_quadrant,logistic_regression,rfecv,rfecv,0,mfcc2_sma3_amean,,5,False,0.6
speaker_independent,emotion_quadrant,logistic_regression,rfecv,rfecv,0,mfcc2_sma3_stddevNorm,,2,False,0.4
speaker_independent,emotion_quadrant,logistic_regression,rfecv,rfecv,0,mfcc3_sma3_amean,,1,True,0.8
speaker_independent,emotion_quadrant,logistic_regression,rfecv,rfecv,0,mfcc3_sma3_stddevNorm,,4,False,0.4
speaker_independent,emotion_quadrant,logistic_regression,rfecv,rfecv,0,mfcc4_sma3_amean,,1,True,0.6
speaker_independent,emotion_quadrant,logistic_regression,rfecv,rfecv,0,mfcc4_sma3_stddevNorm,,12,False,0.2
speaker_independent,emotion_quadrant,logistic_regression,rfecv,rfecv,0,jitterLocal_sma3nz_amean,,5,False,0.4
speaker_independent,emotion_quadrant,logistic_regression,rfecv,rfecv,0,jitterLocal_sma3nz_stddevNorm,,7,False,0.2
speaker_independent,emotion_quadrant,logistic_regression,rfecv,rfecv,0,shimmerLocaldB_sma3nz_amean,,6,False,0.4
speaker_independent,emotion_quadrant,logistic_regression,rfecv,rfecv,0,shimmerLocaldB_sma3nz_stddevNorm,,9,False,0.0
speaker_independent,emotion_quadrant,logistic_regression,rfecv,rfecv,0,HNRdBACF_sma3nz_amean,,1,True,1.0
speaker_independent,emotion_quadrant,logistic_regression,rfecv,rfecv,0,HNRdBACF_sma3nz_stddevNorm,,5,False,0.4
speaker_independent,emotion_quadrant,logistic_regression,rfecv,rfecv,0,logRelF0-H1-H2_sma3nz_amean,,4,False,0.2
speaker_independent,emotion_quadrant,logistic_regression,rfecv,rfecv,0,logRelF0-H1-H2_sma3nz_stddevNorm,,10,False,0.0
speaker_independent,emotion_quadrant,logistic_regression,rfecv,rfecv,0,logRelF0-H1-A3_sma3nz_amean,,3,False,0.6
speaker_independent,emotion_quadrant,logistic_regression,rfecv,rfecv,0,logRelF0-H1-A3_sma3nz_stddevNorm,,2,False,0.6
speaker_independent,emotion_quadrant,logistic_regression,rfecv,rfecv,0,F1frequency_sma3nz_amean,,1,True,0.8
speaker_independent,emotion_quadrant,logistic_regression,rfecv,rfecv,0,F1frequency_sma3nz_stddevNorm,,11,False,0.4
speaker_independent,emotion_quadrant,logistic_regression,rfecv,rfecv,0,F1bandwidth_sma3nz_amean,,5,False,0.4
speaker_independent,emotion_quadrant,logistic_regression,rfecv,rfecv,0,F1bandwidth_sma3nz_stddevNorm,,6,False,0.6
speaker_independent,emotion_quadrant,logistic_regression,rfecv,rfecv,0,F1amplitudeLogRelF0_sma3nz_amean,,1,True,1.0
speaker_independent,emotion_quadrant,logistic_regression,rfecv,rfecv,0,F1amplitudeLogRelF0_sma3nz_stddevNorm,,1,True,1.0
speaker_independent,emotion_quadrant,logistic_regression,rfecv,rfecv,0,F2frequency_sma3nz_amean,,1,True,0.6
speaker_independent,emotion_quadrant,logistic_regression,rfecv,rfecv,0,F2frequency_sma3nz_stddevNorm,,8,False,0.2
speaker_independent,emotion_quadrant,logistic_regression,rfecv,rfecv,0,F2bandwidth_sma3nz_amean,,12,False,0.0
speaker_independent,emotion_quadrant,logistic_regression,rfecv,rfecv,0,F2bandwidth_sma3nz_stddevNorm,,11,False,0.4
speaker_independent,emotion_quadrant,logistic_regression,rfecv,rfecv,0,F2amplitudeLogRelF0_sma3nz_amean,,1,True,0.6
speaker_independent,emotion_quadrant,logistic_regression,rfecv,rfecv,0,F2amplitudeLogRelF0_sma3nz_stddevNorm,,1,True,1.0
speaker_independent,emotion_quadrant,logistic_regression,rfecv,rfecv,0,F3frequency_sma3nz_amean,,1,True,0.8
speaker_independent,emotion_quadrant,logistic_regression,rfecv,rfecv,0,F3frequency_sma3nz_stddevNorm,,9,False,0.4
speaker_independent,emotion_quadrant,logistic_regression,rfecv,rfecv,0,F3bandwidth_sma3nz_amean,,7,False,0.2
speaker_independent,emotion_quadrant,logistic_regression,rfecv,rfecv,0,F3bandwidth_sma3nz_stddevNorm,,9,False,0.4
speaker_independent,emotion_quadrant,logistic_regression,rfecv,rfecv,0,F3amplitudeLogRelF0_sma3nz_amean,,6,False,0.6
speaker_independent,emotion_quadrant,logistic_regression,rfecv,rfecv,0,F3amplitudeLogRelF0_sma3nz_stddevNorm,,1,True,1.0
speaker_independent,emotion_quadrant,logistic_regression,rfecv,rfecv,0,alphaRatioV_sma3nz_amean,,1,True,1.0
speaker_independent,emotion_quadrant,logistic_regression,rfecv,rfecv,0,alphaRatioV_sma3nz_stddevNorm,,11,False,0.0
speaker_independent,emotion_quadrant,logistic_regression,rfecv,rfecv,0,hammarbergIndexV_sma3nz_amean,,1,True,0.6
speaker_independent,emotion_quadrant,logistic_regression,rfecv,rfecv,0,hammarbergIndexV_sma3nz_stddevNorm,,2,False,0.4
speaker_independent,emotion_quadrant,logistic_regression,rfecv,rfecv,0,slopeV0-500_sma3nz_amean,,1,True,0.6
speaker_independent,emotion_quadrant,logistic_regression,rfecv,rfecv,0,slopeV0-500_sma3nz_stddevNorm,,12,False,0.0
speaker_independent,emotion_quadrant,logistic_regression,rfecv,rfecv,0,slopeV500-1500_sma3nz_amean,,2,False,0.4
speaker_independent,emotion_quadrant,logistic_regression,rfecv,rfecv,0,slopeV500-1500_sma3nz_stddevNorm,,7,False,0.4
speaker_independent,emotion_quadrant,logistic_regression,rfecv,rfecv,0,spectralFluxV_sma3nz_amean,,8,False,0.2
speaker_independent,emotion_quadrant,logistic_regression,rfecv,rfecv,0,spectralFluxV_sma3nz_stddevNorm,,4,False,0.4
speaker_independent,emotion_quadrant,logistic_regression,rfecv,rfecv,0,mfcc1V_sma3nz_amean,,3,False,0.4
speaker_independent,emotion_quadrant,logistic_regression,rfecv,rfecv,0,mfcc1V_sma3nz_stddevNorm,,11,False,0.0
speaker_independent,emotion_quadrant,logistic_regression,rfecv,rfecv,0,mfcc2V_sma3nz_amean,,1,True,0.8
speaker_independent,emotion_quadrant,logistic_regression,rfecv,rfecv,0,mfcc2V_sma3nz_stddevNorm,,11,False,0.0
speaker_independent,emotion_quadrant,logistic_regression,rfecv,rfecv,0,mfcc3V_sma3nz_amean,,1,True,0.4
speaker_independent,emotion_quadrant,logistic_regression,rfecv,rfecv,0,mfcc3V_sma3nz_stddevNorm,,4,False,0.4
speaker_independent,emotion_quadrant,logistic_regression,rfecv,rfecv,0,mfcc4V_sma3nz_amean,,2,False,0.2
speaker_independent,emotion_quadrant,logistic_regression,rfecv,rfecv,0,mfcc4V_sma3nz_stddevNorm,,12,False,0.2
speaker_independent,emotion_quadrant,logistic_regression,rfecv,rfecv,0,alphaRatioUV_sma3nz_amean,,1,True,1.0
speaker_independent,emotion_quadrant,logistic_regression,rfecv,rfecv,0,hammarbergIndexUV_sma3nz_amean,,1,True,1.0
speaker_independent,emotion_quadrant,logistic_regression,rfecv,rfecv,0,slopeUV0-500_sma3nz_amean,,10,False,0.4
speaker_independent,emotion_quadrant,logistic_regression,rfecv,rfecv,0,slopeUV500-1500_sma3nz_amean,,1,True,0.6
speaker_independent,emotion_quadrant,logistic_regression,rfecv,rfecv,0,spectralFluxUV_sma3nz_amean,,1,True,0.8
speaker_independent,emotion_quadrant,logistic_regression,rfecv,rfecv,0,loudnessPeaksPerSec,,5,False,0.4
speaker_independent,emotion_quadrant,logistic_regression,rfecv,rfecv,0,VoicedSegmentsPerSec,,4,False,0.4
speaker_independent,emotion_quadrant,logistic_regression,rfecv,rfecv,0,MeanVoicedSegmentLengthSec,,7,False,0.4
speaker_independent,emotion_quadrant,logistic_regression,rfecv,rfecv,0,StddevVoicedSegmentLengthSec,,8,False,0.4
speaker_independent,emotion_quadrant,logistic_regression,rfecv,rfecv,0,MeanUnvoicedSegmentLength,,3,False,0.4
speaker_independent,emotion_quadrant,logistic_regression,rfecv,rfecv,0,StddevUnvoicedSegmentLength,,1,True,0.6
speaker_independent,emotion_quadrant,logistic_regression,rfecv,rfecv,0,equivalentSoundLevel_dBp,,1,True,0.8
speaker_independent,emotion_quadrant,logistic_regression,rfecv,rfecv,1,F0semitoneFrom27.5Hz_sma3nz_amean,,1,True,0.8
speaker_independent,emotion_quadrant,logistic_regression,rfecv,rfecv,1,F0semitoneFrom27.5Hz_sma3nz_stddevNorm,,1,True,0.4
speaker_independent,emotion_quadrant,logistic_regression,rfecv,rfecv,1,F0semitoneFrom27.5Hz_sma3nz_percentile20.0,,1,True,0.4
speaker_independent,emotion_quadrant,logistic_regression,rfecv,rfecv,1,F0semitoneFrom27.5Hz_sma3nz_percentile50.0,,1,True,1.0
speaker_independent,emotion_quadrant,logistic_regression,rfecv,rfecv,1,F0semitoneFrom27.5Hz_sma3nz_percentile80.0,,1,True,0.4
speaker_independent,emotion_quadrant,logistic_regression,rfecv,rfecv,1,F0semitoneFrom27.5Hz_sma3nz_pctlrange0-2,,1,True,0.6
speaker_independent,emotion_quadrant,logistic_regression,rfecv,rfecv,1,F0semitoneFrom27.5Hz_sma3nz_meanRisingSlope,,1,True,0.4
speaker_independent,emotion_quadrant,logistic_regression,rfecv,rfecv,1,F0semitoneFrom27.5Hz_sma3nz_stddevRisingSlope,,1,True,0.4
speaker_independent,emotion_quadrant,logistic_regression,rfecv,rfecv,1,F0semitoneFrom27.5Hz_sma3nz_meanFallingSlope,,1,True,0.4
speaker_independent,emotion_quadrant,logistic_regression,rfecv,rfecv,1,F0semitoneFrom27.5Hz_sma3nz_stddevFallingSlope,,1,True,0.8
speaker_independent,emotion_quadrant,logistic_regression,rfecv,rfecv,1,loudness_sma3_amean,,3,False,0.6
speaker_independent,emotion_quadrant,logistic_regression,rfecv,rfecv,1,loudness_sma3_stddevNorm,,1,True,0.4
speaker_independent,emotion_quadrant,logistic_regression,rfecv,rfecv,1,loudness_sma3_percentile20.0,,1,True,0.4
speaker_independent,emotion_quadrant,logistic_regression,rfecv,rfecv,1,loudness_sma3_percentile50.0,,1,True,0.8
speaker_independent,emotion_quadrant,logistic_regression,rfecv,rfecv,1,loudness_sma3_percentile80.0,,3,False,0.4
speaker_independent,emotion_quadrant,logistic_regression,rfecv,rfecv,1,loudness_sma3_pctlrange0-2,,1,True,1.0
speaker_independent,emotion_quadrant,logistic_regression,rfecv,rfecv,1,loudness_sma3_meanRisingSlope,,1,True,0.8
speaker_independent,emotion_quadrant,logistic_regression,rfecv,rfecv,1,loudness_sma3_stddevRisingSlope,,1,True,0.6
speaker_independent,emotion_quadrant,logistic_regression,rfecv,rfecv,1,loudness_sma3_meanFallingSlope,,1,True,0.8
speaker_independent,emotion_quadrant,logistic_regression,rfecv,rfecv,1,loudness_sma3_stddevFallingSlope,,1,True,0.6
speaker_independent,emotion_quadrant,logistic_regression,rfecv,rfecv,1,spectralFlux_sma3_amean,,2,False,0.2
speaker_independent,emotion_quadrant,logistic_regression,rfecv,rfecv,1,spectralFlux_sma3_stddevNorm,,1,True,0.2
speaker_independent,emotion_quadrant,logistic_regression,rfecv,rfecv,1,mfcc1_sma3_amean,,1,True,0.4
speaker_independent,emotion_quadrant,logistic_regression,rfecv,rfecv,1,mfcc1_sma3_stddevNorm,,3,False,0.4
speaker_independent,emotion_quadrant,logistic_regression,rfecv,rfecv,1,mfcc2_sma3_amean,,4,False,0.6
speaker_independent,emotion_quadrant,logistic_regression,rfecv,rfecv,1,mfcc2_sma3_stddevNorm,,4,False,0.4
speaker_independent,emotion_quadrant,logistic_regression,rfecv,rfecv,1,mfcc3_sma3_amean,,1,True,0.8
speaker_independent,emotion_quadrant,logistic_regression,rfecv,rfecv,1,mfcc3_sma3_stddevNorm,,1,True,0.4
speaker_independent,emotion_quadrant,logistic_regression,rfecv,rfecv,1,mfcc4_sma3_amean,,1,True,0.6
speaker_independent,emotion_quadrant,logistic_regression,rfecv,rfecv,1,mfcc4_sma3_stddevNorm,,5,False,0.2
speaker_independent,emotion_quadrant,logistic_regression,rfecv,rfecv,1,jitterLocal_sma3nz_amean,,1,True,0.4
speaker_independent,emotion_quadrant,logistic_regression,rfecv,rfecv,1,jitterLocal_sma3nz_stddevNorm,,2,False,0.2
speaker_independent,emotion_quadrant,logistic_regression,rfecv,rfecv,1,shimmerLocaldB_sma3nz_amean,,1,True,0.4
speaker_independent,emotion_quadrant,logistic_regression,rfecv,rfecv,1,shimmerLocaldB_sma3nz_stddevNorm,,5,False,0.0
speaker_independent,emotion_quadrant,logistic_regression,rfecv,rfecv,1,HNRdBACF_sma3nz_amean,,1,True,1.0
speaker_independent,emotion_quadrant,logistic_regression,rfecv,rfecv,1,HNRdBACF_sma3nz_stddevNorm,,1,True,0.4
speaker_independent,emotion_quadrant,logistic_regression,rfecv,rfecv,1,logRelF0-H1-H2_sma3nz_amean,,4,False,0.2
speaker_independent,emotion_quadrant,logistic_regression,rfecv,rfecv,1,logRelF0-H1-H2_sma3nz_stddevNorm,,5,False,0.0
speaker_independent,emotion_quadrant,logistic_regression,rfecv,rfecv,1,logRelF0-H1-A3_sma3nz_amean,,1,True,0.6
speaker_independent,emotion_quadrant,logistic_regression,rfecv,rfecv,1,logRelF0-H1-A3_sma3nz_stddevNorm,,1,True,0.6
speaker_independent,emotion_quadrant,logistic_regression,rfecv,rfecv,1,F1frequency_sma3nz_amean,,1,True,0.8
speaker_independent,emotion_quadrant,logistic_regression,rfecv,rfecv,1,F1frequency_sma3nz_stddevNorm,,1,True,0.4
speaker_independent,emotion_quadrant,logistic_regression,rfecv,rfecv,1,F1bandwidth_sma3nz_amean,,1,True,0.4
speaker_independent,emotion_quadrant,logistic_regression,rfecv,rfecv,1,F1bandwidth_sma3nz_stddevNorm,,1,True,0.6
speaker_independent,emotion_quadrant,logistic_regression,rfecv,rfecv,1,F1amplitudeLogRelF0_sma3nz_amean,,1,True,1.0
speaker_independent,emotion_quadrant,logistic_regression,rfecv,rfecv,1,F1amplitudeLogRelF0_sma3nz_stddevNorm,,1,True,1.0
speaker_independent,emotion_quadrant,logistic_regression,rfecv,rfecv,1,F2frequency_sma3nz_amean,,1,True,0.6
speaker_independent,emotion_quadrant,logistic_regression,rfecv,rfecv,1,F2frequency_sma3nz_stddevNorm,,4,False,0.2
speaker_independent,emotion_quadrant,logistic_regression,rfecv,rfecv,1,F2bandwidth_sma3nz_amean,,4,False,0.0
speaker_independent,emotion_quadrant,logistic_regression,rfecv,rfecv,1,F2bandwidth_sma3nz_stddevNorm,,1,True,0.4
speaker_independent,emotion_quadrant,logistic_regression,rfecv,rfecv,1,F2amplitudeLogRelF0_sma3nz_amean,,1,True,0.6
speaker_independent,emotion_quadrant,logistic_regression,rfecv,rfecv,1,F2amplitudeLogRelF0_sma3nz_stddevNorm,,1,True,1.0
speaker_independent,emotion_quadrant,logistic_regression,rfecv,rfecv,1,F3frequency_sma3nz_amean,,1,True,0.8
speaker_independent,emotion_quadrant,logistic_regression,rfecv,rfecv,1,F3frequency_sma3nz_stddevNorm,,1,True,0.4
speaker_independent,emotion_quadrant,logistic_regression,rfecv,rfecv,1,F3bandwidth_sma3nz_amean,,1,True,0.2
speaker_independent,emotion_quadrant,logistic_regression,rfecv,rfecv,1,F3bandwidth_sma3nz_stddevNorm,,1,True,0.4
speaker_independent,emotion_quadrant,logistic_regression,rfecv,rfecv,1,F3amplitudeLogRelF0_sma3nz_amean,,1,True,0.6
speaker_independent,emotion_quadrant,logistic_regression,rfecv,rfecv,1,F3amplitudeLogRelF0_sma3nz_stddevNorm,,1,True,1.0
speaker_independent,emotion_quadrant,logistic_regression,rfecv,rfecv,1,alphaRatioV_sma3nz_amean,,1,True,1.0
speaker_independent,emotion_quadrant,logistic_regression,rfecv,rfecv,1,alphaRatioV_sma3nz_stddevNorm,,2,False,0.0
speaker_independent,emotion_quadrant,logistic_regression,rfecv,rfecv,1,hammarbergIndexV_sma3nz_amean,,1,True,0.6
speaker_independent,emotion_quadrant,logistic_regression,rfecv,rfecv,1,hammarbergIndexV_sma3nz_stddevNorm,,1,True,0.4
speaker_independent,emotion_quadrant,logistic_regression,rfecv,rfecv,1,slopeV0-500_sma3nz_amean,,1,True,0.6
speaker_independent,emotion_quadrant,logistic_regression,rfecv,rfecv,1,slopeV0-500_sma3nz_stddevNorm,,5,False,0.0
speaker_independent,emotion_quadrant,logistic_regression,rfecv,rfecv,1,slopeV500-1500_sma3nz_amean,,1,True,0.4
speaker_independent,emotion_quadrant,logistic_regression,rfecv,rfecv,1,slopeV500-1500_sma3nz_stddevNorm,,1,True,0.4
speaker_independent,emotion_quadrant,logistic_regression,rfecv,rfecv,1,spectralFluxV_sma3nz_amean,,2,False,0.2
speaker_independent,emotion_quadrant,logistic_regression,rfecv,rfecv,1,spectralFluxV_sma3nz_stddevNorm,,1,True,0.4
speaker_independent,emotion_quadrant,logistic_regression,rfecv,rfecv,1,mfcc1V_sma3nz_amean,,1,True,0.4
speaker_independent,emotion_quadrant,logistic_regression,rfecv,rfecv,1,mfcc1V_sma3nz_stddevNorm,,3,False,0.0
speaker_independent,emotion_quadrant,logistic_regression,rfecv,rfecv,1,mfcc2V_sma3nz_amean,,1,True,0.8
speaker_independent,emotion_quadrant,logistic_regression,rfecv,rfecv,1,mfcc2V_sma3nz_stddevNorm,,5,False,0.0
speaker_independent,emotion_quadrant,logistic_regression,rfecv,rfecv,1,mfcc3V_sma3nz_amean,,2,False,0.4
speaker_independent,emotion_quadrant,logistic_regression,rfecv,rfecv,1,mfcc3V_sma3nz_stddevNorm,,1,True,0.4
speaker_independent,emotion_quadrant,logistic_regression,rfecv,rfecv,1,mfcc4V_sma3nz_amean,,3,False,0.2
speaker_independent,emotion_quadrant,logistic_regression,rfecv,rfecv,1,mfcc4V_sma3nz_stddevNorm,,1,True,0.2
speaker_independent,emotion_quadrant,logistic_regression,rfecv,rfecv,1,alphaRatioUV_sma3nz_amean,,1,True,1.0
speaker_independent,emotion_quadrant,logistic_regression,rfecv,rfecv,1,hammarbergIndexUV_sma3nz_amean,,1,True,1.0
speaker_independent,emotion_quadrant,logistic_regression,rfecv,rfecv,1,slopeUV0-500_sma3nz_amean,,1,True,0.4
speaker_independent,emotion_quadrant,logistic_regression,rfecv,rfecv,1,slopeUV500-1500_sma3nz_amean,,1,True,0.6
speaker_independent,emotion_quadrant,logistic_regression,rfecv,rfecv,1,spectralFluxUV_sma3nz_amean,,1,True,0.8
speaker_independent,emotion_quadrant,logistic_regression,rfecv,rfecv,1,loudnessPeaksPerSec,,1,True,0.4
speaker_independent,emotion_quadrant,logistic_regression,rfecv,rfecv,1,VoicedSegmentsPerSec,,1,True,0.4
speaker_independent,emotion_quadrant,logistic_regression,rfecv,rfecv,1,MeanVoicedSegmentLengthSec,,1,True,0.4
speaker_independent,emotion_quadrant,logistic_regression,rfecv,rfecv,1,StddevVoicedSegmentLengthSec,,1,True,0.4
speaker_independent,emotion_quadrant,logistic_regression,rfecv,rfecv,1,MeanUnvoicedSegmentLength,,1,True,0.4
speaker_independent,emotion_quadrant,logistic_regression,rfecv,rfecv,1,StddevUnvoicedSegmentLength,,1,True,0.6
speaker_independent,emotion_quadrant,logistic_regression,rfecv,rfecv,1,equivalentSoundLevel_dBp,,1,True,0.8
speaker_independent,emotion_quadrant,logistic_regression,rfecv,rfecv,2,F0semitoneFrom27.5Hz_sma3nz_amean,,1,True,0.8
speaker_independent,emotion_quadrant,logistic_regression,rfecv,rfecv,2,F0semitoneFrom27.5Hz_sma3nz_stddevNorm,,1,True,0.4
speaker_independent,emotion_quadrant,logistic_regression,rfecv,rfecv,2,F0semitoneFrom27.5Hz_sma3nz_percentile20.0,,1,True,0.4
speaker_independent,emotion_quadrant,logistic_regression,rfecv,rfecv,2,F0semitoneFrom27.5Hz_sma3nz_percentile50.0,,1,True,1.0
speaker_independent,emotion_quadrant,logistic_regression,rfecv,rfecv,2,F0semitoneFrom27.5Hz_sma3nz_percentile80.0,,1,True,0.4
speaker_independent,emotion_quadrant,logistic_regression,rfecv,rfecv,2,F0semitoneFrom27.5Hz_sma3nz_pctlrange0-2,,1,True,0.6
speaker_independent,emotion_quadrant,logistic_regression,rfecv,rfecv,2,F0semitoneFrom27.5Hz_sma3nz_meanRisingSlope,,1,True,0.4
speaker_independent,emotion_quadrant,logistic_regression,rfecv,rfecv,2,F0semitoneFrom27.5Hz_sma3nz_stddevRisingSlope,,1,True,0.4
speaker_independent,emotion_quadrant,logistic_regression,rfecv,rfecv,2,F0semitoneFrom27.5Hz_sma3nz_meanFallingSlope,,1,True,0.4
speaker_independent,emotion_quadrant,logistic_regression,rfecv,rfecv,2,F0semitoneFrom27.5Hz_sma3nz_stddevFallingSlope,,1,True,0.8
speaker_independent,emotion_quadrant,logistic_regression,rfecv,rfecv,2,loudness_sma3_amean,,1,True,0.6
speaker_independent,emotion_quadrant,logistic_regression,rfecv,rfecv,2,loudness_sma3_stddevNorm,,1,True,0.4
speaker_independent,emotion_quadrant,logistic_regression,rfecv,rfecv,2,loudness_sma3_percentile20.0,,1,True,0.4
speaker_independent,emotion_quadrant,logistic_regression,rfecv,rfecv,2,loudness_sma3_percentile50.0,,1,True,0.8
speaker_independent,emotion_quadrant,logistic_regression,rfecv,rfecv,2,loudness_sma3_percentile80.0,,1,True,0.4
speaker_independent,emotion_quadrant,logistic_regression,rfecv,rfecv,2,loudness_sma3_pctlrange0-2,,1,True,1.0
speaker_independent,emotion_quadrant,logistic_regression,rfecv,rfecv,2,loudness_sma3_meanRisingSlope,,1,True,0.8
speaker_independent,emotion_quadrant,logistic_regression,rfecv,rfecv,2,loudness_sma3_stddevRisingSlope,,1,True,0.6
speaker_independent,emotion_quadrant,logistic_regression,rfecv,rfecv,2,loudness_sma3_meanFallingSlope,,1,True,0.8
speaker_independent,emotion_quadrant,logistic_regression,rfecv,rfecv,2,loudness_sma3_stddevFallingSlope,,1,True,0.6
speaker_independent,emotion_quadrant,logistic_regression,rfecv,rfecv,2,spectralFlux_sma3_amean,,1,True,0.2
speaker_independent,emotion_quadrant,logistic_regression,rfecv,rfecv,2,spectralFlux_sma3_stddevNorm,,2,False,0.2
speaker_independent,emotion_quadrant,logistic_regression,rfecv,rfecv,2,mfcc1_sma3_amean,,1,True,0.4
speaker_independent,emotion_quadrant,logistic_regression,rfecv,rfecv,2,mfcc1_sma3_stddevNorm,,1,True,0.4
speaker_independent,emotion_quadrant,logistic_regression,rfecv,rfecv,2,mfcc2_sma3_amean,,1,True,0.6
speaker_independent,emotion_quadrant,logistic_regression,rfecv,rfecv,2,mfcc2_sma3_stddevNorm,,1,True,0.4
speaker_independent,emotion_quadrant,logistic_regression,rfecv,rfecv,2,mfcc3_sma3_amean,,1,True,0.8
speaker_independent,emotion_quadrant,logistic_regression,rfecv,rfecv,2,mfcc3_sma3_stddevNorm,,1,True,0.4
speaker_independent,emotion_quadrant,logistic_regression,rfecv,rfecv,2,mfcc4_sma3_amean,,1,True,0.6
speaker_independent,emotion_quadrant,logistic_regression,rfecv,rfecv,2,mfcc4_sma3_stddevNorm,,1,True,0.2
speaker_independent,emotion_quadrant,logistic_regression,rfecv,rfecv,2,jitterLocal_sma3nz_amean,,1,True,0.4
speaker_independent,emotion_quadrant,logistic_regression,rfecv,rfecv,2,jitterLocal_sma3nz_stddevNorm,,1,True,0.2
speaker_independent,emotion_quadrant,logistic_regression,rfecv,rfecv,2,shimmerLocaldB_sma3nz_amean,,1,True,0.4
speaker_independent,emotion_quadrant,logistic_regression,rfecv,rfecv,2,shimmerLocaldB_sma3nz_stddevNorm,,2,False,0.0
speaker_independent,emotion_quadrant,logistic_regression,rfecv,rfecv,2,HNRdBACF_sma3nz_amean,,1,True,1.0
speaker_independent,emotion_quadrant,logistic_regression,rfecv,rfecv,2,HNRdBACF_sma3nz_stddevNorm,,1,True,0.4
speaker_independent,emotion_quadrant,logistic_regression,rfecv,rfecv,2,logRelF0-H1-H2_sma3nz_amean,,1,True,0.2
speaker_independent,emotion_quadrant,logistic_regression,rfecv,rfecv,2,logRelF0-H1-H2_sma3nz_stddevNorm,,3,False,0.0
speaker_independent,emotion_quadrant,logistic_regression,rfecv,rfecv,2,logRelF0-H1-A3_sma3nz_amean,,1,True,0.6
speaker_independent,emotion_quadrant,logistic_regression,rfecv,rfecv,2,logRelF0-H1-A3_sma3nz_stddevNorm,,1,True,0.6
speaker_independent,emotion_quadrant,logistic_regression,rfecv,rfecv,2,F1frequency_sma3nz_amean,,1,True,0.8
speaker_independent,emotion_quadrant,logistic_regression,rfecv,rfecv,2,F1frequency_sma3nz_stddevNorm,,1,True,0.4
speaker_independent,emotion_quadrant,logistic_regression,rfecv,rfecv,2,F1bandwidth_sma3nz_amean,,1,True,0.4
speaker_independent,emotion_quadrant,logistic_regression,rfecv,rfecv,2,F1bandwidth_sma3nz_stddevNorm,,1,True,0.6
speaker_independent,emotion_quadrant,logistic_regression,rfecv,rfecv,2,F1amplitudeLogRelF0_sma3nz_amean,,1,True,1.0
speaker_independent,emotion_quadrant,logistic_regression,rfecv,rfecv,2,F1amplitudeLogRelF0_sma3nz_stddevNorm,,1,True,1.0
speaker_independent,emotion_quadrant,logistic_regression,rfecv,rfecv,2,F2frequency_sma3nz_amean,,1,True,0.6
speaker_independent,emotion_quadrant,logistic_regression,rfecv,rfecv,2,F2frequency_sma3nz_stddevNorm,,1,True,0.2
speaker_independent,emotion_quadrant,logistic_regression,rfecv,rfecv,2,F2bandwidth_sma3nz_amean,,3,False,0.0
speaker_independent,emotion_quadrant,logistic_regression,rfecv,rfecv,2,F2bandwidth_sma3nz_stddevNorm,,1,True,0.4
speaker_independent,emotion_quadrant,logistic_regression,rfecv,rfecv,2,F2amplitudeLogRelF0_sma3nz_amean,,1,True,0.6
speaker_independent,emotion_quadrant,logistic_regression,rfecv,rfecv,2,F2amplitudeLogRelF0_sma3nz_stddevNorm,,1,True,1.0
speaker_independent,emotion_quadrant,logistic_regression,rfecv,rfecv,2,F3frequency_sma3nz_amean,,1,True,0.8
speaker_independent,emotion_quadrant,logistic_regression,rfecv,rfecv,2,F3frequency_sma3nz_stddevNorm,,1,True,0.4
speaker_independent,emotion_quadrant,logistic_regression,rfecv,rfecv,2,F3bandwidth_sma3nz_amean,,2,False,0.2
speaker_independent,emotion_quadrant,logistic_regression,rfecv,rfecv,2,F3bandwidth_sma3nz_stddevNorm,,1,True,0.4
speaker_independent,emotion_quadrant,logistic_regression,rfecv,rfecv,2,F3amplitudeLogRelF0_sma3nz_amean,,1,True,0.6
speaker_independent,emotion_quadrant,logistic_regression,rfecv,rfecv,2,F3amplitudeLogRelF0_sma3nz_stddevNorm,,1,True,1.0
speaker_independent,emotion_quadrant,logistic_regression,rfecv,rfecv,2,alphaRatioV_sma3nz_amean,,1,True,1.0
speaker_independent,emotion_quadrant,logistic_regression,rfecv,rfecv,2,alphaRatioV_sma3nz_stddevNorm,,3,False,0.0
speaker_independent,emotion_quadrant,logistic_regression,rfecv,rfecv,2,hammarbergIndexV_sma3nz_amean,,1,True,0.6
speaker_independent,emotion_quadrant,logistic_regression,rfecv,rfecv,2,hammarbergIndexV_sma3nz_stddevNorm,,1,True,0.4
speaker_independent,emotion_quadrant,logistic_regression,rfecv,rfecv,2,slopeV0-500_sma3nz_amean,,1,True,0.6
speaker_independent,emotion_quadrant,logistic_regression,rfecv,rfecv,2,slopeV0-500_sma3nz_stddevNorm,,3,False,0.0
speaker_independent,emotion_quadrant,logistic_regression,rfecv,rfecv,2,slopeV500-1500_sma3nz_amean,,1,True,0.4
speaker_independent,emotion_quadrant,logistic_regression,rfecv,rfecv,2,slopeV500-1500_sma3nz_stddevNorm,,1,True,0.4
speaker_independent,emotion_quadrant,logistic_regression,rfecv,rfecv,2,spectralFluxV_sma3nz_amean,,1,True,0.2
speaker_independent,emotion_quadrant,logistic_regression,rfecv,rfecv,2,spectralFluxV_sma3nz_stddevNorm,,1,True,0.4
speaker_independent,emotion_quadrant,logistic_regression,rfecv,rfecv,2,mfcc1V_sma3nz_amean,,1,True,0.4
speaker_independent,emotion_quadrant,logistic_regression,rfecv,rfecv,2,mfcc1V_sma3nz_stddevNorm,,2,False,0.0
speaker_independent,emotion_quadrant,logistic_regression,rfecv,rfecv,2,mfcc2V_sma3nz_amean,,1,True,0.8
speaker_independent,emotion_quadrant,logistic_regression,rfecv,rfecv,2,mfcc2V_sma3nz_stddevNorm,,2,False,0.0
speaker_independent,emotion_quadrant,logistic_regression,rfecv,rfecv,2,mfcc3V_sma3nz_amean,,1,True,0.4
speaker_independent,emotion_quadrant,logistic_regression,rfecv,rfecv,2,mfcc3V_sma3nz_stddevNorm,,1,True,0.4
speaker_independent,emotion_quadrant,logistic_regression,rfecv,rfecv,2,mfcc4V_sma3nz_amean,,1,True,0.2
speaker_independent,emotion_quadrant,logistic_regression,rfecv,rfecv,2,mfcc4V_sma3nz_stddevNorm,,3,False,0.2
speaker_independent,emotion_quadrant,logistic_regression,rfecv,rfecv,2,alphaRatioUV_sma3nz_amean,,1,True,1.0
speaker_independent,emotion_quadrant,logistic_regression,rfecv,rfecv,2,hammarbergIndexUV_sma3nz_amean,,1,True,1.0
speaker_independent,emotion_quadrant,logistic_regression,rfecv,rfecv,2,slopeUV0-500_sma3nz_amean,,1,True,0.4
speaker_independent,emotion_quadrant,logistic_regression,rfecv,rfecv,2,slopeUV500-1500_sma3nz_amean,,1,True,0.6
speaker_independent,emotion_quadrant,logistic_regression,rfecv,rfecv,2,spectralFluxUV_sma3nz_amean,,1,True,0.8
speaker_independent,emotion_quadrant,logistic_regression,rfecv,rfecv,2,loudnessPeaksPerSec,,1,True,0.4
speaker_independent,emotion_quadrant,logistic_regression,rfecv,rfecv,2,VoicedSegmentsPerSec,,1,True,0.4
speaker_independent,emotion_quadrant,logistic_regression,rfecv,rfecv,2,MeanVoicedSegmentLengthSec,,1,True,0.4
speaker_independent,emotion_quadrant,logistic_regression,rfecv,rfecv,2,StddevVoicedSegmentLengthSec,,1,True,0.4
speaker_independent,emotion_quadrant,logistic_regression,rfecv,rfecv,2,MeanUnvoicedSegmentLength,,1,True,0.4
speaker_independent,emotion_quadrant,logistic_regression,rfecv,rfecv,2,StddevUnvoicedSegmentLength,,1,True,0.6
speaker_independent,emotion_quadrant,logistic_regression,rfecv,rfecv,2,equivalentSoundLevel_dBp,,1,True,0.8
speaker_independent,emotion_quadrant,logistic_regression,rfecv,rfecv,3,F0semitoneFrom27.5Hz_sma3nz_amean,,1,True,0.8
speaker_independent,emotion_quadrant,logistic_regression,rfecv,rfecv,3,F0semitoneFrom27.5Hz_sma3nz_stddevNorm,,8,False,0.4
speaker_independent,emotion_quadrant,logistic_regression,rfecv,rfecv,3,F0semitoneFrom27.5Hz_sma3nz_percentile20.0,,9,False,0.4
speaker_independent,emotion_quadrant,logistic_regression,rfecv,rfecv,3,F0semitoneFrom27.5Hz_sma3nz_percentile50.0,,1,True,1.0
speaker_independent,emotion_quadrant,logistic_regression,rfecv,rfecv,3,F0semitoneFrom27.5Hz_sma3nz_percentile80.0,,7,False,0.4
speaker_independent,emotion_quadrant,logistic_regression,rfecv,rfecv,3,F0semitoneFrom27.5Hz_sma3nz_pctlrange0-2,,2,False,0.6
speaker_independent,emotion_quadrant,logistic_regression,rfecv,rfecv,3,F0semitoneFrom27.5Hz_sma3nz_meanRisingSlope,,8,False,0.4
speaker_independent,emotion_quadrant,logistic_regression,rfecv,rfecv,3,F0semitoneFrom27.5Hz_sma3nz_stddevRisingSlope,,9,False,0.4
speaker_independent,emotion_quadrant,logistic_regression,rfecv,rfecv,3,F0semitoneFrom27.5Hz_sma3nz_meanFallingSlope,,8,False,0.4
speaker_independent,emotion_quadrant,logistic_regression,rfecv,rfecv,3,F0semitoneFrom27.5Hz_sma3nz_stddevFallingSlope,,1,True,0.8
speaker_independent,emotion_quadrant,logistic_regression,rfecv,rfecv,3,loudness_sma3_amean,,1,True,0.6
speaker_independent,emotion_quadrant,logistic_regression,rfecv,rfecv,3,loudness_sma3_stddevNorm,,7,False,0.4
speaker_independent,emotion_quadrant,logistic_regression,rfecv,rfecv,3,loudness_sma3_percentile20.0,,2,False,0.4
speaker_independent,emotion_quadrant,logistic_regression,rfecv,rfecv,3,loudness_sma3_percentile50.0,,1,True,0.8
speaker_independent,emotion_quadrant,logistic_regression,rfecv,rfecv,3,loudness_sma3_percentile80.0,,5,False,0.4
speaker_independent,emotion_quadrant,logistic_regression,rfecv,rfecv,3,loudness_sma3_pctlrange0-2,,1,True,1.0
speaker_independent,emotion_quadrant,logistic_regression,rfecv,rfecv,3,loudness_sma3_meanRisingSlope,,1,True,0.8
speaker_independent,emotion_quadrant,logistic_regression,rfecv,rfecv,3,loudness_sma3_stddevRisingSlope,,1,True,0.6
speaker_independent,emotion_quadrant,logistic_regression,rfecv,rfecv,3,loudness_sma3_meanFallingSlope,,1,True,0.8
speaker_independent,emotion_quadrant,logistic_regression,rfecv,rfecv,3,loudness_sma3_stddevFallingSlope,,10,False,0.6
speaker_independent,emotion_quadrant,logistic_regression,rfecv,rfecv,3,spectralFlux_sma3_amean,,10,False,0.2
speaker_independent,emotion_quadrant,logistic_regression,rfecv,rfecv,3,spectralFlux_sma3_stddevNorm,,11,False,0.2
speaker_independent,emotion_quadrant,logistic_regression,rfecv,rfecv,3,mfcc1_sma3_amean,,3,False,0.4
speaker_independent,emotion_quadrant,logistic_regression,rfecv,rfecv,3,mfcc1_sma3_stddevNorm,,4,False,0.4
speaker_independent,emotion_quadrant,logistic_regression,rfecv,rfecv,3,mfcc2_sma3_amean,,1,True,0.6
speaker_independent,emotion_quadrant,logistic_regression,rfecv,rfecv,3,mfcc2_sma3_stddevNorm,,1,True,0.4
speaker_independent,emotion_quadrant,logistic_regression,rfecv,rfecv,3,mfcc3_sma3_amean,,1,True,0.8
speaker_independent,emotion_quadrant,logistic_regression,rfecv,rfecv,3,mfcc3_sma3_stddevNorm,,12,False,0.4
speaker_independent,emotion_quadrant,logistic_regression,rfecv,rfecv,3,mfcc4_sma3_amean,,5,False,0.6
speaker_independent,emotion_quadrant,logistic_regression,rfecv,rfecv,3,mfcc4_sma3_stddevNorm,,13,False,0.2
speaker_independent,emotion_quadrant,logistic_regression,rfecv,rfecv,3,jitterLocal_sma3nz_amean,,6,False,0.4
speaker_independent,emotion_quadrant,logistic_regression,rfecv,rfecv,3,jitterLocal_sma3nz_stddevNorm,,7,False,0.2
speaker_independent,emotion_quadrant,logistic_regression,rfecv,rfecv,3,shimmerLocaldB_sma3nz_amean,,9,False,0.4
speaker_independent,emotion_quadrant,logistic_regression,rfecv,rfecv,3,shimmerLocaldB_sma3nz_stddevNorm,,7,False,0.0
speaker_independent,emotion_quadrant,logistic_regression,rfecv,rfecv,3,HNRdBACF_sma3nz_amean,,1,True,1.0
speaker_independent,emotion_quadrant,logistic_regression,rfecv,rfecv,3,HNRdBACF_sma3nz_stddevNorm,,3,False,0.4
speaker_independent,emotion_quadrant,logistic_regression,rfecv,rfecv,3,logRelF0-H1-H2_sma3nz_amean,,11,False,0.2
speaker_independent,emotion_quadrant,logistic_regression,rfecv,rfecv,3,logRelF0-H1-H2_sma3nz_stddevNorm,,13,False,0.0
speaker_independent,emotion_quadrant,logistic_regression,rfecv,rfecv,3,logRelF0-H1-A3_sma3nz_amean,,1,True,0.6
speaker_independent,emotion_quadrant,logistic_regression,rfecv,rfecv,3,logRelF0-H1-A3_sma3nz_stddevNorm,,1,True,0.6
speaker_independent,emotion_quadrant,logistic_regression,rfecv,rfecv,3,F1frequency_sma3nz_amean,,1,True,0.8
speaker_independent,emotion_quadrant,logistic_regression,rfecv,rfecv,3,F1frequency_sma3nz_stddevNorm,,13,False,0.4
speaker_independent,emotion_quadrant,logistic_regression,rfecv,rfecv,3,F1bandwidth_sma3nz_amean,,4,False,0.4
speaker_independent,emotion_quadrant,logistic_regression,rfecv,rfecv,3,F1bandwidth_sma3nz_stddevNorm,,1,True,0.6
speaker_independent,emotion_quadrant,logistic_regression,rfecv,rfecv,3,F1amplitudeLogRelF0_sma3nz_amean,,1,True,1.0
speaker_independent,emotion_quadrant,logistic_regression,rfecv,rfecv,3,F1amplitudeLogRelF0_sma3nz_stddevNorm,,1,True,1.0
speaker_independent,emotion_quadrant,logistic_regression,rfecv,rfecv,3,F2frequency_sma3nz_amean,,4,False,0.6
speaker_independent,emotion_quadrant,logistic_regression,rfecv,rfecv,3,F2frequency_sma3nz_stddevNorm,,6,False,0.2
speaker_independent,emotion_quadrant,logistic_regression,rfecv,rfecv,3,F2bandwidth_sma3nz_amean,,11,False,0.0
speaker_independent,emotion_quadrant,logistic_regression,rfecv,rfecv,3,F2bandwidth_sma3nz_stddevNorm,,13,False,0.4
speaker_independent,emotion_quadrant,logistic_regression,rfecv,rfecv,3,F2amplitudeLogRelF0_sma3nz_amean,,3,False,0.6
speaker_independent,emotion_quadrant,logistic_regression,rfecv,rfecv,3,F2amplitudeLogRelF0_sma3nz_stddevNorm,,1,True,1.0
speaker_independent,emotion_quadrant,logistic_regression,rfecv,rfecv,3,F3frequency_sma3nz_amean,,1,True,0.8
speaker_independent,emotion_quadrant,logistic_regression,rfecv,rfecv,3,F3frequency_sma3nz_stddevNorm,,11,False,0.4
speaker_independent,emotion_quadrant,logistic_regression,rfecv,rfecv,3,F3bandwidth_sma3nz_amean,,10,False,0.2
speaker_independent,emotion_quadrant,logistic_regression,rfecv,rfecv,3,F3bandwidth_sma3nz_stddevNorm,,9,False,0.4
speaker_independent,emotion_quadrant,logistic_regression,rfecv,rfecv,3,F3amplitudeLogRelF0_sma3nz_amean,,1,True,0.6
speaker_independent,emotion_quadrant,logistic_regression,rfecv,rfecv,3,F3amplitudeLogRelF0_sma3nz_stddevNorm,,1,True,1.0
speaker_independent,emotion_quadrant,logistic_regression,rfecv,rfecv,3,alphaRatioV_sma3nz_amean,,1,True,1.0
speaker_independent,emotion_quadrant,logistic_regression,rfecv,rfecv,3,alphaRatioV_sma3nz_stddevNorm,,11,False,0.0
speaker_independent,emotion_quadrant,logistic_regression,rfecv,rfecv,3,hammarbergIndexV_sma3nz_amean,,8,False,0.6
speaker_independent,emotion_quadrant,logistic_regression,rfecv,rfecv,3,hammarbergIndexV_sma3nz_stddevNorm,,5,False,0.4
speaker_independent,emotion_quadrant,logistic_regression,rfecv,rfecv,3,slopeV0-500_sma3nz_amean,,5,False,0.6
speaker_independent,emotion_quadrant,logistic_regression,rfecv,rfecv,3,slopeV0-500_sma3nz_stddevNorm,,13,False,0.0
speaker_independent,emotion_quadrant,logistic_regression,rfecv,rfecv,3,slopeV500-1500_sma3nz_amean,,2,False,0.4
speaker_independent,emotion_quadrant,logistic_regression,rfecv,rfecv,3,slopeV500-1500_sma3nz_stddevNorm,,2,False,0.4
speaker_independent,emotion_quadrant,logistic_regression,rfecv,rfecv,3,spectralFluxV_sma3nz_amean,,9,False,0.2
speaker_independent,emotion_quadrant,logistic_regression,rfecv,rfecv,3,spectralFluxV_sma3nz_stddevNorm,,8,False,0.4
speaker_independent,emotion_quadrant,logistic_regression,rfecv,rfecv,3,mfcc1V_sma3nz_amean,,3,False,0.4
speaker_independent,emotion_quadrant,logistic_regression,rfecv,rfecv,3,mfcc1V_sma3nz_stddevNorm,,12,False,0.0
speaker_independent,emotion_quadrant,logistic_regression,rfecv,rfecv,3,mfcc2V_sma3nz_amean,,1,True,0.8
speaker_independent,emotion_quadrant,logistic_regression,rfecv,rfecv,3,mfcc2V_sma3nz_stddevNorm,,12,False,0.0
speaker_independent,emotion_quadrant,logistic_regression,rfecv,rfecv,3,mfcc3V_sma3nz_amean,,6,False,0.4
speaker_independent,emotion_quadrant,logistic_regression,rfecv,rfecv,3,mfcc3V_sma3nz_stddevNorm,,6,False,0.4
speaker_independent,emotion_quadrant,logistic_regression,rfecv,rfecv,3,mfcc4V_sma3nz_amean,,10,False,0.2
speaker_independent,emotion_quadrant,logistic_regression,rfecv,rfecv,3,mfcc4V_sma3nz_stddevNorm,,12,False,0.2
speaker_independent,emotion_quadrant,logistic_regression,rfecv,rfecv,3,alphaRatioUV_sma3nz_amean,,1,True,1.0
speaker_independent,emotion_quadrant,logistic_regression,rfecv,rfecv,3,hammarbergIndexUV_sma3nz_amean,,1,True,1.0
speaker_independent,emotion_quadrant,logistic_regression,rfecv,rfecv,3,slopeUV0-500_sma3nz_amean,,2,False,0.4
speaker_independent,emotion_quadrant,logistic_regression,rfecv,rfecv,3,slopeUV500-1500_sma3nz_amean,,3,False,0.6
speaker_independent,emotion_quadrant,logistic_regression,rfecv,rfecv,3,spectralFluxUV_sma3nz_amean,,4,False,0.8
speaker_independent,emotion_quadrant,logistic_regression,rfecv,rfecv,3,loudnessPeaksPerSec,,10,False,0.4
speaker_independent,emotion_quadrant,logistic_regression,rfecv,rfecv,3,VoicedSegmentsPerSec,,5,False,0.4
speaker_independent,emotion_quadrant,logistic_regression,rfecv,rfecv,3,MeanVoicedSegmentLengthSec,,6,False,0.4
speaker_independent,emotion_quadrant,logistic_regression,rfecv,rfecv,3,StddevVoicedSegmentLengthSec,,12,False,0.4
speaker_independent,emotion_quadrant,logistic_regression,rfecv,rfecv,3,MeanUnvoicedSegmentLength,,7,False,0.4
speaker_independent,emotion_quadrant,logistic_regression,rfecv,rfecv,3,StddevUnvoicedSegmentLength,,4,False,0.6
speaker_independent,emotion_quadrant,logistic_regression,rfecv,rfecv,3,equivalentSoundLevel_dBp,,1,True,0.8
speaker_independent,emotion_quadrant,logistic_regression,rfecv,rfecv,4,F0semitoneFrom27.5Hz_sma3nz_amean,,2,False,0.8
speaker_independent,emotion_quadrant,logistic_regression,rfecv,rfecv,4,F0semitoneFrom27.5Hz_sma3nz_stddevNorm,,8,False,0.4
speaker_independent,emotion_quadrant,logistic_regression,rfecv,rfecv,4,F0semitoneFrom27.5Hz_sma3nz_percentile20.0,,7,False,0.4
speaker_independent,emotion_quadrant,logistic_regression,rfecv,rfecv,4,F0semitoneFrom27.5Hz_sma3nz_percentile50.0,,1,True,1.0
speaker_independent,emotion_quadrant,logistic_regression,rfecv,rfecv,4,F0semitoneFrom27.5Hz_sma3nz_percentile80.0,,9,False,0.4
speaker_independent,emotion_quadrant,logistic_regression,rfecv,rfecv,4,F0semitoneFrom27.5Hz_sma3nz_pctlrange0-2,,6,False,0.6
speaker_independent,emotion_quadrant,logistic_regression,rfecv,rfecv,4,F0semitoneFrom27.5Hz_sma3nz_meanRisingSlope,,9,False,0.4
speaker_independent,emotion_quadrant,logistic_regression,rfecv,rfecv,4,F0semitoneFrom27.5Hz_sma3nz_stddevRisingSlope,,10,False,0.4
speaker_independent,emotion_quadrant,logistic_regression,rfecv,rfecv,4,F0semitoneFrom27.5Hz_sma3nz_meanFallingSlope,,15,False,0.4
speaker_independent,emotion_quadrant,logistic_regression,rfecv,rfecv,4,F0semitoneFrom27.5Hz_sma3nz_stddevFallingSlope,,3,False,0.8
speaker_independent,emotion_quadrant,logistic_regression,rfecv,rfecv,4,loudness_sma3_amean,,7,False,0.6
speaker_independent,emotion_quadrant,logistic_regression,rfecv,rfecv,4,loudness_sma3_stddevNorm,,9,False,0.4
speaker_independent,emotion_quadrant,logistic_regression,rfecv,rfecv,4,loudness_sma3_percentile20.0,,14,False,0.4
speaker_independent,emotion_quadrant,logistic_regression,rfecv,rfecv,4,loudness_sma3_percentile50.0,,1,True,0.8
speaker_independent,emotion_quadrant,logistic_regression,rfecv,rfecv,4,loudness_sma3_percentile80.0,,7,False,0.4
speaker_independent,emotion_quadrant,logistic_regression,rfecv,rfecv,4,loudness_sma3_pctlrange0-2,,1,True,1.0
speaker_independent,emotion_quadrant,logistic_regression,rfecv,rfecv,4,loudness_sma3_meanRisingSlope,,2,False,0.8
speaker_independent,emotion_quadrant,logistic_regression,rfecv,rfecv,4,loudness_sma3_stddevRisingSlope,,14,False,0.6
speaker_independent,emotion_quadrant,logistic_regression,rfecv,rfecv,4,loudness_sma3_meanFallingSlope,,4,False,0.8
speaker_independent,emotion_quadrant,logistic_regression,rfecv,rfecv,4,loudness_sma3_stddevFallingSlope,,5,False,0.6
speaker_independent,emotion_quadrant,logistic_regression,rfecv,rfecv,4,spectralFlux_sma3_amean,,14,False,0.2
speaker_independent,emotion_quadrant,logistic_regression,rfecv,rfecv,4,spectralFlux_sma3_stddevNorm,,14,False,0.2
speaker_independent,emotion_quadrant,logistic_regression,rfecv,rfecv,4,mfcc1_sma3_amean,,4,False,0.4
speaker_independent,emotion_quadrant,logistic_regression,rfecv,rfecv,4,mfcc1_sma3_stddevNorm,,4,False,0.4
speaker_independent,emotion_quadrant,logistic_regression,rfecv,rfecv,4,mfcc2_sma3_amean,,1,True,0.6
speaker_independent,emotion_quadrant,logistic_regression,rfecv,rfecv,4,mfcc2_sma3_stddevNorm,,8,False,0.4
speaker_independent,emotion_quadrant,logistic_regression,rfecv,rfecv,4,mfcc3_sma3_amean,,5,False,0.8
speaker_independent,emotion_quadrant,logistic_regression,rfecv,rfecv,4,mfcc3_sma3_stddevNorm,,12,False,0.4
speaker_independent,emotion_quadrant,logistic_regression,rfecv,rfecv,4,mfcc4_sma3_amean,,2,False,0.6
speaker_independent,emotion_quadrant,logistic_regression,rfecv,rfecv,4,mfcc4_sma3_stddevNorm,,16,False,0.2
speaker_independent,emotion_quadrant,logistic_regression,rfecv,rfecv,4,jitterLocal_sma3nz_amean,,11,False,0.4
speaker_independent,emotion_quadrant,logistic_regression,rfecv,rfecv,4,jitterLocal_sma3nz_stddevNorm,,12,False,0.2
speaker_independent,emotion_quadrant,logistic_regression,rfecv,rfecv,4,shimmerLocaldB_sma3nz_amean,,11,False,0.4
speaker_independent,emotion_quadrant,logistic_regression,rfecv,rfecv,4,shimmerLocaldB_sma3nz_stddevNorm,,13,False,0.0
speaker_independent,emotion_quadrant,logistic_regression,rfecv,rfecv,4,HNRdBACF_sma3nz_amean,,1,True,1.0
speaker_independent,emotion_quadrant,logistic_regression,rfecv,rfecv,4,HNRdBACF_sma3nz_stddevNorm,,7,False,0.4
speaker_independent,emotion_quadrant,logistic_regression,rfecv,rfecv,4,logRelF0-H1-H2_sma3nz_amean,,11,False,0.2
speaker_independent,emotion_quadrant,logistic_regression,rfecv,rfecv,4,logRelF0-H1-H2_sma3nz_stddevNorm,,16,False,0.0
speaker_independent,emotion_quadrant,logistic_regression,rfecv,rfecv,4,logRelF0-H1-A3_sma3nz_amean,,6,False,0.6
speaker_independent,emotion_quadrant,logistic_regression,rfecv,rfecv,4,logRelF0-H1-A3_sma3nz_stddevNorm,,5,False,0.6
speaker_independent,emotion_quadrant,logistic_regression,rfecv,rfecv,4,F1frequency_sma3nz_amean,,2,False,0.8
speaker_independent,emotion_quadrant,logistic_regression,rfecv,rfecv,4,F1frequency_sma3nz_stddevNorm,,13,False,0.4
speaker_independent,emotion_quadrant,logistic_regression,rfecv,rfecv,4,F1bandwidth_sma3nz_amean,,10,False,0.4
speaker_independent,emotion_quadrant,logistic_regression,rfecv,rfecv,4,F1bandwidth_sma3nz_stddevNorm,,8,False,0.6
speaker_independent,emotion_quadrant,logistic_regression,rfecv,rfecv,4,F1amplitudeLogRelF0_sma3nz_amean,,1,True,1.0
speaker_independent,emotion_quadrant,logistic_regression,rfecv,rfecv,4,F1amplitudeLogRelF0_sma3nz_stddevNorm,,1,True,1.0
speaker_independent,emotion_quadrant,logistic_regression,rfecv,rfecv,4,F2frequency_sma3nz_amean,,6,False,0.6
speaker_independent,emotion_quadrant,logistic_regression,rfecv,rfecv,4,F2frequency_sma3nz_stddevNorm,,12,False,0.2
speaker_independent,emotion_quadrant,logistic_regression,rfecv,rfecv,4,F2bandwidth_sma3nz_amean,,15,False,0.0
speaker_independent,emotion_quadrant,logistic_regression,rfecv,rfecv,4,F2bandwidth_sma3nz_stddevNorm,,15,False,0.4
speaker_independent,emotion_quadrant,logistic_regression,rfecv,rfecv,4,F2amplitudeLogRelF0_sma3nz_amean,,13,False,0.6
speaker_independent,emotion_quadrant,logistic_regression,rfecv,rfecv,4,F2amplitudeLogRelF0_sma3nz_stddevNorm,,1,True,1.0
speaker_independent,emotion_quadrant,logistic_regression,rfecv,rfecv,4,F3frequency_sma3nz_amean,,3,False,0.8
speaker_independent,emotion_quadrant,logistic_regression,rfecv,rfecv,4,F3frequency_sma3nz_stddevNorm,,15,False,0.4
speaker_independent,emotion_quadrant,logistic_regression,rfecv,rfecv,4,F3bandwidth_sma3nz_amean,,11,False,0.2
speaker_independent,emotion_quadrant,logistic_regression,rfecv,rfecv,4,F3bandwidth_sma3nz_stddevNorm,,12,False,0.4
speaker_independent,emotion_quadrant,logistic_regression,rfecv,rfecv,4,F3amplitudeLogRelF0_sma3nz_amean,,4,False,0.6
speaker_independent,emotion_quadrant,logistic_regression,rfecv,rfecv,4,F3amplitudeLogRelF0_sma3nz_stddevNorm,,1,True,1.0
speaker_independent,emotion_quadrant,logistic_regression,rfecv,rfecv,4,alphaRatioV_sma3nz_amean,,1,True,1.0
speaker_independent,emotion_quadrant,logistic_regression,rfecv,rfecv,4,alphaRatioV_sma3nz_stddevNorm,,16,False,0.0
speaker_independent,emotion_quadrant,logistic_regression,rfecv,rfecv,4,hammarbergIndexV_sma3nz_amean,,4,False,0.6
speaker_independent,emotion_quadrant,logistic_regression,rfecv,rfecv,4,hammarbergIndexV_sma3nz_stddevNorm,,7,False,0.4
speaker_independent,emotion_quadrant,logistic_regression,rfecv,rfecv,4,slopeV0-500_sma3nz_amean,,3,False,0.6
speaker_independent,emotion_quadrant,logistic_regression,rfecv,rfecv,4,slopeV0-500_sma3nz_stddevNorm,,16,False,0.0
speaker_independent,emotion_quadrant,logistic_regression,rfecv,rfecv,4,slopeV500-1500_sma3nz_amean,,5,False,0.4
speaker_independent,emotion_quadrant,logistic_regression,rfecv,rfecv,4,slopeV500-1500_sma3nz_stddevNorm,,6,False,0.4
speaker_independent,emotion_quadrant,logistic_regression,rfecv,rfecv,4,spectralFluxV_sma3nz_amean,,8,False,0.2
speaker_independent,emotion_quadrant,logistic_regression,rfecv,rfecv,4,spectralFluxV_sma3nz_stddevNorm,,10,False,0.4
speaker_independent,emotion_quadrant,logistic_regression,rfecv,rfecv,4,mfcc1V_sma3nz_amean,,8,False,0.4
speaker_independent,emotion_quadrant,logistic_regression,rfecv,rfecv,4,mfcc1V_sma3nz_stddevNorm,,16,False,0.0
speaker_independent,emotion_quadrant,logistic_regression,rfecv,rfecv,4,mfcc2V_sma3nz_amean,,3,False,0.8
speaker_independent,emotion_quadrant,logistic_regression,rfecv,rfecv,4,mfcc2V_sma3nz_stddevNorm,,14,False,0.0
speaker_independent,emotion_quadrant,logistic_regression,rfecv,rfecv,4,mfcc3V_sma3nz_amean,,13,False,0.4
speaker_independent,emotion_quadrant,logistic_regression,rfecv,rfecv,4,mfcc3V_sma3nz_stddevNorm,,10,False,0.4
speaker_independent,emotion_quadrant,logistic_regression,rfecv,rfecv,4,mfcc4V_sma3nz_amean,,3,False,0.2
speaker_independent,emotion_quadrant,logistic_regression,rfecv,rfecv,4,mfcc4V_sma3nz_stddevNorm,,15,False,0.2
speaker_independent,emotion_quadrant,logistic_regression,rfecv,rfecv,4,alphaRatioUV_sma3nz_amean,,1,True,1.0
speaker_independent,emotion_quadrant,logistic_regression,rfecv,rfecv,4,hammarbergIndexUV_sma3nz_amean,,1,True,1.0
speaker_independent,emotion_quadrant,logistic_regression,rfecv,rfecv,4,slopeUV0-500_sma3nz_amean,,5,False,0.4
speaker_independent,emotion_quadrant,logistic_regression,rfecv,rfecv,4,slopeUV500-1500_sma3nz_amean,,6,False,0.6
speaker_independent,emotion_quadrant,logistic_regression,rfecv,rfecv,4,spectralFluxUV_sma3nz_amean,,1,True,0.8
speaker_independent,emotion_quadrant,logistic_regression,rfecv,rfecv,4,loudnessPeaksPerSec,,13,False,0.4
speaker_independent,emotion_quadrant,logistic_regression,rfecv,rfecv,4,VoicedSegmentsPerSec,,9,False,0.4
speaker_independent,emotion_quadrant,logistic_regression,rfecv,rfecv,4,MeanVoicedSegmentLengthSec,,10,False,0.4
speaker_independent,emotion_quadrant,logistic_regression,rfecv,rfecv,4,StddevVoicedSegmentLengthSec,,11,False,0.4
speaker_independent,emotion_quadrant,logistic_regression,rfecv,rfecv,4,MeanUnvoicedSegmentLength,,12,False,0.4
speaker_independent,emotion_quadrant,logistic_regression,rfecv,rfecv,4,StddevUnvoicedSegmentLength,,9,False,0.6
speaker_independent,emotion_quadrant,logistic_regression,rfecv,rfecv,4,equivalentSoundLevel_dBp,,2,False,0.8
speaker_independent,emotion_original_eval_quadrant,logistic_regression,rfecv,rfecv,0,F0semitoneFrom27.5Hz_sma3nz_amean,,1,True,1.0
speaker_independent,emotion_original_eval_quadrant,logistic_regression,rfecv,rfecv,0,F0semitoneFrom27.5Hz_sma3nz_stddevNorm,,3,False,0.2
speaker_independent,emotion_original_eval_quadrant,logistic_regression,rfecv,rfecv,0,F0semitoneFrom27.5Hz_sma3nz_percentile20.0,,1,True,0.6
speaker_independent,emotion_original_eval_quadrant,logistic_regression,rfecv,rfecv,0,F0semitoneFrom27.5Hz_sma3nz_percentile50.0,,1,True,1.0
speaker_independent,emotion_original_eval_quadrant,logistic_regression,rfecv,rfecv,0,F0semitoneFrom27.5Hz_sma3nz_percentile80.0,,1,True,0.8
speaker_independent,emotion_original_eval_quadrant,logistic_regression,rfecv,rfecv,0,F0semitoneFrom27.5Hz_sma3nz_pctlrange0-2,,1,True,1.0
speaker_independent,emotion_original_eval_quadrant,logistic_regression,rfecv,rfecv,0,F0semitoneFrom27.5Hz_sma3nz_meanRisingSlope,,8,False,0.2
speaker_independent,emotion_original_eval_quadrant,logistic_regression,rfecv,rfecv,0,F0semitoneFrom27.5Hz_sma3nz_stddevRisingSlope,,9,False,0.2
speaker_independent,emotion_original_eval_quadrant,logistic_regression,rfecv,rfecv,0,F0semitoneFrom27.5Hz_sma3nz_meanFallingSlope,,8,False,0.4
speaker_independent,emotion_original_eval_quadrant,logistic_regression,rfecv,rfecv,0,F0semitoneFrom27.5Hz_sma3nz_stddevFallingSlope,,1,True,0.8
speaker_independent,emotion_original_eval_quadrant,logistic_regression,rfecv,rfecv,0,loudness_sma3_amean,,8,False,0.2
speaker_independent,emotion_original_eval_quadrant,logistic_regression,rfecv,rfecv,0,loudness_sma3_stddevNorm,,1,True,1.0
speaker_independent,emotion_original_eval_quadrant,logistic_regression,rfecv,rfecv,0,loudness_sma3_percentile20.0,,6,False,0.6
speaker_independent,emotion_original_eval_quadrant,logistic_regression,rfecv,rfecv,0,loudness_sma3_percentile50.0,,5,False,0.8
speaker_independent,emotion_original_eval_quadrant,logistic_regression,rfecv,rfecv,0,loudness_sma3_percentile80.0,,2,False,0.4
speaker_independent,emotion_original_eval_quadrant,logistic_regression,rfecv,rfecv,0,loudness_sma3_pctlrange0-2,,1,True,1.0
speaker_independent,emotion_original_eval_quadrant,logistic_regression,rfecv,rfecv,0,loudness_sma3_meanRisingSlope,,1,True,1.0
speaker_independent,emotion_original_eval_quadrant,logistic_regression,rfecv,rfecv,0,loudness_sma3_stddevRisingSlope,,1,True,0.8
speaker_independent,emotion_original_eval_quadrant,logistic_regression,rfecv,rfecv,0,loudness_sma3_meanFallingSlope,,1,True,1.0
speaker_independent,emotion_original_eval_quadrant,logistic_regression,rfecv,rfecv,0,loudness_sma3_stddevFallingSlope,,1,True,0.6
speaker_independent,emotion_original_eval_quadrant,logistic_regression,rfecv,rfecv,0,spectralFlux_sma3_amean,,1,True,0.8
speaker_independent,emotion_original_eval_quadrant,logistic_regression,rfecv,rfecv,0,spectralFlux_sma3_stddevNorm,,4,False,0.6
speaker_independent,emotion_original_eval_quadrant,logistic_regression,rfecv,rfecv,0,mfcc1_sma3_amean,,1,True,1.0
speaker_independent,emotion_original_eval_quadrant,logistic_regression,rfecv,rfecv,0,mfcc1_sma3_stddevNorm,,1,True,0.8
speaker_independent,emotion_original_eval_quadrant,logistic_regression,rfecv,rfecv,0,mfcc2_sma3_amean,,1,True,1.0
speaker_independent,emotion_original_eval_quadrant,logistic_regression,rfecv,rfecv,0,mfcc2_sma3_stddevNorm,,1,True,0.8
speaker_independent,emotion_original_eval_quadrant,logistic_regression,rfecv,rfecv,0,mfcc3_sma3_amean,,1,True,1.0
speaker_independent,emotion_original_eval_quadrant,logistic_regression,rfecv,rfecv,0,mfcc3_sma3_stddevNorm,,5,False,0.2
speaker_independent,emotion_original_eval_quadrant,logistic_regression,rfecv,rfecv,0,mfcc4_sma3_amean,,1,True,1.0
speaker_independent,emotion_original_eval_quadrant,logistic_regression,rfecv,rfecv,0,mfcc4_sma3_stddevNorm,,9,False,0.2
speaker_independent,emotion_original_eval_quadrant,logistic_regression,rfecv,rfecv,0,jitterLocal_sma3nz_amean,,3,False,0.4
speaker_independent,emotion_original_eval_quadrant,logistic_regression,rfecv,rfecv,0,jitterLocal_sma3nz_stddevNorm,,9,False,0.2
speaker_independent,emotion_original_eval_quadrant,logistic_regression,rfecv,rfecv,0,shimmerLocaldB_sma3nz_amean,,7,False,0.4
speaker_independent,emotion_original_eval_quadrant,logistic_regression,rfecv,rfecv,0,shimmerLocaldB_sma3nz_stddevNorm,,6,False,0.4
speaker_independent,emotion_original_eval_quadrant,logistic_regression,rfecv,rfecv,0,HNRdBACF_sma3nz_amean,,1,True,1.0
speaker_independent,emotion_original_eval_quadrant,logistic_regression,rfecv,rfecv,0,HNRdBACF_sma3nz_stddevNorm,,2,False,0.6
speaker_independent,emotion_original_eval_quadrant,logistic_regression,rfecv,rfecv,0,logRelF0-H1-H2_sma3nz_amean,,6,False,0.2
speaker_independent,emotion_original_eval_quadrant,logistic_regression,rfecv,rfecv,0,logRelF0-H1-H2_sma3nz_stddevNorm,,9,False,0.4
speaker_independent,emotion_original_eval_quadrant,logistic_regression,rfecv,rfecv,0,logRelF0-H1-A3_sma3nz_amean,,4,False,0.6
speaker_independent,emotion_original_eval_quadrant,logistic_regression,rfecv,rfecv,0,logRelF0-H1-A3_sma3nz_stddevNorm,,3,False,0.8
speaker_independent,emotion_original_eval_quadrant,logistic_regression,rfecv,rfecv,0,F1frequency_sma3nz_amean,,1,True,1.0
speaker_independent,emotion_original_eval_quadrant,logistic_regression,rfecv,rfecv,0,F1frequency_sma3nz_stddevNorm,,10,False,0.2
speaker_independent,emotion_original_eval_quadrant,logistic_regression,rfecv,rfecv,0,F1bandwidth_sma3nz_amean,,5,False,0.2
speaker_independent,emotion_original_eval_quadrant,logistic_regression,rfecv,rfecv,0,F1bandwidth_sma3nz_stddevNorm,,8,False,0.4
speaker_independent,emotion_original_eval_quadrant,logistic_regression,rfecv,rfecv,0,F1amplitudeLogRelF0_sma3nz_amean,,1,True,1.0
speaker_independent,emotion_original_eval_quadrant,logistic_regression,rfecv,rfecv,0,F1amplitudeLogRelF0_sma3nz_stddevNorm,,1,True,0.8
speaker_independent,emotion_original_eval_quadrant,logistic_regression,rfecv,rfecv,0,F2frequency_sma3nz_amean,,4,False,0.4
speaker_independent,emotion_original_eval_quadrant,logistic_regression,rfecv,rfecv,0,F2frequency_sma3nz_stddevNorm,,7,False,0.4
speaker_independent,emotion_original_eval_quadrant,logistic_regression,rfecv,rfecv,0,F2bandwidth_sma3nz_amean,,10,False,0.2
speaker_independent,emotion_original_eval_quadrant,logistic_regression,rfecv,rfecv,0,F2bandwidth_sma3nz_stddevNorm,,9,False,0.2
speaker_independent,emotion_original_eval_quadrant,logistic_regression,rfecv,rfecv,0,F2amplitudeLogRelF0_sma3nz_amean,,4,False,0.6
speaker_independent,emotion_original_eval_quadrant,logistic_regression,rfecv,rfecv,0,F2amplitudeLogRelF0_sma3nz_stddevNorm,,2,False,0.6
speaker_independent,emotion_original_eval_quadrant,logistic_regression,rfecv,rfecv,0,F3frequency_sma3nz_amean,,1,True,1.0
speaker_independent,emotion_original_eval_quadrant,logistic_regression,rfecv,rfecv,0,F3frequency_sma3nz_stddevNorm,,6,False,0.4
speaker_independent,emotion_original_eval_quadrant,logistic_regression,rfecv,rfecv,0,F3bandwidth_sma3nz_amean,,6,False,0.2
speaker_independent,emotion_original_eval_quadrant,logistic_regression,rfecv,rfecv,0,F3bandwidth_sma3nz_stddevNorm,,7,False,0.2
speaker_independent,emotion_original_eval_quadrant,logistic_regression,rfecv,rfecv,0,F3amplitudeLogRelF0_sma3nz_amean,,1,True,1.0
speaker_independent,emotion_original_eval_quadrant,logistic_regression,rfecv,rfecv,0,F3amplitudeLogRelF0_sma3nz_stddevNorm,,1,True,1.0
speaker_independent,emotion_original_eval_quadrant,logistic_regression,rfecv,rfecv,0,alphaRatioV_sma3nz_amean,,1,True,0.8
speaker_independent,emotion_original_eval_quadrant,logistic_regression,rfecv,rfecv,0,alphaRatioV_sma3nz_stddevNorm,,8,False,0.2
speaker_independent,emotion_original_eval_quadrant,logistic_regression,rfecv,rfecv,0,hammarbergIndexV_sma3nz_amean,,1,True,0.8
speaker_independent,emotion_original_eval_quadrant,logistic_regression,rfecv,rfecv,0,hammarbergIndexV_sma3nz_stddevNorm,,2,False,0.8
speaker_independent,emotion_original_eval_quadrant,logistic_regression,rfecv,rfecv,0,slopeV0-500_sma3nz_amean,,1,True,1.0
speaker_independent,emotion_original_eval_quadrant,logistic_regression,rfecv,rfecv,0,slopeV0-500_sma3nz_stddevNorm,,5,False,0.2
speaker_independent,emotion_original_eval_quadrant,logistic_regression,rfecv,rfecv,0,slopeV500-1500_sma3nz_amean,,1,True,1.0
speaker_independent,emotion_original_eval_quadrant,logistic_regression,rfecv,rfecv,0,slopeV500-1500_sma3nz_stddevNorm,,1,True,1.0
speaker_independent,emotion_original_eval_quadrant,logistic_regression,rfecv,rfecv,0,spectralFluxV_sma3nz_amean,,1,True,1.0
speaker_independent,emotion_original_eval_quadrant,logistic_regression,rfecv,rfecv,0,spectralFluxV_sma3nz_stddevNorm,,1,True,0.8
speaker_independent,emotion_original_eval_quadrant,logistic_regression,rfecv,rfecv,0,mfcc1V_sma3nz_amean,,3,False,0.6
speaker_independent,emotion_original_eval_quadrant,logistic_regression,rfecv,rfecv,0,mfcc1V_sma3nz_stddevNorm,,10,False,0.2
speaker_independent,emotion_original_eval_quadrant,logistic_regression,rfecv,rfecv,0,mfcc2V_sma3nz_amean,,1,True,1.0
speaker_independent,emotion_original_eval_quadrant,logistic_regression,rfecv,rfecv,0,mfcc2V_sma3nz_stddevNorm,,10,False,0.2
speaker_independent,emotion_original_eval_quadrant,logistic_regression,rfecv,rfecv,0,mfcc3V_sma3nz_amean,,2,False,0.6
speaker_independent,emotion_original_eval_quadrant,logistic_regression,rfecv,rfecv,0,mfcc3V_sma3nz_stddevNorm,,5,False,0.4
speaker_independent,emotion_original_eval_quadrant,logistic_regression,rfecv,rfecv,0,mfcc4V_sma3nz_amean,,1,True,1.0
speaker_independent,emotion_original_eval_quadrant,logistic_regression,rfecv,rfecv,0,mfcc4V_sma3nz_stddevNorm,,10,False,0.2
speaker_independent,emotion_original_eval_quadrant,logistic_regression,rfecv,rfecv,0,alphaRatioUV_sma3nz_amean,,1,True,1.0
speaker_independent,emotion_original_eval_quadrant,logistic_regression,rfecv,rfecv,0,hammarbergIndexUV_sma3nz_amean,,1,True,1.0
speaker_independent,emotion_original_eval_quadrant,logistic_regression,rfecv,rfecv,0,slopeUV0-500_sma3nz_amean,,1,True,0.8
speaker_independent,emotion_original_eval_quadrant,logistic_regression,rfecv,rfecv,0,slopeUV500-1500_sma3nz_amean,,1,True,1.0
speaker_independent,emotion_original_eval_quadrant,logistic_regression,rfecv,rfecv,0,spectralFluxUV_sma3nz_amean,,1,True,1.0
speaker_independent,emotion_original_eval_quadrant,logistic_regression,rfecv,rfecv,0,loudnessPeaksPerSec,,3,False,0.4
speaker_independent,emotion_original_eval_quadrant,logistic_regression,rfecv,rfecv,0,VoicedSegmentsPerSec,,4,False,0.4
speaker_independent,emotion_original_eval_quadrant,logistic_regression,rfecv,rfecv,0,MeanVoicedSegmentLengthSec,,7,False,0.2
speaker_independent,emotion_original_eval_quadrant,logistic_regression,rfecv,rfecv,0,StddevVoicedSegmentLengthSec,,7,False,0.2
speaker_independent,emotion_original_eval_quadrant,logistic_regression,rfecv,rfecv,0,MeanUnvoicedSegmentLength,,1,True,0.6
speaker_independent,emotion_original_eval_quadrant,logistic_regression,rfecv,rfecv,0,StddevUnvoicedSegmentLength,,1,True,0.8
speaker_independent,emotion_original_eval_quadrant,logistic_regression,rfecv,rfecv,0,equivalentSoundLevel_dBp,,1,True,1.0
speaker_independent,emotion_original_eval_quadrant,logistic_regression,rfecv,rfecv,1,F0semitoneFrom27.5Hz_sma3nz_amean,,1,True,1.0
speaker_independent,emotion_original_eval_quadrant,logistic_regression,rfecv,rfecv,1,F0semitoneFrom27.5Hz_sma3nz_stddevNorm,,3,False,0.2
speaker_independent,emotion_original_eval_quadrant,logistic_regression,rfecv,rfecv,1,F0semitoneFrom27.5Hz_sma3nz_percentile20.0,,1,True,0.6
speaker_independent,emotion_original_eval_quadrant,logistic_regression,rfecv,rfecv,1,F0semitoneFrom27.5Hz_sma3nz_percentile50.0,,1,True,1.0
speaker_independent,emotion_original_eval_quadrant,logistic_regression,rfecv,rfecv,1,F0semitoneFrom27.5Hz_sma3nz_percentile80.0,,1,True,0.8
speaker_independent,emotion_original_eval_quadrant,logistic_regression,rfecv,rfecv,1,F0semitoneFrom27.5Hz_sma3nz_pctlrange0-2,,1,True,1.0
speaker_independent,emotion_original_eval_quadrant,logistic_regression,rfecv,rfecv,1,F0semitoneFrom27.5Hz_sma3nz_meanRisingSlope,,2,False,0.2
speaker_independent,emotion_original_eval_quadrant,logistic_regression,rfecv,rfecv,1,F0semitoneFrom27.5Hz_sma3nz_stddevRisingSlope,,5,False,0.2
speaker_independent,emotion_original_eval_quadrant,logistic_regression,rfecv,rfecv,1,F0semitoneFrom27.5Hz_sma3nz_meanFallingSlope,,6,False,0.4
speaker_independent,emotion_original_eval_quadrant,logistic_regression,rfecv,rfecv,1,F0semitoneFrom27.5Hz_sma3nz_stddevFallingSlope,,2,False,0.8
speaker_independent,emotion_original_eval_quadrant,logistic_regression,rfecv,rfecv,1,loudness_sma3_amean,,9,False,0.2
speaker_independent,emotion_original_eval_quadrant,logistic_regression,rfecv,rfecv,1,loudness_sma3_stddevNorm,,1,True,1.0
speaker_independent,emotion_original_eval_quadrant,logistic_regression,rfecv,rfecv,1,loudness_sma3_percentile20.0,,1,True,0.6
speaker_independent,emotion_original_eval_quadrant,logistic_regression,rfecv,rfecv,1,loudness_sma3_percentile50.0,,1,True,0.8
speaker_independent,emotion_original_eval_quadrant,logistic_regression,rfecv,rfecv,1,loudness_sma3_percentile80.0,,6,False,0.4
speaker_independent,emotion_original_eval_quadrant,logistic_regression,rfecv,rfecv,1,loudness_sma3_pctlrange0-2,,1,True,1.0
speaker_independent,emotion_original_eval_quadrant,logistic_regression,rfecv,rfecv,1,loudness_sma3_meanRisingSlope,,1,True,1.0
speaker_independent,emotion_original_eval_quadrant,logistic_regression,rfecv,rfecv,1,loudness_sma3_stddevRisingSlope,,1,True,0.8
speaker_independent,emotion_original_eval_quadrant,logistic_regression,rfecv,rfecv,1,loudness_sma3_meanFallingSlope,,1,True,1.0
speaker_independent,emotion_original_eval_quadrant,logistic_regression,rfecv,rfecv,1,loudness_sma3_stddevFallingSlope,,2,False,0.6
speaker_independent,emotion_original_eval_quadrant,logistic_regression,rfecv,rfecv,1,spectralFlux_sma3_amean,,1,True,0.8
speaker_independent,emotion_original_eval_quadrant,logistic_regression,rfecv,rfecv,1,spectralFlux_sma3_stddevNorm,,1,True,0.6
speaker_independent,emotion_original_eval_quadrant,logistic_regression,rfecv,rfecv,1,mfcc1_sma3_amean,,1,True,1.0
speaker_independent,emotion_original_eval_quadrant,logistic_regression,rfecv,rfecv,1,mfcc1_sma3_stddevNorm,,9,False,0.8
speaker_independent,emotion_original_eval_quadrant,logistic_regression,rfecv,rfecv,1,mfcc2_sma3_amean,,1,True,1.0
speaker_independent,emotion_original_eval_quadrant,logistic_regression,rfecv,rfecv,1,mfcc2_sma3_stddevNorm,,8,False,0.8
speaker_independent,emotion_original_eval_quadrant,logistic_regression,rfecv,rfecv,1,mfcc3_sma3_amean,,1,True,1.0
speaker_independent,emotion_original_eval_quadrant,logistic_regression,rfecv,rfecv,1,mfcc3_sma3_stddevNorm,,4,False,0.2
speaker_independent,emotion_original_eval_quadrant,logistic_regression,rfecv,rfecv,1,mfcc4_sma3_amean,,1,True,1.0
speaker_independent,emotion_original_eval_quadrant,logistic_regression,rfecv,rfecv,1,mfcc4_sma3_stddevNorm,,8,False,0.2
speaker_independent,emotion_original_eval_quadrant,logistic_regression,rfecv,rfecv,1,jitterLocal_sma3nz_amean,,1,True,0.4
speaker_independent,emotion_original_eval_quadrant,logistic_regression,rfecv,rfecv,1,jitterLocal_sma3nz_stddevNorm,,8,False,0.2
speaker_independent,emotion_original_eval_quadrant,logistic_regression,rfecv,rfecv,1,shimmerLocaldB_sma3nz_amean,,2,False,0.4
speaker_independent,emotion_original_eval_quadrant,logistic_regression,rfecv,rfecv,1,shimmerLocaldB_sma3nz_stddevNorm,,6,False,0.4
speaker_independent,emotion_original_eval_quadrant,logistic_regression,rfecv,rfecv,1,HNRdBACF_sma3nz_amean,,1,True,1.0
speaker_independent,emotion_original_eval_quadrant,logistic_regression,rfecv,rfecv,1,HNRdBACF_sma3nz_stddevNorm,,4,False,0.6
speaker_independent,emotion_original_eval_quadrant,logistic_regression,rfecv,rfecv,1,logRelF0-H1-H2_sma3nz_amean,,8,False,0.2
speaker_independent,emotion_original_eval_quadrant,logistic_regression,rfecv,rfecv,1,logRelF0-H1-H2_sma3nz_stddevNorm,,3,False,0.4
speaker_independent,emotion_original_eval_quadrant,logistic_regression,rfecv,rfecv,1,logRelF0-H1-A3_sma3nz_amean,,1,True,0.6
speaker_independent,emotion_original_eval_quadrant,logistic_regression,rfecv,rfecv,1,logRelF0-H1-A3_sma3nz_stddevNorm,,1,True,0.8
speaker_independent,emotion_original_eval_quadrant,logistic_regression,rfecv,rfecv,1,F1frequency_sma3nz_amean,,1,True,1.0
speaker_independent,emotion_original_eval_quadrant,logistic_regression,rfecv,rfecv,1,F1frequency_sma3nz_stddevNorm,,7,False,0.2
speaker_independent,emotion_original_eval_quadrant,logistic_regression,rfecv,rfecv,1,F1bandwidth_sma3nz_amean,,4,False,0.2
speaker_independent,emotion_original_eval_quadrant,logistic_regression,rfecv,rfecv,1,F1bandwidth_sma3nz_stddevNorm,,5,False,0.4
speaker_independent,emotion_original_eval_quadrant,logistic_regression,rfecv,rfecv,1,F1amplitudeLogRelF0_sma3nz_amean,,1,True,1.0
speaker_independent,emotion_original_eval_quadrant,logistic_regression,rfecv,rfecv,1,F1amplitudeLogRelF0_sma3nz_stddevNorm,,3,False,0.8
speaker_independent,emotion_original_eval_quadrant,logistic_regression,rfecv,rfecv,1,F2frequency_sma3nz_amean,,3,False,0.4
speaker_independent,emotion_original_eval_quadrant,logistic_regression,rfecv,rfecv,1,F2frequency_sma3nz_stddevNorm,,6,False,0.4
speaker_independent,emotion_original_eval_quadrant,logistic_regression,rfecv,rfecv,1,F2bandwidth_sma3nz_amean,,7,False,0.2
speaker_independent,emotion_original_eval_quadrant,logistic_regression,rfecv,rfecv,1,F2bandwidth_sma3nz_stddevNorm,,6,False,0.2
speaker_independent,emotion_original_eval_quadrant,logistic_regression,rfecv,rfecv,1,F2amplitudeLogRelF0_sma3nz_amean,,1,True,0.6
speaker_independent,emotion_original_eval_quadrant,logistic_regression,rfecv,rfecv,1,F2amplitudeLogRelF0_sma3nz_stddevNorm,,1,True,0.6
speaker_independent,emotion_original_eval_quadrant,logistic_regression,rfecv,rfecv,1,F3frequency_sma3nz_amean,,1,True,1.0
speaker_independent,emotion_original_eval_quadrant,logistic_regression,rfecv,rfecv,1,F3frequency_sma3nz_stddevNorm,,5,False,0.4
speaker_independent,emotion_original_eval_quadrant,logistic_regression,rfecv,rfecv,1,F3bandwidth_sma3nz_amean,,4,False,0.2
speaker_independent,emotion_original_eval_quadrant,logistic_regression,rfecv,rfecv,1,F3bandwidth_sma3nz_stddevNorm,,4,False,0.2
speaker_independent,emotion_original_eval_quadrant,logistic_regression,rfecv,rfecv,1,F3amplitudeLogRelF0_sma3nz_amean,,1,True,1.0
speaker_independent,emotion_original_eval_quadrant,logistic_regression,rfecv,rfecv,1,F3amplitudeLogRelF0_sma3nz_stddevNorm,,1,True,1.0
speaker_independent,emotion_original_eval_quadrant,logistic_regression,rfecv,rfecv,1,alphaRatioV_sma3nz_amean,,1,True,0.8
speaker_independent,emotion_original_eval_quadrant,logistic_regression,rfecv,rfecv,1,alphaRatioV_sma3nz_stddevNorm,,9,False,0.2
speaker_independent,emotion_original_eval_quadrant,logistic_regression,rfecv,rfecv,1,hammarbergIndexV_sma3nz_amean,,1,True,0.8
speaker_independent,emotion_original_eval_quadrant,logistic_regression,rfecv,rfecv,1,hammarbergIndexV_sma3nz_stddevNorm,,1,True,0.8
speaker_independent,emotion_original_eval_quadrant,logistic_regression,rfecv,rfecv,1,slopeV0-500_sma3nz_amean,,1,True,1.0
speaker_independent,emotion_original_eval_quadrant,logistic_regression,rfecv,rfecv,1,slopeV0-500_sma3nz_stddevNorm,,2,False,0.2
speaker_independent,emotion_original_eval_quadrant,logistic_regression,rfecv,rfecv,1,slopeV500-1500_sma3nz_amean,,1,True,1.0
speaker_independent,emotion_original_eval_quadrant,logistic_regression,rfecv,rfecv,1,slopeV500-1500_sma3nz_stddevNorm,,1,True,1.0
speaker_independent,emotion_original_eval_quadrant,logistic_regression,rfecv,rfecv,1,spectralFluxV_sma3nz_amean,,1,True,1.0
speaker_independent,emotion_original_eval_quadrant,logistic_regression,rfecv,rfecv,1,spectralFluxV_sma3nz_stddevNorm,,1,True,0.8
speaker_independent,emotion_original_eval_quadrant,logistic_regression,rfecv,rfecv,1,mfcc1V_sma3nz_amean,,1,True,0.6
speaker_independent,emotion_original_eval_quadrant,logistic_regression,rfecv,rfecv,1,mfcc1V_sma3nz_stddevNorm,,9,False,0.2
speaker_independent,emotion_original_eval_quadrant,logistic_regression,rfecv,rfecv,1,mfcc2V_sma3nz_amean,,1,True,1.0
speaker_independent,emotion_original_eval_quadrant,logistic_regression,rfecv,rfecv,1,mfcc2V_sma3nz_stddevNorm,,9,False,0.2
speaker_independent,emotion_original_eval_quadrant,logistic_regression,rfecv,rfecv,1,mfcc3V_sma3nz_amean,,1,True,0.6
speaker_independent,emotion_original_eval_quadrant,logistic_regression,rfecv,rfecv,1,mfcc3V_sma3nz_stddevNorm,,8,False,0.4
speaker_independent,emotion_original_eval_quadrant,logistic_regression,rfecv,rfecv,1,mfcc4V_sma3nz_amean,,1,True,1.0
speaker_independent,emotion_original_eval_quadrant,logistic_regression,rfecv,rfecv,1,mfcc4V_sma3nz_stddevNorm,,7,False,0.2
speaker_independent,emotion_original_eval_quadrant,logistic_regression,rfecv,rfecv,1,alphaRatioUV_sma3nz_amean,,1,True,1.0
speaker_independent,emotion_original_eval_quadrant,logistic_regression,rfecv,rfecv,1,hammarbergIndexUV_sma3nz_amean,,1,True,1.0
speaker_independent,emotion_original_eval_quadrant,logistic_regression,rfecv,rfecv,1,slopeUV0-500_sma3nz_amean,,3,False,0.8
speaker_independent,emotion_original_eval_quadrant,logistic_regression,rfecv,rfecv,1,slopeUV500-1500_sma3nz_amean,,1,True,1.0
speaker_independent,emotion_original_eval_quadrant,logistic_regression,rfecv,rfecv,1,spectralFluxUV_sma3nz_amean,,1,True,1.0
speaker_independent,emotion_original_eval_quadrant,logistic_regression,rfecv,rfecv,1,loudnessPeaksPerSec,,1,True,0.4
speaker_independent,emotion_original_eval_quadrant,logistic_regression,rfecv,rfecv,1,VoicedSegmentsPerSec,,5,False,0.4
speaker_independent,emotion_original_eval_quadrant,logistic_regression,rfecv,rfecv,1,MeanVoicedSegmentLengthSec,,7,False,0.2
speaker_independent,emotion_original_eval_quadrant,logistic_regression,rfecv,rfecv,1,StddevVoicedSegmentLengthSec,,7,False,0.2
speaker_independent,emotion_original_eval_quadrant,logistic_regression,rfecv,rfecv,1,MeanUnvoicedSegmentLength,,5,False,0.6
speaker_independent,emotion_original_eval_quadrant,logistic_regression,rfecv,rfecv,1,StddevUnvoicedSegmentLength,,1,True,0.8
speaker_independent,emotion_original_eval_quadrant,logistic_regression,rfecv,rfecv,1,equivalentSoundLevel_dBp,,1,True,1.0
speaker_independent,emotion_original_eval_quadrant,logistic_regression,rfecv,rfecv,2,F0semitoneFrom27.5Hz_sma3nz_amean,,1,True,1.0
speaker_independent,emotion_original_eval_quadrant,logistic_regression,rfecv,rfecv,2,F0semitoneFrom27.5Hz_sma3nz_stddevNorm,,1,True,0.2
speaker_independent,emotion_original_eval_quadrant,logistic_regression,rfecv,rfecv,2,F0semitoneFrom27.5Hz_sma3nz_percentile20.0,,1,True,0.6
speaker_independent,emotion_original_eval_quadrant,logistic_regression,rfecv,rfecv,2,F0semitoneFrom27.5Hz_sma3nz_percentile50.0,,1,True,1.0
speaker_independent,emotion_original_eval_quadrant,logistic_regression,rfecv,rfecv,2,F0semitoneFrom27.5Hz_sma3nz_percentile80.0,,1,True,0.8
speaker_independent,emotion_original_eval_quadrant,logistic_regression,rfecv,rfecv,2,F0semitoneFrom27.5Hz_sma3nz_pctlrange0-2,,1,True,1.0
speaker_independent,emotion_original_eval_quadrant,logistic_regression,rfecv,rfecv,2,F0semitoneFrom27.5Hz_sma3nz_meanRisingSlope,,1,True,0.2
speaker_independent,emotion_original_eval_quadrant,logistic_regression,rfecv,rfecv,2,F0semitoneFrom27.5Hz_sma3nz_stddevRisingSlope,,1,True,0.2
speaker_independent,emotion_original_eval_quadrant,logistic_regression,rfecv,rfecv,2,F0semitoneFrom27.5Hz_sma3nz_meanFallingSlope,,1,True,0.4
speaker_independent,emotion_original_eval_quadrant,logistic_regression,rfecv,rfecv,2,F0semitoneFrom27.5Hz_sma3nz_stddevFallingSlope,,1,True,0.8
speaker_independent,emotion_original_eval_quadrant,logistic_regression,rfecv,rfecv,2,loudness_sma3_amean,,1,True,0.2
speaker_independent,emotion_original_eval_quadrant,logistic_regression,rfecv,rfecv,2,loudness_sma3_stddevNorm,,1,True,1.0
speaker_independent,emotion_original_eval_quadrant,logistic_regression,rfecv,rfecv,2,loudness_sma3_percentile20.0,,1,True,0.6
speaker_independent,emotion_original_eval_quadrant,logistic_regression,rfecv,rfecv,2,loudness_sma3_percentile50.0,,1,True,0.8
speaker_independent,emotion_original_eval_quadrant,logistic_regression,rfecv,rfecv,2,loudness_sma3_percentile80.0,,1,True,0.4
speaker_independent,emotion_original_eval_quadrant,logistic_regression,rfecv,rfecv,2,loudness_sma3_pctlrange0-2,,1,True,1.0
speaker_independent,emotion_original_eval_quadrant,logistic_regression,rfecv,rfecv,2,loudness_sma3_meanRisingSlope,,1,True,1.0
speaker_independent,emotion_original_eval_quadrant,logistic_regression,rfecv,rfecv,2,loudness_sma3_stddevRisingSlope,,1,True,0.8
speaker_independent,emotion_original_eval_quadrant,logistic_regression,rfecv,rfecv,2,loudness_sma3_meanFallingSlope,,1,True,1.0
speaker_independent,emotion_original_eval_quadrant,logistic_regression,rfecv,rfecv,2,loudness_sma3_stddevFallingSlope,,1,True,0.6
speaker_independent,emotion_original_eval_quadrant,logistic_regression,rfecv,rfecv,2,spectralFlux_sma3_amean,,1,True,0.8
speaker_independent,emotion_original_eval_quadrant,logistic_regression,rfecv,rfecv,2,spectralFlux_sma3_stddevNorm,,1,True,0.6
speaker_independent,emotion_original_eval_quadrant,logistic_regression,rfecv,rfecv,2,mfcc1_sma3_amean,,1,True,1.0
speaker_independent,emotion_original_eval_quadrant,logistic_regression,rfecv,rfecv,2,mfcc1_sma3_stddevNorm,,1,True,0.8
speaker_independent,emotion_original_eval_quadrant,logistic_regression,rfecv,rfecv,2,mfcc2_sma3_amean,,1,True,1.0
speaker_independent,emotion_original_eval_quadrant,logistic_regression,rfecv,rfecv,2,mfcc2_sma3_stddevNorm,,1,True,0.8
speaker_independent,emotion_original_eval_quadrant,logistic_regression,rfecv,rfecv,2,mfcc3_sma3_amean,,1,True,1.0
speaker_independent,emotion_original_eval_quadrant,logistic_regression,rfecv,rfecv,2,mfcc3_sma3_stddevNorm,,1,True,0.2
speaker_independent,emotion_original_eval_quadrant,logistic_regression,rfecv,rfecv,2,mfcc4_sma3_amean,,1,True,1.0
speaker_independent,emotion_original_eval_quadrant,logistic_regression,rfecv,rfecv,2,mfcc4_sma3_stddevNorm,,1,True,0.2
speaker_independent,emotion_original_eval_quadrant,logistic_regression,rfecv,rfecv,2,jitterLocal_sma3nz_amean,,1,True,0.4
speaker_independent,emotion_original_eval_quadrant,logistic_regression,rfecv,rfecv,2,jitterLocal_sma3nz_stddevNorm,,1,True,0.2
speaker_independent,emotion_original_eval_quadrant,logistic_regression,rfecv,rfecv,2,shimmerLocaldB_sma3nz_amean,,1,True,0.4
speaker_independent,emotion_original_eval_quadrant,logistic_regression,rfecv,rfecv,2,shimmerLocaldB_sma3nz_stddevNorm,,1,True,0.4
speaker_independent,emotion_original_eval_quadrant,logistic_regression,rfecv,rfecv,2,HNRdBACF_sma3nz_amean,,1,True,1.0
speaker_independent,emotion_original_eval_quadrant,logistic_regression,rfecv,rfecv,2,HNRdBACF_sma3nz_stddevNorm,,1,True,0.6
speaker_independent,emotion_original_eval_quadrant,logistic_regression,rfecv,rfecv,2,logRelF0-H1-H2_sma3nz_amean,,1,True,0.2
speaker_independent,emotion_original_eval_quadrant,logistic_regression,rfecv,rfecv,2,logRelF0-H1-H2_sma3nz_stddevNorm,,1,True,0.4
speaker_independent,emotion_original_eval_quadrant,logistic_regression,rfecv,rfecv,2,logRelF0-H1-A3_sma3nz_amean,,1,True,0.6
speaker_independent,emotion_original_eval_quadrant,logistic_regression,rfecv,rfecv,2,logRelF0-H1-A3_sma3nz_stddevNorm,,1,True,0.8
speaker_independent,emotion_original_eval_quadrant,logistic_regression,rfecv,rfecv,2,F1frequency_sma3nz_amean,,1,True,1.0
speaker_independent,emotion_original_eval_quadrant,logistic_regression,rfecv,rfecv,2,F1frequency_sma3nz_stddevNorm,,1,True,0.2
speaker_independent,emotion_original_eval_quadrant,logistic_regression,rfecv,rfecv,2,F1bandwidth_sma3nz_amean,,1,True,0.2
speaker_independent,emotion_original_eval_quadrant,logistic_regression,rfecv,rfecv,2,F1bandwidth_sma3nz_stddevNorm,,1,True,0.4
speaker_independent,emotion_original_eval_quadrant,logistic_regression,rfecv,rfecv,2,F1amplitudeLogRelF0_sma3nz_amean,,1,True,1.0
speaker_independent,emotion_original_eval_quadrant,logistic_regression,rfecv,rfecv,2,F1amplitudeLogRelF0_sma3nz_stddevNorm,,1,True,0.8
speaker_independent,emotion_original_eval_quadrant,logistic_regression,rfecv,rfecv,2,F2frequency_sma3nz_amean,,1,True,0.4
speaker_independent,emotion_original_eval_quadrant,logistic_regression,rfecv,rfecv,2,F2frequency_sma3nz_stddevNorm,,1,True,0.4
speaker_independent,emotion_original_eval_quadrant,logistic_regression,rfecv,rfecv,2,F2bandwidth_sma3nz_amean,,1,True,0.2
speaker_independent,emotion_original_eval_quadrant,logistic_regression,rfecv,rfecv,2,F2bandwidth_sma3nz_stddevNorm,,1,True,0.2
speaker_independent,emotion_original_eval_quadrant,logistic_regression,rfecv,rfecv,2,F2amplitudeLogRelF0_sma3nz_amean,,1,True,0.6
speaker_independent,emotion_original_eval_quadrant,logistic_regression,rfecv,rfecv,2,F2amplitudeLogRelF0_sma3nz_stddevNorm,,1,True,0.6
speaker_independent,emotion_original_eval_quadrant,logistic_regression,rfecv,rfecv,2,F3frequency_sma3nz_amean,,1,True,1.0
speaker_independent,emotion_original_eval_quadrant,logistic_regression,rfecv,rfecv,2,F3frequency_sma3nz_stddevNorm,,1,True,0.4
speaker_independent,emotion_original_eval_quadrant,logistic_regression,rfecv,rfecv,2,F3bandwidth_sma3nz_amean,,1,True,0.2
speaker_independent,emotion_original_eval_quadrant,logistic_regression,rfecv,rfecv,2,F3bandwidth_sma3nz_stddevNorm,,1,True,0.2
speaker_independent,emotion_original_eval_quadrant,logistic_regression,rfecv,rfecv,2,F3amplitudeLogRelF0_sma3nz_amean,,1,True,1.0
speaker_independent,emotion_original_eval_quadrant,logistic_regression,rfecv,rfecv,2,F3amplitudeLogRelF0_sma3nz_stddevNorm,,1,True,1.0
speaker_independent,emotion_original_eval_quadrant,logistic_regression,rfecv,rfecv,2,alphaRatioV_sma3nz_amean,,1,True,0.8
speaker_independent,emotion_original_eval_quadrant,logistic_regression,rfecv,rfecv,2,alphaRatioV_sma3nz_stddevNorm,,1,True,0.2
speaker_independent,emotion_original_eval_quadrant,logistic_regression,rfecv,rfecv,2,hammarbergIndexV_sma3nz_amean,,1,True,0.8
speaker_independent,emotion_original_eval_quadrant,logistic_regression,rfecv,rfecv,2,hammarbergIndexV_sma3nz_stddevNorm,,1,True,0.8
speaker_independent,emotion_original_eval_quadrant,logistic_regression,rfecv,rfecv,2,slopeV0-500_sma3nz_amean,,1,True,1.0
speaker_independent,emotion_original_eval_quadrant,logistic_regression,rfecv,rfecv,2,slopeV0-500_sma3nz_stddevNorm,,1,True,0.2
speaker_independent,emotion_original_eval_quadrant,logistic_regression,rfecv,rfecv,2,slopeV500-1500_sma3nz_amean,,1,True,1.0
speaker_independent,emotion_original_eval_quadrant,logistic_regression,rfecv,rfecv,2,slopeV500-1500_sma3nz_stddevNorm,,1,True,1.0
speaker_independent,emotion_original_eval_quadrant,logistic_regression,rfecv,rfecv,2,spectralFluxV_sma3nz_amean,,1,True,1.0
speaker_independent,emotion_original_eval_quadrant,logistic_regression,rfecv,rfecv,2,spectralFluxV_sma3nz_stddevNorm,,1,True,0.8
speaker_independent,emotion_original_eval_quadrant,logistic_regression,rfecv,rfecv,2,mfcc1V_sma3nz_amean,,1,True,0.6
speaker_independent,emotion_original_eval_quadrant,logistic_regression,rfecv,rfecv,2,mfcc1V_sma3nz_stddevNorm,,1,True,0.2
speaker_independent,emotion_original_eval_quadrant,logistic_regression,rfecv,rfecv,2,mfcc2V_sma3nz_amean,,1,True,1.0
speaker_independent,emotion_original_eval_quadrant,logistic_regression,rfecv,rfecv,2,mfcc2V_sma3nz_stddevNorm,,1,True,0.2
speaker_independent,emotion_original_eval_quadrant,logistic_regression,rfecv,rfecv,2,mfcc3V_sma3nz_amean,,1,True,0.6
speaker_independent,emotion_original_eval_quadrant,logistic_regression,rfecv,rfecv,2,mfcc3V_sma3nz_stddevNorm,,1,True,0.4
speaker_independent,emotion_original_eval_quadrant,logistic_regression,rfecv,rfecv,2,mfcc4V_sma3nz_amean,,1,True,1.0
speaker_independent,emotion_original_eval_quadrant,logistic_regression,rfecv,rfecv,2,mfcc4V_sma3nz_stddevNorm,,1,True,0.2
speaker_independent,emotion_original_eval_quadrant,logistic_regression,rfecv,rfecv,2,alphaRatioUV_sma3nz_amean,,1,True,1.0
speaker_independent,emotion_original_eval_quadrant,logistic_regression,rfecv,rfecv,2,hammarbergIndexUV_sma3nz_amean,,1,True,1.0
speaker_independent,emotion_original_eval_quadrant,logistic_regression,rfecv,rfecv,2,slopeUV0-500_sma3nz_amean,,1,True,0.8
speaker_independent,emotion_original_eval_quadrant,logistic_regression,rfecv,rfecv,2,slopeUV500-1500_sma3nz_amean,,1,True,1.0
speaker_independent,emotion_original_eval_quadrant,logistic_regression,rfecv,rfecv,2,spectralFluxUV_sma3nz_amean,,1,True,1.0
speaker_independent,emotion_original_eval_quadrant,logistic_regression,rfecv,rfecv,2,loudnessPeaksPerSec,,1,True,0.4
speaker_independent,emotion_original_eval_quadrant,logistic_regression,rfecv,rfecv,2,VoicedSegmentsPerSec,,1,True,0.4
speaker_independent,emotion_original_eval_quadrant,logistic_regression,rfecv,rfecv,2,MeanVoicedSegmentLengthSec,,1,True,0.2
speaker_independent,emotion_original_eval_quadrant,logistic_regression,rfecv,rfecv,2,StddevVoicedSegmentLengthSec,,1,True,0.2
speaker_independent,emotion_original_eval_quadrant,logistic_regression,rfecv,rfecv,2,MeanUnvoicedSegmentLength,,1,True,0.6
speaker_independent,emotion_original_eval_quadrant,logistic_regression,rfecv,rfecv,2,StddevUnvoicedSegmentLength,,1,True,0.8
speaker_independent,emotion_original_eval_quadrant,logistic_regression,rfecv,rfecv,2,equivalentSoundLevel_dBp,,1,True,1.0
speaker_independent,emotion_original_eval_quadrant,logistic_regression,rfecv,rfecv,3,F0semitoneFrom27.5Hz_sma3nz_amean,,1,True,1.0
speaker_independent,emotion_original_eval_quadrant,logistic_regression,rfecv,rfecv,3,F0semitoneFrom27.5Hz_sma3nz_stddevNorm,,3,False,0.2
speaker_independent,emotion_original_eval_quadrant,logistic_regression,rfecv,rfecv,3,F0semitoneFrom27.5Hz_sma3nz_percentile20.0,,3,False,0.6
speaker_independent,emotion_original_eval_quadrant,logistic_regression,rfecv,rfecv,3,F0semitoneFrom27.5Hz_sma3nz_percentile50.0,,1,True,1.0
speaker_independent,emotion_original_eval_quadrant,logistic_regression,rfecv,rfecv,3,F0semitoneFrom27.5Hz_sma3nz_percentile80.0,,1,True,0.8
speaker_independent,emotion_original_eval_quadrant,logistic_regression,rfecv,rfecv,3,F0semitoneFrom27.5Hz_sma3nz_pctlrange0-2,,1,True,1.0
speaker_independent,emotion_original_eval_quadrant,logistic_regression,rfecv,rfecv,3,F0semitoneFrom27.5Hz_sma3nz_meanRisingSlope,,2,False,0.2
speaker_independent,emotion_original_eval_quadrant,logistic_regression,rfecv,rfecv,3,F0semitoneFrom27.5Hz_sma3nz_stddevRisingSlope,,2,False,0.2
speaker_independent,emotion_original_eval_quadrant,logistic_regression,rfecv,rfecv,3,F0semitoneFrom27.5Hz_sma3nz_meanFallingSlope,,1,True,0.4
speaker_independent,emotion_original_eval_quadrant,logistic_regression,rfecv,rfecv,3,F0semitoneFrom27.5Hz_sma3nz_stddevFallingSlope,,1,True,0.8
speaker_independent,emotion_original_eval_quadrant,logistic_regression,rfecv,rfecv,3,loudness_sma3_amean,,2,False,0.2
speaker_independent,emotion_original_eval_quadrant,logistic_regression,rfecv,rfecv,3,loudness_sma3_stddevNorm,,1,True,1.0
speaker_independent,emotion_original_eval_quadrant,logistic_regression,rfecv,rfecv,3,loudness_sma3_percentile20.0,,1,True,0.6
speaker_independent,emotion_original_eval_quadrant,logistic_regression,rfecv,rfecv,3,loudness_sma3_percentile50.0,,1,True,0.8
speaker_independent,emotion_original_eval_quadrant,logistic_regression,rfecv,rfecv,3,loudness_sma3_percentile80.0,,1,True,0.4
speaker_independent,emotion_original_eval_quadrant,logistic_regression,rfecv,rfecv,3,loudness_sma3_pctlrange0-2,,1,True,1.0
speaker_independent,emotion_original_eval_quadrant,logistic_regression,rfecv,rfecv,3,loudness_sma3_meanRisingSlope,,1,True,1.0
speaker_independent,emotion_original_eval_quadrant,logistic_regression,rfecv,rfecv,3,loudness_sma3_stddevRisingSlope,,1,True,0.8
speaker_independent,emotion_original_eval_quadrant,logistic_regression,rfecv,rfecv,3,loudness_sma3_meanFallingSlope,,1,True,1.0
speaker_independent,emotion_original_eval_quadrant,logistic_regression,rfecv,rfecv,3,loudness_sma3_stddevFallingSlope,,1,True,0.6
speaker_independent,emotion_original_eval_quadrant,logistic_regression,rfecv,rfecv,3,spectralFlux_sma3_amean,,1,True,0.8
speaker_independent,emotion_original_eval_quadrant,logistic_regression,rfecv,rfecv,3,spectralFlux_sma3_stddevNorm,,1,True,0.6
speaker_independent,emotion_original_eval_quadrant,logistic_regression,rfecv,rfecv,3,mfcc1_sma3_amean,,1,True,1.0
speaker_independent,emotion_original_eval_quadrant,logistic_regression,rfecv,rfecv,3,mfcc1_sma3_stddevNorm,,1,True,0.8
speaker_independent,emotion_original_eval_quadrant,logistic_regression,rfecv,rfecv,3,mfcc2_sma3_amean,,1,True,1.0
speaker_independent,emotion_original_eval_quadrant,logistic_regression,rfecv,rfecv,3,mfcc2_sma3_stddevNorm,,1,True,0.8
speaker_independent,emotion_original_eval_quadrant,logistic_regression,rfecv,rfecv,3,mfcc3_sma3_amean,,1,True,1.0
speaker_independent,emotion_original_eval_quadrant,logistic_regression,rfecv,rfecv,3,mfcc3_sma3_stddevNorm,,5,False,0.2
speaker_independent,emotion_original_eval_quadrant,logistic_regression,rfecv,rfecv,3,mfcc4_sma3_amean,,1,True,1.0
speaker_independent,emotion_original_eval_quadrant,logistic_regression,rfecv,rfecv,3,mfcc4_sma3_stddevNorm,,6,False,0.2
speaker_independent,emotion_original_eval_quadrant,logistic_regression,rfecv,rfecv,3,jitterLocal_sma3nz_amean,,2,False,0.4
speaker_independent,emotion_original_eval_quadrant,logistic_regression,rfecv,rfecv,3,jitterLocal_sma3nz_stddevNorm,,4,False,0.2
speaker_independent,emotion_original_eval_quadrant,logistic_regression,rfecv,rfecv,3,shimmerLocaldB_sma3nz_amean,,1,True,0.4
speaker_independent,emotion_original_eval_quadrant,logistic_regression,rfecv,rfecv,3,shimmerLocaldB_sma3nz_stddevNorm,,1,True,0.4
speaker_independent,emotion_original_eval_quadrant,logistic_regression,rfecv,rfecv,3,HNRdBACF_sma3nz_amean,,1,True,1.0
speaker_independent,emotion_original_eval_quadrant,logistic_regression,rfecv,rfecv,3,HNRdBACF_sma3nz_stddevNorm,,1,True,0.6
speaker_independent,emotion_original_eval_quadrant,logistic_regression,rfecv,rfecv,3,logRelF0-H1-H2_sma3nz_amean,,5,False,0.2
speaker_independent,emotion_original_eval_quadrant,logistic_regression,rfecv,rfecv,3,logRelF0-H1-H2_sma3nz_stddevNorm,,4,False,0.4
speaker_independent,emotion_original_eval_quadrant,logistic_regression,rfecv,rfecv,3,logRelF0-H1-A3_sma3nz_amean,,1,True,0.6
speaker_independent,emotion_original_eval_quadrant,logistic_regression,rfecv,rfecv,3,logRelF0-H1-A3_sma3nz_stddevNorm,,1,True,0.8
speaker_independent,emotion_original_eval_quadrant,logistic_regression,rfecv,rfecv,3,F1frequency_sma3nz_amean,,1,True,1.0
speaker_independent,emotion_original_eval_quadrant,logistic_regression,rfecv,rfecv,3,F1frequency_sma3nz_stddevNorm,,6,False,0.2
speaker_independent,emotion_original_eval_quadrant,logistic_regression,rfecv,rfecv,3,F1bandwidth_sma3nz_amean,,3,False,0.2
speaker_independent,emotion_original_eval_quadrant,logistic_regression,rfecv,rfecv,3,F1bandwidth_sma3nz_stddevNorm,,1,True,0.4
speaker_independent,emotion_original_eval_quadrant,logistic_regression,rfecv,rfecv,3,F1amplitudeLogRelF0_sma3nz_amean,,1,True,1.0
speaker_independent,emotion_original_eval_quadrant,logistic_regression,rfecv,rfecv,3,F1amplitudeLogRelF0_sma3nz_stddevNorm,,1,True,0.8
speaker_independent,emotion_original_eval_quadrant,logistic_regression,rfecv,rfecv,3,F2frequency_sma3nz_amean,,1,True,0.4
speaker_independent,emotion_original_eval_quadrant,logistic_regression,rfecv,rfecv,3,F2frequency_sma3nz_stddevNorm,,1,True,0.4
speaker_independent,emotion_original_eval_quadrant,logistic_regression,rfecv,rfecv,3,F2bandwidth_sma3nz_amean,,6,False,0.2
speaker_independent,emotion_original_eval_quadrant,logistic_regression,rfecv,rfecv,3,F2bandwidth_sma3nz_stddevNorm,,4,False,0.2
speaker_independent,emotion_original_eval_quadrant,logistic_regression,rfecv,rfecv,3,F2amplitudeLogRelF0_sma3nz_amean,,1,True,0.6
speaker_independent,emotion_original_eval_quadrant,logistic_regression,rfecv,rfecv,3,F2amplitudeLogRelF0_sma3nz_stddevNorm,,1,True,0.6
speaker_independent,emotion_original_eval_quadrant,logistic_regression,rfecv,rfecv,3,F3frequency_sma3nz_amean,,1,True,1.0
speaker_independent,emotion_original_eval_quadrant,logistic_regression,rfecv,rfecv,3,F3frequency_sma3nz_stddevNorm,,1,True,0.4
speaker_independent,emotion_original_eval_quadrant,logistic_regression,rfecv,rfecv,3,F3bandwidth_sma3nz_amean,,2,False,0.2
speaker_independent,emotion_original_eval_quadrant,logistic_regression,rfecv,rfecv,3,F3bandwidth_sma3nz_stddevNorm,,3,False,0.2
speaker_independent,emotion_original_eval_quadrant,logistic_regression,rfecv,rfecv,3,F3amplitudeLogRelF0_sma3nz_amean,,1,True,1.0
speaker_independent,emotion_original_eval_quadrant,logistic_regression,rfecv,rfecv,3,F3amplitudeLogRelF0_sma3nz_stddevNorm,,1,True,1.0
speaker_independent,emotion_original_eval_quadrant,logistic_regression,rfecv,rfecv,3,alphaRatioV_sma3nz_amean,,1,True,0.8
speaker_independent,emotion_original_eval_quadrant,logistic_regression,rfecv,rfecv,3,alphaRatioV_sma3nz_stddevNorm,,6,False,0.2
speaker_independent,emotion_original_eval_quadrant,logistic_regression,rfecv,rfecv,3,hammarbergIndexV_sma3nz_amean,,1,True,0.8
speaker_independent,emotion_original_eval_quadrant,logistic_regression,rfecv,rfecv,3,hammarbergIndexV_sma3nz_stddevNorm,,1,True,0.8
speaker_independent,emotion_original_eval_quadrant,logistic_regression,rfecv,rfecv,3,slopeV0-500_sma3nz_amean,,1,True,1.0
speaker_independent,emotion_original_eval_quadrant,logistic_regression,rfecv,rfecv,3,slopeV0-500_sma3nz_stddevNorm,,4,False,0.2
speaker_independent,emotion_original_eval_quadrant,logistic_regression,rfecv,rfecv,3,slopeV500-1500_sma3nz_amean,,1,True,1.0
speaker_independent,emotion_original_eval_quadrant,logistic_regression,rfecv,rfecv,3,slopeV500-1500_sma3nz_stddevNorm,,1,True,1.0
speaker_independent,emotion_original_eval_quadrant,logistic_regression,rfecv,rfecv,3,spectralFluxV_sma3nz_amean,,1,True,1.0
speaker_independent,emotion_original_eval_quadrant,logistic_regression,rfecv,rfecv,3,spectralFluxV_sma3nz_stddevNorm,,1,True,0.8
speaker_independent,emotion_original_eval_quadrant,logistic_regression,rfecv,rfecv,3,mfcc1V_sma3nz_amean,,1,True,0.6
speaker_independent,emotion_original_eval_quadrant,logistic_regression,rfecv,rfecv,3,mfcc1V_sma3nz_stddevNorm,,6,False,0.2
speaker_independent,emotion_original_eval_quadrant,logistic_regression,rfecv,rfecv,3,mfcc2V_sma3nz_amean,,1,True,1.0
speaker_independent,emotion_original_eval_quadrant,logistic_regression,rfecv,rfecv,3,mfcc2V_sma3nz_stddevNorm,,5,False,0.2
speaker_independent,emotion_original_eval_quadrant,logistic_regression,rfecv,rfecv,3,mfcc3V_sma3nz_amean,,1,True,0.6
speaker_independent,emotion_original_eval_quadrant,logistic_regression,rfecv,rfecv,3,mfcc3V_sma3nz_stddevNorm,,1,True,0.4
speaker_independent,emotion_original_eval_quadrant,logistic_regression,rfecv,rfecv,3,mfcc4V_sma3nz_amean,,1,True,1.0
speaker_independent,emotion_original_eval_quadrant,logistic_regression,rfecv,rfecv,3,mfcc4V_sma3nz_stddevNorm,,4,False,0.2
speaker_independent,emotion_original_eval_quadrant,logistic_regression,rfecv,rfecv,3,alphaRatioUV_sma3nz_amean,,1,True,1.0
speaker_independent,emotion_original_eval_quadrant,logistic_regression,rfecv,rfecv,3,hammarbergIndexUV_sma3nz_amean,,1,True,1.0
speaker_independent,emotion_original_eval_quadrant,logistic_regression,rfecv,rfecv,3,slopeUV0-500_sma3nz_amean,,1,True,0.8
speaker_independent,emotion_original_eval_quadrant,logistic_regression,rfecv,rfecv,3,slopeUV500-1500_sma3nz_amean,,1,True,1.0
speaker_independent,emotion_original_eval_quadrant,logistic_regression,rfecv,rfecv,3,spectralFluxUV_sma3nz_amean,,1,True,1.0
speaker_independent,emotion_original_eval_quadrant,logistic_regression,rfecv,rfecv,3,loudnessPeaksPerSec,,3,False,0.4
speaker_independent,emotion_original_eval_quadrant,logistic_regression,rfecv,rfecv,3,VoicedSegmentsPerSec,,1,True,0.4
speaker_independent,emotion_original_eval_quadrant,logistic_regression,rfecv,rfecv,3,MeanVoicedSegmentLengthSec,,5,False,0.2
speaker_independent,emotion_original_eval_quadrant,logistic_regression,rfecv,rfecv,3,StddevVoicedSegmentLengthSec,,5,False,0.2
speaker_independent,emotion_original_eval_quadrant,logistic_regression,rfecv,rfecv,3,MeanUnvoicedSegmentLength,,1,True,0.6
speaker_independent,emotion_original_eval_quadrant,logistic_regression,rfecv,rfecv,3,StddevUnvoicedSegmentLength,,1,True,0.8
speaker_independent,emotion_original_eval_quadrant,logistic_regression,rfecv,rfecv,3,equivalentSoundLevel_dBp,,1,True,1.0
speaker_independent,emotion_original_eval_quadrant,logistic_regression,rfecv,rfecv,4,F0semitoneFrom27.5Hz_sma3nz_amean,,1,True,1.0
speaker_independent,emotion_original_eval_quadrant,logistic_regression,rfecv,rfecv,4,F0semitoneFrom27.5Hz_sma3nz_stddevNorm,,4,False,0.2
speaker_independent,emotion_original_eval_quadrant,logistic_regression,rfecv,rfecv,4,F0semitoneFrom27.5Hz_sma3nz_percentile20.0,,4,False,0.6
speaker_independent,emotion_original_eval_quadrant,logistic_regression,rfecv,rfecv,4,F0semitoneFrom27.5Hz_sma3nz_percentile50.0,,1,True,1.0
speaker_independent,emotion_original_eval_quadrant,logistic_regression,rfecv,rfecv,4,F0semitoneFrom27.5Hz_sma3nz_percentile80.0,,4,False,0.8
speaker_independent,emotion_original_eval_quadrant,logistic_regression,rfecv,rfecv,4,F0semitoneFrom27.5Hz_sma3nz_pctlrange0-2,,1,True,1.0
speaker_independent,emotion_original_eval_quadrant,logistic_regression,rfecv,rfecv,4,F0semitoneFrom27.5Hz_sma3nz_meanRisingSlope,,5,False,0.2
speaker_independent,emotion_original_eval_quadrant,logistic_regression,rfecv,rfecv,4,F0semitoneFrom27.5Hz_sma3nz_stddevRisingSlope,,6,False,0.2
speaker_independent,emotion_original_eval_quadrant,logistic_regression,rfecv,rfecv,4,F0semitoneFrom27.5Hz_sma3nz_meanFallingSlope,,11,False,0.4
speaker_independent,emotion_original_eval_quadrant,logistic_regression,rfecv,rfecv,4,F0semitoneFrom27.5Hz_sma3nz_stddevFallingSlope,,1,True,0.8
speaker_independent,emotion_original_eval_quadrant,logistic_regression,rfecv,rfecv,4,loudness_sma3_amean,,8,False,0.2
speaker_independent,emotion_original_eval_quadrant,logistic_regression,rfecv,rfecv,4,loudness_sma3_stddevNorm,,1,True,1.0
speaker_independent,emotion_original_eval_quadrant,logistic_regression,rfecv,rfecv,4,loudness_sma3_percentile20.0,,4,False,0.6
speaker_independent,emotion_original_eval_quadrant,logistic_regression,rfecv,rfecv,4,loudness_sma3_percentile50.0,,1,True,0.8
speaker_independent,emotion_original_eval_quadrant,logistic_regression,rfecv,rfecv,4,loudness_sma3_percentile80.0,,5,False,0.4
speaker_independent,emotion_original_eval_quadrant,logistic_regression,rfecv,rfecv,4,loudness_sma3_pctlrange0-2,,1,True,1.0
speaker_independent,emotion_original_eval_quadrant,logistic_regression,rfecv,rfecv,4,loudness_sma3_meanRisingSlope,,1,True,1.0
speaker_independent,emotion_original_eval_quadrant,logistic_regression,rfecv,rfecv,4,loudness_sma3_stddevRisingSlope,,2,False,0.8
speaker_independent,emotion_original_eval_quadrant,logistic_regression,rfecv,rfecv,4,loudness_sma3_meanFallingSlope,,1,True,1.0
speaker_independent,emotion_original_eval_quadrant,logistic_regression,rfecv,rfecv,4,loudness_sma3_stddevFallingSlope,,7,False,0.6
speaker_independent,emotion_original_eval_quadrant,logistic_regression,rfecv,rfecv,4,spectralFlux_sma3_amean,,6,False,0.8
speaker_independent,emotion_original_eval_quadrant,logistic_regression,rfecv,rfecv,4,spectralFlux_sma3_stddevNorm,,5,False,0.6
speaker_independent,emotion_original_eval_quadrant,logistic_regression,rfecv,rfecv,4,mfcc1_sma3_amean,,1,True,1.0
speaker_independent,emotion_original_eval_quadrant,logistic_regression,rfecv,rfecv,4,mfcc1_sma3_stddevNorm,,1,True,0.8
speaker_independent,emotion_original_eval_quadrant,logistic_regression,rfecv,rfecv,4,mfcc2_sma3_amean,,1,True,1.0
speaker_independent,emotion_original_eval_quadrant,logistic_regression,rfecv,rfecv,4,mfcc2_sma3_stddevNorm,,1,True,0.8
speaker_independent,emotion_original_eval_quadrant,logistic_regression,rfecv,rfecv,4,mfcc3_sma3_amean,,1,True,1.0
speaker_independent,emotion_original_eval_quadrant,logistic_regression,rfecv,rfecv,4,mfcc3_sma3_stddevNorm,,3,False,0.2
speaker_independent,emotion_original_eval_quadrant,logistic_regression,rfecv,rfecv,4,mfcc4_sma3_amean,,1,True,1.0
speaker_independent,emotion_original_eval_quadrant,logistic_regression,rfecv,rfecv,4,mfcc4_sma3_stddevNorm,,11,False,0.2
speaker_independent,emotion_original_eval_quadrant,logistic_regression,rfecv,rfecv,4,jitterLocal_sma3nz_amean,,7,False,0.4
speaker_independent,emotion_original_eval_quadrant,logistic_regression,rfecv,rfecv,4,jitterLocal_sma3nz_stddevNorm,,10,False,0.2
speaker_independent,emotion_original_eval_quadrant,logistic_regression,rfecv,rfecv,4,shimmerLocaldB_sma3nz_amean,,3,False,0.4
speaker_independent,emotion_original_eval_quadrant,logistic_regression,rfecv,rfecv,4,shimmerLocaldB_sma3nz_stddevNorm,,8,False,0.4
speaker_independent,emotion_original_eval_quadrant,logistic_regression,rfecv,rfecv,4,HNRdBACF_sma3nz_amean,,1,True,1.0
speaker_independent,emotion_original_eval_quadrant,logistic_regression,rfecv,rfecv,4,HNRdBACF_sma3nz_stddevNorm,,1,True,0.6
speaker_independent,emotion_original_eval_quadrant,logistic_regression,rfecv,rfecv,4,logRelF0-H1-H2_sma3nz_amean,,9,False,0.2
speaker_independent,emotion_original_eval_quadrant,logistic_regression,rfecv,rfecv,4,logRelF0-H1-H2_sma3nz_stddevNorm,,1,True,0.4
speaker_independent,emotion_original_eval_quadrant,logistic_regression,rfecv,rfecv,4,logRelF0-H1-A3_sma3nz_amean,,2,False,0.6
speaker_independent,emotion_original_eval_quadrant,logistic_regression,rfecv,rfecv,4,logRelF0-H1-A3_sma3nz_stddevNorm,,1,True,0.8
speaker_independent,emotion_original_eval_quadrant,logistic_regression,rfecv,rfecv,4,F1frequency_sma3nz_amean,,1,True,1.0
speaker_independent,emotion_original_eval_quadrant,logistic_regression,rfecv,rfecv,4,F1frequency_sma3nz_stddevNorm,,10,False,0.2
speaker_independent,emotion_original_eval_quadrant,logistic_regression,rfecv,rfecv,4,F1bandwidth_sma3nz_amean,,7,False,0.2
speaker_independent,emotion_original_eval_quadrant,logistic_regression,rfecv,rfecv,4,F1bandwidth_sma3nz_stddevNorm,,6,False,0.4
speaker_independent,emotion_original_eval_quadrant,logistic_regression,rfecv,rfecv,4,F1amplitudeLogRelF0_sma3nz_amean,,1,True,1.0
speaker_independent,emotion_original_eval_quadrant,logistic_regression,rfecv,rfecv,4,F1amplitudeLogRelF0_sma3nz_stddevNorm,,1,True,0.8
speaker_independent,emotion_original_eval_quadrant,logistic_regression,rfecv,rfecv,4,F2frequency_sma3nz_amean,,4,False,0.4
speaker_independent,emotion_original_eval_quadrant,logistic_regression,rfecv,rfecv,4,F2frequency_sma3nz_stddevNorm,,11,False,0.4
speaker_independent,emotion_original_eval_quadrant,logistic_regression,rfecv,rfecv,4,F2bandwidth_sma3nz_amean,,10,False,0.2
speaker_independent,emotion_original_eval_quadrant,logistic_regression,rfecv,rfecv,4,F2bandwidth_sma3nz_stddevNorm,,9,False,0.2
speaker_independent,emotion_original_eval_quadrant,logistic_regression,rfecv,rfecv,4,F2amplitudeLogRelF0_sma3nz_amean,,9,False,0.6
speaker_independent,emotion_original_eval_quadrant,logistic_regression,rfecv,rfecv,4,F2amplitudeLogRelF0_sma3nz_stddevNorm,,7,False,0.6
speaker_independent,emotion_original_eval_quadrant,logistic_regression,rfecv,rfecv,4,F3frequency_sma3nz_amean,,1,True,1.0
speaker_independent,emotion_original_eval_quadrant,logistic_regression,rfecv,rfecv,4,F3frequency_sma3nz_stddevNorm,,9,False,0.4
speaker_independent,emotion_original_eval_quadrant,logistic_regression,rfecv,rfecv,4,F3bandwidth_sma3nz_amean,,5,False,0.2
speaker_independent,emotion_original_eval_quadrant,logistic_regression,rfecv,rfecv,4,F3bandwidth_sma3nz_stddevNorm,,6,False,0.2
speaker_independent,emotion_original_eval_quadrant,logistic_regression,rfecv,rfecv,4,F3amplitudeLogRelF0_sma3nz_amean,,1,True,1.0
speaker_independent,emotion_original_eval_quadrant,logistic_regression,rfecv,rfecv,4,F3amplitudeLogRelF0_sma3nz_stddevNorm,,1,True,1.0
speaker_independent,emotion_original_eval_quadrant,logistic_regression,rfecv,rfecv,4,alphaRatioV_sma3nz_amean,,2,False,0.8
speaker_independent,emotion_original_eval_quadrant,logistic_regression,rfecv,rfecv,4,alphaRatioV_sma3nz_stddevNorm,,11,False,0.2
speaker_independent,emotion_original_eval_quadrant,logistic_regression,rfecv,rfecv,4,hammarbergIndexV_sma3nz_amean,,2,False,0.8
speaker_independent,emotion_original_eval_quadrant,logistic_regression,rfecv,rfecv,4,hammarbergIndexV_sma3nz_stddevNorm,,1,True,0.8
speaker_independent,emotion_original_eval_quadrant,logistic_regression,rfecv,rfecv,4,slopeV0-500_sma3nz_amean,,1,True,1.0
speaker_independent,emotion_original_eval_quadrant,logistic_regression,rfecv,rfecv,4,slopeV0-500_sma3nz_stddevNorm,,3,False,0.2
speaker_independent,emotion_original_eval_quadrant,logistic_regression,rfecv,rfecv,4,slopeV500-1500_sma3nz_amean,,1,True,1.0
speaker_independent,emotion_original_eval_quadrant,logistic_regression,rfecv,rfecv,4,slopeV500-1500_sma3nz_stddevNorm,,1,True,1.0
speaker_independent,emotion_original_eval_quadrant,logistic_regression,rfecv,rfecv,4,spectralFluxV_sma3nz_amean,,1,True,1.0
speaker_independent,emotion_original_eval_quadrant,logistic_regression,rfecv,rfecv,4,spectralFluxV_sma3nz_stddevNorm,,2,False,0.8
speaker_independent,emotion_original_eval_quadrant,logistic_regression,rfecv,rfecv,4,mfcc1V_sma3nz_amean,,3,False,0.6
speaker_independent,emotion_original_eval_quadrant,logistic_regression,rfecv,rfecv,4,mfcc1V_sma3nz_stddevNorm,,11,False,0.2
speaker_independent,emotion_original_eval_quadrant,logistic_regression,rfecv,rfecv,4,mfcc2V_sma3nz_amean,,1,True,1.0
speaker_independent,emotion_original_eval_quadrant,logistic_regression,rfecv,rfecv,4,mfcc2V_sma3nz_stddevNorm,,10,False,0.2
speaker_independent,emotion_original_eval_quadrant,logistic_regression,rfecv,rfecv,4,mfcc3V_sma3nz_amean,,8,False,0.6
speaker_independent,emotion_original_eval_quadrant,logistic_regression,rfecv,rfecv,4,mfcc3V_sma3nz_stddevNorm,,8,False,0.4
speaker_independent,emotion_original_eval_quadrant,logistic_regression,rfecv,rfecv,4,mfcc4V_sma3nz_amean,,1,True,1.0
speaker_independent,emotion_original_eval_quadrant,logistic_regression,rfecv,rfecv,4,mfcc4V_sma3nz_stddevNorm,,9,False,0.2
speaker_independent,emotion_original_eval_quadrant,logistic_regression,rfecv,rfecv,4,alphaRatioUV_sma3nz_amean,,1,True,1.0
speaker_independent,emotion_original_eval_quadrant,logistic_regression,rfecv,rfecv,4,hammarbergIndexUV_sma3nz_amean,,1,True,1.0
speaker_independent,emotion_original_eval_quadrant,logistic_regression,rfecv,rfecv,4,slopeUV0-500_sma3nz_amean,,1,True,0.8
speaker_independent,emotion_original_eval_quadrant,logistic_regression,rfecv,rfecv,4,slopeUV500-1500_sma3nz_amean,,1,True,1.0
speaker_independent,emotion_original_eval_quadrant,logistic_regression,rfecv,rfecv,4,spectralFluxUV_sma3nz_amean,,1,True,1.0
speaker_independent,emotion_original_eval_quadrant,logistic_regression,rfecv,rfecv,4,loudnessPeaksPerSec,,8,False,0.4
speaker_independent,emotion_original_eval_quadrant,logistic_regression,rfecv,rfecv,4,VoicedSegmentsPerSec,,5,False,0.4
speaker_independent,emotion_original_eval_quadrant,logistic_regression,rfecv,rfecv,4,MeanVoicedSegmentLengthSec,,6,False,0.2
speaker_independent,emotion_original_eval_quadrant,logistic_regression,rfecv,rfecv,4,StddevVoicedSegmentLengthSec,,7,False,0.2
speaker_independent,emotion_original_eval_quadrant,logistic_regression,rfecv,rfecv,4,MeanUnvoicedSegmentLength,,10,False,0.6
speaker_independent,emotion_original_eval_quadrant,logistic_regression,rfecv,rfecv,4,StddevUnvoicedSegmentLength,,3,False,0.8
speaker_independent,emotion_original_eval_quadrant,logistic_regression,rfecv,rfecv,4,equivalentSoundLevel_dBp,,1,True,1.0
