experiment,file_id,fold,y_true,y_pred,representation,protocol,target,model,refinement,y_true_eval,y_pred_eval
wav2vec_logistic_regression_emotion_original_speaker_independent_none,03-01-01-01-01-01-05,0,neutral,neutral,wav2vec,speaker_independent,emotion_original,logistic_regression,none,,
wav2vec_logistic_regression_emotion_original_speaker_independent_none,03-01-01-01-01-01-13,0,neutral,neutral,wav2vec,speaker_independent,emotion_original,logistic_regression,none,,
wav2vec_logistic_regression_emotion_original_speaker_independent_none,03-01-01-01-01-01-18,0,neutral,calm,wav2vec,speaker_independent,emotion_original,logistic_regression,none,,
wav2vec_logistic_regression_emotion_original_speaker_independent_none,03-01-01-01-01-02-05,0,neutral,neutral,wav2vec,speaker_independent,emotion_original,logistic_regression,none,,
wav2vec_logistic_regression_emotion_original_speaker_independent_none,03-01-01-01-01-02-13,0,neutral,neutral,wav2vec,speaker_independent,emotion_original,logistic_regression,none,,
wav2vec_logistic_regression_emotion_original_speaker_independent_none,03-01-01-01-01-02-18,0,neutral,neutral,wav2vec,speaker_independent,emotion_original,logistic_regression,none,,
wav2vec_logistic_regression_emotion_original_speaker_independent_none,03-01-01-01-02-01-05,0,neutral,neutral,wav2vec,speaker_independent,emotion_original,logistic_regression,none,,
wav2vec_logistic_regression_emotion_original_speaker_independent_none,03-01-01-01-02-01-13,0,neutral,neutral,wav2vec,speaker_independent,emotion_original,logistic_regression,none,,
wav2vec_logistic_regression_emotion_original_speaker_independent_none,03-01-01-01-02-01-18,0,neutral,calm,wav2vec,speaker_independent,emotion_original,logistic_regression,none,,
wav2vec_logistic_regression_emotion_original_speaker_independent_none,03-01-01-01-02-02-05,0,neutral,sad,wav2vec,speaker_independent,emotion_original,logistic_regression,none,,
wav2vec_logistic_regression_emotion_original_speaker_independent_none,03-01-01-01-02-02-13,0,neutral,happy,wav2vec,speaker_independent,emotion_original,logistic_regression,none,,
wav2vec_logistic_regression_emotion_original_speaker_independent_none,03-01-01-01-02-02-18,0,neutral,neutral,wav2vec,speaker_independent,emotion_original,logistic_regression,none,,
wav2vec_logistic_regression_emotion_original_speaker_independent_none,03-01-02-01-01-01-05,0,calm,calm,wav2vec,speaker_independent,emotion_original,logistic_regression,none,,
wav2vec_logistic_regression_emotion_original_speaker_independent_none,03-01-02-01-01-01-18,0,calm,calm,wav2vec,speaker_independent,emotion_original,logistic_regression,none,,
wav2vec_logistic_regression_emotion_original_speaker_independent_none,03-01-02-01-01-02-05,0,calm,calm,wav2vec,speaker_independent,emotion_original,logistic_regression,none,,
wav2vec_logistic_regression_emotion_original_speaker_independent_none,03-01-02-01-01-02-18,0,calm,calm,wav2vec,speaker_independent,emotion_original,logistic_regression,none,,
wav2vec_logistic_regression_emotion_original_speaker_independent_none,03-01-02-01-02-01-05,0,calm,calm,wav2vec,speaker_independent,emotion_original,logistic_regression,none,,
wav2vec_logistic_regression_emotion_original_speaker_independent_none,03-01-02-01-02-01-13,0,calm,happy,wav2vec,speaker_independent,emotion_original,logistic_regression,none,,
wav2vec_logistic_regression_emotion_original_speaker_independent_none,03-01-02-01-02-01-18,0,calm,calm,wav2vec,speaker_independent,emotion_original,logistic_regression,none,,
wav2vec_logistic_regression_emotion_original_speaker_independent_none,03-01-02-01-02-02-05,0,calm,disgust,wav2vec,speaker_independent,emotion_original,logistic_regression,none,,
wav2vec_logistic_regression_emotion_original_speaker_independent_none,03-01-02-01-02-02-13,0,calm,neutral,wav2vec,speaker_independent,emotion_original,logistic_regression,none,,
wav2vec_logistic_regression_emotion_original_speaker_independent_none,03-01-02-01-02-02-18,0,calm,calm,wav2vec,speaker_independent,emotion_original,logistic_regression,none,,
wav2vec_logistic_regression_emotion_original_speaker_independent_none,03-01-02-02-01-01-05,0,calm,calm,wav2vec,speaker_independent,emotion_original,logistic_regression,none,,
wav2vec_logistic_regression_emotion_original_speaker_independent_none,03-01-02-02-01-01-13,0,calm,neutral,wav2vec,speaker_independent,emotion_original,logistic_regression,none,,
wav2vec_logistic_regression_emotion_original_speaker_independent_none,03-01-02-02-01-01-18,0,calm,calm,wav2vec,speaker_independent,emotion_original,logistic_regression,none,,
wav2vec_logistic_regression_emotion_original_speaker_independent_none,03-01-02-02-01-02-05,0,calm,calm,wav2vec,speaker_independent,emotion_original,logistic_regression,none,,
wav2vec_logistic_regression_emotion_original_speaker_independent_none,03-01-02-02-01-02-13,0,calm,neutral,wav2vec,speaker_independent,emotion_original,logistic_regression,none,,
wav2vec_logistic_regression_emotion_original_speaker_independent_none,03-01-02-02-01-02-18,0,calm,calm,wav2vec,speaker_independent,emotion_original,logistic_regression,none,,
wav2vec_logistic_regression_emotion_original_speaker_independent_none,03-01-02-02-02-01-05,0,calm,calm,wav2vec,speaker_independent,emotion_original,logistic_regression,none,,
wav2vec_logistic_regression_emotion_original_speaker_independent_none,03-01-02-02-02-01-13,0,calm,neutral,wav2vec,speaker_independent,emotion_original,logistic_regression,none,,
wav2vec_logistic_regression_emotion_original_speaker_independent_none,03-01-02-02-02-01-18,0,calm,calm,wav2vec,speaker_independent,emotion_original,logistic_regression,none,,
wav2vec_logistic_regression_emotion_original_speaker_independent_none,03-01-02-02-02-02-05,0,calm,calm,wav2vec,speaker_independent,emotion_original,logistic_regression,none,,
wav2vec_logistic_regression_emotion_original_speaker_independent_none,03-01-02-02-02-02-13,0,calm,happy,wav2vec,speaker_independent,emotion_original,logistic_regression,none,,
wav2vec_logistic_regression_emotion_original_speaker_independent_none,03-01-02-02-02-02-18,0,calm,calm,wav2vec,speaker_independent,emotion_original,logistic_regression,none,,
wav2vec_logistic_regression_emotion_original_speaker_independent_none,03-01-03-01-01-01-05,0,happy,sad,wav2vec,speaker_independent,emotion_original,logistic_regression,none,,
wav2vec_logistic_regression_emotion_original_speaker_independent_none,03-01-03-01-01-01-13,0,happy,happy,wav2vec,speaker_independent,emotion_original,logistic_regression,none,,
wav2vec_logistic_regression_emotion_original_speaker_independent_none,03-01-03-01-01-01-18,0,happy,happy,wav2vec,speaker_independent,emotion_original,logistic_regression,none,,
wav2vec_logistic_regression_emotion_original_speaker_independent_none,03-01-03-01-01-02-05,0,happy,happy,wav2vec,speaker_independent,emotion_original,logistic_regression,none,,
wav2vec_logistic_regression_emotion_original_speaker_independent_none,03-01-03-01-01-02-13,0,happy,happy,wav2vec,speaker_independent,emotion_original,logistic_regression,none,,
wav2vec_logistic_regression_emotion_original_speaker_independent_none,03-01-03-01-01-02-18,0,happy,neutral,wav2vec,speaker_independent,emotion_original,logistic_regression,none,,
wav2vec_logistic_regression_emotion_original_speaker_independent_none,03-01-03-01-02-01-05,0,happy,sad,wav2vec,speaker_independent,emotion_original,logistic_regression,none,,
wav2vec_logistic_regression_emotion_original_speaker_independent_none,03-01-03-01-02-01-13,0,happy,happy,wav2vec,speaker_independent,emotion_original,logistic_regression,none,,
wav2vec_logistic_regression_emotion_original_speaker_independent_none,03-01-03-01-02-01-18,0,happy,calm,wav2vec,speaker_independent,emotion_original,logistic_regression,none,,
wav2vec_logistic_regression_emotion_original_speaker_independent_none,03-01-03-01-02-02-05,0,happy,angry,wav2vec,speaker_independent,emotion_original,logistic_regression,none,,
wav2vec_logistic_regression_emotion_original_speaker_independent_none,03-01-03-01-02-02-13,0,happy,happy,wav2vec,speaker_independent,emotion_original,logistic_regression,none,,
wav2vec_logistic_regression_emotion_original_speaker_independent_none,03-01-03-01-02-02-18,0,happy,happy,wav2vec,speaker_independent,emotion_original,logistic_regression,none,,
wav2vec_logistic_regression_emotion_original_speaker_independent_none,03-01-03-02-01-01-05,0,happy,disgust,wav2vec,speaker_independent,emotion_original,logistic_regression,none,,
wav2vec_logistic_regression_emotion_original_speaker_independent_none,03-01-03-02-01-01-18,0,happy,sad,wav2vec,speaker_independent,emotion_original,logistic_regression,none,,
wav2vec_logistic_regression_emotion_original_speaker_independent_none,03-01-03-02-01-02-05,0,happy,surprised,wav2vec,speaker_independent,emotion_original,logistic_regression,none,,
wav2vec_logistic_regression_emotion_original_speaker_independent_none,03-01-03-02-01-02-18,0,happy,fearful,wav2vec,speaker_independent,emotion_original,logistic_regression,none,,
wav2vec_logistic_regression_emotion_original_speaker_independent_none,03-01-03-02-02-01-05,0,happy,angry,wav2vec,speaker_independent,emotion_original,logistic_regression,none,,
wav2vec_logistic_regression_emotion_original_speaker_independent_none,03-01-03-02-02-01-13,0,happy,surprised,wav2vec,speaker_independent,emotion_original,logistic_regression,none,,
wav2vec_logistic_regression_emotion_original_speaker_independent_none,03-01-03-02-02-01-18,0,happy,happy,wav2vec,speaker_independent,emotion_original,logistic_regression,none,,
wav2vec_logistic_regression_emotion_original_speaker_independent_none,03-01-03-02-02-02-05,0,happy,happy,wav2vec,speaker_independent,emotion_original,logistic_regression,none,,
wav2vec_logistic_regression_emotion_original_speaker_independent_none,03-01-03-02-02-02-13,0,happy,happy,wav2vec,speaker_independent,emotion_original,logistic_regression,none,,
wav2vec_logistic_regression_emotion_original_speaker_independent_none,03-01-03-02-02-02-18,0,happy,fearful,wav2vec,speaker_independent,emotion_original,logistic_regression,none,,
wav2vec_logistic_regression_emotion_original_speaker_independent_none,03-01-04-01-01-01-05,0,sad,fearful,wav2vec,speaker_independent,emotion_original,logistic_regression,none,,
wav2vec_logistic_regression_emotion_original_speaker_independent_none,03-01-04-01-01-01-13,0,sad,calm,wav2vec,speaker_independent,emotion_original,logistic_regression,none,,
wav2vec_logistic_regression_emotion_original_speaker_independent_none,03-01-04-01-01-02-05,0,sad,calm,wav2vec,speaker_independent,emotion_original,logistic_regression,none,,
wav2vec_logistic_regression_emotion_original_speaker_independent_none,03-01-04-01-01-02-13,0,sad,neutral,wav2vec,speaker_independent,emotion_original,logistic_regression,none,,
wav2vec_logistic_regression_emotion_original_speaker_independent_none,03-01-04-01-02-01-05,0,sad,fearful,wav2vec,speaker_independent,emotion_original,logistic_regression,none,,
wav2vec_logistic_regression_emotion_original_speaker_independent_none,03-01-04-01-02-01-13,0,sad,neutral,wav2vec,speaker_independent,emotion_original,logistic_regression,none,,
wav2vec_logistic_regression_emotion_original_speaker_independent_none,03-01-04-01-02-01-18,0,sad,calm,wav2vec,speaker_independent,emotion_original,logistic_regression,none,,
wav2vec_logistic_regression_emotion_original_speaker_independent_none,03-01-04-01-02-02-05,0,sad,calm,wav2vec,speaker_independent,emotion_original,logistic_regression,none,,
wav2vec_logistic_regression_emotion_original_speaker_independent_none,03-01-04-01-02-02-13,0,sad,neutral,wav2vec,speaker_independent,emotion_original,logistic_regression,none,,
wav2vec_logistic_regression_emotion_original_speaker_independent_none,03-01-04-01-02-02-18,0,sad,neutral,wav2vec,speaker_independent,emotion_original,logistic_regression,none,,
wav2vec_logistic_regression_emotion_original_speaker_independent_none,03-01-04-02-01-01-13,0,sad,neutral,wav2vec,speaker_independent,emotion_original,logistic_regression,none,,
wav2vec_logistic_regression_emotion_original_speaker_independent_none,03-01-04-02-01-01-18,0,sad,fearful,wav2vec,speaker_independent,emotion_original,logistic_regression,none,,
wav2vec_logistic_regression_emotion_original_speaker_independent_none,03-01-04-02-01-02-13,0,sad,neutral,wav2vec,speaker_independent,emotion_original,logistic_regression,none,,
wav2vec_logistic_regression_emotion_original_speaker_independent_none,03-01-04-02-01-02-18,0,sad,fearful,wav2vec,speaker_independent,emotion_original,logistic_regression,none,,
wav2vec_logistic_regression_emotion_original_speaker_independent_none,03-01-04-02-02-01-05,0,sad,calm,wav2vec,speaker_independent,emotion_original,logistic_regression,none,,
wav2vec_logistic_regression_emotion_original_speaker_independent_none,03-01-04-02-02-01-18,0,sad,sad,wav2vec,speaker_independent,emotion_original,logistic_regression,none,,
wav2vec_logistic_regression_emotion_original_speaker_independent_none,03-01-04-02-02-02-05,0,sad,sad,wav2vec,speaker_independent,emotion_original,logistic_regression,none,,
wav2vec_logistic_regression_emotion_original_speaker_independent_none,03-01-04-02-02-02-18,0,sad,sad,wav2vec,speaker_independent,emotion_original,logistic_regression,none,,
wav2vec_logistic_regression_emotion_original_speaker_independent_none,03-01-05-01-01-01-05,0,angry,angry,wav2vec,speaker_independent,emotion_original,logistic_regression,none,,
wav2vec_logistic_regression_emotion_original_speaker_independent_none,03-01-05-01-01-01-13,0,angry,angry,wav2vec,speaker_independent,emotion_original,logistic_regression,none,,
wav2vec_logistic_regression_emotion_original_speaker_independent_none,03-01-05-01-01-01-18,0,angry,disgust,wav2vec,speaker_independent,emotion_original,logistic_regression,none,,
wav2vec_logistic_regression_emotion_original_speaker_independent_none,03-01-05-01-01-02-05,0,angry,angry,wav2vec,speaker_independent,emotion_original,logistic_regression,none,,
wav2vec_logistic_regression_emotion_original_speaker_independent_none,03-01-05-01-01-02-13,0,angry,angry,wav2vec,speaker_independent,emotion_original,logistic_regression,none,,
wav2vec_logistic_regression_emotion_original_speaker_independent_none,03-01-05-01-01-02-18,0,angry,disgust,wav2vec,speaker_independent,emotion_original,logistic_regression,none,,
wav2vec_logistic_regression_emotion_original_speaker_independent_none,03-01-05-01-02-01-05,0,angry,angry,wav2vec,speaker_independent,emotion_original,logistic_regression,none,,
wav2vec_logistic_regression_emotion_original_speaker_independent_none,03-01-05-01-02-01-13,0,angry,angry,wav2vec,speaker_independent,emotion_original,logistic_regression,none,,
wav2vec_logistic_regression_emotion_original_speaker_independent_none,03-01-05-01-02-01-18,0,angry,disgust,wav2vec,speaker_independent,emotion_original,logistic_regression,none,,
wav2vec_logistic_regression_emotion_original_speaker_independent_none,03-01-05-01-02-02-05,0,angry,angry,wav2vec,speaker_independent,emotion_original,logistic_regression,none,,
wav2vec_logistic_regression_emotion_original_speaker_independent_none,03-01-05-01-02-02-13,0,angry,angry,wav2vec,speaker_independent,emotion_original,logistic_regression,none,,
wav2vec_logistic_regression_emotion_original_speaker_independent_none,03-01-05-01-02-02-18,0,angry,disgust,wav2vec,speaker_independent,emotion_original,logistic_regression,none,,
wav2vec_logistic_regression_emotion_original_speaker_independent_none,03-01-05-02-01-01-13,0,angry,angry,wav2vec,speaker_independent,emotion_original,logistic_regression,none,,
wav2vec_logistic_regression_emotion_original_speaker_independent_none,03-01-05-02-01-02-13,0,angry,angry,wav2vec,speaker_independent,emotion_original,logistic_regression,none,,
wav2vec_logistic_regression_emotion_original_speaker_independent_none,03-01-05-02-02-01-05,0,angry,angry,wav2vec,speaker_independent,emotion_original,logistic_regression,none,,
wav2vec_logistic_regression_emotion_original_speaker_independent_none,03-01-05-02-02-01-13,0,angry,angry,wav2vec,speaker_independent,emotion_original,logistic_regression,none,,
wav2vec_logistic_regression_emotion_original_speaker_independent_none,03-01-05-02-02-01-18,0,angry,fearful,wav2vec,speaker_independent,emotion_original,logistic_regression,none,,
wav2vec_logistic_regression_emotion_original_speaker_independent_none,03-01-05-02-02-02-05,0,angry,angry,wav2vec,speaker_independent,emotion_original,logistic_regression,none,,
wav2vec_logistic_regression_emotion_original_speaker_independent_none,03-01-05-02-02-02-13,0,angry,angry,wav2vec,speaker_independent,emotion_original,logistic_regression,none,,
wav2vec_logistic_regression_emotion_original_speaker_independent_none,03-01-05-02-02-02-18,0,angry,happy,wav2vec,speaker_independent,emotion_original,logistic_regression,none,,
wav2vec_logistic_regression_emotion_original_speaker_independent_none,03-01-06-01-01-01-13,0,fearful,surprised,wav2vec,speaker_independent,emotion_original,logistic_regression,none,,
wav2vec_logistic_regression_emotion_original_speaker_independent_none,03-01-06-01-01-01-18,0,fearful,fearful,wav2vec,speaker_independent,emotion_original,logistic_regression,none,,
wav2vec_logistic_regression_emotion_original_speaker_independent_none,03-01-06-01-01-02-13,0,fearful,surprised,wav2vec,speaker_independent,emotion_original,logistic_regression,none,,
wav2vec_logistic_regression_emotion_original_speaker_independent_none,03-01-06-01-01-02-18,0,fearful,fearful,wav2vec,speaker_independent,emotion_original,logistic_regression,none,,
wav2vec_logistic_regression_emotion_original_speaker_independent_none,03-01-06-01-02-01-05,0,fearful,surprised,wav2vec,speaker_independent,emotion_original,logistic_regression,none,,
wav2vec_logistic_regression_emotion_original_speaker_independent_none,03-01-06-01-02-02-05,0,fearful,fearful,wav2vec,speaker_independent,emotion_original,logistic_regression,none,,
wav2vec_logistic_regression_emotion_original_speaker_independent_none,03-01-06-02-01-01-13,0,fearful,surprised,wav2vec,speaker_independent,emotion_original,logistic_regression,none,,
wav2vec_logistic_regression_emotion_original_speaker_independent_none,03-01-06-02-01-01-18,0,fearful,fearful,wav2vec,speaker_independent,emotion_original,logistic_regression,none,,
wav2vec_logistic_regression_emotion_original_speaker_independent_none,03-01-06-02-01-02-13,0,fearful,surprised,wav2vec,speaker_independent,emotion_original,logistic_regression,none,,
wav2vec_logistic_regression_emotion_original_speaker_independent_none,03-01-06-02-01-02-18,0,fearful,fearful,wav2vec,speaker_independent,emotion_original,logistic_regression,none,,
wav2vec_logistic_regression_emotion_original_speaker_independent_none,03-01-06-02-02-01-05,0,fearful,fearful,wav2vec,speaker_independent,emotion_original,logistic_regression,none,,
wav2vec_logistic_regression_emotion_original_speaker_independent_none,03-01-06-02-02-01-13,0,fearful,happy,wav2vec,speaker_independent,emotion_original,logistic_regression,none,,
wav2vec_logistic_regression_emotion_original_speaker_independent_none,03-01-06-02-02-02-05,0,fearful,fearful,wav2vec,speaker_independent,emotion_original,logistic_regression,none,,
wav2vec_logistic_regression_emotion_original_speaker_independent_none,03-01-06-02-02-02-13,0,fearful,surprised,wav2vec,speaker_independent,emotion_original,logistic_regression,none,,
wav2vec_logistic_regression_emotion_original_speaker_independent_none,03-01-07-01-01-01-05,0,disgust,disgust,wav2vec,speaker_independent,emotion_original,logistic_regression,none,,
wav2vec_logistic_regression_emotion_original_speaker_independent_none,03-01-07-01-01-01-13,0,disgust,neutral,wav2vec,speaker_independent,emotion_original,logistic_regression,none,,
wav2vec_logistic_regression_emotion_original_speaker_independent_none,03-01-07-01-01-01-18,0,disgust,disgust,wav2vec,speaker_independent,emotion_original,logistic_regression,none,,
wav2vec_logistic_regression_emotion_original_speaker_independent_none,03-01-07-01-01-02-05,0,disgust,disgust,wav2vec,speaker_independent,emotion_original,logistic_regression,none,,
wav2vec_logistic_regression_emotion_original_speaker_independent_none,03-01-07-01-01-02-13,0,disgust,neutral,wav2vec,speaker_independent,emotion_original,logistic_regression,none,,
wav2vec_logistic_regression_emotion_original_speaker_independent_none,03-01-07-01-01-02-18,0,disgust,disgust,wav2vec,speaker_independent,emotion_original,logistic_regression,none,,
wav2vec_logistic_regression_emotion_original_speaker_independent_none,03-01-07-02-01-01-05,0,disgust,disgust,wav2vec,speaker_independent,emotion_original,logistic_regression,none,,
wav2vec_logistic_regression_emotion_original_speaker_independent_none,03-01-07-02-01-01-13,0,disgust,angry,wav2vec,speaker_independent,emotion_original,logistic_regression,none,,
wav2vec_logistic_regression_emotion_original_speaker_independent_none,03-01-07-02-01-01-18,0,disgust,disgust,wav2vec,speaker_independent,emotion_original,logistic_regression,none,,
wav2vec_logistic_regression_emotion_original_speaker_independent_none,03-01-07-02-01-02-05,0,disgust,angry,wav2vec,speaker_independent,emotion_original,logistic_regression,none,,
wav2vec_logistic_regression_emotion_original_speaker_independent_none,03-01-07-02-01-02-13,0,disgust,angry,wav2vec,speaker_independent,emotion_original,logistic_regression,none,,
wav2vec_logistic_regression_emotion_original_speaker_independent_none,03-01-07-02-01-02-18,0,disgust,disgust,wav2vec,speaker_independent,emotion_original,logistic_regression,none,,
wav2vec_logistic_regression_emotion_original_speaker_independent_none,03-01-07-02-02-01-05,0,disgust,disgust,wav2vec,speaker_independent,emotion_original,logistic_regression,none,,
wav2vec_logistic_regression_emotion_original_speaker_independent_none,03-01-07-02-02-01-13,0,disgust,angry,wav2vec,speaker_independent,emotion_original,logistic_regression,none,,
wav2vec_logistic_regression_emotion_original_speaker_independent_none,03-01-07-02-02-01-18,0,disgust,disgust,wav2vec,speaker_independent,emotion_original,logistic_regression,none,,
wav2vec_logistic_regression_emotion_original_speaker_independent_none,03-01-07-02-02-02-05,0,disgust,disgust,wav2vec,speaker_independent,emotion_original,logistic_regression,none,,
wav2vec_logistic_regression_emotion_original_speaker_independent_none,03-01-07-02-02-02-13,0,disgust,angry,wav2vec,speaker_independent,emotion_original,logistic_regression,none,,
wav2vec_logistic_regression_emotion_original_speaker_independent_none,03-01-07-02-02-02-18,0,disgust,angry,wav2vec,speaker_independent,emotion_original,logistic_regression,none,,
wav2vec_logistic_regression_emotion_original_speaker_independent_none,03-01-08-01-01-01-05,0,surprised,surprised,wav2vec,speaker_independent,emotion_original,logistic_regression,none,,
wav2vec_logistic_regression_emotion_original_speaker_independent_none,03-01-08-01-01-01-18,0,surprised,neutral,wav2vec,speaker_independent,emotion_original,logistic_regression,none,,
wav2vec_logistic_regression_emotion_original_speaker_independent_none,03-01-08-01-01-02-05,0,surprised,angry,wav2vec,speaker_independent,emotion_original,logistic_regression,none,,
wav2vec_logistic_regression_emotion_original_speaker_independent_none,03-01-08-01-01-02-18,0,surprised,sad,wav2vec,speaker_independent,emotion_original,logistic_regression,none,,
wav2vec_logistic_regression_emotion_original_speaker_independent_none,03-01-08-01-02-01-05,0,surprised,surprised,wav2vec,speaker_independent,emotion_original,logistic_regression,none,,
wav2vec_logistic_regression_emotion_original_speaker_independent_none,03-01-08-01-02-01-13,0,surprised,surprised,wav2vec,speaker_independent,emotion_original,logistic_regression,none,,
wav2vec_logistic_regression_emotion_original_speaker_independent_none,03-01-08-01-02-01-18,0,surprised,disgust,wav2vec,speaker_independent,emotion_original,logistic_regression,none,,
wav2vec_logistic_regression_emotion_original_speaker_independent_none,03-01-08-01-02-02-05,0,surprised,sad,wav2vec,speaker_independent,emotion_original,logistic_regression,none,,
wav2vec_logistic_regression_emotion_original_speaker_independent_none,03-01-08-01-02-02-13,0,surprised,surprised,wav2vec,speaker_independent,emotion_original,logistic_regression,none,,
wav2vec_logistic_regression_emotion_original_speaker_independent_none,03-01-08-01-02-02-18,0,surprised,sad,wav2vec,speaker_independent,emotion_original,logistic_regression,none,,
wav2vec_logistic_regression_emotion_original_speaker_independent_none,03-01-08-02-01-01-13,0,surprised,surprised,wav2vec,speaker_independent,emotion_original,logistic_regression,none,,
wav2vec_logistic_regression_emotion_original_speaker_independent_none,03-01-08-02-01-01-18,0,surprised,surprised,wav2vec,speaker_independent,emotion_original,logistic_regression,none,,
wav2vec_logistic_regression_emotion_original_speaker_independent_none,03-01-08-02-01-02-13,0,surprised,surprised,wav2vec,speaker_independent,emotion_original,logistic_regression,none,,
wav2vec_logistic_regression_emotion_original_speaker_independent_none,03-01-08-02-01-02-18,0,surprised,surprised,wav2vec,speaker_independent,emotion_original,logistic_regression,none,,
wav2vec_logistic_regression_emotion_original_speaker_independent_none,03-01-08-02-02-01-05,0,surprised,sad,wav2vec,speaker_independent,emotion_original,logistic_regression,none,,
wav2vec_logistic_regression_emotion_original_speaker_independent_none,03-01-08-02-02-01-13,0,surprised,surprised,wav2vec,speaker_independent,emotion_original,logistic_regression,none,,
wav2vec_logistic_regression_emotion_original_speaker_independent_none,03-01-08-02-02-02-05,0,surprised,sad,wav2vec,speaker_independent,emotion_original,logistic_regression,none,,
wav2vec_logistic_regression_emotion_original_speaker_independent_none,03-01-08-02-02-02-13,0,surprised,surprised,wav2vec,speaker_independent,emotion_original,logistic_regression,none,,
wav2vec_logistic_regression_emotion_original_speaker_independent_none,03-01-01-01-01-01-01,1,neutral,neutral,wav2vec,speaker_independent,emotion_original,logistic_regression,none,,
wav2vec_logistic_regression_emotion_original_speaker_independent_none,03-01-01-01-01-01-03,1,neutral,neutral,wav2vec,speaker_independent,emotion_original,logistic_regression,none,,
wav2vec_logistic_regression_emotion_original_speaker_independent_none,03-01-01-01-01-01-09,1,neutral,sad,wav2vec,speaker_independent,emotion_original,logistic_regression,none,,
wav2vec_logistic_regression_emotion_original_speaker_independent_none,03-01-01-01-01-02-01,1,neutral,sad,wav2vec,speaker_independent,emotion_original,logistic_regression,none,,
wav2vec_logistic_regression_emotion_original_speaker_independent_none,03-01-01-01-01-02-03,1,neutral,neutral,wav2vec,speaker_independent,emotion_original,logistic_regression,none,,
wav2vec_logistic_regression_emotion_original_speaker_independent_none,03-01-01-01-01-02-09,1,neutral,calm,wav2vec,speaker_independent,emotion_original,logistic_regression,none,,
wav2vec_logistic_regression_emotion_original_speaker_independent_none,03-01-01-01-02-01-01,1,neutral,sad,wav2vec,speaker_independent,emotion_original,logistic_regression,none,,
wav2vec_logistic_regression_emotion_original_speaker_independent_none,03-01-01-01-02-01-03,1,neutral,neutral,wav2vec,speaker_independent,emotion_original,logistic_regression,none,,
wav2vec_logistic_regression_emotion_original_speaker_independent_none,03-01-01-01-02-01-09,1,neutral,sad,wav2vec,speaker_independent,emotion_original,logistic_regression,none,,
wav2vec_logistic_regression_emotion_original_speaker_independent_none,03-01-01-01-02-01-15,1,neutral,neutral,wav2vec,speaker_independent,emotion_original,logistic_regression,none,,
wav2vec_logistic_regression_emotion_original_speaker_independent_none,03-01-01-01-02-02-01,1,neutral,neutral,wav2vec,speaker_independent,emotion_original,logistic_regression,none,,
wav2vec_logistic_regression_emotion_original_speaker_independent_none,03-01-01-01-02-02-03,1,neutral,neutral,wav2vec,speaker_independent,emotion_original,logistic_regression,none,,
wav2vec_logistic_regression_emotion_original_speaker_independent_none,03-01-01-01-02-02-09,1,neutral,sad,wav2vec,speaker_independent,emotion_original,logistic_regression,none,,
wav2vec_logistic_regression_emotion_original_speaker_independent_none,03-01-01-01-02-02-15,1,neutral,neutral,wav2vec,speaker_independent,emotion_original,logistic_regression,none,,
wav2vec_logistic_regression_emotion_original_speaker_independent_none,03-01-02-01-01-01-01,1,calm,neutral,wav2vec,speaker_independent,emotion_original,logistic_regression,none,,
wav2vec_logistic_regression_emotion_original_speaker_independent_none,03-01-02-01-01-01-03,1,calm,neutral,wav2vec,speaker_independent,emotion_original,logistic_regression,none,,
wav2vec_logistic_regression_emotion_original_speaker_independent_none,03-01-02-01-01-01-09,1,calm,disgust,wav2vec,speaker_independent,emotion_original,logistic_regression,none,,
wav2vec_logistic_regression_emotion_original_speaker_independent_none,03-01-02-01-01-01-15,1,calm,calm,wav2vec,speaker_independent,emotion_original,logistic_regression,none,,
wav2vec_logistic_regression_emotion_original_speaker_independent_none,03-01-02-01-01-02-01,1,calm,neutral,wav2vec,speaker_independent,emotion_original,logistic_regression,none,,
wav2vec_logistic_regression_emotion_original_speaker_independent_none,03-01-02-01-01-02-03,1,calm,calm,wav2vec,speaker_independent,emotion_original,logistic_regression,none,,
wav2vec_logistic_regression_emotion_original_speaker_independent_none,03-01-02-01-01-02-09,1,calm,calm,wav2vec,speaker_independent,emotion_original,logistic_regression,none,,
wav2vec_logistic_regression_emotion_original_speaker_independent_none,03-01-02-01-01-02-15,1,calm,calm,wav2vec,speaker_independent,emotion_original,logistic_regression,none,,
wav2vec_logistic_regression_emotion_original_speaker_independent_none,03-01-02-01-02-01-01,1,calm,calm,wav2vec,speaker_independent,emotion_original,logistic_regression,none,,
wav2vec_logistic_regression_emotion_original_speaker_independent_none,03-01-02-01-02-01-03,1,calm,calm,wav2vec,speaker_independent,emotion_original,logistic_regression,none,,
wav2vec_logistic_regression_emotion_original_speaker_independent_none,03-01-02-01-02-01-09,1,calm,calm,wav2vec,speaker_independent,emotion_original,logistic_regression,none,,
wav2vec_logistic_regression_emotion_original_speaker_independent_none,03-01-02-01-02-01-15,1,calm,calm,wav2vec,speaker_independent,emotion_original,logistic_regression,none,,
wav2vec_logistic_regression_emotion_original_speaker_independent_none,03-01-02-01-02-02-01,1,calm,calm,wav2vec,speaker_independent,emotion_original,logistic_regression,none,,
wav2vec_logistic_regression_emotion_original_speaker_independent_none,03-01-02-01-02-02-03,1,calm,happy,wav2vec,speaker_independent,emotion_original,logistic_regression,none,,
wav2vec_logistic_regression_emotion_original_speaker_independent_none,03-01-02-01-02-02-09,1,calm,sad,wav2vec,speaker_independent,emotion_original,logistic_regression,none,,
wav2vec_logistic_regression_emotion_original_speaker_independent_none,03-01-02-01-02-02-15,1,calm,calm,wav2vec,speaker_independent,emotion_original,logistic_regression,none,,
wav2vec_logistic_regression_emotion_original_speaker_independent_none,03-01-02-02-01-01-01,1,calm,calm,wav2vec,speaker_independent,emotion_original,logistic_regression,none,,
wav2vec_logistic_regression_emotion_original_speaker_independent_none,03-01-02-02-01-01-03,1,calm,calm,wav2vec,speaker_independent,emotion_original,logistic_regression,none,,
wav2vec_logistic_regression_emotion_original_speaker_independent_none,03-01-02-02-01-02-01,1,calm,calm,wav2vec,speaker_independent,emotion_original,logistic_regression,none,,
wav2vec_logistic_regression_emotion_original_speaker_independent_none,03-01-02-02-01-02-03,1,calm,happy,wav2vec,speaker_independent,emotion_original,logistic_regression,none,,
wav2vec_logistic_regression_emotion_original_speaker_independent_none,03-01-02-02-02-01-01,1,calm,neutral,wav2vec,speaker_independent,emotion_original,logistic_regression,none,,
wav2vec_logistic_regression_emotion_original_speaker_independent_none,03-01-02-02-02-01-03,1,calm,happy,wav2vec,speaker_independent,emotion_original,logistic_regression,none,,
wav2vec_logistic_regression_emotion_original_speaker_independent_none,03-01-02-02-02-01-09,1,calm,sad,wav2vec,speaker_independent,emotion_original,logistic_regression,none,,
wav2vec_logistic_regression_emotion_original_speaker_independent_none,03-01-02-02-02-01-15,1,calm,disgust,wav2vec,speaker_independent,emotion_original,logistic_regression,none,,
wav2vec_logistic_regression_emotion_original_speaker_independent_none,03-01-02-02-02-02-01,1,calm,sad,wav2vec,speaker_independent,emotion_original,logistic_regression,none,,
wav2vec_logistic_regression_emotion_original_speaker_independent_none,03-01-02-02-02-02-03,1,calm,happy,wav2vec,speaker_independent,emotion_original,logistic_regression,none,,
wav2vec_logistic_regression_emotion_original_speaker_independent_none,03-01-02-02-02-02-09,1,calm,sad,wav2vec,speaker_independent,emotion_original,logistic_regression,none,,
wav2vec_logistic_regression_emotion_original_speaker_independent_none,03-01-02-02-02-02-15,1,calm,calm,wav2vec,speaker_independent,emotion_original,logistic_regression,none,,
wav2vec_logistic_regression_emotion_original_speaker_independent_none,03-01-03-01-01-01-01,1,happy,surprised,wav2vec,speaker_independent,emotion_original,logistic_regression,none,,
wav2vec_logistic_regression_emotion_original_speaker_independent_none,03-01-03-01-01-01-09,1,happy,sad,wav2vec,speaker_independent,emotion_original,logistic_regression,none,,
wav2vec_logistic_regression_emotion_original_speaker_independent_none,03-01-03-01-01-01-15,1,happy,neutral,wav2vec,speaker_independent,emotion_original,logistic_regression,none,,
wav2vec_logistic_regression_emotion_original_speaker_independent_none,03-01-03-01-01-02-01,1,happy,fearful,wav2vec,speaker_independent,emotion_original,logistic_regression,none,,
wav2vec_logistic_regression_emotion_original_speaker_independent_none,03-01-03-01-01-02-09,1,happy,disgust,wav2vec,speaker_independent,emotion_original,logistic_regression,none,,
wav2vec_logistic_regression_emotion_original_speaker_independent_none,03-01-03-01-01-02-15,1,happy,fearful,wav2vec,speaker_independent,emotion_original,logistic_regression,none,,
wav2vec_logistic_regression_emotion_original_speaker_independent_none,03-01-03-01-02-01-01,1,happy,neutral,wav2vec,speaker_independent,emotion_original,logistic_regression,none,,
wav2vec_logistic_regression_emotion_original_speaker_independent_none,03-01-03-01-02-01-03,1,happy,happy,wav2vec,speaker_independent,emotion_original,logistic_regression,none,,
wav2vec_logistic_regression_emotion_original_speaker_independent_none,03-01-03-01-02-01-09,1,happy,neutral,wav2vec,speaker_independent,emotion_original,logistic_regression,none,,
wav2vec_logistic_regression_emotion_original_speaker_independent_none,03-01-03-01-02-01-15,1,happy,calm,wav2vec,speaker_independent,emotion_original,logistic_regression,none,,
wav2vec_logistic_regression_emotion_original_speaker_independent_none,03-01-03-01-02-02-01,1,happy,angry,wav2vec,speaker_independent,emotion_original,logistic_regression,none,,
wav2vec_logistic_regression_emotion_original_speaker_independent_none,03-01-03-01-02-02-03,1,happy,sad,wav2vec,speaker_independent,emotion_original,logistic_regression,none,,
wav2vec_logistic_regression_emotion_original_speaker_independent_none,03-01-03-01-02-02-09,1,happy,sad,wav2vec,speaker_independent,emotion_original,logistic_regression,none,,
wav2vec_logistic_regression_emotion_original_speaker_independent_none,03-01-03-01-02-02-15,1,happy,happy,wav2vec,speaker_independent,emotion_original,logistic_regression,none,,
wav2vec_logistic_regression_emotion_original_speaker_independent_none,03-01-03-02-01-01-01,1,happy,sad,wav2vec,speaker_independent,emotion_original,logistic_regression,none,,
wav2vec_logistic_regression_emotion_original_speaker_independent_none,03-01-03-02-01-01-03,1,happy,happy,wav2vec,speaker_independent,emotion_original,logistic_regression,none,,
wav2vec_logistic_regression_emotion_original_speaker_independent_none,03-01-03-02-01-01-15,1,happy,surprised,wav2vec,speaker_independent,emotion_original,logistic_regression,none,,
wav2vec_logistic_regression_emotion_original_speaker_independent_none,03-01-03-02-01-02-01,1,happy,happy,wav2vec,speaker_independent,emotion_original,logistic_regression,none,,
wav2vec_logistic_regression_emotion_original_speaker_independent_none,03-01-03-02-01-02-03,1,happy,happy,wav2vec,speaker_independent,emotion_original,logistic_regression,none,,
wav2vec_logistic_regression_emotion_original_speaker_independent_none,03-01-03-02-01-02-15,1,happy,happy,wav2vec,speaker_independent,emotion_original,logistic_regression,none,,
wav2vec_logistic_regression_emotion_original_speaker_independent_none,03-01-03-02-02-01-09,1,happy,surprised,wav2vec,speaker_independent,emotion_original,logistic_regression,none,,
wav2vec_logistic_regression_emotion_original_speaker_independent_none,03-01-03-02-02-02-09,1,happy,disgust,wav2vec,speaker_independent,emotion_original,logistic_regression,none,,
wav2vec_logistic_regression_emotion_original_speaker_independent_none,03-01-04-01-01-01-01,1,sad,sad,wav2vec,speaker_independent,emotion_original,logistic_regression,none,,
wav2vec_logistic_regression_emotion_original_speaker_independent_none,03-01-04-01-01-01-03,1,sad,sad,wav2vec,speaker_independent,emotion_original,logistic_regression,none,,
wav2vec_logistic_regression_emotion_original_speaker_independent_none,03-01-04-01-01-01-09,1,sad,sad,wav2vec,speaker_independent,emotion_original,logistic_regression,none,,
wav2vec_logistic_regression_emotion_original_speaker_independent_none,03-01-04-01-01-01-15,1,sad,neutral,wav2vec,speaker_independent,emotion_original,logistic_regression,none,,
wav2vec_logistic_regression_emotion_original_speaker_independent_none,03-01-04-01-01-02-01,1,sad,neutral,wav2vec,speaker_independent,emotion_original,logistic_regression,none,,
wav2vec_logistic_regression_emotion_original_speaker_independent_none,03-01-04-01-01-02-03,1,sad,calm,wav2vec,speaker_independent,emotion_original,logistic_regression,none,,
wav2vec_logistic_regression_emotion_original_speaker_independent_none,03-01-04-01-01-02-09,1,sad,sad,wav2vec,speaker_independent,emotion_original,logistic_regression,none,,
wav2vec_logistic_regression_emotion_original_speaker_independent_none,03-01-04-01-01-02-15,1,sad,fearful,wav2vec,speaker_independent,emotion_original,logistic_regression,none,,
wav2vec_logistic_regression_emotion_original_speaker_independent_none,03-01-04-01-02-01-01,1,sad,neutral,wav2vec,speaker_independent,emotion_original,logistic_regression,none,,
wav2vec_logistic_regression_emotion_original_speaker_independent_none,03-01-04-01-02-01-03,1,sad,sad,wav2vec,speaker_independent,emotion_original,logistic_regression,none,,
wav2vec_logistic_regression_emotion_original_speaker_independent_none,03-01-04-01-02-01-15,1,sad,angry,wav2vec,speaker_independent,emotion_original,logistic_regression,none,,
wav2vec_logistic_regression_emotion_original_speaker_independent_none,03-01-04-01-02-02-01,1,sad,sad,wav2vec,speaker_independent,emotion_original,logistic_regression,none,,
wav2vec_logistic_regression_emotion_original_speaker_independent_none,03-01-04-01-02-02-03,1,sad,fearful,wav2vec,speaker_independent,emotion_original,logistic_regression,none,,
wav2vec_logistic_regression_emotion_original_speaker_independent_none,03-01-04-01-02-02-15,1,sad,sad,wav2vec,speaker_independent,emotion_original,logistic_regression,none,,
wav2vec_logistic_regression_emotion_original_speaker_independent_none,03-01-04-02-01-01-01,1,sad,sad,wav2vec,speaker_independent,emotion_original,logistic_regression,none,,
wav2vec_logistic_regression_emotion_original_speaker_independent_none,03-01-04-02-01-01-03,1,sad,sad,wav2vec,speaker_independent,emotion_original,logistic_regression,none,,
wav2vec_logistic_regression_emotion_original_speaker_independent_none,03-01-04-02-01-01-09,1,sad,sad,wav2vec,speaker_independent,emotion_original,logistic_regression,none,,
wav2vec_logistic_regression_emotion_original_speaker_independent_none,03-01-04-02-01-01-15,1,sad,sad,wav2vec,speaker_independent,emotion_original,logistic_regression,none,,
wav2vec_logistic_regression_emotion_original_speaker_independent_none,03-01-04-02-01-02-01,1,sad,sad,wav2vec,speaker_independent,emotion_original,logistic_regression,none,,
wav2vec_logistic_regression_emotion_original_speaker_independent_none,03-01-04-02-01-02-03,1,sad,sad,wav2vec,speaker_independent,emotion_original,logistic_regression,none,,
wav2vec_logistic_regression_emotion_original_speaker_independent_none,03-01-04-02-01-02-09,1,sad,sad,wav2vec,speaker_independent,emotion_original,logistic_regression,none,,
wav2vec_logistic_regression_emotion_original_speaker_independent_none,03-01-04-02-01-02-15,1,sad,happy,wav2vec,speaker_independent,emotion_original,logistic_regression,none,,
wav2vec_logistic_regression_emotion_original_speaker_independent_none,03-01-04-02-02-01-03,1,sad,fearful,wav2vec,speaker_independent,emotion_original,logistic_regression,none,,
wav2vec_logistic_regression_emotion_original_speaker_independent_none,03-01-04-02-02-01-09,1,sad,sad,wav2vec,speaker_independent,emotion_original,logistic_regression,none,,
wav2vec_logistic_regression_emotion_original_speaker_independent_none,03-01-04-02-02-01-15,1,sad,happy,wav2vec,speaker_independent,emotion_original,logistic_regression,none,,
wav2vec_logistic_regression_emotion_original_speaker_independent_none,03-01-04-02-02-02-03,1,sad,happy,wav2vec,speaker_independent,emotion_original,logistic_regression,none,,
wav2vec_logistic_regression_emotion_original_speaker_independent_none,03-01-04-02-02-02-09,1,sad,sad,wav2vec,speaker_independent,emotion_original,logistic_regression,none,,
wav2vec_logistic_regression_emotion_original_speaker_independent_none,03-01-04-02-02-02-15,1,sad,sad,wav2vec,speaker_independent,emotion_original,logistic_regression,none,,
wav2vec_logistic_regression_emotion_original_speaker_independent_none,03-01-05-01-01-01-01,1,angry,angry,wav2vec,speaker_independent,emotion_original,logistic_regression,none,,
wav2vec_logistic_regression_emotion_original_speaker_independent_none,03-01-05-01-01-01-03,1,angry,disgust,wav2vec,speaker_independent,emotion_original,logistic_regression,none,,
wav2vec_logistic_regression_emotion_original_speaker_independent_none,03-01-05-01-01-01-15,1,angry,angry,wav2vec,speaker_independent,emotion_original,logistic_regression,none,,
wav2vec_logistic_regression_emotion_original_speaker_independent_none,03-01-05-01-01-02-01,1,angry,angry,wav2vec,speaker_independent,emotion_original,logistic_regression,none,,
wav2vec_logistic_regression_emotion_original_speaker_independent_none,03-01-05-01-01-02-03,1,angry,angry,wav2vec,speaker_independent,emotion_original,logistic_regression,none,,
wav2vec_logistic_regression_emotion_original_speaker_independent_none,03-01-05-01-01-02-15,1,angry,angry,wav2vec,speaker_independent,emotion_original,logistic_regression,none,,
wav2vec_logistic_regression_emotion_original_speaker_independent_none,03-01-05-01-02-01-01,1,angry,angry,wav2vec,speaker_independent,emotion_original,logistic_regression,none,,
wav2vec_logistic_regression_emotion_original_speaker_independent_none,03-01-05-01-02-01-03,1,angry,angry,wav2vec,speaker_independent,emotion_original,logistic_regression,none,,
wav2vec_logistic_regression_emotion_original_speaker_independent_none,03-01-05-01-02-01-09,1,angry,disgust,wav2vec,speaker_independent,emotion_original,logistic_regression,none,,
wav2vec_logistic_regression_emotion_original_speaker_independent_none,03-01-05-01-02-01-15,1,angry,angry,wav2vec,speaker_independent,emotion_original,logistic_regression,none,,
wav2vec_logistic_regression_emotion_original_speaker_independent_none,03-01-05-01-02-02-01,1,angry,angry,wav2vec,speaker_independent,emotion_original,logistic_regression,none,,
wav2vec_logistic_regression_emotion_original_speaker_independent_none,03-01-05-01-02-02-03,1,angry,angry,wav2vec,speaker_independent,emotion_original,logistic_regression,none,,
wav2vec_logistic_regression_emotion_original_speaker_independent_none,03-01-05-01-02-02-09,1,angry,disgust,wav2vec,speaker_independent,emotion_original,logistic_regression,none,,
wav2vec_logistic_regression_emotion_original_speaker_independent_none,03-01-05-01-02-02-15,1,angry,angry,wav2vec,speaker_independent,emotion_original,logistic_regression,none,,
wav2vec_logistic_regression_emotion_original_speaker_independent_none,03-01-05-02-01-01-09,1,angry,fearful,wav2vec,speaker_independent,emotion_original,logistic_regression,none,,
wav2vec_logistic_regression_emotion_original_speaker_independent_none,03-01-05-02-01-01-15,1,angry,angry,wav2vec,speaker_independent,emotion_original,logistic_regression,none,,
wav2vec_logistic_regression_emotion_original_speaker_independent_none,03-01-05-02-01-02-09,1,angry,fearful,wav2vec,speaker_independent,emotion_original,logistic_regression,none,,
wav2vec_logistic_regression_emotion_original_speaker_independent_none,03-01-05-02-01-02-15,1,angry,angry,wav2vec,speaker_independent,emotion_original,logistic_regression,none,,
wav2vec_logistic_regression_emotion_original_speaker_independent_none,03-01-05-02-02-01-01,1,angry,angry,wav2vec,speaker_independent,emotion_original,logistic_regression,none,,
wav2vec_logistic_regression_emotion_original_speaker_independent_none,03-01-05-02-02-01-03,1,angry,angry,wav2vec,speaker_independent,emotion_original,logistic_regression,none,,
wav2vec_logistic_regression_emotion_original_speaker_independent_none,03-01-05-02-02-01-09,1,angry,angry,wav2vec,speaker_independent,emotion_original,logistic_regression,none,,
wav2vec_logistic_regression_emotion_original_speaker_independent_none,03-01-05-02-02-02-01,1,angry,happy,wav2vec,speaker_independent,emotion_original,logistic_regression,none,,
wav2vec_logistic_regression_emotion_original_speaker_independent_none,03-01-05-02-02-02-03,1,angry,angry,wav2vec,speaker_independent,emotion_original,logistic_regression,none,,
wav2vec_logistic_regression_emotion_original_speaker_independent_none,03-01-05-02-02-02-09,1,angry,fearful,wav2vec,speaker_independent,emotion_original,logistic_regression,none,,
wav2vec_logistic_regression_emotion_original_speaker_independent_none,03-01-06-01-01-01-01,1,fearful,happy,wav2vec,speaker_independent,emotion_original,logistic_regression,none,,
wav2vec_logistic_regression_emotion_original_speaker_independent_none,03-01-06-01-01-01-03,1,fearful,disgust,wav2vec,speaker_independent,emotion_original,logistic_regression,none,,
wav2vec_logistic_regression_emotion_original_speaker_independent_none,03-01-06-01-01-01-09,1,fearful,calm,wav2vec,speaker_independent,emotion_original,logistic_regression,none,,
wav2vec_logistic_regression_emotion_original_speaker_independent_none,03-01-06-01-01-02-01,1,fearful,happy,wav2vec,speaker_independent,emotion_original,logistic_regression,none,,
wav2vec_logistic_regression_emotion_original_speaker_independent_none,03-01-06-01-01-02-03,1,fearful,happy,wav2vec,speaker_independent,emotion_original,logistic_regression,none,,
wav2vec_logistic_regression_emotion_original_speaker_independent_none,03-01-06-01-01-02-09,1,fearful,calm,wav2vec,speaker_independent,emotion_original,logistic_regression,none,,
wav2vec_logistic_regression_emotion_original_speaker_independent_none,03-01-06-01-02-01-01,1,fearful,neutral,wav2vec,speaker_independent,emotion_original,logistic_regression,none,,
wav2vec_logistic_regression_emotion_original_speaker_independent_none,03-01-06-01-02-01-09,1,fearful,calm,wav2vec,speaker_independent,emotion_original,logistic_regression,none,,
wav2vec_logistic_regression_emotion_original_speaker_independent_none,03-01-06-01-02-01-15,1,fearful,sad,wav2vec,speaker_independent,emotion_original,logistic_regression,none,,
wav2vec_logistic_regression_emotion_original_speaker_independent_none,03-01-06-01-02-02-01,1,fearful,sad,wav2vec,speaker_independent,emotion_original,logistic_regression,none,,
wav2vec_logistic_regression_emotion_original_speaker_independent_none,03-01-06-01-02-02-09,1,fearful,sad,wav2vec,speaker_independent,emotion_original,logistic_regression,none,,
wav2vec_logistic_regression_emotion_original_speaker_independent_none,03-01-06-01-02-02-15,1,fearful,fearful,wav2vec,speaker_independent,emotion_original,logistic_regression,none,,
wav2vec_logistic_regression_emotion_original_speaker_independent_none,03-01-06-02-01-01-01,1,fearful,fearful,wav2vec,speaker_independent,emotion_original,logistic_regression,none,,
wav2vec_logistic_regression_emotion_original_speaker_independent_none,03-01-06-02-01-01-03,1,fearful,fearful,wav2vec,speaker_independent,emotion_original,logistic_regression,none,,
wav2vec_logistic_regression_emotion_original_speaker_independent_none,03-01-06-02-01-01-09,1,fearful,fearful,wav2vec,speaker_independent,emotion_original,logistic_regression,none,,
wav2vec_logistic_regression_emotion_original_speaker_independent_none,03-01-06-02-01-01-15,1,fearful,fearful,wav2vec,speaker_independent,emotion_original,logistic_regression,none,,
wav2vec_logistic_regression_emotion_original_speaker_independent_none,03-01-06-02-01-02-01,1,fearful,fearful,wav2vec,speaker_independent,emotion_original,logistic_regression,none,,
wav2vec_logistic_regression_emotion_original_speaker_independent_none,03-01-06-02-01-02-03,1,fearful,fearful,wav2vec,speaker_independent,emotion_original,logistic_regression,none,,
wav2vec_logistic_regression_emotion_original_speaker_independent_none,03-01-06-02-01-02-09,1,fearful,disgust,wav2vec,speaker_independent,emotion_original,logistic_regression,none,,
wav2vec_logistic_regression_emotion_original_speaker_independent_none,03-01-06-02-01-02-15,1,fearful,fearful,wav2vec,speaker_independent,emotion_original,logistic_regression,none,,
wav2vec_logistic_regression_emotion_original_speaker_independent_none,03-01-06-02-02-01-03,1,fearful,fearful,wav2vec,speaker_independent,emotion_original,logistic_regression,none,,
wav2vec_logistic_regression_emotion_original_speaker_independent_none,03-01-06-02-02-01-15,1,fearful,happy,wav2vec,speaker_independent,emotion_original,logistic_regression,none,,
wav2vec_logistic_regression_emotion_original_speaker_independent_none,03-01-06-02-02-02-03,1,fearful,fearful,wav2vec,speaker_independent,emotion_original,logistic_regression,none,,
wav2vec_logistic_regression_emotion_original_speaker_independent_none,03-01-06-02-02-02-15,1,fearful,angry,wav2vec,speaker_independent,emotion_original,logistic_regression,none,,
wav2vec_logistic_regression_emotion_original_speaker_independent_none,03-01-07-01-01-01-01,1,disgust,disgust,wav2vec,speaker_independent,emotion_original,logistic_regression,none,,
wav2vec_logistic_regression_emotion_original_speaker_independent_none,03-01-07-01-01-01-03,1,disgust,disgust,wav2vec,speaker_independent,emotion_original,logistic_regression,none,,
wav2vec_logistic_regression_emotion_original_speaker_independent_none,03-01-07-01-01-01-09,1,disgust,sad,wav2vec,speaker_independent,emotion_original,logistic_regression,none,,
wav2vec_logistic_regression_emotion_original_speaker_independent_none,03-01-07-01-01-01-15,1,disgust,disgust,wav2vec,speaker_independent,emotion_original,logistic_regression,none,,
wav2vec_logistic_regression_emotion_original_speaker_independent_none,03-01-07-01-01-02-01,1,disgust,disgust,wav2vec,speaker_independent,emotion_original,logistic_regression,none,,
wav2vec_logistic_regression_emotion_original_speaker_independent_none,03-01-07-01-01-02-03,1,disgust,disgust,wav2vec,speaker_independent,emotion_original,logistic_regression,none,,
wav2vec_logistic_regression_emotion_original_speaker_independent_none,03-01-07-01-01-02-09,1,disgust,calm,wav2vec,speaker_independent,emotion_original,logistic_regression,none,,
wav2vec_logistic_regression_emotion_original_speaker_independent_none,03-01-07-01-01-02-15,1,disgust,disgust,wav2vec,speaker_independent,emotion_original,logistic_regression,none,,
wav2vec_logistic_regression_emotion_original_speaker_independent_none,03-01-07-01-02-01-09,1,disgust,sad,wav2vec,speaker_independent,emotion_original,logistic_regression,none,,
wav2vec_logistic_regression_emotion_original_speaker_independent_none,03-01-07-01-02-01-15,1,disgust,sad,wav2vec,speaker_independent,emotion_original,logistic_regression,none,,
wav2vec_logistic_regression_emotion_original_speaker_independent_none,03-01-07-01-02-02-09,1,disgust,sad,wav2vec,speaker_independent,emotion_original,logistic_regression,none,,
wav2vec_logistic_regression_emotion_original_speaker_independent_none,03-01-07-01-02-02-15,1,disgust,angry,wav2vec,speaker_independent,emotion_original,logistic_regression,none,,
wav2vec_logistic_regression_emotion_original_speaker_independent_none,03-01-07-02-01-01-01,1,disgust,disgust,wav2vec,speaker_independent,emotion_original,logistic_regression,none,,
wav2vec_logistic_regression_emotion_original_speaker_independent_none,03-01-07-02-01-01-03,1,disgust,disgust,wav2vec,speaker_independent,emotion_original,logistic_regression,none,,
wav2vec_logistic_regression_emotion_original_speaker_independent_none,03-01-07-02-01-01-09,1,disgust,disgust,wav2vec,speaker_independent,emotion_original,logistic_regression,none,,
wav2vec_logistic_regression_emotion_original_speaker_independent_none,03-01-07-02-01-01-15,1,disgust,angry,wav2vec,speaker_independent,emotion_original,logistic_regression,none,,
wav2vec_logistic_regression_emotion_original_speaker_independent_none,03-01-07-02-01-02-01,1,disgust,surprised,wav2vec,speaker_independent,emotion_original,logistic_regression,none,,
wav2vec_logistic_regression_emotion_original_speaker_independent_none,03-01-07-02-01-02-03,1,disgust,disgust,wav2vec,speaker_independent,emotion_original,logistic_regression,none,,
wav2vec_logistic_regression_emotion_original_speaker_independent_none,03-01-07-02-01-02-09,1,disgust,disgust,wav2vec,speaker_independent,emotion_original,logistic_regression,none,,
wav2vec_logistic_regression_emotion_original_speaker_independent_none,03-01-07-02-01-02-15,1,disgust,sad,wav2vec,speaker_independent,emotion_original,logistic_regression,none,,
wav2vec_logistic_regression_emotion_original_speaker_independent_none,03-01-07-02-02-01-01,1,disgust,disgust,wav2vec,speaker_independent,emotion_original,logistic_regression,none,,
wav2vec_logistic_regression_emotion_original_speaker_independent_none,03-01-07-02-02-01-03,1,disgust,disgust,wav2vec,speaker_independent,emotion_original,logistic_regression,none,,
wav2vec_logistic_regression_emotion_original_speaker_independent_none,03-01-07-02-02-01-09,1,disgust,sad,wav2vec,speaker_independent,emotion_original,logistic_regression,none,,
wav2vec_logistic_regression_emotion_original_speaker_independent_none,03-01-07-02-02-01-15,1,disgust,disgust,wav2vec,speaker_independent,emotion_original,logistic_regression,none,,
wav2vec_logistic_regression_emotion_original_speaker_independent_none,03-01-07-02-02-02-01,1,disgust,surprised,wav2vec,speaker_independent,emotion_original,logistic_regression,none,,
wav2vec_logistic_regression_emotion_original_speaker_independent_none,03-01-07-02-02-02-03,1,disgust,disgust,wav2vec,speaker_independent,emotion_original,logistic_regression,none,,
wav2vec_logistic_regression_emotion_original_speaker_independent_none,03-01-07-02-02-02-09,1,disgust,sad,wav2vec,speaker_independent,emotion_original,logistic_regression,none,,
wav2vec_logistic_regression_emotion_original_speaker_independent_none,03-01-07-02-02-02-15,1,disgust,happy,wav2vec,speaker_independent,emotion_original,logistic_regression,none,,
wav2vec_logistic_regression_emotion_original_speaker_independent_none,03-01-08-01-01-01-01,1,surprised,happy,wav2vec,speaker_independent,emotion_original,logistic_regression,none,,
wav2vec_logistic_regression_emotion_original_speaker_independent_none,03-01-08-01-01-01-03,1,surprised,fearful,wav2vec,speaker_independent,emotion_original,logistic_regression,none,,
wav2vec_logistic_regression_emotion_original_speaker_independent_none,03-01-08-01-01-01-09,1,surprised,sad,wav2vec,speaker_independent,emotion_original,logistic_regression,none,,
wav2vec_logistic_regression_emotion_original_speaker_independent_none,03-01-08-01-01-01-15,1,surprised,sad,wav2vec,speaker_independent,emotion_original,logistic_regression,none,,
wav2vec_logistic_regression_emotion_original_speaker_independent_none,03-01-08-01-01-02-01,1,surprised,neutral,wav2vec,speaker_independent,emotion_original,logistic_regression,none,,
wav2vec_logistic_regression_emotion_original_speaker_independent_none,03-01-08-01-01-02-03,1,surprised,fearful,wav2vec,speaker_independent,emotion_original,logistic_regression,none,,
wav2vec_logistic_regression_emotion_original_speaker_independent_none,03-01-08-01-01-02-09,1,surprised,neutral,wav2vec,speaker_independent,emotion_original,logistic_regression,none,,
wav2vec_logistic_regression_emotion_original_speaker_independent_none,03-01-08-01-01-02-15,1,surprised,happy,wav2vec,speaker_independent,emotion_original,logistic_regression,none,,
wav2vec_logistic_regression_emotion_original_speaker_independent_none,03-01-08-01-02-01-01,1,surprised,sad,wav2vec,speaker_independent,emotion_original,logistic_regression,none,,
wav2vec_logistic_regression_emotion_original_speaker_independent_none,03-01-08-01-02-01-03,1,surprised,surprised,wav2vec,speaker_independent,emotion_original,logistic_regression,none,,
wav2vec_logistic_regression_emotion_original_speaker_independent_none,03-01-08-01-02-01-09,1,surprised,sad,wav2vec,speaker_independent,emotion_original,logistic_regression,none,,
wav2vec_logistic_regression_emotion_original_speaker_independent_none,03-01-08-01-02-02-01,1,surprised,surprised,wav2vec,speaker_independent,emotion_original,logistic_regression,none,,
wav2vec_logistic_regression_emotion_original_speaker_independent_none,03-01-08-01-02-02-03,1,surprised,disgust,wav2vec,speaker_independent,emotion_original,logistic_regression,none,,
wav2vec_logistic_regression_emotion_original_speaker_independent_none,03-01-08-01-02-02-09,1,surprised,sad,wav2vec,speaker_independent,emotion_original,logistic_regression,none,,
wav2vec_logistic_regression_emotion_original_speaker_independent_none,03-01-08-02-01-01-01,1,surprised,surprised,wav2vec,speaker_independent,emotion_original,logistic_regression,none,,
wav2vec_logistic_regression_emotion_original_speaker_independent_none,03-01-08-02-01-01-03,1,surprised,surprised,wav2vec,speaker_independent,emotion_original,logistic_regression,none,,
wav2vec_logistic_regression_emotion_original_speaker_independent_none,03-01-08-02-01-01-09,1,surprised,surprised,wav2vec,speaker_independent,emotion_original,logistic_regression,none,,
wav2vec_logistic_regression_emotion_original_speaker_independent_none,03-01-08-02-01-01-15,1,surprised,surprised,wav2vec,speaker_independent,emotion_original,logistic_regression,none,,
wav2vec_logistic_regression_emotion_original_speaker_independent_none,03-01-08-02-01-02-01,1,surprised,surprised,wav2vec,speaker_independent,emotion_original,logistic_regression,none,,
wav2vec_logistic_regression_emotion_original_speaker_independent_none,03-01-08-02-01-02-03,1,surprised,happy,wav2vec,speaker_independent,emotion_original,logistic_regression,none,,
wav2vec_logistic_regression_emotion_original_speaker_independent_none,03-01-08-02-01-02-09,1,surprised,calm,wav2vec,speaker_independent,emotion_original,logistic_regression,none,,
wav2vec_logistic_regression_emotion_original_speaker_independent_none,03-01-08-02-01-02-15,1,surprised,happy,wav2vec,speaker_independent,emotion_original,logistic_regression,none,,
wav2vec_logistic_regression_emotion_original_speaker_independent_none,03-01-08-02-02-01-15,1,surprised,surprised,wav2vec,speaker_independent,emotion_original,logistic_regression,none,,
wav2vec_logistic_regression_emotion_original_speaker_independent_none,03-01-08-02-02-02-15,1,surprised,surprised,wav2vec,speaker_independent,emotion_original,logistic_regression,none,,
wav2vec_logistic_regression_emotion_original_speaker_independent_none,03-01-01-01-01-01-07,2,neutral,sad,wav2vec,speaker_independent,emotion_original,logistic_regression,none,,
wav2vec_logistic_regression_emotion_original_speaker_independent_none,03-01-01-01-01-01-10,2,neutral,happy,wav2vec,speaker_independent,emotion_original,logistic_regression,none,,
wav2vec_logistic_regression_emotion_original_speaker_independent_none,03-01-01-01-01-01-12,2,neutral,neutral,wav2vec,speaker_independent,emotion_original,logistic_regression,none,,
wav2vec_logistic_regression_emotion_original_speaker_independent_none,03-01-01-01-01-01-17,2,neutral,happy,wav2vec,speaker_independent,emotion_original,logistic_regression,none,,
wav2vec_logistic_regression_emotion_original_speaker_independent_none,03-01-01-01-01-02-07,2,neutral,calm,wav2vec,speaker_independent,emotion_original,logistic_regression,none,,
wav2vec_logistic_regression_emotion_original_speaker_independent_none,03-01-01-01-01-02-10,2,neutral,disgust,wav2vec,speaker_independent,emotion_original,logistic_regression,none,,
wav2vec_logistic_regression_emotion_original_speaker_independent_none,03-01-01-01-01-02-12,2,neutral,happy,wav2vec,speaker_independent,emotion_original,logistic_regression,none,,
wav2vec_logistic_regression_emotion_original_speaker_independent_none,03-01-01-01-01-02-17,2,neutral,happy,wav2vec,speaker_independent,emotion_original,logistic_regression,none,,
wav2vec_logistic_regression_emotion_original_speaker_independent_none,03-01-01-01-02-01-07,2,neutral,calm,wav2vec,speaker_independent,emotion_original,logistic_regression,none,,
wav2vec_logistic_regression_emotion_original_speaker_independent_none,03-01-01-01-02-02-07,2,neutral,calm,wav2vec,speaker_independent,emotion_original,logistic_regression,none,,
wav2vec_logistic_regression_emotion_original_speaker_independent_none,03-01-02-01-01-01-07,2,calm,calm,wav2vec,speaker_independent,emotion_original,logistic_regression,none,,
wav2vec_logistic_regression_emotion_original_speaker_independent_none,03-01-02-01-01-01-10,2,calm,sad,wav2vec,speaker_independent,emotion_original,logistic_regression,none,,
wav2vec_logistic_regression_emotion_original_speaker_independent_none,03-01-02-01-01-01-12,2,calm,calm,wav2vec,speaker_independent,emotion_original,logistic_regression,none,,
wav2vec_logistic_regression_emotion_original_speaker_independent_none,03-01-02-01-01-01-17,2,calm,calm,wav2vec,speaker_independent,emotion_original,logistic_regression,none,,
wav2vec_logistic_regression_emotion_original_speaker_independent_none,03-01-02-01-01-02-07,2,calm,calm,wav2vec,speaker_independent,emotion_original,logistic_regression,none,,
wav2vec_logistic_regression_emotion_original_speaker_independent_none,03-01-02-01-01-02-10,2,calm,disgust,wav2vec,speaker_independent,emotion_original,logistic_regression,none,,
wav2vec_logistic_regression_emotion_original_speaker_independent_none,03-01-02-01-01-02-12,2,calm,calm,wav2vec,speaker_independent,emotion_original,logistic_regression,none,,
wav2vec_logistic_regression_emotion_original_speaker_independent_none,03-01-02-01-01-02-17,2,calm,calm,wav2vec,speaker_independent,emotion_original,logistic_regression,none,,
wav2vec_logistic_regression_emotion_original_speaker_independent_none,03-01-02-01-02-01-07,2,calm,calm,wav2vec,speaker_independent,emotion_original,logistic_regression,none,,
wav2vec_logistic_regression_emotion_original_speaker_independent_none,03-01-02-01-02-01-10,2,calm,fearful,wav2vec,speaker_independent,emotion_original,logistic_regression,none,,
wav2vec_logistic_regression_emotion_original_speaker_independent_none,03-01-02-01-02-01-17,2,calm,neutral,wav2vec,speaker_independent,emotion_original,logistic_regression,none,,
wav2vec_logistic_regression_emotion_original_speaker_independent_none,03-01-02-01-02-02-07,2,calm,calm,wav2vec,speaker_independent,emotion_original,logistic_regression,none,,
wav2vec_logistic_regression_emotion_original_speaker_independent_none,03-01-02-01-02-02-10,2,calm,sad,wav2vec,speaker_independent,emotion_original,logistic_regression,none,,
wav2vec_logistic_regression_emotion_original_speaker_independent_none,03-01-02-01-02-02-17,2,calm,sad,wav2vec,speaker_independent,emotion_original,logistic_regression,none,,
wav2vec_logistic_regression_emotion_original_speaker_independent_none,03-01-02-02-01-01-07,2,calm,disgust,wav2vec,speaker_independent,emotion_original,logistic_regression,none,,
wav2vec_logistic_regression_emotion_original_speaker_independent_none,03-01-02-02-01-01-10,2,calm,fearful,wav2vec,speaker_independent,emotion_original,logistic_regression,none,,
wav2vec_logistic_regression_emotion_original_speaker_independent_none,03-01-02-02-01-01-12,2,calm,calm,wav2vec,speaker_independent,emotion_original,logistic_regression,none,,
wav2vec_logistic_regression_emotion_original_speaker_independent_none,03-01-02-02-01-02-07,2,calm,calm,wav2vec,speaker_independent,emotion_original,logistic_regression,none,,
wav2vec_logistic_regression_emotion_original_speaker_independent_none,03-01-02-02-01-02-10,2,calm,sad,wav2vec,speaker_independent,emotion_original,logistic_regression,none,,
wav2vec_logistic_regression_emotion_original_speaker_independent_none,03-01-02-02-01-02-12,2,calm,calm,wav2vec,speaker_independent,emotion_original,logistic_regression,none,,
wav2vec_logistic_regression_emotion_original_speaker_independent_none,03-01-02-02-02-01-07,2,calm,calm,wav2vec,speaker_independent,emotion_original,logistic_regression,none,,
wav2vec_logistic_regression_emotion_original_speaker_independent_none,03-01-02-02-02-01-10,2,calm,sad,wav2vec,speaker_independent,emotion_original,logistic_regression,none,,
wav2vec_logistic_regression_emotion_original_speaker_independent_none,03-01-02-02-02-01-12,2,calm,calm,wav2vec,speaker_independent,emotion_original,logistic_regression,none,,
wav2vec_logistic_regression_emotion_original_speaker_independent_none,03-01-02-02-02-01-17,2,calm,calm,wav2vec,speaker_independent,emotion_original,logistic_regression,none,,
wav2vec_logistic_regression_emotion_original_speaker_independent_none,03-01-02-02-02-02-07,2,calm,calm,wav2vec,speaker_independent,emotion_original,logistic_regression,none,,
wav2vec_logistic_regression_emotion_original_speaker_independent_none,03-01-02-02-02-02-10,2,calm,happy,wav2vec,speaker_independent,emotion_original,logistic_regression,none,,
wav2vec_logistic_regression_emotion_original_speaker_independent_none,03-01-02-02-02-02-12,2,calm,calm,wav2vec,speaker_independent,emotion_original,logistic_regression,none,,
wav2vec_logistic_regression_emotion_original_speaker_independent_none,03-01-02-02-02-02-17,2,calm,calm,wav2vec,speaker_independent,emotion_original,logistic_regression,none,,
wav2vec_logistic_regression_emotion_original_speaker_independent_none,03-01-03-01-01-01-10,2,happy,happy,wav2vec,speaker_independent,emotion_original,logistic_regression,none,,
wav2vec_logistic_regression_emotion_original_speaker_independent_none,03-01-03-01-01-01-17,2,happy,calm,wav2vec,speaker_independent,emotion_original,logistic_regression,none,,
wav2vec_logistic_regression_emotion_original_speaker_independent_none,03-01-03-01-01-02-10,2,happy,happy,wav2vec,speaker_independent,emotion_original,logistic_regression,none,,
wav2vec_logistic_regression_emotion_original_speaker_independent_none,03-01-03-01-01-02-17,2,happy,fearful,wav2vec,speaker_independent,emotion_original,logistic_regression,none,,
wav2vec_logistic_regression_emotion_original_speaker_independent_none,03-01-03-01-02-01-07,2,happy,fearful,wav2vec,speaker_independent,emotion_original,logistic_regression,none,,
wav2vec_logistic_regression_emotion_original_speaker_independent_none,03-01-03-01-02-01-10,2,happy,surprised,wav2vec,speaker_independent,emotion_original,logistic_regression,none,,
wav2vec_logistic_regression_emotion_original_speaker_independent_none,03-01-03-01-02-01-12,2,happy,happy,wav2vec,speaker_independent,emotion_original,logistic_regression,none,,
wav2vec_logistic_regression_emotion_original_speaker_independent_none,03-01-03-01-02-01-17,2,happy,surprised,wav2vec,speaker_independent,emotion_original,logistic_regression,none,,
wav2vec_logistic_regression_emotion_original_speaker_independent_none,03-01-03-01-02-02-07,2,happy,fearful,wav2vec,speaker_independent,emotion_original,logistic_regression,none,,
wav2vec_logistic_regression_emotion_original_speaker_independent_none,03-01-03-01-02-02-10,2,happy,happy,wav2vec,speaker_independent,emotion_original,logistic_regression,none,,
wav2vec_logistic_regression_emotion_original_speaker_independent_none,03-01-03-01-02-02-12,2,happy,happy,wav2vec,speaker_independent,emotion_original,logistic_regression,none,,
wav2vec_logistic_regression_emotion_original_speaker_independent_none,03-01-03-01-02-02-17,2,happy,fearful,wav2vec,speaker_independent,emotion_original,logistic_regression,none,,
wav2vec_logistic_regression_emotion_original_speaker_independent_none,03-01-03-02-01-01-07,2,happy,fearful,wav2vec,speaker_independent,emotion_original,logistic_regression,none,,
wav2vec_logistic_regression_emotion_original_speaker_independent_none,03-01-03-02-01-01-12,2,happy,happy,wav2vec,speaker_independent,emotion_original,logistic_regression,none,,
wav2vec_logistic_regression_emotion_original_speaker_independent_none,03-01-03-02-01-01-17,2,happy,fearful,wav2vec,speaker_independent,emotion_original,logistic_regression,none,,
wav2vec_logistic_regression_emotion_original_speaker_independent_none,03-01-03-02-01-02-07,2,happy,angry,wav2vec,speaker_independent,emotion_original,logistic_regression,none,,
wav2vec_logistic_regression_emotion_original_speaker_independent_none,03-01-03-02-01-02-12,2,happy,happy,wav2vec,speaker_independent,emotion_original,logistic_regression,none,,
wav2vec_logistic_regression_emotion_original_speaker_independent_none,03-01-03-02-01-02-17,2,happy,fearful,wav2vec,speaker_independent,emotion_original,logistic_regression,none,,
wav2vec_logistic_regression_emotion_original_speaker_independent_none,03-01-03-02-02-01-07,2,happy,fearful,wav2vec,speaker_independent,emotion_original,logistic_regression,none,,
wav2vec_logistic_regression_emotion_original_speaker_independent_none,03-01-03-02-02-01-10,2,happy,fearful,wav2vec,speaker_independent,emotion_original,logistic_regression,none,,
wav2vec_logistic_regression_emotion_original_speaker_independent_none,03-01-03-02-02-01-12,2,happy,happy,wav2vec,speaker_independent,emotion_original,logistic_regression,none,,
wav2vec_logistic_regression_emotion_original_speaker_independent_none,03-01-03-02-02-01-17,2,happy,disgust,wav2vec,speaker_independent,emotion_original,logistic_regression,none,,
wav2vec_logistic_regression_emotion_original_speaker_independent_none,03-01-03-02-02-02-07,2,happy,fearful,wav2vec,speaker_independent,emotion_original,logistic_regression,none,,
wav2vec_logistic_regression_emotion_original_speaker_independent_none,03-01-03-02-02-02-10,2,happy,surprised,wav2vec,speaker_independent,emotion_original,logistic_regression,none,,
wav2vec_logistic_regression_emotion_original_speaker_independent_none,03-01-03-02-02-02-12,2,happy,fearful,wav2vec,speaker_independent,emotion_original,logistic_regression,none,,
wav2vec_logistic_regression_emotion_original_speaker_independent_none,03-01-03-02-02-02-17,2,happy,surprised,wav2vec,speaker_independent,emotion_original,logistic_regression,none,,
wav2vec_logistic_regression_emotion_original_speaker_independent_none,03-01-04-01-01-01-10,2,sad,sad,wav2vec,speaker_independent,emotion_original,logistic_regression,none,,
wav2vec_logistic_regression_emotion_original_speaker_independent_none,03-01-04-01-01-01-12,2,sad,happy,wav2vec,speaker_independent,emotion_original,logistic_regression,none,,
wav2vec_logistic_regression_emotion_original_speaker_independent_none,03-01-04-01-01-01-17,2,sad,fearful,wav2vec,speaker_independent,emotion_original,logistic_regression,none,,
wav2vec_logistic_regression_emotion_original_speaker_independent_none,03-01-04-01-01-02-10,2,sad,sad,wav2vec,speaker_independent,emotion_original,logistic_regression,none,,
wav2vec_logistic_regression_emotion_original_speaker_independent_none,03-01-04-01-01-02-12,2,sad,sad,wav2vec,speaker_independent,emotion_original,logistic_regression,none,,
wav2vec_logistic_regression_emotion_original_speaker_independent_none,03-01-04-01-01-02-17,2,sad,happy,wav2vec,speaker_independent,emotion_original,logistic_regression,none,,
wav2vec_logistic_regression_emotion_original_speaker_independent_none,03-01-04-01-02-01-07,2,sad,neutral,wav2vec,speaker_independent,emotion_original,logistic_regression,none,,
wav2vec_logistic_regression_emotion_original_speaker_independent_none,03-01-04-01-02-01-10,2,sad,sad,wav2vec,speaker_independent,emotion_original,logistic_regression,none,,
wav2vec_logistic_regression_emotion_original_speaker_independent_none,03-01-04-01-02-01-12,2,sad,happy,wav2vec,speaker_independent,emotion_original,logistic_regression,none,,
wav2vec_logistic_regression_emotion_original_speaker_independent_none,03-01-04-01-02-01-17,2,sad,fearful,wav2vec,speaker_independent,emotion_original,logistic_regression,none,,
wav2vec_logistic_regression_emotion_original_speaker_independent_none,03-01-04-01-02-02-07,2,sad,neutral,wav2vec,speaker_independent,emotion_original,logistic_regression,none,,
wav2vec_logistic_regression_emotion_original_speaker_independent_none,03-01-04-01-02-02-10,2,sad,calm,wav2vec,speaker_independent,emotion_original,logistic_regression,none,,
wav2vec_logistic_regression_emotion_original_speaker_independent_none,03-01-04-01-02-02-12,2,sad,sad,wav2vec,speaker_independent,emotion_original,logistic_regression,none,,
wav2vec_logistic_regression_emotion_original_speaker_independent_none,03-01-04-01-02-02-17,2,sad,happy,wav2vec,speaker_independent,emotion_original,logistic_regression,none,,
wav2vec_logistic_regression_emotion_original_speaker_independent_none,03-01-04-02-01-01-07,2,sad,sad,wav2vec,speaker_independent,emotion_original,logistic_regression,none,,
wav2vec_logistic_regression_emotion_original_speaker_independent_none,03-01-04-02-01-01-10,2,sad,sad,wav2vec,speaker_independent,emotion_original,logistic_regression,none,,
wav2vec_logistic_regression_emotion_original_speaker_independent_none,03-01-04-02-01-01-12,2,sad,happy,wav2vec,speaker_independent,emotion_original,logistic_regression,none,,
wav2vec_logistic_regression_emotion_original_speaker_independent_none,03-01-04-02-01-01-17,2,sad,happy,wav2vec,speaker_independent,emotion_original,logistic_regression,none,,
wav2vec_logistic_regression_emotion_original_speaker_independent_none,03-01-04-02-01-02-07,2,sad,sad,wav2vec,speaker_independent,emotion_original,logistic_regression,none,,
wav2vec_logistic_regression_emotion_original_speaker_independent_none,03-01-04-02-01-02-10,2,sad,sad,wav2vec,speaker_independent,emotion_original,logistic_regression,none,,
wav2vec_logistic_regression_emotion_original_speaker_independent_none,03-01-04-02-01-02-12,2,sad,sad,wav2vec,speaker_independent,emotion_original,logistic_regression,none,,
wav2vec_logistic_regression_emotion_original_speaker_independent_none,03-01-04-02-01-02-17,2,sad,sad,wav2vec,speaker_independent,emotion_original,logistic_regression,none,,
wav2vec_logistic_regression_emotion_original_speaker_independent_none,03-01-04-02-02-01-07,2,sad,sad,wav2vec,speaker_independent,emotion_original,logistic_regression,none,,
wav2vec_logistic_regression_emotion_original_speaker_independent_none,03-01-04-02-02-01-12,2,sad,sad,wav2vec,speaker_independent,emotion_original,logistic_regression,none,,
wav2vec_logistic_regression_emotion_original_speaker_independent_none,03-01-04-02-02-02-07,2,sad,sad,wav2vec,speaker_independent,emotion_original,logistic_regression,none,,
wav2vec_logistic_regression_emotion_original_speaker_independent_none,03-01-04-02-02-02-12,2,sad,surprised,wav2vec,speaker_independent,emotion_original,logistic_regression,none,,
wav2vec_logistic_regression_emotion_original_speaker_independent_none,03-01-05-01-01-01-07,2,angry,angry,wav2vec,speaker_independent,emotion_original,logistic_regression,none,,
wav2vec_logistic_regression_emotion_original_speaker_independent_none,03-01-05-01-01-01-10,2,angry,disgust,wav2vec,speaker_independent,emotion_original,logistic_regression,none,,
wav2vec_logistic_regression_emotion_original_speaker_independent_none,03-01-05-01-01-01-12,2,angry,angry,wav2vec,speaker_independent,emotion_original,logistic_regression,none,,
wav2vec_logistic_regression_emotion_original_speaker_independent_none,03-01-05-01-01-01-17,2,angry,calm,wav2vec,speaker_independent,emotion_original,logistic_regression,none,,
wav2vec_logistic_regression_emotion_original_speaker_independent_none,03-01-05-01-01-02-07,2,angry,angry,wav2vec,speaker_independent,emotion_original,logistic_regression,none,,
wav2vec_logistic_regression_emotion_original_speaker_independent_none,03-01-05-01-01-02-10,2,angry,disgust,wav2vec,speaker_independent,emotion_original,logistic_regression,none,,
wav2vec_logistic_regression_emotion_original_speaker_independent_none,03-01-05-01-01-02-12,2,angry,angry,wav2vec,speaker_independent,emotion_original,logistic_regression,none,,
wav2vec_logistic_regression_emotion_original_speaker_independent_none,03-01-05-01-01-02-17,2,angry,calm,wav2vec,speaker_independent,emotion_original,logistic_regression,none,,
wav2vec_logistic_regression_emotion_original_speaker_independent_none,03-01-05-01-02-01-07,2,angry,disgust,wav2vec,speaker_independent,emotion_original,logistic_regression,none,,
wav2vec_logistic_regression_emotion_original_speaker_independent_none,03-01-05-01-02-01-10,2,angry,surprised,wav2vec,speaker_independent,emotion_original,logistic_regression,none,,
wav2vec_logistic_regression_emotion_original_speaker_independent_none,03-01-05-01-02-01-12,2,angry,happy,wav2vec,speaker_independent,emotion_original,logistic_regression,none,,
wav2vec_logistic_regression_emotion_original_speaker_independent_none,03-01-05-01-02-01-17,2,angry,angry,wav2vec,speaker_independent,emotion_original,logistic_regression,none,,
wav2vec_logistic_regression_emotion_original_speaker_independent_none,03-01-05-01-02-02-07,2,angry,angry,wav2vec,speaker_independent,emotion_original,logistic_regression,none,,
wav2vec_logistic_regression_emotion_original_speaker_independent_none,03-01-05-01-02-02-10,2,angry,disgust,wav2vec,speaker_independent,emotion_original,logistic_regression,none,,
wav2vec_logistic_regression_emotion_original_speaker_independent_none,03-01-05-01-02-02-12,2,angry,happy,wav2vec,speaker_independent,emotion_original,logistic_regression,none,,
wav2vec_logistic_regression_emotion_original_speaker_independent_none,03-01-05-01-02-02-17,2,angry,happy,wav2vec,speaker_independent,emotion_original,logistic_regression,none,,
wav2vec_logistic_regression_emotion_original_speaker_independent_none,03-01-05-02-01-01-12,2,angry,angry,wav2vec,speaker_independent,emotion_original,logistic_regression,none,,
wav2vec_logistic_regression_emotion_original_speaker_independent_none,03-01-05-02-01-02-12,2,angry,angry,wav2vec,speaker_independent,emotion_original,logistic_regression,none,,
wav2vec_logistic_regression_emotion_original_speaker_independent_none,03-01-05-02-02-01-07,2,angry,angry,wav2vec,speaker_independent,emotion_original,logistic_regression,none,,
wav2vec_logistic_regression_emotion_original_speaker_independent_none,03-01-05-02-02-01-10,2,angry,angry,wav2vec,speaker_independent,emotion_original,logistic_regression,none,,
wav2vec_logistic_regression_emotion_original_speaker_independent_none,03-01-05-02-02-01-12,2,angry,angry,wav2vec,speaker_independent,emotion_original,logistic_regression,none,,
wav2vec_logistic_regression_emotion_original_speaker_independent_none,03-01-05-02-02-01-17,2,angry,angry,wav2vec,speaker_independent,emotion_original,logistic_regression,none,,
wav2vec_logistic_regression_emotion_original_speaker_independent_none,03-01-05-02-02-02-07,2,angry,angry,wav2vec,speaker_independent,emotion_original,logistic_regression,none,,
wav2vec_logistic_regression_emotion_original_speaker_independent_none,03-01-05-02-02-02-10,2,angry,angry,wav2vec,speaker_independent,emotion_original,logistic_regression,none,,
wav2vec_logistic_regression_emotion_original_speaker_independent_none,03-01-05-02-02-02-12,2,angry,angry,wav2vec,speaker_independent,emotion_original,logistic_regression,none,,
wav2vec_logistic_regression_emotion_original_speaker_independent_none,03-01-05-02-02-02-17,2,angry,angry,wav2vec,speaker_independent,emotion_original,logistic_regression,none,,
wav2vec_logistic_regression_emotion_original_speaker_independent_none,03-01-06-01-01-01-07,2,fearful,fearful,wav2vec,speaker_independent,emotion_original,logistic_regression,none,,
wav2vec_logistic_regression_emotion_original_speaker_independent_none,03-01-06-01-01-01-10,2,fearful,fearful,wav2vec,speaker_independent,emotion_original,logistic_regression,none,,
wav2vec_logistic_regression_emotion_original_speaker_independent_none,03-01-06-01-01-01-12,2,fearful,surprised,wav2vec,speaker_independent,emotion_original,logistic_regression,none,,
wav2vec_logistic_regression_emotion_original_speaker_independent_none,03-01-06-01-01-02-07,2,fearful,disgust,wav2vec,speaker_independent,emotion_original,logistic_regression,none,,
wav2vec_logistic_regression_emotion_original_speaker_independent_none,03-01-06-01-01-02-10,2,fearful,fearful,wav2vec,speaker_independent,emotion_original,logistic_regression,none,,
wav2vec_logistic_regression_emotion_original_speaker_independent_none,03-01-06-01-01-02-12,2,fearful,fearful,wav2vec,speaker_independent,emotion_original,logistic_regression,none,,
wav2vec_logistic_regression_emotion_original_speaker_independent_none,03-01-06-01-02-01-07,2,fearful,sad,wav2vec,speaker_independent,emotion_original,logistic_regression,none,,
wav2vec_logistic_regression_emotion_original_speaker_independent_none,03-01-06-01-02-01-17,2,fearful,fearful,wav2vec,speaker_independent,emotion_original,logistic_regression,none,,
wav2vec_logistic_regression_emotion_original_speaker_independent_none,03-01-06-01-02-02-07,2,fearful,sad,wav2vec,speaker_independent,emotion_original,logistic_regression,none,,
wav2vec_logistic_regression_emotion_original_speaker_independent_none,03-01-06-01-02-02-17,2,fearful,fearful,wav2vec,speaker_independent,emotion_original,logistic_regression,none,,
wav2vec_logistic_regression_emotion_original_speaker_independent_none,03-01-06-02-01-01-07,2,fearful,fearful,wav2vec,speaker_independent,emotion_original,logistic_regression,none,,
wav2vec_logistic_regression_emotion_original_speaker_independent_none,03-01-06-02-01-01-10,2,fearful,fearful,wav2vec,speaker_independent,emotion_original,logistic_regression,none,,
wav2vec_logistic_regression_emotion_original_speaker_independent_none,03-01-06-02-01-01-12,2,fearful,fearful,wav2vec,speaker_independent,emotion_original,logistic_regression,none,,
wav2vec_logistic_regression_emotion_original_speaker_independent_none,03-01-06-02-01-01-17,2,fearful,fearful,wav2vec,speaker_independent,emotion_original,logistic_regression,none,,
wav2vec_logistic_regression_emotion_original_speaker_independent_none,03-01-06-02-01-02-07,2,fearful,fearful,wav2vec,speaker_independent,emotion_original,logistic_regression,none,,
wav2vec_logistic_regression_emotion_original_speaker_independent_none,03-01-06-02-01-02-10,2,fearful,sad,wav2vec,speaker_independent,emotion_original,logistic_regression,none,,
wav2vec_logistic_regression_emotion_original_speaker_independent_none,03-01-06-02-01-02-12,2,fearful,surprised,wav2vec,speaker_independent,emotion_original,logistic_regression,none,,
wav2vec_logistic_regression_emotion_original_speaker_independent_none,03-01-06-02-01-02-17,2,fearful,surprised,wav2vec,speaker_independent,emotion_original,logistic_regression,none,,
wav2vec_logistic_regression_emotion_original_speaker_independent_none,03-01-06-02-02-01-07,2,fearful,fearful,wav2vec,speaker_independent,emotion_original,logistic_regression,none,,
wav2vec_logistic_regression_emotion_original_speaker_independent_none,03-01-06-02-02-01-10,2,fearful,sad,wav2vec,speaker_independent,emotion_original,logistic_regression,none,,
wav2vec_logistic_regression_emotion_original_speaker_independent_none,03-01-06-02-02-01-12,2,fearful,surprised,wav2vec,speaker_independent,emotion_original,logistic_regression,none,,
wav2vec_logistic_regression_emotion_original_speaker_independent_none,03-01-06-02-02-01-17,2,fearful,surprised,wav2vec,speaker_independent,emotion_original,logistic_regression,none,,
wav2vec_logistic_regression_emotion_original_speaker_independent_none,03-01-06-02-02-02-07,2,fearful,angry,wav2vec,speaker_independent,emotion_original,logistic_regression,none,,
wav2vec_logistic_regression_emotion_original_speaker_independent_none,03-01-06-02-02-02-10,2,fearful,happy,wav2vec,speaker_independent,emotion_original,logistic_regression,none,,
wav2vec_logistic_regression_emotion_original_speaker_independent_none,03-01-06-02-02-02-12,2,fearful,fearful,wav2vec,speaker_independent,emotion_original,logistic_regression,none,,
wav2vec_logistic_regression_emotion_original_speaker_independent_none,03-01-06-02-02-02-17,2,fearful,angry,wav2vec,speaker_independent,emotion_original,logistic_regression,none,,
wav2vec_logistic_regression_emotion_original_speaker_independent_none,03-01-07-01-01-01-10,2,disgust,happy,wav2vec,speaker_independent,emotion_original,logistic_regression,none,,
wav2vec_logistic_regression_emotion_original_speaker_independent_none,03-01-07-01-01-01-12,2,disgust,sad,wav2vec,speaker_independent,emotion_original,logistic_regression,none,,
wav2vec_logistic_regression_emotion_original_speaker_independent_none,03-01-07-01-01-01-17,2,disgust,disgust,wav2vec,speaker_independent,emotion_original,logistic_regression,none,,
wav2vec_logistic_regression_emotion_original_speaker_independent_none,03-01-07-01-01-02-10,2,disgust,happy,wav2vec,speaker_independent,emotion_original,logistic_regression,none,,
wav2vec_logistic_regression_emotion_original_speaker_independent_none,03-01-07-01-01-02-12,2,disgust,disgust,wav2vec,speaker_independent,emotion_original,logistic_regression,none,,
wav2vec_logistic_regression_emotion_original_speaker_independent_none,03-01-07-01-01-02-17,2,disgust,disgust,wav2vec,speaker_independent,emotion_original,logistic_regression,none,,
wav2vec_logistic_regression_emotion_original_speaker_independent_none,03-01-07-01-02-01-07,2,disgust,disgust,wav2vec,speaker_independent,emotion_original,logistic_regression,none,,
wav2vec_logistic_regression_emotion_original_speaker_independent_none,03-01-07-01-02-01-17,2,disgust,disgust,wav2vec,speaker_independent,emotion_original,logistic_regression,none,,
wav2vec_logistic_regression_emotion_original_speaker_independent_none,03-01-07-01-02-02-07,2,disgust,surprised,wav2vec,speaker_independent,emotion_original,logistic_regression,none,,
wav2vec_logistic_regression_emotion_original_speaker_independent_none,03-01-07-01-02-02-17,2,disgust,sad,wav2vec,speaker_independent,emotion_original,logistic_regression,none,,
wav2vec_logistic_regression_emotion_original_speaker_independent_none,03-01-07-02-01-01-10,2,disgust,disgust,wav2vec,speaker_independent,emotion_original,logistic_regression,none,,
wav2vec_logistic_regression_emotion_original_speaker_independent_none,03-01-07-02-01-01-12,2,disgust,surprised,wav2vec,speaker_independent,emotion_original,logistic_regression,none,,
wav2vec_logistic_regression_emotion_original_speaker_independent_none,03-01-07-02-01-01-17,2,disgust,disgust,wav2vec,speaker_independent,emotion_original,logistic_regression,none,,
wav2vec_logistic_regression_emotion_original_speaker_independent_none,03-01-07-02-01-02-10,2,disgust,happy,wav2vec,speaker_independent,emotion_original,logistic_regression,none,,
wav2vec_logistic_regression_emotion_original_speaker_independent_none,03-01-07-02-01-02-12,2,disgust,happy,wav2vec,speaker_independent,emotion_original,logistic_regression,none,,
wav2vec_logistic_regression_emotion_original_speaker_independent_none,03-01-07-02-01-02-17,2,disgust,disgust,wav2vec,speaker_independent,emotion_original,logistic_regression,none,,
wav2vec_logistic_regression_emotion_original_speaker_independent_none,03-01-07-02-02-01-07,2,disgust,angry,wav2vec,speaker_independent,emotion_original,logistic_regression,none,,
wav2vec_logistic_regression_emotion_original_speaker_independent_none,03-01-07-02-02-01-10,2,disgust,happy,wav2vec,speaker_independent,emotion_original,logistic_regression,none,,
wav2vec_logistic_regression_emotion_original_speaker_independent_none,03-01-07-02-02-01-12,2,disgust,disgust,wav2vec,speaker_independent,emotion_original,logistic_regression,none,,
wav2vec_logistic_regression_emotion_original_speaker_independent_none,03-01-07-02-02-01-17,2,disgust,disgust,wav2vec,speaker_independent,emotion_original,logistic_regression,none,,
wav2vec_logistic_regression_emotion_original_speaker_independent_none,03-01-07-02-02-02-07,2,disgust,disgust,wav2vec,speaker_independent,emotion_original,logistic_regression,none,,
wav2vec_logistic_regression_emotion_original_speaker_independent_none,03-01-07-02-02-02-10,2,disgust,disgust,wav2vec,speaker_independent,emotion_original,logistic_regression,none,,
wav2vec_logistic_regression_emotion_original_speaker_independent_none,03-01-07-02-02-02-12,2,disgust,surprised,wav2vec,speaker_independent,emotion_original,logistic_regression,none,,
wav2vec_logistic_regression_emotion_original_speaker_independent_none,03-01-07-02-02-02-17,2,disgust,disgust,wav2vec,speaker_independent,emotion_original,logistic_regression,none,,
wav2vec_logistic_regression_emotion_original_speaker_independent_none,03-01-08-01-01-01-07,2,surprised,surprised,wav2vec,speaker_independent,emotion_original,logistic_regression,none,,
wav2vec_logistic_regression_emotion_original_speaker_independent_none,03-01-08-01-01-01-12,2,surprised,happy,wav2vec,speaker_independent,emotion_original,logistic_regression,none,,
wav2vec_logistic_regression_emotion_original_speaker_independent_none,03-01-08-01-01-01-17,2,surprised,surprised,wav2vec,speaker_independent,emotion_original,logistic_regression,none,,
wav2vec_logistic_regression_emotion_original_speaker_independent_none,03-01-08-01-01-02-07,2,surprised,surprised,wav2vec,speaker_independent,emotion_original,logistic_regression,none,,
wav2vec_logistic_regression_emotion_original_speaker_independent_none,03-01-08-01-01-02-12,2,surprised,happy,wav2vec,speaker_independent,emotion_original,logistic_regression,none,,
wav2vec_logistic_regression_emotion_original_speaker_independent_none,03-01-08-01-01-02-17,2,surprised,fearful,wav2vec,speaker_independent,emotion_original,logistic_regression,none,,
wav2vec_logistic_regression_emotion_original_speaker_independent_none,03-01-08-01-02-01-07,2,surprised,calm,wav2vec,speaker_independent,emotion_original,logistic_regression,none,,
wav2vec_logistic_regression_emotion_original_speaker_independent_none,03-01-08-01-02-01-10,2,surprised,surprised,wav2vec,speaker_independent,emotion_original,logistic_regression,none,,
wav2vec_logistic_regression_emotion_original_speaker_independent_none,03-01-08-01-02-01-12,2,surprised,happy,wav2vec,speaker_independent,emotion_original,logistic_regression,none,,
wav2vec_logistic_regression_emotion_original_speaker_independent_none,03-01-08-01-02-01-17,2,surprised,sad,wav2vec,speaker_independent,emotion_original,logistic_regression,none,,
wav2vec_logistic_regression_emotion_original_speaker_independent_none,03-01-08-01-02-02-07,2,surprised,sad,wav2vec,speaker_independent,emotion_original,logistic_regression,none,,
wav2vec_logistic_regression_emotion_original_speaker_independent_none,03-01-08-01-02-02-10,2,surprised,surprised,wav2vec,speaker_independent,emotion_original,logistic_regression,none,,
wav2vec_logistic_regression_emotion_original_speaker_independent_none,03-01-08-01-02-02-12,2,surprised,happy,wav2vec,speaker_independent,emotion_original,logistic_regression,none,,
wav2vec_logistic_regression_emotion_original_speaker_independent_none,03-01-08-01-02-02-17,2,surprised,surprised,wav2vec,speaker_independent,emotion_original,logistic_regression,none,,
wav2vec_logistic_regression_emotion_original_speaker_independent_none,03-01-08-02-01-01-07,2,surprised,surprised,wav2vec,speaker_independent,emotion_original,logistic_regression,none,,
wav2vec_logistic_regression_emotion_original_speaker_independent_none,03-01-08-02-01-01-10,2,surprised,fearful,wav2vec,speaker_independent,emotion_original,logistic_regression,none,,
wav2vec_logistic_regression_emotion_original_speaker_independent_none,03-01-08-02-01-01-12,2,surprised,surprised,wav2vec,speaker_independent,emotion_original,logistic_regression,none,,
wav2vec_logistic_regression_emotion_original_speaker_independent_none,03-01-08-02-01-02-07,2,surprised,disgust,wav2vec,speaker_independent,emotion_original,logistic_regression,none,,
wav2vec_logistic_regression_emotion_original_speaker_independent_none,03-01-08-02-01-02-10,2,surprised,happy,wav2vec,speaker_independent,emotion_original,logistic_regression,none,,
wav2vec_logistic_regression_emotion_original_speaker_independent_none,03-01-08-02-01-02-12,2,surprised,fearful,wav2vec,speaker_independent,emotion_original,logistic_regression,none,,
wav2vec_logistic_regression_emotion_original_speaker_independent_none,03-01-08-02-02-01-07,2,surprised,surprised,wav2vec,speaker_independent,emotion_original,logistic_regression,none,,
wav2vec_logistic_regression_emotion_original_speaker_independent_none,03-01-08-02-02-01-10,2,surprised,surprised,wav2vec,speaker_independent,emotion_original,logistic_regression,none,,
wav2vec_logistic_regression_emotion_original_speaker_independent_none,03-01-08-02-02-01-17,2,surprised,fearful,wav2vec,speaker_independent,emotion_original,logistic_regression,none,,
wav2vec_logistic_regression_emotion_original_speaker_independent_none,03-01-08-02-02-02-07,2,surprised,fearful,wav2vec,speaker_independent,emotion_original,logistic_regression,none,,
wav2vec_logistic_regression_emotion_original_speaker_independent_none,03-01-08-02-02-02-10,2,surprised,surprised,wav2vec,speaker_independent,emotion_original,logistic_regression,none,,
wav2vec_logistic_regression_emotion_original_speaker_independent_none,03-01-08-02-02-02-17,2,surprised,fearful,wav2vec,speaker_independent,emotion_original,logistic_regression,none,,
wav2vec_logistic_regression_emotion_original_speaker_independent_none,03-01-01-01-01-01-08,3,neutral,calm,wav2vec,speaker_independent,emotion_original,logistic_regression,none,,
wav2vec_logistic_regression_emotion_original_speaker_independent_none,03-01-01-01-01-01-11,3,neutral,sad,wav2vec,speaker_independent,emotion_original,logistic_regression,none,,
wav2vec_logistic_regression_emotion_original_speaker_independent_none,03-01-01-01-01-01-20,3,neutral,surprised,wav2vec,speaker_independent,emotion_original,logistic_regression,none,,
wav2vec_logistic_regression_emotion_original_speaker_independent_none,03-01-01-01-01-02-08,3,neutral,happy,wav2vec,speaker_independent,emotion_original,logistic_regression,none,,
wav2vec_logistic_regression_emotion_original_speaker_independent_none,03-01-01-01-01-02-11,3,neutral,sad,wav2vec,speaker_independent,emotion_original,logistic_regression,none,,
wav2vec_logistic_regression_emotion_original_speaker_independent_none,03-01-01-01-01-02-20,3,neutral,surprised,wav2vec,speaker_independent,emotion_original,logistic_regression,none,,
wav2vec_logistic_regression_emotion_original_speaker_independent_none,03-01-01-01-02-01-08,3,neutral,happy,wav2vec,speaker_independent,emotion_original,logistic_regression,none,,
wav2vec_logistic_regression_emotion_original_speaker_independent_none,03-01-01-01-02-01-11,3,neutral,sad,wav2vec,speaker_independent,emotion_original,logistic_regression,none,,
wav2vec_logistic_regression_emotion_original_speaker_independent_none,03-01-01-01-02-01-20,3,neutral,surprised,wav2vec,speaker_independent,emotion_original,logistic_regression,none,,
wav2vec_logistic_regression_emotion_original_speaker_independent_none,03-01-01-01-02-02-08,3,neutral,happy,wav2vec,speaker_independent,emotion_original,logistic_regression,none,,
wav2vec_logistic_regression_emotion_original_speaker_independent_none,03-01-01-01-02-02-11,3,neutral,fearful,wav2vec,speaker_independent,emotion_original,logistic_regression,none,,
wav2vec_logistic_regression_emotion_original_speaker_independent_none,03-01-01-01-02-02-20,3,neutral,neutral,wav2vec,speaker_independent,emotion_original,logistic_regression,none,,
wav2vec_logistic_regression_emotion_original_speaker_independent_none,03-01-02-01-01-01-08,3,calm,calm,wav2vec,speaker_independent,emotion_original,logistic_regression,none,,
wav2vec_logistic_regression_emotion_original_speaker_independent_none,03-01-02-01-01-01-11,3,calm,happy,wav2vec,speaker_independent,emotion_original,logistic_regression,none,,
wav2vec_logistic_regression_emotion_original_speaker_independent_none,03-01-02-01-01-01-20,3,calm,calm,wav2vec,speaker_independent,emotion_original,logistic_regression,none,,
wav2vec_logistic_regression_emotion_original_speaker_independent_none,03-01-02-01-01-02-08,3,calm,calm,wav2vec,speaker_independent,emotion_original,logistic_regression,none,,
wav2vec_logistic_regression_emotion_original_speaker_independent_none,03-01-02-01-01-02-11,3,calm,calm,wav2vec,speaker_independent,emotion_original,logistic_regression,none,,
wav2vec_logistic_regression_emotion_original_speaker_independent_none,03-01-02-01-01-02-20,3,calm,calm,wav2vec,speaker_independent,emotion_original,logistic_regression,none,,
wav2vec_logistic_regression_emotion_original_speaker_independent_none,03-01-02-01-02-01-08,3,calm,calm,wav2vec,speaker_independent,emotion_original,logistic_regression,none,,
wav2vec_logistic_regression_emotion_original_speaker_independent_none,03-01-02-01-02-01-11,3,calm,neutral,wav2vec,speaker_independent,emotion_original,logistic_regression,none,,
wav2vec_logistic_regression_emotion_original_speaker_independent_none,03-01-02-01-02-01-20,3,calm,calm,wav2vec,speaker_independent,emotion_original,logistic_regression,none,,
wav2vec_logistic_regression_emotion_original_speaker_independent_none,03-01-02-01-02-02-08,3,calm,happy,wav2vec,speaker_independent,emotion_original,logistic_regression,none,,
wav2vec_logistic_regression_emotion_original_speaker_independent_none,03-01-02-01-02-02-11,3,calm,calm,wav2vec,speaker_independent,emotion_original,logistic_regression,none,,
wav2vec_logistic_regression_emotion_original_speaker_independent_none,03-01-02-01-02-02-20,3,calm,calm,wav2vec,speaker_independent,emotion_original,logistic_regression,none,,
wav2vec_logistic_regression_emotion_original_speaker_independent_none,03-01-02-02-01-01-08,3,calm,calm,wav2vec,speaker_independent,emotion_original,logistic_regression,none,,
wav2vec_logistic_regression_emotion_original_speaker_independent_none,03-01-02-02-01-01-11,3,calm,calm,wav2vec,speaker_independent,emotion_original,logistic_regression,none,,
wav2vec_logistic_regression_emotion_original_speaker_independent_none,03-01-02-02-01-01-20,3,calm,calm,wav2vec,speaker_independent,emotion_original,logistic_regression,none,,
wav2vec_logistic_regression_emotion_original_speaker_independent_none,03-01-02-02-01-02-08,3,calm,calm,wav2vec,speaker_independent,emotion_original,logistic_regression,none,,
wav2vec_logistic_regression_emotion_original_speaker_independent_none,03-01-02-02-01-02-11,3,calm,sad,wav2vec,speaker_independent,emotion_original,logistic_regression,none,,
wav2vec_logistic_regression_emotion_original_speaker_independent_none,03-01-02-02-01-02-20,3,calm,calm,wav2vec,speaker_independent,emotion_original,logistic_regression,none,,
wav2vec_logistic_regression_emotion_original_speaker_independent_none,03-01-02-02-02-01-08,3,calm,calm,wav2vec,speaker_independent,emotion_original,logistic_regression,none,,
wav2vec_logistic_regression_emotion_original_speaker_independent_none,03-01-02-02-02-01-20,3,calm,calm,wav2vec,speaker_independent,emotion_original,logistic_regression,none,,
wav2vec_logistic_regression_emotion_original_speaker_independent_none,03-01-02-02-02-02-08,3,calm,calm,wav2vec,speaker_independent,emotion_original,logistic_regression,none,,
wav2vec_logistic_regression_emotion_original_speaker_independent_none,03-01-02-02-02-02-20,3,calm,calm,wav2vec,speaker_independent,emotion_original,logistic_regression,none,,
wav2vec_logistic_regression_emotion_original_speaker_independent_none,03-01-03-01-01-01-08,3,happy,happy,wav2vec,speaker_independent,emotion_original,logistic_regression,none,,
wav2vec_logistic_regression_emotion_original_speaker_independent_none,03-01-03-01-01-01-20,3,happy,happy,wav2vec,speaker_independent,emotion_original,logistic_regression,none,,
wav2vec_logistic_regression_emotion_original_speaker_independent_none,03-01-03-01-01-02-08,3,happy,calm,wav2vec,speaker_independent,emotion_original,logistic_regression,none,,
wav2vec_logistic_regression_emotion_original_speaker_independent_none,03-01-03-01-01-02-20,3,happy,happy,wav2vec,speaker_independent,emotion_original,logistic_regression,none,,
wav2vec_logistic_regression_emotion_original_speaker_independent_none,03-01-03-01-02-01-08,3,happy,happy,wav2vec,speaker_independent,emotion_original,logistic_regression,none,,
wav2vec_logistic_regression_emotion_original_speaker_independent_none,03-01-03-01-02-01-11,3,happy,happy,wav2vec,speaker_independent,emotion_original,logistic_regression,none,,
wav2vec_logistic_regression_emotion_original_speaker_independent_none,03-01-03-01-02-01-20,3,happy,disgust,wav2vec,speaker_independent,emotion_original,logistic_regression,none,,
wav2vec_logistic_regression_emotion_original_speaker_independent_none,03-01-03-01-02-02-08,3,happy,happy,wav2vec,speaker_independent,emotion_original,logistic_regression,none,,
wav2vec_logistic_regression_emotion_original_speaker_independent_none,03-01-03-01-02-02-11,3,happy,neutral,wav2vec,speaker_independent,emotion_original,logistic_regression,none,,
wav2vec_logistic_regression_emotion_original_speaker_independent_none,03-01-03-01-02-02-20,3,happy,surprised,wav2vec,speaker_independent,emotion_original,logistic_regression,none,,
wav2vec_logistic_regression_emotion_original_speaker_independent_none,03-01-03-02-01-01-08,3,happy,happy,wav2vec,speaker_independent,emotion_original,logistic_regression,none,,
wav2vec_logistic_regression_emotion_original_speaker_independent_none,03-01-03-02-01-01-11,3,happy,happy,wav2vec,speaker_independent,emotion_original,logistic_regression,none,,
wav2vec_logistic_regression_emotion_original_speaker_independent_none,03-01-03-02-01-02-08,3,happy,happy,wav2vec,speaker_independent,emotion_original,logistic_regression,none,,
wav2vec_logistic_regression_emotion_original_speaker_independent_none,03-01-03-02-01-02-11,3,happy,surprised,wav2vec,speaker_independent,emotion_original,logistic_regression,none,,
wav2vec_logistic_regression_emotion_original_speaker_independent_none,03-01-03-02-02-01-11,3,happy,happy,wav2vec,speaker_independent,emotion_original,logistic_regression,none,,
wav2vec_logistic_regression_emotion_original_speaker_independent_none,03-01-03-02-02-01-20,3,happy,happy,wav2vec,speaker_independent,emotion_original,logistic_regression,none,,
wav2vec_logistic_regression_emotion_original_speaker_independent_none,03-01-03-02-02-02-11,3,happy,happy,wav2vec,speaker_independent,emotion_original,logistic_regression,none,,
wav2vec_logistic_regression_emotion_original_speaker_independent_none,03-01-03-02-02-02-20,3,happy,fearful,wav2vec,speaker_independent,emotion_original,logistic_regression,none,,
wav2vec_logistic_regression_emotion_original_speaker_independent_none,03-01-04-01-01-01-08,3,sad,calm,wav2vec,speaker_independent,emotion_original,logistic_regression,none,,
wav2vec_logistic_regression_emotion_original_speaker_independent_none,03-01-04-01-01-01-11,3,sad,sad,wav2vec,speaker_independent,emotion_original,logistic_regression,none,,
wav2vec_logistic_regression_emotion_original_speaker_independent_none,03-01-04-01-01-02-08,3,sad,calm,wav2vec,speaker_independent,emotion_original,logistic_regression,none,,
wav2vec_logistic_regression_emotion_original_speaker_independent_none,03-01-04-01-01-02-11,3,sad,sad,wav2vec,speaker_independent,emotion_original,logistic_regression,none,,
wav2vec_logistic_regression_emotion_original_speaker_independent_none,03-01-04-01-02-01-08,3,sad,sad,wav2vec,speaker_independent,emotion_original,logistic_regression,none,,
wav2vec_logistic_regression_emotion_original_speaker_independent_none,03-01-04-01-02-01-11,3,sad,sad,wav2vec,speaker_independent,emotion_original,logistic_regression,none,,
wav2vec_logistic_regression_emotion_original_speaker_independent_none,03-01-04-01-02-01-20,3,sad,disgust,wav2vec,speaker_independent,emotion_original,logistic_regression,none,,
wav2vec_logistic_regression_emotion_original_speaker_independent_none,03-01-04-01-02-02-08,3,sad,happy,wav2vec,speaker_independent,emotion_original,logistic_regression,none,,
wav2vec_logistic_regression_emotion_original_speaker_independent_none,03-01-04-01-02-02-11,3,sad,calm,wav2vec,speaker_independent,emotion_original,logistic_regression,none,,
wav2vec_logistic_regression_emotion_original_speaker_independent_none,03-01-04-01-02-02-20,3,sad,surprised,wav2vec,speaker_independent,emotion_original,logistic_regression,none,,
wav2vec_logistic_regression_emotion_original_speaker_independent_none,03-01-04-02-01-01-08,3,sad,sad,wav2vec,speaker_independent,emotion_original,logistic_regression,none,,
wav2vec_logistic_regression_emotion_original_speaker_independent_none,03-01-04-02-01-01-20,3,sad,sad,wav2vec,speaker_independent,emotion_original,logistic_regression,none,,
wav2vec_logistic_regression_emotion_original_speaker_independent_none,03-01-04-02-01-02-08,3,sad,sad,wav2vec,speaker_independent,emotion_original,logistic_regression,none,,
wav2vec_logistic_regression_emotion_original_speaker_independent_none,03-01-04-02-01-02-20,3,sad,fearful,wav2vec,speaker_independent,emotion_original,logistic_regression,none,,
wav2vec_logistic_regression_emotion_original_speaker_independent_none,03-01-04-02-02-01-08,3,sad,sad,wav2vec,speaker_independent,emotion_original,logistic_regression,none,,
wav2vec_logistic_regression_emotion_original_speaker_independent_none,03-01-04-02-02-01-11,3,sad,happy,wav2vec,speaker_independent,emotion_original,logistic_regression,none,,
wav2vec_logistic_regression_emotion_original_speaker_independent_none,03-01-04-02-02-01-20,3,sad,sad,wav2vec,speaker_independent,emotion_original,logistic_regression,none,,
wav2vec_logistic_regression_emotion_original_speaker_independent_none,03-01-04-02-02-02-08,3,sad,sad,wav2vec,speaker_independent,emotion_original,logistic_regression,none,,
wav2vec_logistic_regression_emotion_original_speaker_independent_none,03-01-04-02-02-02-11,3,sad,sad,wav2vec,speaker_independent,emotion_original,logistic_regression,none,,
wav2vec_logistic_regression_emotion_original_speaker_independent_none,03-01-04-02-02-02-20,3,sad,sad,wav2vec,speaker_independent,emotion_original,logistic_regression,none,,
wav2vec_logistic_regression_emotion_original_speaker_independent_none,03-01-05-01-01-01-08,3,angry,surprised,wav2vec,speaker_independent,emotion_original,logistic_regression,none,,
wav2vec_logistic_regression_emotion_original_speaker_independent_none,03-01-05-01-01-01-11,3,angry,happy,wav2vec,speaker_independent,emotion_original,logistic_regression,none,,
wav2vec_logistic_regression_emotion_original_speaker_independent_none,03-01-05-01-01-01-20,3,angry,surprised,wav2vec,speaker_independent,emotion_original,logistic_regression,none,,
wav2vec_logistic_regression_emotion_original_speaker_independent_none,03-01-05-01-01-02-08,3,angry,sad,wav2vec,speaker_independent,emotion_original,logistic_regression,none,,
wav2vec_logistic_regression_emotion_original_speaker_independent_none,03-01-05-01-01-02-11,3,angry,disgust,wav2vec,speaker_independent,emotion_original,logistic_regression,none,,
wav2vec_logistic_regression_emotion_original_speaker_independent_none,03-01-05-01-01-02-20,3,angry,surprised,wav2vec,speaker_independent,emotion_original,logistic_regression,none,,
wav2vec_logistic_regression_emotion_original_speaker_independent_none,03-01-05-01-02-01-11,3,angry,fearful,wav2vec,speaker_independent,emotion_original,logistic_regression,none,,
wav2vec_logistic_regression_emotion_original_speaker_independent_none,03-01-05-01-02-01-20,3,angry,surprised,wav2vec,speaker_independent,emotion_original,logistic_regression,none,,
wav2vec_logistic_regression_emotion_original_speaker_independent_none,03-01-05-01-02-02-11,3,angry,disgust,wav2vec,speaker_independent,emotion_original,logistic_regression,none,,
wav2vec_logistic_regression_emotion_original_speaker_independent_none,03-01-05-01-02-02-20,3,angry,disgust,wav2vec,speaker_independent,emotion_original,logistic_regression,none,,
wav2vec_logistic_regression_emotion_original_speaker_independent_none,03-01-05-02-01-01-11,3,angry,disgust,wav2vec,speaker_independent,emotion_original,logistic_regression,none,,
wav2vec_logistic_regression_emotion_original_speaker_independent_none,03-01-05-02-01-02-11,3,angry,fearful,wav2vec,speaker_independent,emotion_original,logistic_regression,none,,
wav2vec_logistic_regression_emotion_original_speaker_independent_none,03-01-05-02-02-01-08,3,angry,angry,wav2vec,speaker_independent,emotion_original,logistic_regression,none,,
wav2vec_logistic_regression_emotion_original_speaker_independent_none,03-01-05-02-02-01-11,3,angry,angry,wav2vec,speaker_independent,emotion_original,logistic_regression,none,,
wav2vec_logistic_regression_emotion_original_speaker_independent_none,03-01-05-02-02-01-20,3,angry,happy,wav2vec,speaker_independent,emotion_original,logistic_regression,none,,
wav2vec_logistic_regression_emotion_original_speaker_independent_none,03-01-05-02-02-02-08,3,angry,angry,wav2vec,speaker_independent,emotion_original,logistic_regression,none,,
wav2vec_logistic_regression_emotion_original_speaker_independent_none,03-01-05-02-02-02-11,3,angry,fearful,wav2vec,speaker_independent,emotion_original,logistic_regression,none,,
wav2vec_logistic_regression_emotion_original_speaker_independent_none,03-01-05-02-02-02-20,3,angry,disgust,wav2vec,speaker_independent,emotion_original,logistic_regression,none,,
wav2vec_logistic_regression_emotion_original_speaker_independent_none,03-01-06-01-01-01-20,3,fearful,sad,wav2vec,speaker_independent,emotion_original,logistic_regression,none,,
wav2vec_logistic_regression_emotion_original_speaker_independent_none,03-01-06-01-01-02-20,3,fearful,sad,wav2vec,speaker_independent,emotion_original,logistic_regression,none,,
wav2vec_logistic_regression_emotion_original_speaker_independent_none,03-01-06-01-02-01-08,3,fearful,happy,wav2vec,speaker_independent,emotion_original,logistic_regression,none,,
wav2vec_logistic_regression_emotion_original_speaker_independent_none,03-01-06-01-02-01-11,3,fearful,fearful,wav2vec,speaker_independent,emotion_original,logistic_regression,none,,
wav2vec_logistic_regression_emotion_original_speaker_independent_none,03-01-06-01-02-02-08,3,fearful,happy,wav2vec,speaker_independent,emotion_original,logistic_regression,none,,
wav2vec_logistic_regression_emotion_original_speaker_independent_none,03-01-06-01-02-02-11,3,fearful,fearful,wav2vec,speaker_independent,emotion_original,logistic_regression,none,,
wav2vec_logistic_regression_emotion_original_speaker_independent_none,03-01-06-02-01-01-08,3,fearful,fearful,wav2vec,speaker_independent,emotion_original,logistic_regression,none,,
wav2vec_logistic_regression_emotion_original_speaker_independent_none,03-01-06-02-01-01-11,3,fearful,fearful,wav2vec,speaker_independent,emotion_original,logistic_regression,none,,
wav2vec_logistic_regression_emotion_original_speaker_independent_none,03-01-06-02-01-01-20,3,fearful,happy,wav2vec,speaker_independent,emotion_original,logistic_regression,none,,
wav2vec_logistic_regression_emotion_original_speaker_independent_none,03-01-06-02-01-02-08,3,fearful,fearful,wav2vec,speaker_independent,emotion_original,logistic_regression,none,,
wav2vec_logistic_regression_emotion_original_speaker_independent_none,03-01-06-02-01-02-11,3,fearful,fearful,wav2vec,speaker_independent,emotion_original,logistic_regression,none,,
wav2vec_logistic_regression_emotion_original_speaker_independent_none,03-01-06-02-01-02-20,3,fearful,fearful,wav2vec,speaker_independent,emotion_original,logistic_regression,none,,
wav2vec_logistic_regression_emotion_original_speaker_independent_none,03-01-06-02-02-01-08,3,fearful,fearful,wav2vec,speaker_independent,emotion_original,logistic_regression,none,,
wav2vec_logistic_regression_emotion_original_speaker_independent_none,03-01-06-02-02-01-11,3,fearful,fearful,wav2vec,speaker_independent,emotion_original,logistic_regression,none,,
wav2vec_logistic_regression_emotion_original_speaker_independent_none,03-01-06-02-02-01-20,3,fearful,fearful,wav2vec,speaker_independent,emotion_original,logistic_regression,none,,
wav2vec_logistic_regression_emotion_original_speaker_independent_none,03-01-06-02-02-02-08,3,fearful,fearful,wav2vec,speaker_independent,emotion_original,logistic_regression,none,,
wav2vec_logistic_regression_emotion_original_speaker_independent_none,03-01-06-02-02-02-11,3,fearful,fearful,wav2vec,speaker_independent,emotion_original,logistic_regression,none,,
wav2vec_logistic_regression_emotion_original_speaker_independent_none,03-01-06-02-02-02-20,3,fearful,fearful,wav2vec,speaker_independent,emotion_original,logistic_regression,none,,
wav2vec_logistic_regression_emotion_original_speaker_independent_none,03-01-07-01-01-01-08,3,disgust,sad,wav2vec,speaker_independent,emotion_original,logistic_regression,none,,
wav2vec_logistic_regression_emotion_original_speaker_independent_none,03-01-07-01-01-01-11,3,disgust,disgust,wav2vec,speaker_independent,emotion_original,logistic_regression,none,,
wav2vec_logistic_regression_emotion_original_speaker_independent_none,03-01-07-01-01-02-08,3,disgust,sad,wav2vec,speaker_independent,emotion_original,logistic_regression,none,,
wav2vec_logistic_regression_emotion_original_speaker_independent_none,03-01-07-01-01-02-11,3,disgust,disgust,wav2vec,speaker_independent,emotion_original,logistic_regression,none,,
wav2vec_logistic_regression_emotion_original_speaker_independent_none,03-01-07-01-02-01-11,3,disgust,happy,wav2vec,speaker_independent,emotion_original,logistic_regression,none,,
wav2vec_logistic_regression_emotion_original_speaker_independent_none,03-01-07-01-02-01-20,3,disgust,disgust,wav2vec,speaker_independent,emotion_original,logistic_regression,none,,
wav2vec_logistic_regression_emotion_original_speaker_independent_none,03-01-07-01-02-02-11,3,disgust,angry,wav2vec,speaker_independent,emotion_original,logistic_regression,none,,
wav2vec_logistic_regression_emotion_original_speaker_independent_none,03-01-07-01-02-02-20,3,disgust,disgust,wav2vec,speaker_independent,emotion_original,logistic_regression,none,,
wav2vec_logistic_regression_emotion_original_speaker_independent_none,03-01-07-02-01-01-08,3,disgust,disgust,wav2vec,speaker_independent,emotion_original,logistic_regression,none,,
wav2vec_logistic_regression_emotion_original_speaker_independent_none,03-01-07-02-01-01-11,3,disgust,disgust,wav2vec,speaker_independent,emotion_original,logistic_regression,none,,
wav2vec_logistic_regression_emotion_original_speaker_independent_none,03-01-07-02-01-01-20,3,disgust,disgust,wav2vec,speaker_independent,emotion_original,logistic_regression,none,,
wav2vec_logistic_regression_emotion_original_speaker_independent_none,03-01-07-02-01-02-08,3,disgust,disgust,wav2vec,speaker_independent,emotion_original,logistic_regression,none,,
wav2vec_logistic_regression_emotion_original_speaker_independent_none,03-01-07-02-01-02-11,3,disgust,fearful,wav2vec,speaker_independent,emotion_original,logistic_regression,none,,
wav2vec_logistic_regression_emotion_original_speaker_independent_none,03-01-07-02-01-02-20,3,disgust,disgust,wav2vec,speaker_independent,emotion_original,logistic_regression,none,,
wav2vec_logistic_regression_emotion_original_speaker_independent_none,03-01-07-02-02-01-08,3,disgust,disgust,wav2vec,speaker_independent,emotion_original,logistic_regression,none,,
wav2vec_logistic_regression_emotion_original_speaker_independent_none,03-01-07-02-02-01-11,3,disgust,disgust,wav2vec,speaker_independent,emotion_original,logistic_regression,none,,
wav2vec_logistic_regression_emotion_original_speaker_independent_none,03-01-07-02-02-01-20,3,disgust,disgust,wav2vec,speaker_independent,emotion_original,logistic_regression,none,,
wav2vec_logistic_regression_emotion_original_speaker_independent_none,03-01-07-02-02-02-08,3,disgust,disgust,wav2vec,speaker_independent,emotion_original,logistic_regression,none,,
wav2vec_logistic_regression_emotion_original_speaker_independent_none,03-01-07-02-02-02-11,3,disgust,disgust,wav2vec,speaker_independent,emotion_original,logistic_regression,none,,
wav2vec_logistic_regression_emotion_original_speaker_independent_none,03-01-07-02-02-02-20,3,disgust,disgust,wav2vec,speaker_independent,emotion_original,logistic_regression,none,,
wav2vec_logistic_regression_emotion_original_speaker_independent_none,03-01-08-01-01-01-08,3,surprised,disgust,wav2vec,speaker_independent,emotion_original,logistic_regression,none,,
wav2vec_logistic_regression_emotion_original_speaker_independent_none,03-01-08-01-01-01-11,3,surprised,fearful,wav2vec,speaker_independent,emotion_original,logistic_regression,none,,
wav2vec_logistic_regression_emotion_original_speaker_independent_none,03-01-08-01-01-01-20,3,surprised,happy,wav2vec,speaker_independent,emotion_original,logistic_regression,none,,
wav2vec_logistic_regression_emotion_original_speaker_independent_none,03-01-08-01-01-02-08,3,surprised,surprised,wav2vec,speaker_independent,emotion_original,logistic_regression,none,,
wav2vec_logistic_regression_emotion_original_speaker_independent_none,03-01-08-01-01-02-11,3,surprised,surprised,wav2vec,speaker_independent,emotion_original,logistic_regression,none,,
wav2vec_logistic_regression_emotion_original_speaker_independent_none,03-01-08-01-01-02-20,3,surprised,happy,wav2vec,speaker_independent,emotion_original,logistic_regression,none,,
wav2vec_logistic_regression_emotion_original_speaker_independent_none,03-01-08-01-02-01-11,3,surprised,fearful,wav2vec,speaker_independent,emotion_original,logistic_regression,none,,
wav2vec_logistic_regression_emotion_original_speaker_independent_none,03-01-08-01-02-01-20,3,surprised,fearful,wav2vec,speaker_independent,emotion_original,logistic_regression,none,,
wav2vec_logistic_regression_emotion_original_speaker_independent_none,03-01-08-01-02-02-11,3,surprised,fearful,wav2vec,speaker_independent,emotion_original,logistic_regression,none,,
wav2vec_logistic_regression_emotion_original_speaker_independent_none,03-01-08-01-02-02-20,3,surprised,surprised,wav2vec,speaker_independent,emotion_original,logistic_regression,none,,
wav2vec_logistic_regression_emotion_original_speaker_independent_none,03-01-08-02-01-01-08,3,surprised,fearful,wav2vec,speaker_independent,emotion_original,logistic_regression,none,,
wav2vec_logistic_regression_emotion_original_speaker_independent_none,03-01-08-02-01-01-11,3,surprised,surprised,wav2vec,speaker_independent,emotion_original,logistic_regression,none,,
wav2vec_logistic_regression_emotion_original_speaker_independent_none,03-01-08-02-01-02-08,3,surprised,surprised,wav2vec,speaker_independent,emotion_original,logistic_regression,none,,
wav2vec_logistic_regression_emotion_original_speaker_independent_none,03-01-08-02-01-02-11,3,surprised,surprised,wav2vec,speaker_independent,emotion_original,logistic_regression,none,,
wav2vec_logistic_regression_emotion_original_speaker_independent_none,03-01-08-02-02-01-20,3,surprised,disgust,wav2vec,speaker_independent,emotion_original,logistic_regression,none,,
wav2vec_logistic_regression_emotion_original_speaker_independent_none,03-01-08-02-02-02-20,3,surprised,fearful,wav2vec,speaker_independent,emotion_original,logistic_regression,none,,
wav2vec_logistic_regression_emotion_original_speaker_independent_none,03-01-01-01-01-01-14,4,neutral,neutral,wav2vec,speaker_independent,emotion_original,logistic_regression,none,,
wav2vec_logistic_regression_emotion_original_speaker_independent_none,03-01-01-01-01-01-16,4,neutral,neutral,wav2vec,speaker_independent,emotion_original,logistic_regression,none,,
wav2vec_logistic_regression_emotion_original_speaker_independent_none,03-01-01-01-01-01-22,4,neutral,neutral,wav2vec,speaker_independent,emotion_original,logistic_regression,none,,
wav2vec_logistic_regression_emotion_original_speaker_independent_none,03-01-01-01-01-01-24,4,neutral,calm,wav2vec,speaker_independent,emotion_original,logistic_regression,none,,
wav2vec_logistic_regression_emotion_original_speaker_independent_none,03-01-01-01-01-02-14,4,neutral,neutral,wav2vec,speaker_independent,emotion_original,logistic_regression,none,,
wav2vec_logistic_regression_emotion_original_speaker_independent_none,03-01-01-01-01-02-16,4,neutral,neutral,wav2vec,speaker_independent,emotion_original,logistic_regression,none,,
wav2vec_logistic_regression_emotion_original_speaker_independent_none,03-01-01-01-01-02-22,4,neutral,neutral,wav2vec,speaker_independent,emotion_original,logistic_regression,none,,
wav2vec_logistic_regression_emotion_original_speaker_independent_none,03-01-01-01-01-02-24,4,neutral,neutral,wav2vec,speaker_independent,emotion_original,logistic_regression,none,,
wav2vec_logistic_regression_emotion_original_speaker_independent_none,03-01-01-01-02-01-14,4,neutral,neutral,wav2vec,speaker_independent,emotion_original,logistic_regression,none,,
wav2vec_logistic_regression_emotion_original_speaker_independent_none,03-01-01-01-02-01-16,4,neutral,angry,wav2vec,speaker_independent,emotion_original,logistic_regression,none,,
wav2vec_logistic_regression_emotion_original_speaker_independent_none,03-01-01-01-02-01-22,4,neutral,neutral,wav2vec,speaker_independent,emotion_original,logistic_regression,none,,
wav2vec_logistic_regression_emotion_original_speaker_independent_none,03-01-01-01-02-01-24,4,neutral,neutral,wav2vec,speaker_independent,emotion_original,logistic_regression,none,,
wav2vec_logistic_regression_emotion_original_speaker_independent_none,03-01-01-01-02-02-14,4,neutral,neutral,wav2vec,speaker_independent,emotion_original,logistic_regression,none,,
wav2vec_logistic_regression_emotion_original_speaker_independent_none,03-01-01-01-02-02-16,4,neutral,angry,wav2vec,speaker_independent,emotion_original,logistic_regression,none,,
wav2vec_logistic_regression_emotion_original_speaker_independent_none,03-01-01-01-02-02-22,4,neutral,sad,wav2vec,speaker_independent,emotion_original,logistic_regression,none,,
wav2vec_logistic_regression_emotion_original_speaker_independent_none,03-01-01-01-02-02-24,4,neutral,calm,wav2vec,speaker_independent,emotion_original,logistic_regression,none,,
wav2vec_logistic_regression_emotion_original_speaker_independent_none,03-01-02-01-01-01-14,4,calm,calm,wav2vec,speaker_independent,emotion_original,logistic_regression,none,,
wav2vec_logistic_regression_emotion_original_speaker_independent_none,03-01-02-01-01-01-16,4,calm,angry,wav2vec,speaker_independent,emotion_original,logistic_regression,none,,
wav2vec_logistic_regression_emotion_original_speaker_independent_none,03-01-02-01-01-01-22,4,calm,calm,wav2vec,speaker_independent,emotion_original,logistic_regression,none,,
wav2vec_logistic_regression_emotion_original_speaker_independent_none,03-01-02-01-01-01-24,4,calm,calm,wav2vec,speaker_independent,emotion_original,logistic_regression,none,,
wav2vec_logistic_regression_emotion_original_speaker_independent_none,03-01-02-01-01-02-14,4,calm,neutral,wav2vec,speaker_independent,emotion_original,logistic_regression,none,,
wav2vec_logistic_regression_emotion_original_speaker_independent_none,03-01-02-01-01-02-16,4,calm,neutral,wav2vec,speaker_independent,emotion_original,logistic_regression,none,,
wav2vec_logistic_regression_emotion_original_speaker_independent_none,03-01-02-01-01-02-22,4,calm,calm,wav2vec,speaker_independent,emotion_original,logistic_regression,none,,
wav2vec_logistic_regression_emotion_original_speaker_independent_none,03-01-02-01-01-02-24,4,calm,calm,wav2vec,speaker_independent,emotion_original,logistic_regression,none,,
wav2vec_logistic_regression_emotion_original_speaker_independent_none,03-01-02-01-02-01-14,4,calm,calm,wav2vec,speaker_independent,emotion_original,logistic_regression,none,,
wav2vec_logistic_regression_emotion_original_speaker_independent_none,03-01-02-01-02-02-14,4,calm,calm,wav2vec,speaker_independent,emotion_original,logistic_regression,none,,
wav2vec_logistic_regression_emotion_original_speaker_independent_none,03-01-02-02-01-01-14,4,calm,neutral,wav2vec,speaker_independent,emotion_original,logistic_regression,none,,
wav2vec_logistic_regression_emotion_original_speaker_independent_none,03-01-02-02-01-01-16,4,calm,neutral,wav2vec,speaker_independent,emotion_original,logistic_regression,none,,
wav2vec_logistic_regression_emotion_original_speaker_independent_none,03-01-02-02-01-01-22,4,calm,calm,wav2vec,speaker_independent,emotion_original,logistic_regression,none,,
wav2vec_logistic_regression_emotion_original_speaker_independent_none,03-01-02-02-01-01-24,4,calm,calm,wav2vec,speaker_independent,emotion_original,logistic_regression,none,,
wav2vec_logistic_regression_emotion_original_speaker_independent_none,03-01-02-02-01-02-14,4,calm,calm,wav2vec,speaker_independent,emotion_original,logistic_regression,none,,
wav2vec_logistic_regression_emotion_original_speaker_independent_none,03-01-02-02-01-02-16,4,calm,angry,wav2vec,speaker_independent,emotion_original,logistic_regression,none,,
wav2vec_logistic_regression_emotion_original_speaker_independent_none,03-01-02-02-01-02-22,4,calm,neutral,wav2vec,speaker_independent,emotion_original,logistic_regression,none,,
wav2vec_logistic_regression_emotion_original_speaker_independent_none,03-01-02-02-01-02-24,4,calm,calm,wav2vec,speaker_independent,emotion_original,logistic_regression,none,,
wav2vec_logistic_regression_emotion_original_speaker_independent_none,03-01-02-02-02-01-14,4,calm,calm,wav2vec,speaker_independent,emotion_original,logistic_regression,none,,
wav2vec_logistic_regression_emotion_original_speaker_independent_none,03-01-02-02-02-01-16,4,calm,angry,wav2vec,speaker_independent,emotion_original,logistic_regression,none,,
wav2vec_logistic_regression_emotion_original_speaker_independent_none,03-01-02-02-02-01-22,4,calm,calm,wav2vec,speaker_independent,emotion_original,logistic_regression,none,,
wav2vec_logistic_regression_emotion_original_speaker_independent_none,03-01-02-02-02-01-24,4,calm,calm,wav2vec,speaker_independent,emotion_original,logistic_regression,none,,
wav2vec_logistic_regression_emotion_original_speaker_independent_none,03-01-02-02-02-02-14,4,calm,calm,wav2vec,speaker_independent,emotion_original,logistic_regression,none,,
wav2vec_logistic_regression_emotion_original_speaker_independent_none,03-01-02-02-02-02-16,4,calm,angry,wav2vec,speaker_independent,emotion_original,logistic_regression,none,,
wav2vec_logistic_regression_emotion_original_speaker_independent_none,03-01-02-02-02-02-22,4,calm,calm,wav2vec,speaker_independent,emotion_original,logistic_regression,none,,
wav2vec_logistic_regression_emotion_original_speaker_independent_none,03-01-02-02-02-02-24,4,calm,calm,wav2vec,speaker_independent,emotion_original,logistic_regression,none,,
wav2vec_logistic_regression_emotion_original_speaker_independent_none,03-01-03-01-01-01-14,4,happy,happy,wav2vec,speaker_independent,emotion_original,logistic_regression,none,,
wav2vec_logistic_regression_emotion_original_speaker_independent_none,03-01-03-01-01-01-16,4,happy,angry,wav2vec,speaker_independent,emotion_original,logistic_regression,none,,
wav2vec_logistic_regression_emotion_original_speaker_independent_none,03-01-03-01-01-01-22,4,happy,surprised,wav2vec,speaker_independent,emotion_original,logistic_regression,none,,
wav2vec_logistic_regression_emotion_original_speaker_independent_none,03-01-03-01-01-01-24,4,happy,neutral,wav2vec,speaker_independent,emotion_original,logistic_regression,none,,
wav2vec_logistic_regression_emotion_original_speaker_independent_none,03-01-03-01-01-02-14,4,happy,angry,wav2vec,speaker_independent,emotion_original,logistic_regression,none,,
wav2vec_logistic_regression_emotion_original_speaker_independent_none,03-01-03-01-01-02-16,4,happy,angry,wav2vec,speaker_independent,emotion_original,logistic_regression,none,,
wav2vec_logistic_regression_emotion_original_speaker_independent_none,03-01-03-01-01-02-22,4,happy,happy,wav2vec,speaker_independent,emotion_original,logistic_regression,none,,
wav2vec_logistic_regression_emotion_original_speaker_independent_none,03-01-03-01-01-02-24,4,happy,calm,wav2vec,speaker_independent,emotion_original,logistic_regression,none,,
wav2vec_logistic_regression_emotion_original_speaker_independent_none,03-01-03-01-02-01-16,4,happy,angry,wav2vec,speaker_independent,emotion_original,logistic_regression,none,,
wav2vec_logistic_regression_emotion_original_speaker_independent_none,03-01-03-01-02-01-22,4,happy,surprised,wav2vec,speaker_independent,emotion_original,logistic_regression,none,,
wav2vec_logistic_regression_emotion_original_speaker_independent_none,03-01-03-01-02-01-24,4,happy,surprised,wav2vec,speaker_independent,emotion_original,logistic_regression,none,,
wav2vec_logistic_regression_emotion_original_speaker_independent_none,03-01-03-01-02-02-16,4,happy,angry,wav2vec,speaker_independent,emotion_original,logistic_regression,none,,
wav2vec_logistic_regression_emotion_original_speaker_independent_none,03-01-03-01-02-02-22,4,happy,neutral,wav2vec,speaker_independent,emotion_original,logistic_regression,none,,
wav2vec_logistic_regression_emotion_original_speaker_independent_none,03-01-03-01-02-02-24,4,happy,angry,wav2vec,speaker_independent,emotion_original,logistic_regression,none,,
wav2vec_logistic_regression_emotion_original_speaker_independent_none,03-01-03-02-01-01-14,4,happy,angry,wav2vec,speaker_independent,emotion_original,logistic_regression,none,,
wav2vec_logistic_regression_emotion_original_speaker_independent_none,03-01-03-02-01-01-16,4,happy,angry,wav2vec,speaker_independent,emotion_original,logistic_regression,none,,
wav2vec_logistic_regression_emotion_original_speaker_independent_none,03-01-03-02-01-01-22,4,happy,happy,wav2vec,speaker_independent,emotion_original,logistic_regression,none,,
wav2vec_logistic_regression_emotion_original_speaker_independent_none,03-01-03-02-01-02-14,4,happy,happy,wav2vec,speaker_independent,emotion_original,logistic_regression,none,,
wav2vec_logistic_regression_emotion_original_speaker_independent_none,03-01-03-02-01-02-16,4,happy,angry,wav2vec,speaker_independent,emotion_original,logistic_regression,none,,
wav2vec_logistic_regression_emotion_original_speaker_independent_none,03-01-03-02-01-02-22,4,happy,happy,wav2vec,speaker_independent,emotion_original,logistic_regression,none,,
wav2vec_logistic_regression_emotion_original_speaker_independent_none,03-01-03-02-02-01-14,4,happy,angry,wav2vec,speaker_independent,emotion_original,logistic_regression,none,,
wav2vec_logistic_regression_emotion_original_speaker_independent_none,03-01-03-02-02-01-24,4,happy,angry,wav2vec,speaker_independent,emotion_original,logistic_regression,none,,
wav2vec_logistic_regression_emotion_original_speaker_independent_none,03-01-03-02-02-02-14,4,happy,angry,wav2vec,speaker_independent,emotion_original,logistic_regression,none,,
wav2vec_logistic_regression_emotion_original_speaker_independent_none,03-01-03-02-02-02-24,4,happy,angry,wav2vec,speaker_independent,emotion_original,logistic_regression,none,,
wav2vec_logistic_regression_emotion_original_speaker_independent_none,03-01-04-01-02-01-14,4,sad,calm,wav2vec,speaker_independent,emotion_original,logistic_regression,none,,
wav2vec_logistic_regression_emotion_original_speaker_independent_none,03-01-04-01-02-01-16,4,sad,angry,wav2vec,speaker_independent,emotion_original,logistic_regression,none,,
wav2vec_logistic_regression_emotion_original_speaker_independent_none,03-01-04-01-02-01-22,4,sad,disgust,wav2vec,speaker_independent,emotion_original,logistic_regression,none,,
wav2vec_logistic_regression_emotion_original_speaker_independent_none,03-01-04-01-02-01-24,4,sad,calm,wav2vec,speaker_independent,emotion_original,logistic_regression,none,,
wav2vec_logistic_regression_emotion_original_speaker_independent_none,03-01-04-01-02-02-14,4,sad,neutral,wav2vec,speaker_independent,emotion_original,logistic_regression,none,,
wav2vec_logistic_regression_emotion_original_speaker_independent_none,03-01-04-01-02-02-16,4,sad,angry,wav2vec,speaker_independent,emotion_original,logistic_regression,none,,
wav2vec_logistic_regression_emotion_original_speaker_independent_none,03-01-04-01-02-02-22,4,sad,angry,wav2vec,speaker_independent,emotion_original,logistic_regression,none,,
wav2vec_logistic_regression_emotion_original_speaker_independent_none,03-01-04-01-02-02-24,4,sad,calm,wav2vec,speaker_independent,emotion_original,logistic_regression,none,,
wav2vec_logistic_regression_emotion_original_speaker_independent_none,03-01-04-02-01-01-14,4,sad,surprised,wav2vec,speaker_independent,emotion_original,logistic_regression,none,,
wav2vec_logistic_regression_emotion_original_speaker_independent_none,03-01-04-02-01-01-16,4,sad,angry,wav2vec,speaker_independent,emotion_original,logistic_regression,none,,
wav2vec_logistic_regression_emotion_original_speaker_independent_none,03-01-04-02-01-01-22,4,sad,sad,wav2vec,speaker_independent,emotion_original,logistic_regression,none,,
wav2vec_logistic_regression_emotion_original_speaker_independent_none,03-01-04-02-01-01-24,4,sad,sad,wav2vec,speaker_independent,emotion_original,logistic_regression,none,,
wav2vec_logistic_regression_emotion_original_speaker_independent_none,03-01-04-02-01-02-14,4,sad,disgust,wav2vec,speaker_independent,emotion_original,logistic_regression,none,,
wav2vec_logistic_regression_emotion_original_speaker_independent_none,03-01-04-02-01-02-16,4,sad,sad,wav2vec,speaker_independent,emotion_original,logistic_regression,none,,
wav2vec_logistic_regression_emotion_original_speaker_independent_none,03-01-04-02-01-02-22,4,sad,sad,wav2vec,speaker_independent,emotion_original,logistic_regression,none,,
wav2vec_logistic_regression_emotion_original_speaker_independent_none,03-01-04-02-01-02-24,4,sad,happy,wav2vec,speaker_independent,emotion_original,logistic_regression,none,,
wav2vec_logistic_regression_emotion_original_speaker_independent_none,03-01-04-02-02-01-14,4,sad,angry,wav2vec,speaker_independent,emotion_original,logistic_regression,none,,
wav2vec_logistic_regression_emotion_original_speaker_independent_none,03-01-04-02-02-01-16,4,sad,angry,wav2vec,speaker_independent,emotion_original,logistic_regression,none,,
wav2vec_logistic_regression_emotion_original_speaker_independent_none,03-01-04-02-02-01-22,4,sad,sad,wav2vec,speaker_independent,emotion_original,logistic_regression,none,,
wav2vec_logistic_regression_emotion_original_speaker_independent_none,03-01-04-02-02-01-24,4,sad,angry,wav2vec,speaker_independent,emotion_original,logistic_regression,none,,
wav2vec_logistic_regression_emotion_original_speaker_independent_none,03-01-04-02-02-02-14,4,sad,angry,wav2vec,speaker_independent,emotion_original,logistic_regression,none,,
wav2vec_logistic_regression_emotion_original_speaker_independent_none,03-01-04-02-02-02-16,4,sad,sad,wav2vec,speaker_independent,emotion_original,logistic_regression,none,,
wav2vec_logistic_regression_emotion_original_speaker_independent_none,03-01-04-02-02-02-22,4,sad,happy,wav2vec,speaker_independent,emotion_original,logistic_regression,none,,
wav2vec_logistic_regression_emotion_original_speaker_independent_none,03-01-04-02-02-02-24,4,sad,sad,wav2vec,speaker_independent,emotion_original,logistic_regression,none,,
wav2vec_logistic_regression_emotion_original_speaker_independent_none,03-01-05-01-01-01-14,4,angry,angry,wav2vec,speaker_independent,emotion_original,logistic_regression,none,,
wav2vec_logistic_regression_emotion_original_speaker_independent_none,03-01-05-01-01-01-16,4,angry,angry,wav2vec,speaker_independent,emotion_original,logistic_regression,none,,
wav2vec_logistic_regression_emotion_original_speaker_independent_none,03-01-05-01-01-01-22,4,angry,angry,wav2vec,speaker_independent,emotion_original,logistic_regression,none,,
wav2vec_logistic_regression_emotion_original_speaker_independent_none,03-01-05-01-01-01-24,4,angry,angry,wav2vec,speaker_independent,emotion_original,logistic_regression,none,,
wav2vec_logistic_regression_emotion_original_speaker_independent_none,03-01-05-01-01-02-14,4,angry,angry,wav2vec,speaker_independent,emotion_original,logistic_regression,none,,
wav2vec_logistic_regression_emotion_original_speaker_independent_none,03-01-05-01-01-02-16,4,angry,angry,wav2vec,speaker_independent,emotion_original,logistic_regression,none,,
wav2vec_logistic_regression_emotion_original_speaker_independent_none,03-01-05-01-01-02-22,4,angry,angry,wav2vec,speaker_independent,emotion_original,logistic_regression,none,,
wav2vec_logistic_regression_emotion_original_speaker_independent_none,03-01-05-01-01-02-24,4,angry,angry,wav2vec,speaker_independent,emotion_original,logistic_regression,none,,
wav2vec_logistic_regression_emotion_original_speaker_independent_none,03-01-05-01-02-01-14,4,angry,angry,wav2vec,speaker_independent,emotion_original,logistic_regression,none,,
wav2vec_logistic_regression_emotion_original_speaker_independent_none,03-01-05-01-02-01-16,4,angry,angry,wav2vec,speaker_independent,emotion_original,logistic_regression,none,,
wav2vec_logistic_regression_emotion_original_speaker_independent_none,03-01-05-01-02-01-22,4,angry,angry,wav2vec,speaker_independent,emotion_original,logistic_regression,none,,
wav2vec_logistic_regression_emotion_original_speaker_independent_none,03-01-05-01-02-01-24,4,angry,angry,wav2vec,speaker_independent,emotion_original,logistic_regression,none,,
wav2vec_logistic_regression_emotion_original_speaker_independent_none,03-01-05-01-02-02-14,4,angry,angry,wav2vec,speaker_independent,emotion_original,logistic_regression,none,,
wav2vec_logistic_regression_emotion_original_speaker_independent_none,03-01-05-01-02-02-16,4,angry,angry,wav2vec,speaker_independent,emotion_original,logistic_regression,none,,
wav2vec_logistic_regression_emotion_original_speaker_independent_none,03-01-05-01-02-02-22,4,angry,angry,wav2vec,speaker_independent,emotion_original,logistic_regression,none,,
wav2vec_logistic_regression_emotion_original_speaker_independent_none,03-01-05-01-02-02-24,4,angry,angry,wav2vec,speaker_independent,emotion_original,logistic_regression,none,,
wav2vec_logistic_regression_emotion_original_speaker_independent_none,03-01-05-02-01-01-16,4,angry,angry,wav2vec,speaker_independent,emotion_original,logistic_regression,none,,
wav2vec_logistic_regression_emotion_original_speaker_independent_none,03-01-05-02-01-01-22,4,angry,angry,wav2vec,speaker_independent,emotion_original,logistic_regression,none,,
wav2vec_logistic_regression_emotion_original_speaker_independent_none,03-01-05-02-01-01-24,4,angry,angry,wav2vec,speaker_independent,emotion_original,logistic_regression,none,,
wav2vec_logistic_regression_emotion_original_speaker_independent_none,03-01-05-02-01-02-16,4,angry,angry,wav2vec,speaker_independent,emotion_original,logistic_regression,none,,
wav2vec_logistic_regression_emotion_original_speaker_independent_none,03-01-05-02-01-02-22,4,angry,angry,wav2vec,speaker_independent,emotion_original,logistic_regression,none,,
wav2vec_logistic_regression_emotion_original_speaker_independent_none,03-01-05-02-01-02-24,4,angry,angry,wav2vec,speaker_independent,emotion_original,logistic_regression,none,,
wav2vec_logistic_regression_emotion_original_speaker_independent_none,03-01-05-02-02-01-14,4,angry,angry,wav2vec,speaker_independent,emotion_original,logistic_regression,none,,
wav2vec_logistic_regression_emotion_original_speaker_independent_none,03-01-05-02-02-01-16,4,angry,angry,wav2vec,speaker_independent,emotion_original,logistic_regression,none,,
wav2vec_logistic_regression_emotion_original_speaker_independent_none,03-01-05-02-02-01-22,4,angry,angry,wav2vec,speaker_independent,emotion_original,logistic_regression,none,,
wav2vec_logistic_regression_emotion_original_speaker_independent_none,03-01-05-02-02-01-24,4,angry,angry,wav2vec,speaker_independent,emotion_original,logistic_regression,none,,
wav2vec_logistic_regression_emotion_original_speaker_independent_none,03-01-05-02-02-02-14,4,angry,angry,wav2vec,speaker_independent,emotion_original,logistic_regression,none,,
wav2vec_logistic_regression_emotion_original_speaker_independent_none,03-01-05-02-02-02-16,4,angry,angry,wav2vec,speaker_independent,emotion_original,logistic_regression,none,,
wav2vec_logistic_regression_emotion_original_speaker_independent_none,03-01-05-02-02-02-22,4,angry,angry,wav2vec,speaker_independent,emotion_original,logistic_regression,none,,
wav2vec_logistic_regression_emotion_original_speaker_independent_none,03-01-05-02-02-02-24,4,angry,angry,wav2vec,speaker_independent,emotion_original,logistic_regression,none,,
wav2vec_logistic_regression_emotion_original_speaker_independent_none,03-01-06-01-01-01-14,4,fearful,fearful,wav2vec,speaker_independent,emotion_original,logistic_regression,none,,
wav2vec_logistic_regression_emotion_original_speaker_independent_none,03-01-06-01-01-01-16,4,fearful,surprised,wav2vec,speaker_independent,emotion_original,logistic_regression,none,,
wav2vec_logistic_regression_emotion_original_speaker_independent_none,03-01-06-01-01-01-22,4,fearful,angry,wav2vec,speaker_independent,emotion_original,logistic_regression,none,,
wav2vec_logistic_regression_emotion_original_speaker_independent_none,03-01-06-01-01-02-14,4,fearful,fearful,wav2vec,speaker_independent,emotion_original,logistic_regression,none,,
wav2vec_logistic_regression_emotion_original_speaker_independent_none,03-01-06-01-01-02-16,4,fearful,angry,wav2vec,speaker_independent,emotion_original,logistic_regression,none,,
wav2vec_logistic_regression_emotion_original_speaker_independent_none,03-01-06-01-01-02-22,4,fearful,angry,wav2vec,speaker_independent,emotion_original,logistic_regression,none,,
wav2vec_logistic_regression_emotion_original_speaker_independent_none,03-01-06-01-02-01-22,4,fearful,happy,wav2vec,speaker_independent,emotion_original,logistic_regression,none,,
wav2vec_logistic_regression_emotion_original_speaker_independent_none,03-01-06-01-02-01-24,4,fearful,fearful,wav2vec,speaker_independent,emotion_original,logistic_regression,none,,
wav2vec_logistic_regression_emotion_original_speaker_independent_none,03-01-06-01-02-02-22,4,fearful,angry,wav2vec,speaker_independent,emotion_original,logistic_regression,none,,
wav2vec_logistic_regression_emotion_original_speaker_independent_none,03-01-06-01-02-02-24,4,fearful,surprised,wav2vec,speaker_independent,emotion_original,logistic_regression,none,,
wav2vec_logistic_regression_emotion_original_speaker_independent_none,03-01-06-02-01-01-14,4,fearful,fearful,wav2vec,speaker_independent,emotion_original,logistic_regression,none,,
wav2vec_logistic_regression_emotion_original_speaker_independent_none,03-01-06-02-01-01-16,4,fearful,sad,wav2vec,speaker_independent,emotion_original,logistic_regression,none,,
wav2vec_logistic_regression_emotion_original_speaker_independent_none,03-01-06-02-01-01-22,4,fearful,surprised,wav2vec,speaker_independent,emotion_original,logistic_regression,none,,
wav2vec_logistic_regression_emotion_original_speaker_independent_none,03-01-06-02-01-01-24,4,fearful,happy,wav2vec,speaker_independent,emotion_original,logistic_regression,none,,
wav2vec_logistic_regression_emotion_original_speaker_independent_none,03-01-06-02-01-02-14,4,fearful,fearful,wav2vec,speaker_independent,emotion_original,logistic_regression,none,,
wav2vec_logistic_regression_emotion_original_speaker_independent_none,03-01-06-02-01-02-16,4,fearful,sad,wav2vec,speaker_independent,emotion_original,logistic_regression,none,,
wav2vec_logistic_regression_emotion_original_speaker_independent_none,03-01-06-02-01-02-22,4,fearful,angry,wav2vec,speaker_independent,emotion_original,logistic_regression,none,,
wav2vec_logistic_regression_emotion_original_speaker_independent_none,03-01-06-02-01-02-24,4,fearful,fearful,wav2vec,speaker_independent,emotion_original,logistic_regression,none,,
wav2vec_logistic_regression_emotion_original_speaker_independent_none,03-01-06-02-02-01-16,4,fearful,angry,wav2vec,speaker_independent,emotion_original,logistic_regression,none,,
wav2vec_logistic_regression_emotion_original_speaker_independent_none,03-01-06-02-02-01-22,4,fearful,fearful,wav2vec,speaker_independent,emotion_original,logistic_regression,none,,
wav2vec_logistic_regression_emotion_original_speaker_independent_none,03-01-06-02-02-01-24,4,fearful,fearful,wav2vec,speaker_independent,emotion_original,logistic_regression,none,,
wav2vec_logistic_regression_emotion_original_speaker_independent_none,03-01-06-02-02-02-16,4,fearful,happy,wav2vec,speaker_independent,emotion_original,logistic_regression,none,,
wav2vec_logistic_regression_emotion_original_speaker_independent_none,03-01-06-02-02-02-22,4,fearful,happy,wav2vec,speaker_independent,emotion_original,logistic_regression,none,,
wav2vec_logistic_regression_emotion_original_speaker_independent_none,03-01-06-02-02-02-24,4,fearful,fearful,wav2vec,speaker_independent,emotion_original,logistic_regression,none,,
wav2vec_logistic_regression_emotion_original_speaker_independent_none,03-01-07-01-01-01-14,4,disgust,fearful,wav2vec,speaker_independent,emotion_original,logistic_regression,none,,
wav2vec_logistic_regression_emotion_original_speaker_independent_none,03-01-07-01-01-01-16,4,disgust,disgust,wav2vec,speaker_independent,emotion_original,logistic_regression,none,,
wav2vec_logistic_regression_emotion_original_speaker_independent_none,03-01-07-01-01-01-22,4,disgust,angry,wav2vec,speaker_independent,emotion_original,logistic_regression,none,,
wav2vec_logistic_regression_emotion_original_speaker_independent_none,03-01-07-01-01-02-14,4,disgust,disgust,wav2vec,speaker_independent,emotion_original,logistic_regression,none,,
wav2vec_logistic_regression_emotion_original_speaker_independent_none,03-01-07-01-01-02-16,4,disgust,disgust,wav2vec,speaker_independent,emotion_original,logistic_regression,none,,
wav2vec_logistic_regression_emotion_original_speaker_independent_none,03-01-07-01-01-02-22,4,disgust,disgust,wav2vec,speaker_independent,emotion_original,logistic_regression,none,,
wav2vec_logistic_regression_emotion_original_speaker_independent_none,03-01-07-01-02-01-14,4,disgust,disgust,wav2vec,speaker_independent,emotion_original,logistic_regression,none,,
wav2vec_logistic_regression_emotion_original_speaker_independent_none,03-01-07-01-02-01-24,4,disgust,angry,wav2vec,speaker_independent,emotion_original,logistic_regression,none,,
wav2vec_logistic_regression_emotion_original_speaker_independent_none,03-01-07-01-02-02-14,4,disgust,angry,wav2vec,speaker_independent,emotion_original,logistic_regression,none,,
wav2vec_logistic_regression_emotion_original_speaker_independent_none,03-01-07-01-02-02-24,4,disgust,angry,wav2vec,speaker_independent,emotion_original,logistic_regression,none,,
wav2vec_logistic_regression_emotion_original_speaker_independent_none,03-01-07-02-01-01-14,4,disgust,angry,wav2vec,speaker_independent,emotion_original,logistic_regression,none,,
wav2vec_logistic_regression_emotion_original_speaker_independent_none,03-01-07-02-01-01-16,4,disgust,angry,wav2vec,speaker_independent,emotion_original,logistic_regression,none,,
wav2vec_logistic_regression_emotion_original_speaker_independent_none,03-01-07-02-01-01-22,4,disgust,disgust,wav2vec,speaker_independent,emotion_original,logistic_regression,none,,
wav2vec_logistic_regression_emotion_original_speaker_independent_none,03-01-07-02-01-01-24,4,disgust,disgust,wav2vec,speaker_independent,emotion_original,logistic_regression,none,,
wav2vec_logistic_regression_emotion_original_speaker_independent_none,03-01-07-02-01-02-14,4,disgust,disgust,wav2vec,speaker_independent,emotion_original,logistic_regression,none,,
wav2vec_logistic_regression_emotion_original_speaker_independent_none,03-01-07-02-01-02-16,4,disgust,angry,wav2vec,speaker_independent,emotion_original,logistic_regression,none,,
wav2vec_logistic_regression_emotion_original_speaker_independent_none,03-01-07-02-01-02-22,4,disgust,angry,wav2vec,speaker_independent,emotion_original,logistic_regression,none,,
wav2vec_logistic_regression_emotion_original_speaker_independent_none,03-01-07-02-01-02-24,4,disgust,angry,wav2vec,speaker_independent,emotion_original,logistic_regression,none,,
wav2vec_logistic_regression_emotion_original_speaker_independent_none,03-01-07-02-02-01-14,4,disgust,disgust,wav2vec,speaker_independent,emotion_original,logistic_regression,none,,
wav2vec_logistic_regression_emotion_original_speaker_independent_none,03-01-07-02-02-01-16,4,disgust,angry,wav2vec,speaker_independent,emotion_original,logistic_regression,none,,
wav2vec_logistic_regression_emotion_original_speaker_independent_none,03-01-07-02-02-01-24,4,disgust,calm,wav2vec,speaker_independent,emotion_original,logistic_regression,none,,
wav2vec_logistic_regression_emotion_original_speaker_independent_none,03-01-07-02-02-02-14,4,disgust,angry,wav2vec,speaker_independent,emotion_original,logistic_regression,none,,
wav2vec_logistic_regression_emotion_original_speaker_independent_none,03-01-07-02-02-02-16,4,disgust,angry,wav2vec,speaker_independent,emotion_original,logistic_regression,none,,
wav2vec_logistic_regression_emotion_original_speaker_independent_none,03-01-07-02-02-02-24,4,disgust,angry,wav2vec,speaker_independent,emotion_original,logistic_regression,none,,
wav2vec_logistic_regression_emotion_original_speaker_independent_none,03-01-08-01-01-01-14,4,surprised,angry,wav2vec,speaker_independent,emotion_original,logistic_regression,none,,
wav2vec_logistic_regression_emotion_original_speaker_independent_none,03-01-08-01-01-01-16,4,surprised,happy,wav2vec,speaker_independent,emotion_original,logistic_regression,none,,
wav2vec_logistic_regression_emotion_original_speaker_independent_none,03-01-08-01-01-01-24,4,surprised,surprised,wav2vec,speaker_independent,emotion_original,logistic_regression,none,,
wav2vec_logistic_regression_emotion_original_speaker_independent_none,03-01-08-01-01-02-14,4,surprised,angry,wav2vec,speaker_independent,emotion_original,logistic_regression,none,,
wav2vec_logistic_regression_emotion_original_speaker_independent_none,03-01-08-01-01-02-16,4,surprised,surprised,wav2vec,speaker_independent,emotion_original,logistic_regression,none,,
wav2vec_logistic_regression_emotion_original_speaker_independent_none,03-01-08-01-01-02-24,4,surprised,angry,wav2vec,speaker_independent,emotion_original,logistic_regression,none,,
wav2vec_logistic_regression_emotion_original_speaker_independent_none,03-01-08-01-02-01-14,4,surprised,angry,wav2vec,speaker_independent,emotion_original,logistic_regression,none,,
wav2vec_logistic_regression_emotion_original_speaker_independent_none,03-01-08-01-02-01-22,4,surprised,surprised,wav2vec,speaker_independent,emotion_original,logistic_regression,none,,
wav2vec_logistic_regression_emotion_original_speaker_independent_none,03-01-08-01-02-01-24,4,surprised,angry,wav2vec,speaker_independent,emotion_original,logistic_regression,none,,
wav2vec_logistic_regression_emotion_original_speaker_independent_none,03-01-08-01-02-02-14,4,surprised,angry,wav2vec,speaker_independent,emotion_original,logistic_regression,none,,
wav2vec_logistic_regression_emotion_original_speaker_independent_none,03-01-08-01-02-02-22,4,surprised,angry,wav2vec,speaker_independent,emotion_original,logistic_regression,none,,
wav2vec_logistic_regression_emotion_original_speaker_independent_none,03-01-08-01-02-02-24,4,surprised,happy,wav2vec,speaker_independent,emotion_original,logistic_regression,none,,
wav2vec_logistic_regression_emotion_original_speaker_independent_none,03-01-08-02-01-01-16,4,surprised,surprised,wav2vec,speaker_independent,emotion_original,logistic_regression,none,,
wav2vec_logistic_regression_emotion_original_speaker_independent_none,03-01-08-02-01-01-22,4,surprised,surprised,wav2vec,speaker_independent,emotion_original,logistic_regression,none,,
wav2vec_logistic_regression_emotion_original_speaker_independent_none,03-01-08-02-01-01-24,4,surprised,angry,wav2vec,speaker_independent,emotion_original,logistic_regression,none,,
wav2vec_logistic_regression_emotion_original_speaker_independent_none,03-01-08-02-01-02-16,4,surprised,surprised,wav2vec,speaker_independent,emotion_original,logistic_regression,none,,
wav2vec_logistic_regression_emotion_original_speaker_independent_none,03-01-08-02-01-02-22,4,surprised,happy,wav2vec,speaker_independent,emotion_original,logistic_regression,none,,
wav2vec_logistic_regression_emotion_original_speaker_independent_none,03-01-08-02-01-02-24,4,surprised,angry,wav2vec,speaker_independent,emotion_original,logistic_regression,none,,
wav2vec_logistic_regression_emotion_original_speaker_independent_none,03-01-08-02-02-01-14,4,surprised,angry,wav2vec,speaker_independent,emotion_original,logistic_regression,none,,
wav2vec_logistic_regression_emotion_original_speaker_independent_none,03-01-08-02-02-01-16,4,surprised,surprised,wav2vec,speaker_independent,emotion_original,logistic_regression,none,,
wav2vec_logistic_regression_emotion_original_speaker_independent_none,03-01-08-02-02-01-22,4,surprised,angry,wav2vec,speaker_independent,emotion_original,logistic_regression,none,,
wav2vec_logistic_regression_emotion_original_speaker_independent_none,03-01-08-02-02-02-14,4,surprised,surprised,wav2vec,speaker_independent,emotion_original,logistic_regression,none,,
wav2vec_logistic_regression_emotion_original_speaker_independent_none,03-01-08-02-02-02-16,4,surprised,surprised,wav2vec,speaker_independent,emotion_original,logistic_regression,none,,
wav2vec_logistic_regression_emotion_original_speaker_independent_none,03-01-08-02-02-02-22,4,surprised,angry,wav2vec,speaker_independent,emotion_original,logistic_regression,none,,
wav2vec_logistic_regression_emotion_original_eval_quadrant_speaker_independent_none,03-01-01-01-01-01-05,0,neutral,neutral,wav2vec,speaker_independent,emotion_original_eval_quadrant,logistic_regression,none,Q4,Q4
wav2vec_logistic_regression_emotion_original_eval_quadrant_speaker_independent_none,03-01-01-01-01-01-13,0,neutral,neutral,wav2vec,speaker_independent,emotion_original_eval_quadrant,logistic_regression,none,Q4,Q4
wav2vec_logistic_regression_emotion_original_eval_quadrant_speaker_independent_none,03-01-01-01-01-01-18,0,neutral,calm,wav2vec,speaker_independent,emotion_original_eval_quadrant,logistic_regression,none,Q4,Q4
wav2vec_logistic_regression_emotion_original_eval_quadrant_speaker_independent_none,03-01-01-01-01-02-05,0,neutral,neutral,wav2vec,speaker_independent,emotion_original_eval_quadrant,logistic_regression,none,Q4,Q4
wav2vec_logistic_regression_emotion_original_eval_quadrant_speaker_independent_none,03-01-01-01-01-02-13,0,neutral,neutral,wav2vec,speaker_independent,emotion_original_eval_quadrant,logistic_regression,none,Q4,Q4
wav2vec_logistic_regression_emotion_original_eval_quadrant_speaker_independent_none,03-01-01-01-01-02-18,0,neutral,neutral,wav2vec,speaker_independent,emotion_original_eval_quadrant,logistic_regression,none,Q4,Q4
wav2vec_logistic_regression_emotion_original_eval_quadrant_speaker_independent_none,03-01-01-01-02-01-05,0,neutral,neutral,wav2vec,speaker_independent,emotion_original_eval_quadrant,logistic_regression,none,Q4,Q4
wav2vec_logistic_regression_emotion_original_eval_quadrant_speaker_independent_none,03-01-01-01-02-01-13,0,neutral,neutral,wav2vec,speaker_independent,emotion_original_eval_quadrant,logistic_regression,none,Q4,Q4
wav2vec_logistic_regression_emotion_original_eval_quadrant_speaker_independent_none,03-01-01-01-02-01-18,0,neutral,calm,wav2vec,speaker_independent,emotion_original_eval_quadrant,logistic_regression,none,Q4,Q4
wav2vec_logistic_regression_emotion_original_eval_quadrant_speaker_independent_none,03-01-01-01-02-02-05,0,neutral,sad,wav2vec,speaker_independent,emotion_original_eval_quadrant,logistic_regression,none,Q4,Q3
wav2vec_logistic_regression_emotion_original_eval_quadrant_speaker_independent_none,03-01-01-01-02-02-13,0,neutral,happy,wav2vec,speaker_independent,emotion_original_eval_quadrant,logistic_regression,none,Q4,Q1
wav2vec_logistic_regression_emotion_original_eval_quadrant_speaker_independent_none,03-01-01-01-02-02-18,0,neutral,neutral,wav2vec,speaker_independent,emotion_original_eval_quadrant,logistic_regression,none,Q4,Q4
wav2vec_logistic_regression_emotion_original_eval_quadrant_speaker_independent_none,03-01-02-01-01-01-05,0,calm,calm,wav2vec,speaker_independent,emotion_original_eval_quadrant,logistic_regression,none,Q4,Q4
wav2vec_logistic_regression_emotion_original_eval_quadrant_speaker_independent_none,03-01-02-01-01-01-18,0,calm,calm,wav2vec,speaker_independent,emotion_original_eval_quadrant,logistic_regression,none,Q4,Q4
wav2vec_logistic_regression_emotion_original_eval_quadrant_speaker_independent_none,03-01-02-01-01-02-05,0,calm,calm,wav2vec,speaker_independent,emotion_original_eval_quadrant,logistic_regression,none,Q4,Q4
wav2vec_logistic_regression_emotion_original_eval_quadrant_speaker_independent_none,03-01-02-01-01-02-18,0,calm,calm,wav2vec,speaker_independent,emotion_original_eval_quadrant,logistic_regression,none,Q4,Q4
wav2vec_logistic_regression_emotion_original_eval_quadrant_speaker_independent_none,03-01-02-01-02-01-05,0,calm,calm,wav2vec,speaker_independent,emotion_original_eval_quadrant,logistic_regression,none,Q4,Q4
wav2vec_logistic_regression_emotion_original_eval_quadrant_speaker_independent_none,03-01-02-01-02-01-13,0,calm,happy,wav2vec,speaker_independent,emotion_original_eval_quadrant,logistic_regression,none,Q4,Q1
wav2vec_logistic_regression_emotion_original_eval_quadrant_speaker_independent_none,03-01-02-01-02-01-18,0,calm,calm,wav2vec,speaker_independent,emotion_original_eval_quadrant,logistic_regression,none,Q4,Q4
wav2vec_logistic_regression_emotion_original_eval_quadrant_speaker_independent_none,03-01-02-01-02-02-05,0,calm,disgust,wav2vec,speaker_independent,emotion_original_eval_quadrant,logistic_regression,none,Q4,Q2
wav2vec_logistic_regression_emotion_original_eval_quadrant_speaker_independent_none,03-01-02-01-02-02-13,0,calm,neutral,wav2vec,speaker_independent,emotion_original_eval_quadrant,logistic_regression,none,Q4,Q4
wav2vec_logistic_regression_emotion_original_eval_quadrant_speaker_independent_none,03-01-02-01-02-02-18,0,calm,calm,wav2vec,speaker_independent,emotion_original_eval_quadrant,logistic_regression,none,Q4,Q4
wav2vec_logistic_regression_emotion_original_eval_quadrant_speaker_independent_none,03-01-02-02-01-01-05,0,calm,calm,wav2vec,speaker_independent,emotion_original_eval_quadrant,logistic_regression,none,Q4,Q4
wav2vec_logistic_regression_emotion_original_eval_quadrant_speaker_independent_none,03-01-02-02-01-01-13,0,calm,neutral,wav2vec,speaker_independent,emotion_original_eval_quadrant,logistic_regression,none,Q4,Q4
wav2vec_logistic_regression_emotion_original_eval_quadrant_speaker_independent_none,03-01-02-02-01-01-18,0,calm,calm,wav2vec,speaker_independent,emotion_original_eval_quadrant,logistic_regression,none,Q4,Q4
wav2vec_logistic_regression_emotion_original_eval_quadrant_speaker_independent_none,03-01-02-02-01-02-05,0,calm,calm,wav2vec,speaker_independent,emotion_original_eval_quadrant,logistic_regression,none,Q4,Q4
wav2vec_logistic_regression_emotion_original_eval_quadrant_speaker_independent_none,03-01-02-02-01-02-13,0,calm,neutral,wav2vec,speaker_independent,emotion_original_eval_quadrant,logistic_regression,none,Q4,Q4
wav2vec_logistic_regression_emotion_original_eval_quadrant_speaker_independent_none,03-01-02-02-01-02-18,0,calm,calm,wav2vec,speaker_independent,emotion_original_eval_quadrant,logistic_regression,none,Q4,Q4
wav2vec_logistic_regression_emotion_original_eval_quadrant_speaker_independent_none,03-01-02-02-02-01-05,0,calm,calm,wav2vec,speaker_independent,emotion_original_eval_quadrant,logistic_regression,none,Q4,Q4
wav2vec_logistic_regression_emotion_original_eval_quadrant_speaker_independent_none,03-01-02-02-02-01-13,0,calm,neutral,wav2vec,speaker_independent,emotion_original_eval_quadrant,logistic_regression,none,Q4,Q4
wav2vec_logistic_regression_emotion_original_eval_quadrant_speaker_independent_none,03-01-02-02-02-01-18,0,calm,calm,wav2vec,speaker_independent,emotion_original_eval_quadrant,logistic_regression,none,Q4,Q4
wav2vec_logistic_regression_emotion_original_eval_quadrant_speaker_independent_none,03-01-02-02-02-02-05,0,calm,calm,wav2vec,speaker_independent,emotion_original_eval_quadrant,logistic_regression,none,Q4,Q4
wav2vec_logistic_regression_emotion_original_eval_quadrant_speaker_independent_none,03-01-02-02-02-02-13,0,calm,happy,wav2vec,speaker_independent,emotion_original_eval_quadrant,logistic_regression,none,Q4,Q1
wav2vec_logistic_regression_emotion_original_eval_quadrant_speaker_independent_none,03-01-02-02-02-02-18,0,calm,calm,wav2vec,speaker_independent,emotion_original_eval_quadrant,logistic_regression,none,Q4,Q4
wav2vec_logistic_regression_emotion_original_eval_quadrant_speaker_independent_none,03-01-03-01-01-01-05,0,happy,sad,wav2vec,speaker_independent,emotion_original_eval_quadrant,logistic_regression,none,Q1,Q3
wav2vec_logistic_regression_emotion_original_eval_quadrant_speaker_independent_none,03-01-03-01-01-01-13,0,happy,happy,wav2vec,speaker_independent,emotion_original_eval_quadrant,logistic_regression,none,Q1,Q1
wav2vec_logistic_regression_emotion_original_eval_quadrant_speaker_independent_none,03-01-03-01-01-01-18,0,happy,happy,wav2vec,speaker_independent,emotion_original_eval_quadrant,logistic_regression,none,Q1,Q1
wav2vec_logistic_regression_emotion_original_eval_quadrant_speaker_independent_none,03-01-03-01-01-02-05,0,happy,happy,wav2vec,speaker_independent,emotion_original_eval_quadrant,logistic_regression,none,Q1,Q1
wav2vec_logistic_regression_emotion_original_eval_quadrant_speaker_independent_none,03-01-03-01-01-02-13,0,happy,happy,wav2vec,speaker_independent,emotion_original_eval_quadrant,logistic_regression,none,Q1,Q1
wav2vec_logistic_regression_emotion_original_eval_quadrant_speaker_independent_none,03-01-03-01-01-02-18,0,happy,neutral,wav2vec,speaker_independent,emotion_original_eval_quadrant,logistic_regression,none,Q1,Q4
wav2vec_logistic_regression_emotion_original_eval_quadrant_speaker_independent_none,03-01-03-01-02-01-05,0,happy,sad,wav2vec,speaker_independent,emotion_original_eval_quadrant,logistic_regression,none,Q1,Q3
wav2vec_logistic_regression_emotion_original_eval_quadrant_speaker_independent_none,03-01-03-01-02-01-13,0,happy,happy,wav2vec,speaker_independent,emotion_original_eval_quadrant,logistic_regression,none,Q1,Q1
wav2vec_logistic_regression_emotion_original_eval_quadrant_speaker_independent_none,03-01-03-01-02-01-18,0,happy,calm,wav2vec,speaker_independent,emotion_original_eval_quadrant,logistic_regression,none,Q1,Q4
wav2vec_logistic_regression_emotion_original_eval_quadrant_speaker_independent_none,03-01-03-01-02-02-05,0,happy,angry,wav2vec,speaker_independent,emotion_original_eval_quadrant,logistic_regression,none,Q1,Q2
wav2vec_logistic_regression_emotion_original_eval_quadrant_speaker_independent_none,03-01-03-01-02-02-13,0,happy,happy,wav2vec,speaker_independent,emotion_original_eval_quadrant,logistic_regression,none,Q1,Q1
wav2vec_logistic_regression_emotion_original_eval_quadrant_speaker_independent_none,03-01-03-01-02-02-18,0,happy,happy,wav2vec,speaker_independent,emotion_original_eval_quadrant,logistic_regression,none,Q1,Q1
wav2vec_logistic_regression_emotion_original_eval_quadrant_speaker_independent_none,03-01-03-02-01-01-05,0,happy,disgust,wav2vec,speaker_independent,emotion_original_eval_quadrant,logistic_regression,none,Q1,Q2
wav2vec_logistic_regression_emotion_original_eval_quadrant_speaker_independent_none,03-01-03-02-01-01-18,0,happy,sad,wav2vec,speaker_independent,emotion_original_eval_quadrant,logistic_regression,none,Q1,Q3
wav2vec_logistic_regression_emotion_original_eval_quadrant_speaker_independent_none,03-01-03-02-01-02-05,0,happy,surprised,wav2vec,speaker_independent,emotion_original_eval_quadrant,logistic_regression,none,Q1,Q1
wav2vec_logistic_regression_emotion_original_eval_quadrant_speaker_independent_none,03-01-03-02-01-02-18,0,happy,fearful,wav2vec,speaker_independent,emotion_original_eval_quadrant,logistic_regression,none,Q1,Q2
wav2vec_logistic_regression_emotion_original_eval_quadrant_speaker_independent_none,03-01-03-02-02-01-05,0,happy,angry,wav2vec,speaker_independent,emotion_original_eval_quadrant,logistic_regression,none,Q1,Q2
wav2vec_logistic_regression_emotion_original_eval_quadrant_speaker_independent_none,03-01-03-02-02-01-13,0,happy,surprised,wav2vec,speaker_independent,emotion_original_eval_quadrant,logistic_regression,none,Q1,Q1
wav2vec_logistic_regression_emotion_original_eval_quadrant_speaker_independent_none,03-01-03-02-02-01-18,0,happy,happy,wav2vec,speaker_independent,emotion_original_eval_quadrant,logistic_regression,none,Q1,Q1
wav2vec_logistic_regression_emotion_original_eval_quadrant_speaker_independent_none,03-01-03-02-02-02-05,0,happy,happy,wav2vec,speaker_independent,emotion_original_eval_quadrant,logistic_regression,none,Q1,Q1
wav2vec_logistic_regression_emotion_original_eval_quadrant_speaker_independent_none,03-01-03-02-02-02-13,0,happy,happy,wav2vec,speaker_independent,emotion_original_eval_quadrant,logistic_regression,none,Q1,Q1
wav2vec_logistic_regression_emotion_original_eval_quadrant_speaker_independent_none,03-01-03-02-02-02-18,0,happy,fearful,wav2vec,speaker_independent,emotion_original_eval_quadrant,logistic_regression,none,Q1,Q2
wav2vec_logistic_regression_emotion_original_eval_quadrant_speaker_independent_none,03-01-04-01-01-01-05,0,sad,fearful,wav2vec,speaker_independent,emotion_original_eval_quadrant,logistic_regression,none,Q3,Q2
wav2vec_logistic_regression_emotion_original_eval_quadrant_speaker_independent_none,03-01-04-01-01-01-13,0,sad,calm,wav2vec,speaker_independent,emotion_original_eval_quadrant,logistic_regression,none,Q3,Q4
wav2vec_logistic_regression_emotion_original_eval_quadrant_speaker_independent_none,03-01-04-01-01-02-05,0,sad,calm,wav2vec,speaker_independent,emotion_original_eval_quadrant,logistic_regression,none,Q3,Q4
wav2vec_logistic_regression_emotion_original_eval_quadrant_speaker_independent_none,03-01-04-01-01-02-13,0,sad,neutral,wav2vec,speaker_independent,emotion_original_eval_quadrant,logistic_regression,none,Q3,Q4
wav2vec_logistic_regression_emotion_original_eval_quadrant_speaker_independent_none,03-01-04-01-02-01-05,0,sad,fearful,wav2vec,speaker_independent,emotion_original_eval_quadrant,logistic_regression,none,Q3,Q2
wav2vec_logistic_regression_emotion_original_eval_quadrant_speaker_independent_none,03-01-04-01-02-01-13,0,sad,neutral,wav2vec,speaker_independent,emotion_original_eval_quadrant,logistic_regression,none,Q3,Q4
wav2vec_logistic_regression_emotion_original_eval_quadrant_speaker_independent_none,03-01-04-01-02-01-18,0,sad,calm,wav2vec,speaker_independent,emotion_original_eval_quadrant,logistic_regression,none,Q3,Q4
wav2vec_logistic_regression_emotion_original_eval_quadrant_speaker_independent_none,03-01-04-01-02-02-05,0,sad,calm,wav2vec,speaker_independent,emotion_original_eval_quadrant,logistic_regression,none,Q3,Q4
wav2vec_logistic_regression_emotion_original_eval_quadrant_speaker_independent_none,03-01-04-01-02-02-13,0,sad,neutral,wav2vec,speaker_independent,emotion_original_eval_quadrant,logistic_regression,none,Q3,Q4
wav2vec_logistic_regression_emotion_original_eval_quadrant_speaker_independent_none,03-01-04-01-02-02-18,0,sad,neutral,wav2vec,speaker_independent,emotion_original_eval_quadrant,logistic_regression,none,Q3,Q4
wav2vec_logistic_regression_emotion_original_eval_quadrant_speaker_independent_none,03-01-04-02-01-01-13,0,sad,neutral,wav2vec,speaker_independent,emotion_original_eval_quadrant,logistic_regression,none,Q3,Q4
wav2vec_logistic_regression_emotion_original_eval_quadrant_speaker_independent_none,03-01-04-02-01-01-18,0,sad,fearful,wav2vec,speaker_independent,emotion_original_eval_quadrant,logistic_regression,none,Q3,Q2
wav2vec_logistic_regression_emotion_original_eval_quadrant_speaker_independent_none,03-01-04-02-01-02-13,0,sad,neutral,wav2vec,speaker_independent,emotion_original_eval_quadrant,logistic_regression,none,Q3,Q4
wav2vec_logistic_regression_emotion_original_eval_quadrant_speaker_independent_none,03-01-04-02-01-02-18,0,sad,fearful,wav2vec,speaker_independent,emotion_original_eval_quadrant,logistic_regression,none,Q3,Q2
wav2vec_logistic_regression_emotion_original_eval_quadrant_speaker_independent_none,03-01-04-02-02-01-05,0,sad,calm,wav2vec,speaker_independent,emotion_original_eval_quadrant,logistic_regression,none,Q3,Q4
wav2vec_logistic_regression_emotion_original_eval_quadrant_speaker_independent_none,03-01-04-02-02-01-18,0,sad,sad,wav2vec,speaker_independent,emotion_original_eval_quadrant,logistic_regression,none,Q3,Q3
wav2vec_logistic_regression_emotion_original_eval_quadrant_speaker_independent_none,03-01-04-02-02-02-05,0,sad,sad,wav2vec,speaker_independent,emotion_original_eval_quadrant,logistic_regression,none,Q3,Q3
wav2vec_logistic_regression_emotion_original_eval_quadrant_speaker_independent_none,03-01-04-02-02-02-18,0,sad,sad,wav2vec,speaker_independent,emotion_original_eval_quadrant,logistic_regression,none,Q3,Q3
wav2vec_logistic_regression_emotion_original_eval_quadrant_speaker_independent_none,03-01-05-01-01-01-05,0,angry,angry,wav2vec,speaker_independent,emotion_original_eval_quadrant,logistic_regression,none,Q2,Q2
wav2vec_logistic_regression_emotion_original_eval_quadrant_speaker_independent_none,03-01-05-01-01-01-13,0,angry,angry,wav2vec,speaker_independent,emotion_original_eval_quadrant,logistic_regression,none,Q2,Q2
wav2vec_logistic_regression_emotion_original_eval_quadrant_speaker_independent_none,03-01-05-01-01-01-18,0,angry,disgust,wav2vec,speaker_independent,emotion_original_eval_quadrant,logistic_regression,none,Q2,Q2
wav2vec_logistic_regression_emotion_original_eval_quadrant_speaker_independent_none,03-01-05-01-01-02-05,0,angry,angry,wav2vec,speaker_independent,emotion_original_eval_quadrant,logistic_regression,none,Q2,Q2
wav2vec_logistic_regression_emotion_original_eval_quadrant_speaker_independent_none,03-01-05-01-01-02-13,0,angry,angry,wav2vec,speaker_independent,emotion_original_eval_quadrant,logistic_regression,none,Q2,Q2
wav2vec_logistic_regression_emotion_original_eval_quadrant_speaker_independent_none,03-01-05-01-01-02-18,0,angry,disgust,wav2vec,speaker_independent,emotion_original_eval_quadrant,logistic_regression,none,Q2,Q2
wav2vec_logistic_regression_emotion_original_eval_quadrant_speaker_independent_none,03-01-05-01-02-01-05,0,angry,angry,wav2vec,speaker_independent,emotion_original_eval_quadrant,logistic_regression,none,Q2,Q2
wav2vec_logistic_regression_emotion_original_eval_quadrant_speaker_independent_none,03-01-05-01-02-01-13,0,angry,angry,wav2vec,speaker_independent,emotion_original_eval_quadrant,logistic_regression,none,Q2,Q2
wav2vec_logistic_regression_emotion_original_eval_quadrant_speaker_independent_none,03-01-05-01-02-01-18,0,angry,disgust,wav2vec,speaker_independent,emotion_original_eval_quadrant,logistic_regression,none,Q2,Q2
wav2vec_logistic_regression_emotion_original_eval_quadrant_speaker_independent_none,03-01-05-01-02-02-05,0,angry,angry,wav2vec,speaker_independent,emotion_original_eval_quadrant,logistic_regression,none,Q2,Q2
wav2vec_logistic_regression_emotion_original_eval_quadrant_speaker_independent_none,03-01-05-01-02-02-13,0,angry,angry,wav2vec,speaker_independent,emotion_original_eval_quadrant,logistic_regression,none,Q2,Q2
wav2vec_logistic_regression_emotion_original_eval_quadrant_speaker_independent_none,03-01-05-01-02-02-18,0,angry,disgust,wav2vec,speaker_independent,emotion_original_eval_quadrant,logistic_regression,none,Q2,Q2
wav2vec_logistic_regression_emotion_original_eval_quadrant_speaker_independent_none,03-01-05-02-01-01-13,0,angry,angry,wav2vec,speaker_independent,emotion_original_eval_quadrant,logistic_regression,none,Q2,Q2
wav2vec_logistic_regression_emotion_original_eval_quadrant_speaker_independent_none,03-01-05-02-01-02-13,0,angry,angry,wav2vec,speaker_independent,emotion_original_eval_quadrant,logistic_regression,none,Q2,Q2
wav2vec_logistic_regression_emotion_original_eval_quadrant_speaker_independent_none,03-01-05-02-02-01-05,0,angry,angry,wav2vec,speaker_independent,emotion_original_eval_quadrant,logistic_regression,none,Q2,Q2
wav2vec_logistic_regression_emotion_original_eval_quadrant_speaker_independent_none,03-01-05-02-02-01-13,0,angry,angry,wav2vec,speaker_independent,emotion_original_eval_quadrant,logistic_regression,none,Q2,Q2
wav2vec_logistic_regression_emotion_original_eval_quadrant_speaker_independent_none,03-01-05-02-02-01-18,0,angry,fearful,wav2vec,speaker_independent,emotion_original_eval_quadrant,logistic_regression,none,Q2,Q2
wav2vec_logistic_regression_emotion_original_eval_quadrant_speaker_independent_none,03-01-05-02-02-02-05,0,angry,angry,wav2vec,speaker_independent,emotion_original_eval_quadrant,logistic_regression,none,Q2,Q2
wav2vec_logistic_regression_emotion_original_eval_quadrant_speaker_independent_none,03-01-05-02-02-02-13,0,angry,angry,wav2vec,speaker_independent,emotion_original_eval_quadrant,logistic_regression,none,Q2,Q2
wav2vec_logistic_regression_emotion_original_eval_quadrant_speaker_independent_none,03-01-05-02-02-02-18,0,angry,happy,wav2vec,speaker_independent,emotion_original_eval_quadrant,logistic_regression,none,Q2,Q1
wav2vec_logistic_regression_emotion_original_eval_quadrant_speaker_independent_none,03-01-06-01-01-01-13,0,fearful,surprised,wav2vec,speaker_independent,emotion_original_eval_quadrant,logistic_regression,none,Q2,Q1
wav2vec_logistic_regression_emotion_original_eval_quadrant_speaker_independent_none,03-01-06-01-01-01-18,0,fearful,fearful,wav2vec,speaker_independent,emotion_original_eval_quadrant,logistic_regression,none,Q2,Q2
wav2vec_logistic_regression_emotion_original_eval_quadrant_speaker_independent_none,03-01-06-01-01-02-13,0,fearful,surprised,wav2vec,speaker_independent,emotion_original_eval_quadrant,logistic_regression,none,Q2,Q1
wav2vec_logistic_regression_emotion_original_eval_quadrant_speaker_independent_none,03-01-06-01-01-02-18,0,fearful,fearful,wav2vec,speaker_independent,emotion_original_eval_quadrant,logistic_regression,none,Q2,Q2
wav2vec_logistic_regression_emotion_original_eval_quadrant_speaker_independent_none,03-01-06-01-02-01-05,0,fearful,surprised,wav2vec,speaker_independent,emotion_original_eval_quadrant,logistic_regression,none,Q2,Q1
wav2vec_logistic_regression_emotion_original_eval_quadrant_speaker_independent_none,03-01-06-01-02-02-05,0,fearful,fearful,wav2vec,speaker_independent,emotion_original_eval_quadrant,logistic_regression,none,Q2,Q2
wav2vec_logistic_regression_emotion_original_eval_quadrant_speaker_independent_none,03-01-06-02-01-01-13,0,fearful,surprised,wav2vec,speaker_independent,emotion_original_eval_quadrant,logistic_regression,none,Q2,Q1
wav2vec_logistic_regression_emotion_original_eval_quadrant_speaker_independent_none,03-01-06-02-01-01-18,0,fearful,fearful,wav2vec,speaker_independent,emotion_original_eval_quadrant,logistic_regression,none,Q2,Q2
wav2vec_logistic_regression_emotion_original_eval_quadrant_speaker_independent_none,03-01-06-02-01-02-13,0,fearful,surprised,wav2vec,speaker_independent,emotion_original_eval_quadrant,logistic_regression,none,Q2,Q1
wav2vec_logistic_regression_emotion_original_eval_quadrant_speaker_independent_none,03-01-06-02-01-02-18,0,fearful,fearful,wav2vec,speaker_independent,emotion_original_eval_quadrant,logistic_regression,none,Q2,Q2
wav2vec_logistic_regression_emotion_original_eval_quadrant_speaker_independent_none,03-01-06-02-02-01-05,0,fearful,fearful,wav2vec,speaker_independent,emotion_original_eval_quadrant,logistic_regression,none,Q2,Q2
wav2vec_logistic_regression_emotion_original_eval_quadrant_speaker_independent_none,03-01-06-02-02-01-13,0,fearful,happy,wav2vec,speaker_independent,emotion_original_eval_quadrant,logistic_regression,none,Q2,Q1
wav2vec_logistic_regression_emotion_original_eval_quadrant_speaker_independent_none,03-01-06-02-02-02-05,0,fearful,fearful,wav2vec,speaker_independent,emotion_original_eval_quadrant,logistic_regression,none,Q2,Q2
wav2vec_logistic_regression_emotion_original_eval_quadrant_speaker_independent_none,03-01-06-02-02-02-13,0,fearful,surprised,wav2vec,speaker_independent,emotion_original_eval_quadrant,logistic_regression,none,Q2,Q1
wav2vec_logistic_regression_emotion_original_eval_quadrant_speaker_independent_none,03-01-07-01-01-01-05,0,disgust,disgust,wav2vec,speaker_independent,emotion_original_eval_quadrant,logistic_regression,none,Q2,Q2
wav2vec_logistic_regression_emotion_original_eval_quadrant_speaker_independent_none,03-01-07-01-01-01-13,0,disgust,neutral,wav2vec,speaker_independent,emotion_original_eval_quadrant,logistic_regression,none,Q2,Q4
wav2vec_logistic_regression_emotion_original_eval_quadrant_speaker_independent_none,03-01-07-01-01-01-18,0,disgust,disgust,wav2vec,speaker_independent,emotion_original_eval_quadrant,logistic_regression,none,Q2,Q2
wav2vec_logistic_regression_emotion_original_eval_quadrant_speaker_independent_none,03-01-07-01-01-02-05,0,disgust,disgust,wav2vec,speaker_independent,emotion_original_eval_quadrant,logistic_regression,none,Q2,Q2
wav2vec_logistic_regression_emotion_original_eval_quadrant_speaker_independent_none,03-01-07-01-01-02-13,0,disgust,neutral,wav2vec,speaker_independent,emotion_original_eval_quadrant,logistic_regression,none,Q2,Q4
wav2vec_logistic_regression_emotion_original_eval_quadrant_speaker_independent_none,03-01-07-01-01-02-18,0,disgust,disgust,wav2vec,speaker_independent,emotion_original_eval_quadrant,logistic_regression,none,Q2,Q2
wav2vec_logistic_regression_emotion_original_eval_quadrant_speaker_independent_none,03-01-07-02-01-01-05,0,disgust,disgust,wav2vec,speaker_independent,emotion_original_eval_quadrant,logistic_regression,none,Q2,Q2
wav2vec_logistic_regression_emotion_original_eval_quadrant_speaker_independent_none,03-01-07-02-01-01-13,0,disgust,angry,wav2vec,speaker_independent,emotion_original_eval_quadrant,logistic_regression,none,Q2,Q2
wav2vec_logistic_regression_emotion_original_eval_quadrant_speaker_independent_none,03-01-07-02-01-01-18,0,disgust,disgust,wav2vec,speaker_independent,emotion_original_eval_quadrant,logistic_regression,none,Q2,Q2
wav2vec_logistic_regression_emotion_original_eval_quadrant_speaker_independent_none,03-01-07-02-01-02-05,0,disgust,angry,wav2vec,speaker_independent,emotion_original_eval_quadrant,logistic_regression,none,Q2,Q2
wav2vec_logistic_regression_emotion_original_eval_quadrant_speaker_independent_none,03-01-07-02-01-02-13,0,disgust,angry,wav2vec,speaker_independent,emotion_original_eval_quadrant,logistic_regression,none,Q2,Q2
wav2vec_logistic_regression_emotion_original_eval_quadrant_speaker_independent_none,03-01-07-02-01-02-18,0,disgust,disgust,wav2vec,speaker_independent,emotion_original_eval_quadrant,logistic_regression,none,Q2,Q2
wav2vec_logistic_regression_emotion_original_eval_quadrant_speaker_independent_none,03-01-07-02-02-01-05,0,disgust,disgust,wav2vec,speaker_independent,emotion_original_eval_quadrant,logistic_regression,none,Q2,Q2
wav2vec_logistic_regression_emotion_original_eval_quadrant_speaker_independent_none,03-01-07-02-02-01-13,0,disgust,angry,wav2vec,speaker_independent,emotion_original_eval_quadrant,logistic_regression,none,Q2,Q2
wav2vec_logistic_regression_emotion_original_eval_quadrant_speaker_independent_none,03-01-07-02-02-01-18,0,disgust,disgust,wav2vec,speaker_independent,emotion_original_eval_quadrant,logistic_regression,none,Q2,Q2
wav2vec_logistic_regression_emotion_original_eval_quadrant_speaker_independent_none,03-01-07-02-02-02-05,0,disgust,disgust,wav2vec,speaker_independent,emotion_original_eval_quadrant,logistic_regression,none,Q2,Q2
wav2vec_logistic_regression_emotion_original_eval_quadrant_speaker_independent_none,03-01-07-02-02-02-13,0,disgust,angry,wav2vec,speaker_independent,emotion_original_eval_quadrant,logistic_regression,none,Q2,Q2
wav2vec_logistic_regression_emotion_original_eval_quadrant_speaker_independent_none,03-01-07-02-02-02-18,0,disgust,angry,wav2vec,speaker_independent,emotion_original_eval_quadrant,logistic_regression,none,Q2,Q2
wav2vec_logistic_regression_emotion_original_eval_quadrant_speaker_independent_none,03-01-08-01-01-01-05,0,surprised,surprised,wav2vec,speaker_independent,emotion_original_eval_quadrant,logistic_regression,none,Q1,Q1
wav2vec_logistic_regression_emotion_original_eval_quadrant_speaker_independent_none,03-01-08-01-01-01-18,0,surprised,neutral,wav2vec,speaker_independent,emotion_original_eval_quadrant,logistic_regression,none,Q1,Q4
wav2vec_logistic_regression_emotion_original_eval_quadrant_speaker_independent_none,03-01-08-01-01-02-05,0,surprised,angry,wav2vec,speaker_independent,emotion_original_eval_quadrant,logistic_regression,none,Q1,Q2
wav2vec_logistic_regression_emotion_original_eval_quadrant_speaker_independent_none,03-01-08-01-01-02-18,0,surprised,sad,wav2vec,speaker_independent,emotion_original_eval_quadrant,logistic_regression,none,Q1,Q3
wav2vec_logistic_regression_emotion_original_eval_quadrant_speaker_independent_none,03-01-08-01-02-01-05,0,surprised,surprised,wav2vec,speaker_independent,emotion_original_eval_quadrant,logistic_regression,none,Q1,Q1
wav2vec_logistic_regression_emotion_original_eval_quadrant_speaker_independent_none,03-01-08-01-02-01-13,0,surprised,surprised,wav2vec,speaker_independent,emotion_original_eval_quadrant,logistic_regression,none,Q1,Q1
wav2vec_logistic_regression_emotion_original_eval_quadrant_speaker_independent_none,03-01-08-01-02-01-18,0,surprised,disgust,wav2vec,speaker_independent,emotion_original_eval_quadrant,logistic_regression,none,Q1,Q2
wav2vec_logistic_regression_emotion_original_eval_quadrant_speaker_independent_none,03-01-08-01-02-02-05,0,surprised,sad,wav2vec,speaker_independent,emotion_original_eval_quadrant,logistic_regression,none,Q1,Q3
wav2vec_logistic_regression_emotion_original_eval_quadrant_speaker_independent_none,03-01-08-01-02-02-13,0,surprised,surprised,wav2vec,speaker_independent,emotion_original_eval_quadrant,logistic_regression,none,Q1,Q1
wav2vec_logistic_regression_emotion_original_eval_quadrant_speaker_independent_none,03-01-08-01-02-02-18,0,surprised,sad,wav2vec,speaker_independent,emotion_original_eval_quadrant,logistic_regression,none,Q1,Q3
wav2vec_logistic_regression_emotion_original_eval_quadrant_speaker_independent_none,03-01-08-02-01-01-13,0,surprised,surprised,wav2vec,speaker_independent,emotion_original_eval_quadrant,logistic_regression,none,Q1,Q1
wav2vec_logistic_regression_emotion_original_eval_quadrant_speaker_independent_none,03-01-08-02-01-01-18,0,surprised,surprised,wav2vec,speaker_independent,emotion_original_eval_quadrant,logistic_regression,none,Q1,Q1
wav2vec_logistic_regression_emotion_original_eval_quadrant_speaker_independent_none,03-01-08-02-01-02-13,0,surprised,surprised,wav2vec,speaker_independent,emotion_original_eval_quadrant,logistic_regression,none,Q1,Q1
wav2vec_logistic_regression_emotion_original_eval_quadrant_speaker_independent_none,03-01-08-02-01-02-18,0,surprised,surprised,wav2vec,speaker_independent,emotion_original_eval_quadrant,logistic_regression,none,Q1,Q1
wav2vec_logistic_regression_emotion_original_eval_quadrant_speaker_independent_none,03-01-08-02-02-01-05,0,surprised,sad,wav2vec,speaker_independent,emotion_original_eval_quadrant,logistic_regression,none,Q1,Q3
wav2vec_logistic_regression_emotion_original_eval_quadrant_speaker_independent_none,03-01-08-02-02-01-13,0,surprised,surprised,wav2vec,speaker_independent,emotion_original_eval_quadrant,logistic_regression,none,Q1,Q1
wav2vec_logistic_regression_emotion_original_eval_quadrant_speaker_independent_none,03-01-08-02-02-02-05,0,surprised,sad,wav2vec,speaker_independent,emotion_original_eval_quadrant,logistic_regression,none,Q1,Q3
wav2vec_logistic_regression_emotion_original_eval_quadrant_speaker_independent_none,03-01-08-02-02-02-13,0,surprised,surprised,wav2vec,speaker_independent,emotion_original_eval_quadrant,logistic_regression,none,Q1,Q1
wav2vec_logistic_regression_emotion_original_eval_quadrant_speaker_independent_none,03-01-01-01-01-01-01,1,neutral,neutral,wav2vec,speaker_independent,emotion_original_eval_quadrant,logistic_regression,none,Q4,Q4
wav2vec_logistic_regression_emotion_original_eval_quadrant_speaker_independent_none,03-01-01-01-01-01-03,1,neutral,neutral,wav2vec,speaker_independent,emotion_original_eval_quadrant,logistic_regression,none,Q4,Q4
wav2vec_logistic_regression_emotion_original_eval_quadrant_speaker_independent_none,03-01-01-01-01-01-09,1,neutral,sad,wav2vec,speaker_independent,emotion_original_eval_quadrant,logistic_regression,none,Q4,Q3
wav2vec_logistic_regression_emotion_original_eval_quadrant_speaker_independent_none,03-01-01-01-01-02-01,1,neutral,sad,wav2vec,speaker_independent,emotion_original_eval_quadrant,logistic_regression,none,Q4,Q3
wav2vec_logistic_regression_emotion_original_eval_quadrant_speaker_independent_none,03-01-01-01-01-02-03,1,neutral,neutral,wav2vec,speaker_independent,emotion_original_eval_quadrant,logistic_regression,none,Q4,Q4
wav2vec_logistic_regression_emotion_original_eval_quadrant_speaker_independent_none,03-01-01-01-01-02-09,1,neutral,calm,wav2vec,speaker_independent,emotion_original_eval_quadrant,logistic_regression,none,Q4,Q4
wav2vec_logistic_regression_emotion_original_eval_quadrant_speaker_independent_none,03-01-01-01-02-01-01,1,neutral,sad,wav2vec,speaker_independent,emotion_original_eval_quadrant,logistic_regression,none,Q4,Q3
wav2vec_logistic_regression_emotion_original_eval_quadrant_speaker_independent_none,03-01-01-01-02-01-03,1,neutral,neutral,wav2vec,speaker_independent,emotion_original_eval_quadrant,logistic_regression,none,Q4,Q4
wav2vec_logistic_regression_emotion_original_eval_quadrant_speaker_independent_none,03-01-01-01-02-01-09,1,neutral,sad,wav2vec,speaker_independent,emotion_original_eval_quadrant,logistic_regression,none,Q4,Q3
wav2vec_logistic_regression_emotion_original_eval_quadrant_speaker_independent_none,03-01-01-01-02-01-15,1,neutral,neutral,wav2vec,speaker_independent,emotion_original_eval_quadrant,logistic_regression,none,Q4,Q4
wav2vec_logistic_regression_emotion_original_eval_quadrant_speaker_independent_none,03-01-01-01-02-02-01,1,neutral,neutral,wav2vec,speaker_independent,emotion_original_eval_quadrant,logistic_regression,none,Q4,Q4
wav2vec_logistic_regression_emotion_original_eval_quadrant_speaker_independent_none,03-01-01-01-02-02-03,1,neutral,neutral,wav2vec,speaker_independent,emotion_original_eval_quadrant,logistic_regression,none,Q4,Q4
wav2vec_logistic_regression_emotion_original_eval_quadrant_speaker_independent_none,03-01-01-01-02-02-09,1,neutral,sad,wav2vec,speaker_independent,emotion_original_eval_quadrant,logistic_regression,none,Q4,Q3
wav2vec_logistic_regression_emotion_original_eval_quadrant_speaker_independent_none,03-01-01-01-02-02-15,1,neutral,neutral,wav2vec,speaker_independent,emotion_original_eval_quadrant,logistic_regression,none,Q4,Q4
wav2vec_logistic_regression_emotion_original_eval_quadrant_speaker_independent_none,03-01-02-01-01-01-01,1,calm,neutral,wav2vec,speaker_independent,emotion_original_eval_quadrant,logistic_regression,none,Q4,Q4
wav2vec_logistic_regression_emotion_original_eval_quadrant_speaker_independent_none,03-01-02-01-01-01-03,1,calm,neutral,wav2vec,speaker_independent,emotion_original_eval_quadrant,logistic_regression,none,Q4,Q4
wav2vec_logistic_regression_emotion_original_eval_quadrant_speaker_independent_none,03-01-02-01-01-01-09,1,calm,disgust,wav2vec,speaker_independent,emotion_original_eval_quadrant,logistic_regression,none,Q4,Q2
wav2vec_logistic_regression_emotion_original_eval_quadrant_speaker_independent_none,03-01-02-01-01-01-15,1,calm,calm,wav2vec,speaker_independent,emotion_original_eval_quadrant,logistic_regression,none,Q4,Q4
wav2vec_logistic_regression_emotion_original_eval_quadrant_speaker_independent_none,03-01-02-01-01-02-01,1,calm,neutral,wav2vec,speaker_independent,emotion_original_eval_quadrant,logistic_regression,none,Q4,Q4
wav2vec_logistic_regression_emotion_original_eval_quadrant_speaker_independent_none,03-01-02-01-01-02-03,1,calm,calm,wav2vec,speaker_independent,emotion_original_eval_quadrant,logistic_regression,none,Q4,Q4
wav2vec_logistic_regression_emotion_original_eval_quadrant_speaker_independent_none,03-01-02-01-01-02-09,1,calm,calm,wav2vec,speaker_independent,emotion_original_eval_quadrant,logistic_regression,none,Q4,Q4
wav2vec_logistic_regression_emotion_original_eval_quadrant_speaker_independent_none,03-01-02-01-01-02-15,1,calm,calm,wav2vec,speaker_independent,emotion_original_eval_quadrant,logistic_regression,none,Q4,Q4
wav2vec_logistic_regression_emotion_original_eval_quadrant_speaker_independent_none,03-01-02-01-02-01-01,1,calm,calm,wav2vec,speaker_independent,emotion_original_eval_quadrant,logistic_regression,none,Q4,Q4
wav2vec_logistic_regression_emotion_original_eval_quadrant_speaker_independent_none,03-01-02-01-02-01-03,1,calm,calm,wav2vec,speaker_independent,emotion_original_eval_quadrant,logistic_regression,none,Q4,Q4
wav2vec_logistic_regression_emotion_original_eval_quadrant_speaker_independent_none,03-01-02-01-02-01-09,1,calm,calm,wav2vec,speaker_independent,emotion_original_eval_quadrant,logistic_regression,none,Q4,Q4
wav2vec_logistic_regression_emotion_original_eval_quadrant_speaker_independent_none,03-01-02-01-02-01-15,1,calm,calm,wav2vec,speaker_independent,emotion_original_eval_quadrant,logistic_regression,none,Q4,Q4
wav2vec_logistic_regression_emotion_original_eval_quadrant_speaker_independent_none,03-01-02-01-02-02-01,1,calm,calm,wav2vec,speaker_independent,emotion_original_eval_quadrant,logistic_regression,none,Q4,Q4
wav2vec_logistic_regression_emotion_original_eval_quadrant_speaker_independent_none,03-01-02-01-02-02-03,1,calm,happy,wav2vec,speaker_independent,emotion_original_eval_quadrant,logistic_regression,none,Q4,Q1
wav2vec_logistic_regression_emotion_original_eval_quadrant_speaker_independent_none,03-01-02-01-02-02-09,1,calm,sad,wav2vec,speaker_independent,emotion_original_eval_quadrant,logistic_regression,none,Q4,Q3
wav2vec_logistic_regression_emotion_original_eval_quadrant_speaker_independent_none,03-01-02-01-02-02-15,1,calm,calm,wav2vec,speaker_independent,emotion_original_eval_quadrant,logistic_regression,none,Q4,Q4
wav2vec_logistic_regression_emotion_original_eval_quadrant_speaker_independent_none,03-01-02-02-01-01-01,1,calm,calm,wav2vec,speaker_independent,emotion_original_eval_quadrant,logistic_regression,none,Q4,Q4
wav2vec_logistic_regression_emotion_original_eval_quadrant_speaker_independent_none,03-01-02-02-01-01-03,1,calm,calm,wav2vec,speaker_independent,emotion_original_eval_quadrant,logistic_regression,none,Q4,Q4
wav2vec_logistic_regression_emotion_original_eval_quadrant_speaker_independent_none,03-01-02-02-01-02-01,1,calm,calm,wav2vec,speaker_independent,emotion_original_eval_quadrant,logistic_regression,none,Q4,Q4
wav2vec_logistic_regression_emotion_original_eval_quadrant_speaker_independent_none,03-01-02-02-01-02-03,1,calm,happy,wav2vec,speaker_independent,emotion_original_eval_quadrant,logistic_regression,none,Q4,Q1
wav2vec_logistic_regression_emotion_original_eval_quadrant_speaker_independent_none,03-01-02-02-02-01-01,1,calm,neutral,wav2vec,speaker_independent,emotion_original_eval_quadrant,logistic_regression,none,Q4,Q4
wav2vec_logistic_regression_emotion_original_eval_quadrant_speaker_independent_none,03-01-02-02-02-01-03,1,calm,happy,wav2vec,speaker_independent,emotion_original_eval_quadrant,logistic_regression,none,Q4,Q1
wav2vec_logistic_regression_emotion_original_eval_quadrant_speaker_independent_none,03-01-02-02-02-01-09,1,calm,sad,wav2vec,speaker_independent,emotion_original_eval_quadrant,logistic_regression,none,Q4,Q3
wav2vec_logistic_regression_emotion_original_eval_quadrant_speaker_independent_none,03-01-02-02-02-01-15,1,calm,disgust,wav2vec,speaker_independent,emotion_original_eval_quadrant,logistic_regression,none,Q4,Q2
wav2vec_logistic_regression_emotion_original_eval_quadrant_speaker_independent_none,03-01-02-02-02-02-01,1,calm,sad,wav2vec,speaker_independent,emotion_original_eval_quadrant,logistic_regression,none,Q4,Q3
wav2vec_logistic_regression_emotion_original_eval_quadrant_speaker_independent_none,03-01-02-02-02-02-03,1,calm,happy,wav2vec,speaker_independent,emotion_original_eval_quadrant,logistic_regression,none,Q4,Q1
wav2vec_logistic_regression_emotion_original_eval_quadrant_speaker_independent_none,03-01-02-02-02-02-09,1,calm,sad,wav2vec,speaker_independent,emotion_original_eval_quadrant,logistic_regression,none,Q4,Q3
wav2vec_logistic_regression_emotion_original_eval_quadrant_speaker_independent_none,03-01-02-02-02-02-15,1,calm,calm,wav2vec,speaker_independent,emotion_original_eval_quadrant,logistic_regression,none,Q4,Q4
wav2vec_logistic_regression_emotion_original_eval_quadrant_speaker_independent_none,03-01-03-01-01-01-01,1,happy,surprised,wav2vec,speaker_independent,emotion_original_eval_quadrant,logistic_regression,none,Q1,Q1
wav2vec_logistic_regression_emotion_original_eval_quadrant_speaker_independent_none,03-01-03-01-01-01-09,1,happy,sad,wav2vec,speaker_independent,emotion_original_eval_quadrant,logistic_regression,none,Q1,Q3
wav2vec_logistic_regression_emotion_original_eval_quadrant_speaker_independent_none,03-01-03-01-01-01-15,1,happy,neutral,wav2vec,speaker_independent,emotion_original_eval_quadrant,logistic_regression,none,Q1,Q4
wav2vec_logistic_regression_emotion_original_eval_quadrant_speaker_independent_none,03-01-03-01-01-02-01,1,happy,fearful,wav2vec,speaker_independent,emotion_original_eval_quadrant,logistic_regression,none,Q1,Q2
wav2vec_logistic_regression_emotion_original_eval_quadrant_speaker_independent_none,03-01-03-01-01-02-09,1,happy,disgust,wav2vec,speaker_independent,emotion_original_eval_quadrant,logistic_regression,none,Q1,Q2
wav2vec_logistic_regression_emotion_original_eval_quadrant_speaker_independent_none,03-01-03-01-01-02-15,1,happy,fearful,wav2vec,speaker_independent,emotion_original_eval_quadrant,logistic_regression,none,Q1,Q2
wav2vec_logistic_regression_emotion_original_eval_quadrant_speaker_independent_none,03-01-03-01-02-01-01,1,happy,neutral,wav2vec,speaker_independent,emotion_original_eval_quadrant,logistic_regression,none,Q1,Q4
wav2vec_logistic_regression_emotion_original_eval_quadrant_speaker_independent_none,03-01-03-01-02-01-03,1,happy,happy,wav2vec,speaker_independent,emotion_original_eval_quadrant,logistic_regression,none,Q1,Q1
wav2vec_logistic_regression_emotion_original_eval_quadrant_speaker_independent_none,03-01-03-01-02-01-09,1,happy,neutral,wav2vec,speaker_independent,emotion_original_eval_quadrant,logistic_regression,none,Q1,Q4
wav2vec_logistic_regression_emotion_original_eval_quadrant_speaker_independent_none,03-01-03-01-02-01-15,1,happy,calm,wav2vec,speaker_independent,emotion_original_eval_quadrant,logistic_regression,none,Q1,Q4
wav2vec_logistic_regression_emotion_original_eval_quadrant_speaker_independent_none,03-01-03-01-02-02-01,1,happy,angry,wav2vec,speaker_independent,emotion_original_eval_quadrant,logistic_regression,none,Q1,Q2
wav2vec_logistic_regression_emotion_original_eval_quadrant_speaker_independent_none,03-01-03-01-02-02-03,1,happy,sad,wav2vec,speaker_independent,emotion_original_eval_quadrant,logistic_regression,none,Q1,Q3
wav2vec_logistic_regression_emotion_original_eval_quadrant_speaker_independent_none,03-01-03-01-02-02-09,1,happy,sad,wav2vec,speaker_independent,emotion_original_eval_quadrant,logistic_regression,none,Q1,Q3
wav2vec_logistic_regression_emotion_original_eval_quadrant_speaker_independent_none,03-01-03-01-02-02-15,1,happy,happy,wav2vec,speaker_independent,emotion_original_eval_quadrant,logistic_regression,none,Q1,Q1
wav2vec_logistic_regression_emotion_original_eval_quadrant_speaker_independent_none,03-01-03-02-01-01-01,1,happy,sad,wav2vec,speaker_independent,emotion_original_eval_quadrant,logistic_regression,none,Q1,Q3
wav2vec_logistic_regression_emotion_original_eval_quadrant_speaker_independent_none,03-01-03-02-01-01-03,1,happy,happy,wav2vec,speaker_independent,emotion_original_eval_quadrant,logistic_regression,none,Q1,Q1
wav2vec_logistic_regression_emotion_original_eval_quadrant_speaker_independent_none,03-01-03-02-01-01-15,1,happy,surprised,wav2vec,speaker_independent,emotion_original_eval_quadrant,logistic_regression,none,Q1,Q1
wav2vec_logistic_regression_emotion_original_eval_quadrant_speaker_independent_none,03-01-03-02-01-02-01,1,happy,happy,wav2vec,speaker_independent,emotion_original_eval_quadrant,logistic_regression,none,Q1,Q1
wav2vec_logistic_regression_emotion_original_eval_quadrant_speaker_independent_none,03-01-03-02-01-02-03,1,happy,happy,wav2vec,speaker_independent,emotion_original_eval_quadrant,logistic_regression,none,Q1,Q1
wav2vec_logistic_regression_emotion_original_eval_quadrant_speaker_independent_none,03-01-03-02-01-02-15,1,happy,happy,wav2vec,speaker_independent,emotion_original_eval_quadrant,logistic_regression,none,Q1,Q1
wav2vec_logistic_regression_emotion_original_eval_quadrant_speaker_independent_none,03-01-03-02-02-01-09,1,happy,surprised,wav2vec,speaker_independent,emotion_original_eval_quadrant,logistic_regression,none,Q1,Q1
wav2vec_logistic_regression_emotion_original_eval_quadrant_speaker_independent_none,03-01-03-02-02-02-09,1,happy,disgust,wav2vec,speaker_independent,emotion_original_eval_quadrant,logistic_regression,none,Q1,Q2
wav2vec_logistic_regression_emotion_original_eval_quadrant_speaker_independent_none,03-01-04-01-01-01-01,1,sad,sad,wav2vec,speaker_independent,emotion_original_eval_quadrant,logistic_regression,none,Q3,Q3
wav2vec_logistic_regression_emotion_original_eval_quadrant_speaker_independent_none,03-01-04-01-01-01-03,1,sad,sad,wav2vec,speaker_independent,emotion_original_eval_quadrant,logistic_regression,none,Q3,Q3
wav2vec_logistic_regression_emotion_original_eval_quadrant_speaker_independent_none,03-01-04-01-01-01-09,1,sad,sad,wav2vec,speaker_independent,emotion_original_eval_quadrant,logistic_regression,none,Q3,Q3
wav2vec_logistic_regression_emotion_original_eval_quadrant_speaker_independent_none,03-01-04-01-01-01-15,1,sad,neutral,wav2vec,speaker_independent,emotion_original_eval_quadrant,logistic_regression,none,Q3,Q4
wav2vec_logistic_regression_emotion_original_eval_quadrant_speaker_independent_none,03-01-04-01-01-02-01,1,sad,neutral,wav2vec,speaker_independent,emotion_original_eval_quadrant,logistic_regression,none,Q3,Q4
wav2vec_logistic_regression_emotion_original_eval_quadrant_speaker_independent_none,03-01-04-01-01-02-03,1,sad,calm,wav2vec,speaker_independent,emotion_original_eval_quadrant,logistic_regression,none,Q3,Q4
wav2vec_logistic_regression_emotion_original_eval_quadrant_speaker_independent_none,03-01-04-01-01-02-09,1,sad,sad,wav2vec,speaker_independent,emotion_original_eval_quadrant,logistic_regression,none,Q3,Q3
wav2vec_logistic_regression_emotion_original_eval_quadrant_speaker_independent_none,03-01-04-01-01-02-15,1,sad,fearful,wav2vec,speaker_independent,emotion_original_eval_quadrant,logistic_regression,none,Q3,Q2
wav2vec_logistic_regression_emotion_original_eval_quadrant_speaker_independent_none,03-01-04-01-02-01-01,1,sad,neutral,wav2vec,speaker_independent,emotion_original_eval_quadrant,logistic_regression,none,Q3,Q4
wav2vec_logistic_regression_emotion_original_eval_quadrant_speaker_independent_none,03-01-04-01-02-01-03,1,sad,sad,wav2vec,speaker_independent,emotion_original_eval_quadrant,logistic_regression,none,Q3,Q3
wav2vec_logistic_regression_emotion_original_eval_quadrant_speaker_independent_none,03-01-04-01-02-01-15,1,sad,angry,wav2vec,speaker_independent,emotion_original_eval_quadrant,logistic_regression,none,Q3,Q2
wav2vec_logistic_regression_emotion_original_eval_quadrant_speaker_independent_none,03-01-04-01-02-02-01,1,sad,sad,wav2vec,speaker_independent,emotion_original_eval_quadrant,logistic_regression,none,Q3,Q3
wav2vec_logistic_regression_emotion_original_eval_quadrant_speaker_independent_none,03-01-04-01-02-02-03,1,sad,fearful,wav2vec,speaker_independent,emotion_original_eval_quadrant,logistic_regression,none,Q3,Q2
wav2vec_logistic_regression_emotion_original_eval_quadrant_speaker_independent_none,03-01-04-01-02-02-15,1,sad,sad,wav2vec,speaker_independent,emotion_original_eval_quadrant,logistic_regression,none,Q3,Q3
wav2vec_logistic_regression_emotion_original_eval_quadrant_speaker_independent_none,03-01-04-02-01-01-01,1,sad,sad,wav2vec,speaker_independent,emotion_original_eval_quadrant,logistic_regression,none,Q3,Q3
wav2vec_logistic_regression_emotion_original_eval_quadrant_speaker_independent_none,03-01-04-02-01-01-03,1,sad,sad,wav2vec,speaker_independent,emotion_original_eval_quadrant,logistic_regression,none,Q3,Q3
wav2vec_logistic_regression_emotion_original_eval_quadrant_speaker_independent_none,03-01-04-02-01-01-09,1,sad,sad,wav2vec,speaker_independent,emotion_original_eval_quadrant,logistic_regression,none,Q3,Q3
wav2vec_logistic_regression_emotion_original_eval_quadrant_speaker_independent_none,03-01-04-02-01-01-15,1,sad,sad,wav2vec,speaker_independent,emotion_original_eval_quadrant,logistic_regression,none,Q3,Q3
wav2vec_logistic_regression_emotion_original_eval_quadrant_speaker_independent_none,03-01-04-02-01-02-01,1,sad,sad,wav2vec,speaker_independent,emotion_original_eval_quadrant,logistic_regression,none,Q3,Q3
wav2vec_logistic_regression_emotion_original_eval_quadrant_speaker_independent_none,03-01-04-02-01-02-03,1,sad,sad,wav2vec,speaker_independent,emotion_original_eval_quadrant,logistic_regression,none,Q3,Q3
wav2vec_logistic_regression_emotion_original_eval_quadrant_speaker_independent_none,03-01-04-02-01-02-09,1,sad,sad,wav2vec,speaker_independent,emotion_original_eval_quadrant,logistic_regression,none,Q3,Q3
wav2vec_logistic_regression_emotion_original_eval_quadrant_speaker_independent_none,03-01-04-02-01-02-15,1,sad,happy,wav2vec,speaker_independent,emotion_original_eval_quadrant,logistic_regression,none,Q3,Q1
wav2vec_logistic_regression_emotion_original_eval_quadrant_speaker_independent_none,03-01-04-02-02-01-03,1,sad,fearful,wav2vec,speaker_independent,emotion_original_eval_quadrant,logistic_regression,none,Q3,Q2
wav2vec_logistic_regression_emotion_original_eval_quadrant_speaker_independent_none,03-01-04-02-02-01-09,1,sad,sad,wav2vec,speaker_independent,emotion_original_eval_quadrant,logistic_regression,none,Q3,Q3
wav2vec_logistic_regression_emotion_original_eval_quadrant_speaker_independent_none,03-01-04-02-02-01-15,1,sad,happy,wav2vec,speaker_independent,emotion_original_eval_quadrant,logistic_regression,none,Q3,Q1
wav2vec_logistic_regression_emotion_original_eval_quadrant_speaker_independent_none,03-01-04-02-02-02-03,1,sad,happy,wav2vec,speaker_independent,emotion_original_eval_quadrant,logistic_regression,none,Q3,Q1
wav2vec_logistic_regression_emotion_original_eval_quadrant_speaker_independent_none,03-01-04-02-02-02-09,1,sad,sad,wav2vec,speaker_independent,emotion_original_eval_quadrant,logistic_regression,none,Q3,Q3
wav2vec_logistic_regression_emotion_original_eval_quadrant_speaker_independent_none,03-01-04-02-02-02-15,1,sad,sad,wav2vec,speaker_independent,emotion_original_eval_quadrant,logistic_regression,none,Q3,Q3
wav2vec_logistic_regression_emotion_original_eval_quadrant_speaker_independent_none,03-01-05-01-01-01-01,1,angry,angry,wav2vec,speaker_independent,emotion_original_eval_quadrant,logistic_regression,none,Q2,Q2
wav2vec_logistic_regression_emotion_original_eval_quadrant_speaker_independent_none,03-01-05-01-01-01-03,1,angry,disgust,wav2vec,speaker_independent,emotion_original_eval_quadrant,logistic_regression,none,Q2,Q2
wav2vec_logistic_regression_emotion_original_eval_quadrant_speaker_independent_none,03-01-05-01-01-01-15,1,angry,angry,wav2vec,speaker_independent,emotion_original_eval_quadrant,logistic_regression,none,Q2,Q2
wav2vec_logistic_regression_emotion_original_eval_quadrant_speaker_independent_none,03-01-05-01-01-02-01,1,angry,angry,wav2vec,speaker_independent,emotion_original_eval_quadrant,logistic_regression,none,Q2,Q2
wav2vec_logistic_regression_emotion_original_eval_quadrant_speaker_independent_none,03-01-05-01-01-02-03,1,angry,angry,wav2vec,speaker_independent,emotion_original_eval_quadrant,logistic_regression,none,Q2,Q2
wav2vec_logistic_regression_emotion_original_eval_quadrant_speaker_independent_none,03-01-05-01-01-02-15,1,angry,angry,wav2vec,speaker_independent,emotion_original_eval_quadrant,logistic_regression,none,Q2,Q2
wav2vec_logistic_regression_emotion_original_eval_quadrant_speaker_independent_none,03-01-05-01-02-01-01,1,angry,angry,wav2vec,speaker_independent,emotion_original_eval_quadrant,logistic_regression,none,Q2,Q2
wav2vec_logistic_regression_emotion_original_eval_quadrant_speaker_independent_none,03-01-05-01-02-01-03,1,angry,angry,wav2vec,speaker_independent,emotion_original_eval_quadrant,logistic_regression,none,Q2,Q2
wav2vec_logistic_regression_emotion_original_eval_quadrant_speaker_independent_none,03-01-05-01-02-01-09,1,angry,disgust,wav2vec,speaker_independent,emotion_original_eval_quadrant,logistic_regression,none,Q2,Q2
wav2vec_logistic_regression_emotion_original_eval_quadrant_speaker_independent_none,03-01-05-01-02-01-15,1,angry,angry,wav2vec,speaker_independent,emotion_original_eval_quadrant,logistic_regression,none,Q2,Q2
wav2vec_logistic_regression_emotion_original_eval_quadrant_speaker_independent_none,03-01-05-01-02-02-01,1,angry,angry,wav2vec,speaker_independent,emotion_original_eval_quadrant,logistic_regression,none,Q2,Q2
wav2vec_logistic_regression_emotion_original_eval_quadrant_speaker_independent_none,03-01-05-01-02-02-03,1,angry,angry,wav2vec,speaker_independent,emotion_original_eval_quadrant,logistic_regression,none,Q2,Q2
wav2vec_logistic_regression_emotion_original_eval_quadrant_speaker_independent_none,03-01-05-01-02-02-09,1,angry,disgust,wav2vec,speaker_independent,emotion_original_eval_quadrant,logistic_regression,none,Q2,Q2
wav2vec_logistic_regression_emotion_original_eval_quadrant_speaker_independent_none,03-01-05-01-02-02-15,1,angry,angry,wav2vec,speaker_independent,emotion_original_eval_quadrant,logistic_regression,none,Q2,Q2
wav2vec_logistic_regression_emotion_original_eval_quadrant_speaker_independent_none,03-01-05-02-01-01-09,1,angry,fearful,wav2vec,speaker_independent,emotion_original_eval_quadrant,logistic_regression,none,Q2,Q2
wav2vec_logistic_regression_emotion_original_eval_quadrant_speaker_independent_none,03-01-05-02-01-01-15,1,angry,angry,wav2vec,speaker_independent,emotion_original_eval_quadrant,logistic_regression,none,Q2,Q2
wav2vec_logistic_regression_emotion_original_eval_quadrant_speaker_independent_none,03-01-05-02-01-02-09,1,angry,fearful,wav2vec,speaker_independent,emotion_original_eval_quadrant,logistic_regression,none,Q2,Q2
wav2vec_logistic_regression_emotion_original_eval_quadrant_speaker_independent_none,03-01-05-02-01-02-15,1,angry,angry,wav2vec,speaker_independent,emotion_original_eval_quadrant,logistic_regression,none,Q2,Q2
wav2vec_logistic_regression_emotion_original_eval_quadrant_speaker_independent_none,03-01-05-02-02-01-01,1,angry,angry,wav2vec,speaker_independent,emotion_original_eval_quadrant,logistic_regression,none,Q2,Q2
wav2vec_logistic_regression_emotion_original_eval_quadrant_speaker_independent_none,03-01-05-02-02-01-03,1,angry,angry,wav2vec,speaker_independent,emotion_original_eval_quadrant,logistic_regression,none,Q2,Q2
wav2vec_logistic_regression_emotion_original_eval_quadrant_speaker_independent_none,03-01-05-02-02-01-09,1,angry,angry,wav2vec,speaker_independent,emotion_original_eval_quadrant,logistic_regression,none,Q2,Q2
wav2vec_logistic_regression_emotion_original_eval_quadrant_speaker_independent_none,03-01-05-02-02-02-01,1,angry,happy,wav2vec,speaker_independent,emotion_original_eval_quadrant,logistic_regression,none,Q2,Q1
wav2vec_logistic_regression_emotion_original_eval_quadrant_speaker_independent_none,03-01-05-02-02-02-03,1,angry,angry,wav2vec,speaker_independent,emotion_original_eval_quadrant,logistic_regression,none,Q2,Q2
wav2vec_logistic_regression_emotion_original_eval_quadrant_speaker_independent_none,03-01-05-02-02-02-09,1,angry,fearful,wav2vec,speaker_independent,emotion_original_eval_quadrant,logistic_regression,none,Q2,Q2
wav2vec_logistic_regression_emotion_original_eval_quadrant_speaker_independent_none,03-01-06-01-01-01-01,1,fearful,happy,wav2vec,speaker_independent,emotion_original_eval_quadrant,logistic_regression,none,Q2,Q1
wav2vec_logistic_regression_emotion_original_eval_quadrant_speaker_independent_none,03-01-06-01-01-01-03,1,fearful,disgust,wav2vec,speaker_independent,emotion_original_eval_quadrant,logistic_regression,none,Q2,Q2
wav2vec_logistic_regression_emotion_original_eval_quadrant_speaker_independent_none,03-01-06-01-01-01-09,1,fearful,calm,wav2vec,speaker_independent,emotion_original_eval_quadrant,logistic_regression,none,Q2,Q4
wav2vec_logistic_regression_emotion_original_eval_quadrant_speaker_independent_none,03-01-06-01-01-02-01,1,fearful,happy,wav2vec,speaker_independent,emotion_original_eval_quadrant,logistic_regression,none,Q2,Q1
wav2vec_logistic_regression_emotion_original_eval_quadrant_speaker_independent_none,03-01-06-01-01-02-03,1,fearful,happy,wav2vec,speaker_independent,emotion_original_eval_quadrant,logistic_regression,none,Q2,Q1
wav2vec_logistic_regression_emotion_original_eval_quadrant_speaker_independent_none,03-01-06-01-01-02-09,1,fearful,calm,wav2vec,speaker_independent,emotion_original_eval_quadrant,logistic_regression,none,Q2,Q4
wav2vec_logistic_regression_emotion_original_eval_quadrant_speaker_independent_none,03-01-06-01-02-01-01,1,fearful,neutral,wav2vec,speaker_independent,emotion_original_eval_quadrant,logistic_regression,none,Q2,Q4
wav2vec_logistic_regression_emotion_original_eval_quadrant_speaker_independent_none,03-01-06-01-02-01-09,1,fearful,calm,wav2vec,speaker_independent,emotion_original_eval_quadrant,logistic_regression,none,Q2,Q4
wav2vec_logistic_regression_emotion_original_eval_quadrant_speaker_independent_none,03-01-06-01-02-01-15,1,fearful,sad,wav2vec,speaker_independent,emotion_original_eval_quadrant,logistic_regression,none,Q2,Q3
wav2vec_logistic_regression_emotion_original_eval_quadrant_speaker_independent_none,03-01-06-01-02-02-01,1,fearful,sad,wav2vec,speaker_independent,emotion_original_eval_quadrant,logistic_regression,none,Q2,Q3
wav2vec_logistic_regression_emotion_original_eval_quadrant_speaker_independent_none,03-01-06-01-02-02-09,1,fearful,sad,wav2vec,speaker_independent,emotion_original_eval_quadrant,logistic_regression,none,Q2,Q3
wav2vec_logistic_regression_emotion_original_eval_quadrant_speaker_independent_none,03-01-06-01-02-02-15,1,fearful,fearful,wav2vec,speaker_independent,emotion_original_eval_quadrant,logistic_regression,none,Q2,Q2
wav2vec_logistic_regression_emotion_original_eval_quadrant_speaker_independent_none,03-01-06-02-01-01-01,1,fearful,fearful,wav2vec,speaker_independent,emotion_original_eval_quadrant,logistic_regression,none,Q2,Q2
wav2vec_logistic_regression_emotion_original_eval_quadrant_speaker_independent_none,03-01-06-02-01-01-03,1,fearful,fearful,wav2vec,speaker_independent,emotion_original_eval_quadrant,logistic_regression,none,Q2,Q2
wav2vec_logistic_regression_emotion_original_eval_quadrant_speaker_independent_none,03-01-06-02-01-01-09,1,fearful,fearful,wav2vec,speaker_independent,emotion_original_eval_quadrant,logistic_regression,none,Q2,Q2
wav2vec_logistic_regression_emotion_original_eval_quadrant_speaker_independent_none,03-01-06-02-01-01-15,1,fearful,fearful,wav2vec,speaker_independent,emotion_original_eval_quadrant,logistic_regression,none,Q2,Q2
wav2vec_logistic_regression_emotion_original_eval_quadrant_speaker_independent_none,03-01-06-02-01-02-01,1,fearful,fearful,wav2vec,speaker_independent,emotion_original_eval_quadrant,logistic_regression,none,Q2,Q2
wav2vec_logistic_regression_emotion_original_eval_quadrant_speaker_independent_none,03-01-06-02-01-02-03,1,fearful,fearful,wav2vec,speaker_independent,emotion_original_eval_quadrant,logistic_regression,none,Q2,Q2
wav2vec_logistic_regression_emotion_original_eval_quadrant_speaker_independent_none,03-01-06-02-01-02-09,1,fearful,disgust,wav2vec,speaker_independent,emotion_original_eval_quadrant,logistic_regression,none,Q2,Q2
wav2vec_logistic_regression_emotion_original_eval_quadrant_speaker_independent_none,03-01-06-02-01-02-15,1,fearful,fearful,wav2vec,speaker_independent,emotion_original_eval_quadrant,logistic_regression,none,Q2,Q2
wav2vec_logistic_regression_emotion_original_eval_quadrant_speaker_independent_none,03-01-06-02-02-01-03,1,fearful,fearful,wav2vec,speaker_independent,emotion_original_eval_quadrant,logistic_regression,none,Q2,Q2
wav2vec_logistic_regression_emotion_original_eval_quadrant_speaker_independent_none,03-01-06-02-02-01-15,1,fearful,happy,wav2vec,speaker_independent,emotion_original_eval_quadrant,logistic_regression,none,Q2,Q1
wav2vec_logistic_regression_emotion_original_eval_quadrant_speaker_independent_none,03-01-06-02-02-02-03,1,fearful,fearful,wav2vec,speaker_independent,emotion_original_eval_quadrant,logistic_regression,none,Q2,Q2
wav2vec_logistic_regression_emotion_original_eval_quadrant_speaker_independent_none,03-01-06-02-02-02-15,1,fearful,angry,wav2vec,speaker_independent,emotion_original_eval_quadrant,logistic_regression,none,Q2,Q2
wav2vec_logistic_regression_emotion_original_eval_quadrant_speaker_independent_none,03-01-07-01-01-01-01,1,disgust,disgust,wav2vec,speaker_independent,emotion_original_eval_quadrant,logistic_regression,none,Q2,Q2
wav2vec_logistic_regression_emotion_original_eval_quadrant_speaker_independent_none,03-01-07-01-01-01-03,1,disgust,disgust,wav2vec,speaker_independent,emotion_original_eval_quadrant,logistic_regression,none,Q2,Q2
wav2vec_logistic_regression_emotion_original_eval_quadrant_speaker_independent_none,03-01-07-01-01-01-09,1,disgust,sad,wav2vec,speaker_independent,emotion_original_eval_quadrant,logistic_regression,none,Q2,Q3
wav2vec_logistic_regression_emotion_original_eval_quadrant_speaker_independent_none,03-01-07-01-01-01-15,1,disgust,disgust,wav2vec,speaker_independent,emotion_original_eval_quadrant,logistic_regression,none,Q2,Q2
wav2vec_logistic_regression_emotion_original_eval_quadrant_speaker_independent_none,03-01-07-01-01-02-01,1,disgust,disgust,wav2vec,speaker_independent,emotion_original_eval_quadrant,logistic_regression,none,Q2,Q2
wav2vec_logistic_regression_emotion_original_eval_quadrant_speaker_independent_none,03-01-07-01-01-02-03,1,disgust,disgust,wav2vec,speaker_independent,emotion_original_eval_quadrant,logistic_regression,none,Q2,Q2
wav2vec_logistic_regression_emotion_original_eval_quadrant_speaker_independent_none,03-01-07-01-01-02-09,1,disgust,calm,wav2vec,speaker_independent,emotion_original_eval_quadrant,logistic_regression,none,Q2,Q4
wav2vec_logistic_regression_emotion_original_eval_quadrant_speaker_independent_none,03-01-07-01-01-02-15,1,disgust,disgust,wav2vec,speaker_independent,emotion_original_eval_quadrant,logistic_regression,none,Q2,Q2
wav2vec_logistic_regression_emotion_original_eval_quadrant_speaker_independent_none,03-01-07-01-02-01-09,1,disgust,sad,wav2vec,speaker_independent,emotion_original_eval_quadrant,logistic_regression,none,Q2,Q3
wav2vec_logistic_regression_emotion_original_eval_quadrant_speaker_independent_none,03-01-07-01-02-01-15,1,disgust,sad,wav2vec,speaker_independent,emotion_original_eval_quadrant,logistic_regression,none,Q2,Q3
wav2vec_logistic_regression_emotion_original_eval_quadrant_speaker_independent_none,03-01-07-01-02-02-09,1,disgust,sad,wav2vec,speaker_independent,emotion_original_eval_quadrant,logistic_regression,none,Q2,Q3
wav2vec_logistic_regression_emotion_original_eval_quadrant_speaker_independent_none,03-01-07-01-02-02-15,1,disgust,angry,wav2vec,speaker_independent,emotion_original_eval_quadrant,logistic_regression,none,Q2,Q2
wav2vec_logistic_regression_emotion_original_eval_quadrant_speaker_independent_none,03-01-07-02-01-01-01,1,disgust,disgust,wav2vec,speaker_independent,emotion_original_eval_quadrant,logistic_regression,none,Q2,Q2
wav2vec_logistic_regression_emotion_original_eval_quadrant_speaker_independent_none,03-01-07-02-01-01-03,1,disgust,disgust,wav2vec,speaker_independent,emotion_original_eval_quadrant,logistic_regression,none,Q2,Q2
wav2vec_logistic_regression_emotion_original_eval_quadrant_speaker_independent_none,03-01-07-02-01-01-09,1,disgust,disgust,wav2vec,speaker_independent,emotion_original_eval_quadrant,logistic_regression,none,Q2,Q2
wav2vec_logistic_regression_emotion_original_eval_quadrant_speaker_independent_none,03-01-07-02-01-01-15,1,disgust,angry,wav2vec,speaker_independent,emotion_original_eval_quadrant,logistic_regression,none,Q2,Q2
wav2vec_logistic_regression_emotion_original_eval_quadrant_speaker_independent_none,03-01-07-02-01-02-01,1,disgust,surprised,wav2vec,speaker_independent,emotion_original_eval_quadrant,logistic_regression,none,Q2,Q1
wav2vec_logistic_regression_emotion_original_eval_quadrant_speaker_independent_none,03-01-07-02-01-02-03,1,disgust,disgust,wav2vec,speaker_independent,emotion_original_eval_quadrant,logistic_regression,none,Q2,Q2
wav2vec_logistic_regression_emotion_original_eval_quadrant_speaker_independent_none,03-01-07-02-01-02-09,1,disgust,disgust,wav2vec,speaker_independent,emotion_original_eval_quadrant,logistic_regression,none,Q2,Q2
wav2vec_logistic_regression_emotion_original_eval_quadrant_speaker_independent_none,03-01-07-02-01-02-15,1,disgust,sad,wav2vec,speaker_independent,emotion_original_eval_quadrant,logistic_regression,none,Q2,Q3
wav2vec_logistic_regression_emotion_original_eval_quadrant_speaker_independent_none,03-01-07-02-02-01-01,1,disgust,disgust,wav2vec,speaker_independent,emotion_original_eval_quadrant,logistic_regression,none,Q2,Q2
wav2vec_logistic_regression_emotion_original_eval_quadrant_speaker_independent_none,03-01-07-02-02-01-03,1,disgust,disgust,wav2vec,speaker_independent,emotion_original_eval_quadrant,logistic_regression,none,Q2,Q2
wav2vec_logistic_regression_emotion_original_eval_quadrant_speaker_independent_none,03-01-07-02-02-01-09,1,disgust,sad,wav2vec,speaker_independent,emotion_original_eval_quadrant,logistic_regression,none,Q2,Q3
wav2vec_logistic_regression_emotion_original_eval_quadrant_speaker_independent_none,03-01-07-02-02-01-15,1,disgust,disgust,wav2vec,speaker_independent,emotion_original_eval_quadrant,logistic_regression,none,Q2,Q2
wav2vec_logistic_regression_emotion_original_eval_quadrant_speaker_independent_none,03-01-07-02-02-02-01,1,disgust,surprised,wav2vec,speaker_independent,emotion_original_eval_quadrant,logistic_regression,none,Q2,Q1
wav2vec_logistic_regression_emotion_original_eval_quadrant_speaker_independent_none,03-01-07-02-02-02-03,1,disgust,disgust,wav2vec,speaker_independent,emotion_original_eval_quadrant,logistic_regression,none,Q2,Q2
wav2vec_logistic_regression_emotion_original_eval_quadrant_speaker_independent_none,03-01-07-02-02-02-09,1,disgust,sad,wav2vec,speaker_independent,emotion_original_eval_quadrant,logistic_regression,none,Q2,Q3
wav2vec_logistic_regression_emotion_original_eval_quadrant_speaker_independent_none,03-01-07-02-02-02-15,1,disgust,happy,wav2vec,speaker_independent,emotion_original_eval_quadrant,logistic_regression,none,Q2,Q1
wav2vec_logistic_regression_emotion_original_eval_quadrant_speaker_independent_none,03-01-08-01-01-01-01,1,surprised,happy,wav2vec,speaker_independent,emotion_original_eval_quadrant,logistic_regression,none,Q1,Q1
wav2vec_logistic_regression_emotion_original_eval_quadrant_speaker_independent_none,03-01-08-01-01-01-03,1,surprised,fearful,wav2vec,speaker_independent,emotion_original_eval_quadrant,logistic_regression,none,Q1,Q2
wav2vec_logistic_regression_emotion_original_eval_quadrant_speaker_independent_none,03-01-08-01-01-01-09,1,surprised,sad,wav2vec,speaker_independent,emotion_original_eval_quadrant,logistic_regression,none,Q1,Q3
wav2vec_logistic_regression_emotion_original_eval_quadrant_speaker_independent_none,03-01-08-01-01-01-15,1,surprised,sad,wav2vec,speaker_independent,emotion_original_eval_quadrant,logistic_regression,none,Q1,Q3
wav2vec_logistic_regression_emotion_original_eval_quadrant_speaker_independent_none,03-01-08-01-01-02-01,1,surprised,neutral,wav2vec,speaker_independent,emotion_original_eval_quadrant,logistic_regression,none,Q1,Q4
wav2vec_logistic_regression_emotion_original_eval_quadrant_speaker_independent_none,03-01-08-01-01-02-03,1,surprised,fearful,wav2vec,speaker_independent,emotion_original_eval_quadrant,logistic_regression,none,Q1,Q2
wav2vec_logistic_regression_emotion_original_eval_quadrant_speaker_independent_none,03-01-08-01-01-02-09,1,surprised,neutral,wav2vec,speaker_independent,emotion_original_eval_quadrant,logistic_regression,none,Q1,Q4
wav2vec_logistic_regression_emotion_original_eval_quadrant_speaker_independent_none,03-01-08-01-01-02-15,1,surprised,happy,wav2vec,speaker_independent,emotion_original_eval_quadrant,logistic_regression,none,Q1,Q1
wav2vec_logistic_regression_emotion_original_eval_quadrant_speaker_independent_none,03-01-08-01-02-01-01,1,surprised,sad,wav2vec,speaker_independent,emotion_original_eval_quadrant,logistic_regression,none,Q1,Q3
wav2vec_logistic_regression_emotion_original_eval_quadrant_speaker_independent_none,03-01-08-01-02-01-03,1,surprised,surprised,wav2vec,speaker_independent,emotion_original_eval_quadrant,logistic_regression,none,Q1,Q1
wav2vec_logistic_regression_emotion_original_eval_quadrant_speaker_independent_none,03-01-08-01-02-01-09,1,surprised,sad,wav2vec,speaker_independent,emotion_original_eval_quadrant,logistic_regression,none,Q1,Q3
wav2vec_logistic_regression_emotion_original_eval_quadrant_speaker_independent_none,03-01-08-01-02-02-01,1,surprised,surprised,wav2vec,speaker_independent,emotion_original_eval_quadrant,logistic_regression,none,Q1,Q1
wav2vec_logistic_regression_emotion_original_eval_quadrant_speaker_independent_none,03-01-08-01-02-02-03,1,surprised,disgust,wav2vec,speaker_independent,emotion_original_eval_quadrant,logistic_regression,none,Q1,Q2
wav2vec_logistic_regression_emotion_original_eval_quadrant_speaker_independent_none,03-01-08-01-02-02-09,1,surprised,sad,wav2vec,speaker_independent,emotion_original_eval_quadrant,logistic_regression,none,Q1,Q3
wav2vec_logistic_regression_emotion_original_eval_quadrant_speaker_independent_none,03-01-08-02-01-01-01,1,surprised,surprised,wav2vec,speaker_independent,emotion_original_eval_quadrant,logistic_regression,none,Q1,Q1
wav2vec_logistic_regression_emotion_original_eval_quadrant_speaker_independent_none,03-01-08-02-01-01-03,1,surprised,surprised,wav2vec,speaker_independent,emotion_original_eval_quadrant,logistic_regression,none,Q1,Q1
wav2vec_logistic_regression_emotion_original_eval_quadrant_speaker_independent_none,03-01-08-02-01-01-09,1,surprised,surprised,wav2vec,speaker_independent,emotion_original_eval_quadrant,logistic_regression,none,Q1,Q1
wav2vec_logistic_regression_emotion_original_eval_quadrant_speaker_independent_none,03-01-08-02-01-01-15,1,surprised,surprised,wav2vec,speaker_independent,emotion_original_eval_quadrant,logistic_regression,none,Q1,Q1
wav2vec_logistic_regression_emotion_original_eval_quadrant_speaker_independent_none,03-01-08-02-01-02-01,1,surprised,surprised,wav2vec,speaker_independent,emotion_original_eval_quadrant,logistic_regression,none,Q1,Q1
wav2vec_logistic_regression_emotion_original_eval_quadrant_speaker_independent_none,03-01-08-02-01-02-03,1,surprised,happy,wav2vec,speaker_independent,emotion_original_eval_quadrant,logistic_regression,none,Q1,Q1
wav2vec_logistic_regression_emotion_original_eval_quadrant_speaker_independent_none,03-01-08-02-01-02-09,1,surprised,calm,wav2vec,speaker_independent,emotion_original_eval_quadrant,logistic_regression,none,Q1,Q4
wav2vec_logistic_regression_emotion_original_eval_quadrant_speaker_independent_none,03-01-08-02-01-02-15,1,surprised,happy,wav2vec,speaker_independent,emotion_original_eval_quadrant,logistic_regression,none,Q1,Q1
wav2vec_logistic_regression_emotion_original_eval_quadrant_speaker_independent_none,03-01-08-02-02-01-15,1,surprised,surprised,wav2vec,speaker_independent,emotion_original_eval_quadrant,logistic_regression,none,Q1,Q1
wav2vec_logistic_regression_emotion_original_eval_quadrant_speaker_independent_none,03-01-08-02-02-02-15,1,surprised,surprised,wav2vec,speaker_independent,emotion_original_eval_quadrant,logistic_regression,none,Q1,Q1
wav2vec_logistic_regression_emotion_original_eval_quadrant_speaker_independent_none,03-01-01-01-01-01-07,2,neutral,sad,wav2vec,speaker_independent,emotion_original_eval_quadrant,logistic_regression,none,Q4,Q3
wav2vec_logistic_regression_emotion_original_eval_quadrant_speaker_independent_none,03-01-01-01-01-01-10,2,neutral,happy,wav2vec,speaker_independent,emotion_original_eval_quadrant,logistic_regression,none,Q4,Q1
wav2vec_logistic_regression_emotion_original_eval_quadrant_speaker_independent_none,03-01-01-01-01-01-12,2,neutral,neutral,wav2vec,speaker_independent,emotion_original_eval_quadrant,logistic_regression,none,Q4,Q4
wav2vec_logistic_regression_emotion_original_eval_quadrant_speaker_independent_none,03-01-01-01-01-01-17,2,neutral,happy,wav2vec,speaker_independent,emotion_original_eval_quadrant,logistic_regression,none,Q4,Q1
wav2vec_logistic_regression_emotion_original_eval_quadrant_speaker_independent_none,03-01-01-01-01-02-07,2,neutral,calm,wav2vec,speaker_independent,emotion_original_eval_quadrant,logistic_regression,none,Q4,Q4
wav2vec_logistic_regression_emotion_original_eval_quadrant_speaker_independent_none,03-01-01-01-01-02-10,2,neutral,disgust,wav2vec,speaker_independent,emotion_original_eval_quadrant,logistic_regression,none,Q4,Q2
wav2vec_logistic_regression_emotion_original_eval_quadrant_speaker_independent_none,03-01-01-01-01-02-12,2,neutral,happy,wav2vec,speaker_independent,emotion_original_eval_quadrant,logistic_regression,none,Q4,Q1
wav2vec_logistic_regression_emotion_original_eval_quadrant_speaker_independent_none,03-01-01-01-01-02-17,2,neutral,happy,wav2vec,speaker_independent,emotion_original_eval_quadrant,logistic_regression,none,Q4,Q1
wav2vec_logistic_regression_emotion_original_eval_quadrant_speaker_independent_none,03-01-01-01-02-01-07,2,neutral,calm,wav2vec,speaker_independent,emotion_original_eval_quadrant,logistic_regression,none,Q4,Q4
wav2vec_logistic_regression_emotion_original_eval_quadrant_speaker_independent_none,03-01-01-01-02-02-07,2,neutral,calm,wav2vec,speaker_independent,emotion_original_eval_quadrant,logistic_regression,none,Q4,Q4
wav2vec_logistic_regression_emotion_original_eval_quadrant_speaker_independent_none,03-01-02-01-01-01-07,2,calm,calm,wav2vec,speaker_independent,emotion_original_eval_quadrant,logistic_regression,none,Q4,Q4
wav2vec_logistic_regression_emotion_original_eval_quadrant_speaker_independent_none,03-01-02-01-01-01-10,2,calm,sad,wav2vec,speaker_independent,emotion_original_eval_quadrant,logistic_regression,none,Q4,Q3
wav2vec_logistic_regression_emotion_original_eval_quadrant_speaker_independent_none,03-01-02-01-01-01-12,2,calm,calm,wav2vec,speaker_independent,emotion_original_eval_quadrant,logistic_regression,none,Q4,Q4
wav2vec_logistic_regression_emotion_original_eval_quadrant_speaker_independent_none,03-01-02-01-01-01-17,2,calm,calm,wav2vec,speaker_independent,emotion_original_eval_quadrant,logistic_regression,none,Q4,Q4
wav2vec_logistic_regression_emotion_original_eval_quadrant_speaker_independent_none,03-01-02-01-01-02-07,2,calm,calm,wav2vec,speaker_independent,emotion_original_eval_quadrant,logistic_regression,none,Q4,Q4
wav2vec_logistic_regression_emotion_original_eval_quadrant_speaker_independent_none,03-01-02-01-01-02-10,2,calm,disgust,wav2vec,speaker_independent,emotion_original_eval_quadrant,logistic_regression,none,Q4,Q2
wav2vec_logistic_regression_emotion_original_eval_quadrant_speaker_independent_none,03-01-02-01-01-02-12,2,calm,calm,wav2vec,speaker_independent,emotion_original_eval_quadrant,logistic_regression,none,Q4,Q4
wav2vec_logistic_regression_emotion_original_eval_quadrant_speaker_independent_none,03-01-02-01-01-02-17,2,calm,calm,wav2vec,speaker_independent,emotion_original_eval_quadrant,logistic_regression,none,Q4,Q4
wav2vec_logistic_regression_emotion_original_eval_quadrant_speaker_independent_none,03-01-02-01-02-01-07,2,calm,calm,wav2vec,speaker_independent,emotion_original_eval_quadrant,logistic_regression,none,Q4,Q4
wav2vec_logistic_regression_emotion_original_eval_quadrant_speaker_independent_none,03-01-02-01-02-01-10,2,calm,fearful,wav2vec,speaker_independent,emotion_original_eval_quadrant,logistic_regression,none,Q4,Q2
wav2vec_logistic_regression_emotion_original_eval_quadrant_speaker_independent_none,03-01-02-01-02-01-17,2,calm,neutral,wav2vec,speaker_independent,emotion_original_eval_quadrant,logistic_regression,none,Q4,Q4
wav2vec_logistic_regression_emotion_original_eval_quadrant_speaker_independent_none,03-01-02-01-02-02-07,2,calm,calm,wav2vec,speaker_independent,emotion_original_eval_quadrant,logistic_regression,none,Q4,Q4
wav2vec_logistic_regression_emotion_original_eval_quadrant_speaker_independent_none,03-01-02-01-02-02-10,2,calm,sad,wav2vec,speaker_independent,emotion_original_eval_quadrant,logistic_regression,none,Q4,Q3
wav2vec_logistic_regression_emotion_original_eval_quadrant_speaker_independent_none,03-01-02-01-02-02-17,2,calm,sad,wav2vec,speaker_independent,emotion_original_eval_quadrant,logistic_regression,none,Q4,Q3
wav2vec_logistic_regression_emotion_original_eval_quadrant_speaker_independent_none,03-01-02-02-01-01-07,2,calm,disgust,wav2vec,speaker_independent,emotion_original_eval_quadrant,logistic_regression,none,Q4,Q2
wav2vec_logistic_regression_emotion_original_eval_quadrant_speaker_independent_none,03-01-02-02-01-01-10,2,calm,fearful,wav2vec,speaker_independent,emotion_original_eval_quadrant,logistic_regression,none,Q4,Q2
wav2vec_logistic_regression_emotion_original_eval_quadrant_speaker_independent_none,03-01-02-02-01-01-12,2,calm,calm,wav2vec,speaker_independent,emotion_original_eval_quadrant,logistic_regression,none,Q4,Q4
wav2vec_logistic_regression_emotion_original_eval_quadrant_speaker_independent_none,03-01-02-02-01-02-07,2,calm,calm,wav2vec,speaker_independent,emotion_original_eval_quadrant,logistic_regression,none,Q4,Q4
wav2vec_logistic_regression_emotion_original_eval_quadrant_speaker_independent_none,03-01-02-02-01-02-10,2,calm,sad,wav2vec,speaker_independent,emotion_original_eval_quadrant,logistic_regression,none,Q4,Q3
wav2vec_logistic_regression_emotion_original_eval_quadrant_speaker_independent_none,03-01-02-02-01-02-12,2,calm,calm,wav2vec,speaker_independent,emotion_original_eval_quadrant,logistic_regression,none,Q4,Q4
wav2vec_logistic_regression_emotion_original_eval_quadrant_speaker_independent_none,03-01-02-02-02-01-07,2,calm,calm,wav2vec,speaker_independent,emotion_original_eval_quadrant,logistic_regression,none,Q4,Q4
wav2vec_logistic_regression_emotion_original_eval_quadrant_speaker_independent_none,03-01-02-02-02-01-10,2,calm,sad,wav2vec,speaker_independent,emotion_original_eval_quadrant,logistic_regression,none,Q4,Q3
wav2vec_logistic_regression_emotion_original_eval_quadrant_speaker_independent_none,03-01-02-02-02-01-12,2,calm,calm,wav2vec,speaker_independent,emotion_original_eval_quadrant,logistic_regression,none,Q4,Q4
wav2vec_logistic_regression_emotion_original_eval_quadrant_speaker_independent_none,03-01-02-02-02-01-17,2,calm,calm,wav2vec,speaker_independent,emotion_original_eval_quadrant,logistic_regression,none,Q4,Q4
wav2vec_logistic_regression_emotion_original_eval_quadrant_speaker_independent_none,03-01-02-02-02-02-07,2,calm,calm,wav2vec,speaker_independent,emotion_original_eval_quadrant,logistic_regression,none,Q4,Q4
wav2vec_logistic_regression_emotion_original_eval_quadrant_speaker_independent_none,03-01-02-02-02-02-10,2,calm,happy,wav2vec,speaker_independent,emotion_original_eval_quadrant,logistic_regression,none,Q4,Q1
wav2vec_logistic_regression_emotion_original_eval_quadrant_speaker_independent_none,03-01-02-02-02-02-12,2,calm,calm,wav2vec,speaker_independent,emotion_original_eval_quadrant,logistic_regression,none,Q4,Q4
wav2vec_logistic_regression_emotion_original_eval_quadrant_speaker_independent_none,03-01-02-02-02-02-17,2,calm,calm,wav2vec,speaker_independent,emotion_original_eval_quadrant,logistic_regression,none,Q4,Q4
wav2vec_logistic_regression_emotion_original_eval_quadrant_speaker_independent_none,03-01-03-01-01-01-10,2,happy,happy,wav2vec,speaker_independent,emotion_original_eval_quadrant,logistic_regression,none,Q1,Q1
wav2vec_logistic_regression_emotion_original_eval_quadrant_speaker_independent_none,03-01-03-01-01-01-17,2,happy,calm,wav2vec,speaker_independent,emotion_original_eval_quadrant,logistic_regression,none,Q1,Q4
wav2vec_logistic_regression_emotion_original_eval_quadrant_speaker_independent_none,03-01-03-01-01-02-10,2,happy,happy,wav2vec,speaker_independent,emotion_original_eval_quadrant,logistic_regression,none,Q1,Q1
wav2vec_logistic_regression_emotion_original_eval_quadrant_speaker_independent_none,03-01-03-01-01-02-17,2,happy,fearful,wav2vec,speaker_independent,emotion_original_eval_quadrant,logistic_regression,none,Q1,Q2
wav2vec_logistic_regression_emotion_original_eval_quadrant_speaker_independent_none,03-01-03-01-02-01-07,2,happy,fearful,wav2vec,speaker_independent,emotion_original_eval_quadrant,logistic_regression,none,Q1,Q2
wav2vec_logistic_regression_emotion_original_eval_quadrant_speaker_independent_none,03-01-03-01-02-01-10,2,happy,surprised,wav2vec,speaker_independent,emotion_original_eval_quadrant,logistic_regression,none,Q1,Q1
wav2vec_logistic_regression_emotion_original_eval_quadrant_speaker_independent_none,03-01-03-01-02-01-12,2,happy,happy,wav2vec,speaker_independent,emotion_original_eval_quadrant,logistic_regression,none,Q1,Q1
wav2vec_logistic_regression_emotion_original_eval_quadrant_speaker_independent_none,03-01-03-01-02-01-17,2,happy,surprised,wav2vec,speaker_independent,emotion_original_eval_quadrant,logistic_regression,none,Q1,Q1
wav2vec_logistic_regression_emotion_original_eval_quadrant_speaker_independent_none,03-01-03-01-02-02-07,2,happy,fearful,wav2vec,speaker_independent,emotion_original_eval_quadrant,logistic_regression,none,Q1,Q2
wav2vec_logistic_regression_emotion_original_eval_quadrant_speaker_independent_none,03-01-03-01-02-02-10,2,happy,happy,wav2vec,speaker_independent,emotion_original_eval_quadrant,logistic_regression,none,Q1,Q1
wav2vec_logistic_regression_emotion_original_eval_quadrant_speaker_independent_none,03-01-03-01-02-02-12,2,happy,happy,wav2vec,speaker_independent,emotion_original_eval_quadrant,logistic_regression,none,Q1,Q1
wav2vec_logistic_regression_emotion_original_eval_quadrant_speaker_independent_none,03-01-03-01-02-02-17,2,happy,fearful,wav2vec,speaker_independent,emotion_original_eval_quadrant,logistic_regression,none,Q1,Q2
wav2vec_logistic_regression_emotion_original_eval_quadrant_speaker_independent_none,03-01-03-02-01-01-07,2,happy,fearful,wav2vec,speaker_independent,emotion_original_eval_quadrant,logistic_regression,none,Q1,Q2
wav2vec_logistic_regression_emotion_original_eval_quadrant_speaker_independent_none,03-01-03-02-01-01-12,2,happy,happy,wav2vec,speaker_independent,emotion_original_eval_quadrant,logistic_regression,none,Q1,Q1
wav2vec_logistic_regression_emotion_original_eval_quadrant_speaker_independent_none,03-01-03-02-01-01-17,2,happy,fearful,wav2vec,speaker_independent,emotion_original_eval_quadrant,logistic_regression,none,Q1,Q2
wav2vec_logistic_regression_emotion_original_eval_quadrant_speaker_independent_none,03-01-03-02-01-02-07,2,happy,angry,wav2vec,speaker_independent,emotion_original_eval_quadrant,logistic_regression,none,Q1,Q2
wav2vec_logistic_regression_emotion_original_eval_quadrant_speaker_independent_none,03-01-03-02-01-02-12,2,happy,happy,wav2vec,speaker_independent,emotion_original_eval_quadrant,logistic_regression,none,Q1,Q1
wav2vec_logistic_regression_emotion_original_eval_quadrant_speaker_independent_none,03-01-03-02-01-02-17,2,happy,fearful,wav2vec,speaker_independent,emotion_original_eval_quadrant,logistic_regression,none,Q1,Q2
wav2vec_logistic_regression_emotion_original_eval_quadrant_speaker_independent_none,03-01-03-02-02-01-07,2,happy,fearful,wav2vec,speaker_independent,emotion_original_eval_quadrant,logistic_regression,none,Q1,Q2
wav2vec_logistic_regression_emotion_original_eval_quadrant_speaker_independent_none,03-01-03-02-02-01-10,2,happy,fearful,wav2vec,speaker_independent,emotion_original_eval_quadrant,logistic_regression,none,Q1,Q2
wav2vec_logistic_regression_emotion_original_eval_quadrant_speaker_independent_none,03-01-03-02-02-01-12,2,happy,happy,wav2vec,speaker_independent,emotion_original_eval_quadrant,logistic_regression,none,Q1,Q1
wav2vec_logistic_regression_emotion_original_eval_quadrant_speaker_independent_none,03-01-03-02-02-01-17,2,happy,disgust,wav2vec,speaker_independent,emotion_original_eval_quadrant,logistic_regression,none,Q1,Q2
wav2vec_logistic_regression_emotion_original_eval_quadrant_speaker_independent_none,03-01-03-02-02-02-07,2,happy,fearful,wav2vec,speaker_independent,emotion_original_eval_quadrant,logistic_regression,none,Q1,Q2
wav2vec_logistic_regression_emotion_original_eval_quadrant_speaker_independent_none,03-01-03-02-02-02-10,2,happy,surprised,wav2vec,speaker_independent,emotion_original_eval_quadrant,logistic_regression,none,Q1,Q1
wav2vec_logistic_regression_emotion_original_eval_quadrant_speaker_independent_none,03-01-03-02-02-02-12,2,happy,fearful,wav2vec,speaker_independent,emotion_original_eval_quadrant,logistic_regression,none,Q1,Q2
wav2vec_logistic_regression_emotion_original_eval_quadrant_speaker_independent_none,03-01-03-02-02-02-17,2,happy,surprised,wav2vec,speaker_independent,emotion_original_eval_quadrant,logistic_regression,none,Q1,Q1
wav2vec_logistic_regression_emotion_original_eval_quadrant_speaker_independent_none,03-01-04-01-01-01-10,2,sad,sad,wav2vec,speaker_independent,emotion_original_eval_quadrant,logistic_regression,none,Q3,Q3
wav2vec_logistic_regression_emotion_original_eval_quadrant_speaker_independent_none,03-01-04-01-01-01-12,2,sad,happy,wav2vec,speaker_independent,emotion_original_eval_quadrant,logistic_regression,none,Q3,Q1
wav2vec_logistic_regression_emotion_original_eval_quadrant_speaker_independent_none,03-01-04-01-01-01-17,2,sad,fearful,wav2vec,speaker_independent,emotion_original_eval_quadrant,logistic_regression,none,Q3,Q2
wav2vec_logistic_regression_emotion_original_eval_quadrant_speaker_independent_none,03-01-04-01-01-02-10,2,sad,sad,wav2vec,speaker_independent,emotion_original_eval_quadrant,logistic_regression,none,Q3,Q3
wav2vec_logistic_regression_emotion_original_eval_quadrant_speaker_independent_none,03-01-04-01-01-02-12,2,sad,sad,wav2vec,speaker_independent,emotion_original_eval_quadrant,logistic_regression,none,Q3,Q3
wav2vec_logistic_regression_emotion_original_eval_quadrant_speaker_independent_none,03-01-04-01-01-02-17,2,sad,happy,wav2vec,speaker_independent,emotion_original_eval_quadrant,logistic_regression,none,Q3,Q1
wav2vec_logistic_regression_emotion_original_eval_quadrant_speaker_independent_none,03-01-04-01-02-01-07,2,sad,neutral,wav2vec,speaker_independent,emotion_original_eval_quadrant,logistic_regression,none,Q3,Q4
wav2vec_logistic_regression_emotion_original_eval_quadrant_speaker_independent_none,03-01-04-01-02-01-10,2,sad,sad,wav2vec,speaker_independent,emotion_original_eval_quadrant,logistic_regression,none,Q3,Q3
wav2vec_logistic_regression_emotion_original_eval_quadrant_speaker_independent_none,03-01-04-01-02-01-12,2,sad,happy,wav2vec,speaker_independent,emotion_original_eval_quadrant,logistic_regression,none,Q3,Q1
wav2vec_logistic_regression_emotion_original_eval_quadrant_speaker_independent_none,03-01-04-01-02-01-17,2,sad,fearful,wav2vec,speaker_independent,emotion_original_eval_quadrant,logistic_regression,none,Q3,Q2
wav2vec_logistic_regression_emotion_original_eval_quadrant_speaker_independent_none,03-01-04-01-02-02-07,2,sad,neutral,wav2vec,speaker_independent,emotion_original_eval_quadrant,logistic_regression,none,Q3,Q4
wav2vec_logistic_regression_emotion_original_eval_quadrant_speaker_independent_none,03-01-04-01-02-02-10,2,sad,calm,wav2vec,speaker_independent,emotion_original_eval_quadrant,logistic_regression,none,Q3,Q4
wav2vec_logistic_regression_emotion_original_eval_quadrant_speaker_independent_none,03-01-04-01-02-02-12,2,sad,sad,wav2vec,speaker_independent,emotion_original_eval_quadrant,logistic_regression,none,Q3,Q3
wav2vec_logistic_regression_emotion_original_eval_quadrant_speaker_independent_none,03-01-04-01-02-02-17,2,sad,happy,wav2vec,speaker_independent,emotion_original_eval_quadrant,logistic_regression,none,Q3,Q1
wav2vec_logistic_regression_emotion_original_eval_quadrant_speaker_independent_none,03-01-04-02-01-01-07,2,sad,sad,wav2vec,speaker_independent,emotion_original_eval_quadrant,logistic_regression,none,Q3,Q3
wav2vec_logistic_regression_emotion_original_eval_quadrant_speaker_independent_none,03-01-04-02-01-01-10,2,sad,sad,wav2vec,speaker_independent,emotion_original_eval_quadrant,logistic_regression,none,Q3,Q3
wav2vec_logistic_regression_emotion_original_eval_quadrant_speaker_independent_none,03-01-04-02-01-01-12,2,sad,happy,wav2vec,speaker_independent,emotion_original_eval_quadrant,logistic_regression,none,Q3,Q1
wav2vec_logistic_regression_emotion_original_eval_quadrant_speaker_independent_none,03-01-04-02-01-01-17,2,sad,happy,wav2vec,speaker_independent,emotion_original_eval_quadrant,logistic_regression,none,Q3,Q1
wav2vec_logistic_regression_emotion_original_eval_quadrant_speaker_independent_none,03-01-04-02-01-02-07,2,sad,sad,wav2vec,speaker_independent,emotion_original_eval_quadrant,logistic_regression,none,Q3,Q3
wav2vec_logistic_regression_emotion_original_eval_quadrant_speaker_independent_none,03-01-04-02-01-02-10,2,sad,sad,wav2vec,speaker_independent,emotion_original_eval_quadrant,logistic_regression,none,Q3,Q3
wav2vec_logistic_regression_emotion_original_eval_quadrant_speaker_independent_none,03-01-04-02-01-02-12,2,sad,sad,wav2vec,speaker_independent,emotion_original_eval_quadrant,logistic_regression,none,Q3,Q3
wav2vec_logistic_regression_emotion_original_eval_quadrant_speaker_independent_none,03-01-04-02-01-02-17,2,sad,sad,wav2vec,speaker_independent,emotion_original_eval_quadrant,logistic_regression,none,Q3,Q3
wav2vec_logistic_regression_emotion_original_eval_quadrant_speaker_independent_none,03-01-04-02-02-01-07,2,sad,sad,wav2vec,speaker_independent,emotion_original_eval_quadrant,logistic_regression,none,Q3,Q3
wav2vec_logistic_regression_emotion_original_eval_quadrant_speaker_independent_none,03-01-04-02-02-01-12,2,sad,sad,wav2vec,speaker_independent,emotion_original_eval_quadrant,logistic_regression,none,Q3,Q3
wav2vec_logistic_regression_emotion_original_eval_quadrant_speaker_independent_none,03-01-04-02-02-02-07,2,sad,sad,wav2vec,speaker_independent,emotion_original_eval_quadrant,logistic_regression,none,Q3,Q3
wav2vec_logistic_regression_emotion_original_eval_quadrant_speaker_independent_none,03-01-04-02-02-02-12,2,sad,surprised,wav2vec,speaker_independent,emotion_original_eval_quadrant,logistic_regression,none,Q3,Q1
wav2vec_logistic_regression_emotion_original_eval_quadrant_speaker_independent_none,03-01-05-01-01-01-07,2,angry,angry,wav2vec,speaker_independent,emotion_original_eval_quadrant,logistic_regression,none,Q2,Q2
wav2vec_logistic_regression_emotion_original_eval_quadrant_speaker_independent_none,03-01-05-01-01-01-10,2,angry,disgust,wav2vec,speaker_independent,emotion_original_eval_quadrant,logistic_regression,none,Q2,Q2
wav2vec_logistic_regression_emotion_original_eval_quadrant_speaker_independent_none,03-01-05-01-01-01-12,2,angry,angry,wav2vec,speaker_independent,emotion_original_eval_quadrant,logistic_regression,none,Q2,Q2
wav2vec_logistic_regression_emotion_original_eval_quadrant_speaker_independent_none,03-01-05-01-01-01-17,2,angry,calm,wav2vec,speaker_independent,emotion_original_eval_quadrant,logistic_regression,none,Q2,Q4
wav2vec_logistic_regression_emotion_original_eval_quadrant_speaker_independent_none,03-01-05-01-01-02-07,2,angry,angry,wav2vec,speaker_independent,emotion_original_eval_quadrant,logistic_regression,none,Q2,Q2
wav2vec_logistic_regression_emotion_original_eval_quadrant_speaker_independent_none,03-01-05-01-01-02-10,2,angry,disgust,wav2vec,speaker_independent,emotion_original_eval_quadrant,logistic_regression,none,Q2,Q2
wav2vec_logistic_regression_emotion_original_eval_quadrant_speaker_independent_none,03-01-05-01-01-02-12,2,angry,angry,wav2vec,speaker_independent,emotion_original_eval_quadrant,logistic_regression,none,Q2,Q2
wav2vec_logistic_regression_emotion_original_eval_quadrant_speaker_independent_none,03-01-05-01-01-02-17,2,angry,calm,wav2vec,speaker_independent,emotion_original_eval_quadrant,logistic_regression,none,Q2,Q4
wav2vec_logistic_regression_emotion_original_eval_quadrant_speaker_independent_none,03-01-05-01-02-01-07,2,angry,disgust,wav2vec,speaker_independent,emotion_original_eval_quadrant,logistic_regression,none,Q2,Q2
wav2vec_logistic_regression_emotion_original_eval_quadrant_speaker_independent_none,03-01-05-01-02-01-10,2,angry,surprised,wav2vec,speaker_independent,emotion_original_eval_quadrant,logistic_regression,none,Q2,Q1
wav2vec_logistic_regression_emotion_original_eval_quadrant_speaker_independent_none,03-01-05-01-02-01-12,2,angry,happy,wav2vec,speaker_independent,emotion_original_eval_quadrant,logistic_regression,none,Q2,Q1
wav2vec_logistic_regression_emotion_original_eval_quadrant_speaker_independent_none,03-01-05-01-02-01-17,2,angry,angry,wav2vec,speaker_independent,emotion_original_eval_quadrant,logistic_regression,none,Q2,Q2
wav2vec_logistic_regression_emotion_original_eval_quadrant_speaker_independent_none,03-01-05-01-02-02-07,2,angry,angry,wav2vec,speaker_independent,emotion_original_eval_quadrant,logistic_regression,none,Q2,Q2
wav2vec_logistic_regression_emotion_original_eval_quadrant_speaker_independent_none,03-01-05-01-02-02-10,2,angry,disgust,wav2vec,speaker_independent,emotion_original_eval_quadrant,logistic_regression,none,Q2,Q2
wav2vec_logistic_regression_emotion_original_eval_quadrant_speaker_independent_none,03-01-05-01-02-02-12,2,angry,happy,wav2vec,speaker_independent,emotion_original_eval_quadrant,logistic_regression,none,Q2,Q1
wav2vec_logistic_regression_emotion_original_eval_quadrant_speaker_independent_none,03-01-05-01-02-02-17,2,angry,happy,wav2vec,speaker_independent,emotion_original_eval_quadrant,logistic_regression,none,Q2,Q1
wav2vec_logistic_regression_emotion_original_eval_quadrant_speaker_independent_none,03-01-05-02-01-01-12,2,angry,angry,wav2vec,speaker_independent,emotion_original_eval_quadrant,logistic_regression,none,Q2,Q2
wav2vec_logistic_regression_emotion_original_eval_quadrant_speaker_independent_none,03-01-05-02-01-02-12,2,angry,angry,wav2vec,speaker_independent,emotion_original_eval_quadrant,logistic_regression,none,Q2,Q2
wav2vec_logistic_regression_emotion_original_eval_quadrant_speaker_independent_none,03-01-05-02-02-01-07,2,angry,angry,wav2vec,speaker_independent,emotion_original_eval_quadrant,logistic_regression,none,Q2,Q2
wav2vec_logistic_regression_emotion_original_eval_quadrant_speaker_independent_none,03-01-05-02-02-01-10,2,angry,angry,wav2vec,speaker_independent,emotion_original_eval_quadrant,logistic_regression,none,Q2,Q2
wav2vec_logistic_regression_emotion_original_eval_quadrant_speaker_independent_none,03-01-05-02-02-01-12,2,angry,angry,wav2vec,speaker_independent,emotion_original_eval_quadrant,logistic_regression,none,Q2,Q2
wav2vec_logistic_regression_emotion_original_eval_quadrant_speaker_independent_none,03-01-05-02-02-01-17,2,angry,angry,wav2vec,speaker_independent,emotion_original_eval_quadrant,logistic_regression,none,Q2,Q2
wav2vec_logistic_regression_emotion_original_eval_quadrant_speaker_independent_none,03-01-05-02-02-02-07,2,angry,angry,wav2vec,speaker_independent,emotion_original_eval_quadrant,logistic_regression,none,Q2,Q2
wav2vec_logistic_regression_emotion_original_eval_quadrant_speaker_independent_none,03-01-05-02-02-02-10,2,angry,angry,wav2vec,speaker_independent,emotion_original_eval_quadrant,logistic_regression,none,Q2,Q2
wav2vec_logistic_regression_emotion_original_eval_quadrant_speaker_independent_none,03-01-05-02-02-02-12,2,angry,angry,wav2vec,speaker_independent,emotion_original_eval_quadrant,logistic_regression,none,Q2,Q2
wav2vec_logistic_regression_emotion_original_eval_quadrant_speaker_independent_none,03-01-05-02-02-02-17,2,angry,angry,wav2vec,speaker_independent,emotion_original_eval_quadrant,logistic_regression,none,Q2,Q2
wav2vec_logistic_regression_emotion_original_eval_quadrant_speaker_independent_none,03-01-06-01-01-01-07,2,fearful,fearful,wav2vec,speaker_independent,emotion_original_eval_quadrant,logistic_regression,none,Q2,Q2
wav2vec_logistic_regression_emotion_original_eval_quadrant_speaker_independent_none,03-01-06-01-01-01-10,2,fearful,fearful,wav2vec,speaker_independent,emotion_original_eval_quadrant,logistic_regression,none,Q2,Q2
wav2vec_logistic_regression_emotion_original_eval_quadrant_speaker_independent_none,03-01-06-01-01-01-12,2,fearful,surprised,wav2vec,speaker_independent,emotion_original_eval_quadrant,logistic_regression,none,Q2,Q1
wav2vec_logistic_regression_emotion_original_eval_quadrant_speaker_independent_none,03-01-06-01-01-02-07,2,fearful,disgust,wav2vec,speaker_independent,emotion_original_eval_quadrant,logistic_regression,none,Q2,Q2
wav2vec_logistic_regression_emotion_original_eval_quadrant_speaker_independent_none,03-01-06-01-01-02-10,2,fearful,fearful,wav2vec,speaker_independent,emotion_original_eval_quadrant,logistic_regression,none,Q2,Q2
wav2vec_logistic_regression_emotion_original_eval_quadrant_speaker_independent_none,03-01-06-01-01-02-12,2,fearful,fearful,wav2vec,speaker_independent,emotion_original_eval_quadrant,logistic_regression,none,Q2,Q2
wav2vec_logistic_regression_emotion_original_eval_quadrant_speaker_independent_none,03-01-06-01-02-01-07,2,fearful,sad,wav2vec,speaker_independent,emotion_original_eval_quadrant,logistic_regression,none,Q2,Q3
wav2vec_logistic_regression_emotion_original_eval_quadrant_speaker_independent_none,03-01-06-01-02-01-17,2,fearful,fearful,wav2vec,speaker_independent,emotion_original_eval_quadrant,logistic_regression,none,Q2,Q2
wav2vec_logistic_regression_emotion_original_eval_quadrant_speaker_independent_none,03-01-06-01-02-02-07,2,fearful,sad,wav2vec,speaker_independent,emotion_original_eval_quadrant,logistic_regression,none,Q2,Q3
wav2vec_logistic_regression_emotion_original_eval_quadrant_speaker_independent_none,03-01-06-01-02-02-17,2,fearful,fearful,wav2vec,speaker_independent,emotion_original_eval_quadrant,logistic_regression,none,Q2,Q2
wav2vec_logistic_regression_emotion_original_eval_quadrant_speaker_independent_none,03-01-06-02-01-01-07,2,fearful,fearful,wav2vec,speaker_independent,emotion_original_eval_quadrant,logistic_regression,none,Q2,Q2
wav2vec_logistic_regression_emotion_original_eval_quadrant_speaker_independent_none,03-01-06-02-01-01-10,2,fearful,fearful,wav2vec,speaker_independent,emotion_original_eval_quadrant,logistic_regression,none,Q2,Q2
wav2vec_logistic_regression_emotion_original_eval_quadrant_speaker_independent_none,03-01-06-02-01-01-12,2,fearful,fearful,wav2vec,speaker_independent,emotion_original_eval_quadrant,logistic_regression,none,Q2,Q2
wav2vec_logistic_regression_emotion_original_eval_quadrant_speaker_independent_none,03-01-06-02-01-01-17,2,fearful,fearful,wav2vec,speaker_independent,emotion_original_eval_quadrant,logistic_regression,none,Q2,Q2
wav2vec_logistic_regression_emotion_original_eval_quadrant_speaker_independent_none,03-01-06-02-01-02-07,2,fearful,fearful,wav2vec,speaker_independent,emotion_original_eval_quadrant,logistic_regression,none,Q2,Q2
wav2vec_logistic_regression_emotion_original_eval_quadrant_speaker_independent_none,03-01-06-02-01-02-10,2,fearful,sad,wav2vec,speaker_independent,emotion_original_eval_quadrant,logistic_regression,none,Q2,Q3
wav2vec_logistic_regression_emotion_original_eval_quadrant_speaker_independent_none,03-01-06-02-01-02-12,2,fearful,surprised,wav2vec,speaker_independent,emotion_original_eval_quadrant,logistic_regression,none,Q2,Q1
wav2vec_logistic_regression_emotion_original_eval_quadrant_speaker_independent_none,03-01-06-02-01-02-17,2,fearful,surprised,wav2vec,speaker_independent,emotion_original_eval_quadrant,logistic_regression,none,Q2,Q1
wav2vec_logistic_regression_emotion_original_eval_quadrant_speaker_independent_none,03-01-06-02-02-01-07,2,fearful,fearful,wav2vec,speaker_independent,emotion_original_eval_quadrant,logistic_regression,none,Q2,Q2
wav2vec_logistic_regression_emotion_original_eval_quadrant_speaker_independent_none,03-01-06-02-02-01-10,2,fearful,sad,wav2vec,speaker_independent,emotion_original_eval_quadrant,logistic_regression,none,Q2,Q3
wav2vec_logistic_regression_emotion_original_eval_quadrant_speaker_independent_none,03-01-06-02-02-01-12,2,fearful,surprised,wav2vec,speaker_independent,emotion_original_eval_quadrant,logistic_regression,none,Q2,Q1
wav2vec_logistic_regression_emotion_original_eval_quadrant_speaker_independent_none,03-01-06-02-02-01-17,2,fearful,surprised,wav2vec,speaker_independent,emotion_original_eval_quadrant,logistic_regression,none,Q2,Q1
wav2vec_logistic_regression_emotion_original_eval_quadrant_speaker_independent_none,03-01-06-02-02-02-07,2,fearful,angry,wav2vec,speaker_independent,emotion_original_eval_quadrant,logistic_regression,none,Q2,Q2
wav2vec_logistic_regression_emotion_original_eval_quadrant_speaker_independent_none,03-01-06-02-02-02-10,2,fearful,happy,wav2vec,speaker_independent,emotion_original_eval_quadrant,logistic_regression,none,Q2,Q1
wav2vec_logistic_regression_emotion_original_eval_quadrant_speaker_independent_none,03-01-06-02-02-02-12,2,fearful,fearful,wav2vec,speaker_independent,emotion_original_eval_quadrant,logistic_regression,none,Q2,Q2
wav2vec_logistic_regression_emotion_original_eval_quadrant_speaker_independent_none,03-01-06-02-02-02-17,2,fearful,angry,wav2vec,speaker_independent,emotion_original_eval_quadrant,logistic_regression,none,Q2,Q2
wav2vec_logistic_regression_emotion_original_eval_quadrant_speaker_independent_none,03-01-07-01-01-01-10,2,disgust,happy,wav2vec,speaker_independent,emotion_original_eval_quadrant,logistic_regression,none,Q2,Q1
wav2vec_logistic_regression_emotion_original_eval_quadrant_speaker_independent_none,03-01-07-01-01-01-12,2,disgust,sad,wav2vec,speaker_independent,emotion_original_eval_quadrant,logistic_regression,none,Q2,Q3
wav2vec_logistic_regression_emotion_original_eval_quadrant_speaker_independent_none,03-01-07-01-01-01-17,2,disgust,disgust,wav2vec,speaker_independent,emotion_original_eval_quadrant,logistic_regression,none,Q2,Q2
wav2vec_logistic_regression_emotion_original_eval_quadrant_speaker_independent_none,03-01-07-01-01-02-10,2,disgust,happy,wav2vec,speaker_independent,emotion_original_eval_quadrant,logistic_regression,none,Q2,Q1
wav2vec_logistic_regression_emotion_original_eval_quadrant_speaker_independent_none,03-01-07-01-01-02-12,2,disgust,disgust,wav2vec,speaker_independent,emotion_original_eval_quadrant,logistic_regression,none,Q2,Q2
wav2vec_logistic_regression_emotion_original_eval_quadrant_speaker_independent_none,03-01-07-01-01-02-17,2,disgust,disgust,wav2vec,speaker_independent,emotion_original_eval_quadrant,logistic_regression,none,Q2,Q2
wav2vec_logistic_regression_emotion_original_eval_quadrant_speaker_independent_none,03-01-07-01-02-01-07,2,disgust,disgust,wav2vec,speaker_independent,emotion_original_eval_quadrant,logistic_regression,none,Q2,Q2
wav2vec_logistic_regression_emotion_original_eval_quadrant_speaker_independent_none,03-01-07-01-02-01-17,2,disgust,disgust,wav2vec,speaker_independent,emotion_original_eval_quadrant,logistic_regression,none,Q2,Q2
wav2vec_logistic_regression_emotion_original_eval_quadrant_speaker_independent_none,03-01-07-01-02-02-07,2,disgust,surprised,wav2vec,speaker_independent,emotion_original_eval_quadrant,logistic_regression,none,Q2,Q1
wav2vec_logistic_regression_emotion_original_eval_quadrant_speaker_independent_none,03-01-07-01-02-02-17,2,disgust,sad,wav2vec,speaker_independent,emotion_original_eval_quadrant,logistic_regression,none,Q2,Q3
wav2vec_logistic_regression_emotion_original_eval_quadrant_speaker_independent_none,03-01-07-02-01-01-10,2,disgust,disgust,wav2vec,speaker_independent,emotion_original_eval_quadrant,logistic_regression,none,Q2,Q2
wav2vec_logistic_regression_emotion_original_eval_quadrant_speaker_independent_none,03-01-07-02-01-01-12,2,disgust,surprised,wav2vec,speaker_independent,emotion_original_eval_quadrant,logistic_regression,none,Q2,Q1
wav2vec_logistic_regression_emotion_original_eval_quadrant_speaker_independent_none,03-01-07-02-01-01-17,2,disgust,disgust,wav2vec,speaker_independent,emotion_original_eval_quadrant,logistic_regression,none,Q2,Q2
wav2vec_logistic_regression_emotion_original_eval_quadrant_speaker_independent_none,03-01-07-02-01-02-10,2,disgust,happy,wav2vec,speaker_independent,emotion_original_eval_quadrant,logistic_regression,none,Q2,Q1
wav2vec_logistic_regression_emotion_original_eval_quadrant_speaker_independent_none,03-01-07-02-01-02-12,2,disgust,happy,wav2vec,speaker_independent,emotion_original_eval_quadrant,logistic_regression,none,Q2,Q1
wav2vec_logistic_regression_emotion_original_eval_quadrant_speaker_independent_none,03-01-07-02-01-02-17,2,disgust,disgust,wav2vec,speaker_independent,emotion_original_eval_quadrant,logistic_regression,none,Q2,Q2
wav2vec_logistic_regression_emotion_original_eval_quadrant_speaker_independent_none,03-01-07-02-02-01-07,2,disgust,angry,wav2vec,speaker_independent,emotion_original_eval_quadrant,logistic_regression,none,Q2,Q2
wav2vec_logistic_regression_emotion_original_eval_quadrant_speaker_independent_none,03-01-07-02-02-01-10,2,disgust,happy,wav2vec,speaker_independent,emotion_original_eval_quadrant,logistic_regression,none,Q2,Q1
wav2vec_logistic_regression_emotion_original_eval_quadrant_speaker_independent_none,03-01-07-02-02-01-12,2,disgust,disgust,wav2vec,speaker_independent,emotion_original_eval_quadrant,logistic_regression,none,Q2,Q2
wav2vec_logistic_regression_emotion_original_eval_quadrant_speaker_independent_none,03-01-07-02-02-01-17,2,disgust,disgust,wav2vec,speaker_independent,emotion_original_eval_quadrant,logistic_regression,none,Q2,Q2
wav2vec_logistic_regression_emotion_original_eval_quadrant_speaker_independent_none,03-01-07-02-02-02-07,2,disgust,disgust,wav2vec,speaker_independent,emotion_original_eval_quadrant,logistic_regression,none,Q2,Q2
wav2vec_logistic_regression_emotion_original_eval_quadrant_speaker_independent_none,03-01-07-02-02-02-10,2,disgust,disgust,wav2vec,speaker_independent,emotion_original_eval_quadrant,logistic_regression,none,Q2,Q2
wav2vec_logistic_regression_emotion_original_eval_quadrant_speaker_independent_none,03-01-07-02-02-02-12,2,disgust,surprised,wav2vec,speaker_independent,emotion_original_eval_quadrant,logistic_regression,none,Q2,Q1
wav2vec_logistic_regression_emotion_original_eval_quadrant_speaker_independent_none,03-01-07-02-02-02-17,2,disgust,disgust,wav2vec,speaker_independent,emotion_original_eval_quadrant,logistic_regression,none,Q2,Q2
wav2vec_logistic_regression_emotion_original_eval_quadrant_speaker_independent_none,03-01-08-01-01-01-07,2,surprised,surprised,wav2vec,speaker_independent,emotion_original_eval_quadrant,logistic_regression,none,Q1,Q1
wav2vec_logistic_regression_emotion_original_eval_quadrant_speaker_independent_none,03-01-08-01-01-01-12,2,surprised,happy,wav2vec,speaker_independent,emotion_original_eval_quadrant,logistic_regression,none,Q1,Q1
wav2vec_logistic_regression_emotion_original_eval_quadrant_speaker_independent_none,03-01-08-01-01-01-17,2,surprised,surprised,wav2vec,speaker_independent,emotion_original_eval_quadrant,logistic_regression,none,Q1,Q1
wav2vec_logistic_regression_emotion_original_eval_quadrant_speaker_independent_none,03-01-08-01-01-02-07,2,surprised,surprised,wav2vec,speaker_independent,emotion_original_eval_quadrant,logistic_regression,none,Q1,Q1
wav2vec_logistic_regression_emotion_original_eval_quadrant_speaker_independent_none,03-01-08-01-01-02-12,2,surprised,happy,wav2vec,speaker_independent,emotion_original_eval_quadrant,logistic_regression,none,Q1,Q1
wav2vec_logistic_regression_emotion_original_eval_quadrant_speaker_independent_none,03-01-08-01-01-02-17,2,surprised,fearful,wav2vec,speaker_independent,emotion_original_eval_quadrant,logistic_regression,none,Q1,Q2
wav2vec_logistic_regression_emotion_original_eval_quadrant_speaker_independent_none,03-01-08-01-02-01-07,2,surprised,calm,wav2vec,speaker_independent,emotion_original_eval_quadrant,logistic_regression,none,Q1,Q4
wav2vec_logistic_regression_emotion_original_eval_quadrant_speaker_independent_none,03-01-08-01-02-01-10,2,surprised,surprised,wav2vec,speaker_independent,emotion_original_eval_quadrant,logistic_regression,none,Q1,Q1
wav2vec_logistic_regression_emotion_original_eval_quadrant_speaker_independent_none,03-01-08-01-02-01-12,2,surprised,happy,wav2vec,speaker_independent,emotion_original_eval_quadrant,logistic_regression,none,Q1,Q1
wav2vec_logistic_regression_emotion_original_eval_quadrant_speaker_independent_none,03-01-08-01-02-01-17,2,surprised,sad,wav2vec,speaker_independent,emotion_original_eval_quadrant,logistic_regression,none,Q1,Q3
wav2vec_logistic_regression_emotion_original_eval_quadrant_speaker_independent_none,03-01-08-01-02-02-07,2,surprised,sad,wav2vec,speaker_independent,emotion_original_eval_quadrant,logistic_regression,none,Q1,Q3
wav2vec_logistic_regression_emotion_original_eval_quadrant_speaker_independent_none,03-01-08-01-02-02-10,2,surprised,surprised,wav2vec,speaker_independent,emotion_original_eval_quadrant,logistic_regression,none,Q1,Q1
wav2vec_logistic_regression_emotion_original_eval_quadrant_speaker_independent_none,03-01-08-01-02-02-12,2,surprised,happy,wav2vec,speaker_independent,emotion_original_eval_quadrant,logistic_regression,none,Q1,Q1
wav2vec_logistic_regression_emotion_original_eval_quadrant_speaker_independent_none,03-01-08-01-02-02-17,2,surprised,surprised,wav2vec,speaker_independent,emotion_original_eval_quadrant,logistic_regression,none,Q1,Q1
wav2vec_logistic_regression_emotion_original_eval_quadrant_speaker_independent_none,03-01-08-02-01-01-07,2,surprised,surprised,wav2vec,speaker_independent,emotion_original_eval_quadrant,logistic_regression,none,Q1,Q1
wav2vec_logistic_regression_emotion_original_eval_quadrant_speaker_independent_none,03-01-08-02-01-01-10,2,surprised,fearful,wav2vec,speaker_independent,emotion_original_eval_quadrant,logistic_regression,none,Q1,Q2
wav2vec_logistic_regression_emotion_original_eval_quadrant_speaker_independent_none,03-01-08-02-01-01-12,2,surprised,surprised,wav2vec,speaker_independent,emotion_original_eval_quadrant,logistic_regression,none,Q1,Q1
wav2vec_logistic_regression_emotion_original_eval_quadrant_speaker_independent_none,03-01-08-02-01-02-07,2,surprised,disgust,wav2vec,speaker_independent,emotion_original_eval_quadrant,logistic_regression,none,Q1,Q2
wav2vec_logistic_regression_emotion_original_eval_quadrant_speaker_independent_none,03-01-08-02-01-02-10,2,surprised,happy,wav2vec,speaker_independent,emotion_original_eval_quadrant,logistic_regression,none,Q1,Q1
wav2vec_logistic_regression_emotion_original_eval_quadrant_speaker_independent_none,03-01-08-02-01-02-12,2,surprised,fearful,wav2vec,speaker_independent,emotion_original_eval_quadrant,logistic_regression,none,Q1,Q2
wav2vec_logistic_regression_emotion_original_eval_quadrant_speaker_independent_none,03-01-08-02-02-01-07,2,surprised,surprised,wav2vec,speaker_independent,emotion_original_eval_quadrant,logistic_regression,none,Q1,Q1
wav2vec_logistic_regression_emotion_original_eval_quadrant_speaker_independent_none,03-01-08-02-02-01-10,2,surprised,surprised,wav2vec,speaker_independent,emotion_original_eval_quadrant,logistic_regression,none,Q1,Q1
wav2vec_logistic_regression_emotion_original_eval_quadrant_speaker_independent_none,03-01-08-02-02-01-17,2,surprised,fearful,wav2vec,speaker_independent,emotion_original_eval_quadrant,logistic_regression,none,Q1,Q2
wav2vec_logistic_regression_emotion_original_eval_quadrant_speaker_independent_none,03-01-08-02-02-02-07,2,surprised,fearful,wav2vec,speaker_independent,emotion_original_eval_quadrant,logistic_regression,none,Q1,Q2
wav2vec_logistic_regression_emotion_original_eval_quadrant_speaker_independent_none,03-01-08-02-02-02-10,2,surprised,surprised,wav2vec,speaker_independent,emotion_original_eval_quadrant,logistic_regression,none,Q1,Q1
wav2vec_logistic_regression_emotion_original_eval_quadrant_speaker_independent_none,03-01-08-02-02-02-17,2,surprised,fearful,wav2vec,speaker_independent,emotion_original_eval_quadrant,logistic_regression,none,Q1,Q2
wav2vec_logistic_regression_emotion_original_eval_quadrant_speaker_independent_none,03-01-01-01-01-01-08,3,neutral,calm,wav2vec,speaker_independent,emotion_original_eval_quadrant,logistic_regression,none,Q4,Q4
wav2vec_logistic_regression_emotion_original_eval_quadrant_speaker_independent_none,03-01-01-01-01-01-11,3,neutral,sad,wav2vec,speaker_independent,emotion_original_eval_quadrant,logistic_regression,none,Q4,Q3
wav2vec_logistic_regression_emotion_original_eval_quadrant_speaker_independent_none,03-01-01-01-01-01-20,3,neutral,surprised,wav2vec,speaker_independent,emotion_original_eval_quadrant,logistic_regression,none,Q4,Q1
wav2vec_logistic_regression_emotion_original_eval_quadrant_speaker_independent_none,03-01-01-01-01-02-08,3,neutral,happy,wav2vec,speaker_independent,emotion_original_eval_quadrant,logistic_regression,none,Q4,Q1
wav2vec_logistic_regression_emotion_original_eval_quadrant_speaker_independent_none,03-01-01-01-01-02-11,3,neutral,sad,wav2vec,speaker_independent,emotion_original_eval_quadrant,logistic_regression,none,Q4,Q3
wav2vec_logistic_regression_emotion_original_eval_quadrant_speaker_independent_none,03-01-01-01-01-02-20,3,neutral,surprised,wav2vec,speaker_independent,emotion_original_eval_quadrant,logistic_regression,none,Q4,Q1
wav2vec_logistic_regression_emotion_original_eval_quadrant_speaker_independent_none,03-01-01-01-02-01-08,3,neutral,happy,wav2vec,speaker_independent,emotion_original_eval_quadrant,logistic_regression,none,Q4,Q1
wav2vec_logistic_regression_emotion_original_eval_quadrant_speaker_independent_none,03-01-01-01-02-01-11,3,neutral,sad,wav2vec,speaker_independent,emotion_original_eval_quadrant,logistic_regression,none,Q4,Q3
wav2vec_logistic_regression_emotion_original_eval_quadrant_speaker_independent_none,03-01-01-01-02-01-20,3,neutral,surprised,wav2vec,speaker_independent,emotion_original_eval_quadrant,logistic_regression,none,Q4,Q1
wav2vec_logistic_regression_emotion_original_eval_quadrant_speaker_independent_none,03-01-01-01-02-02-08,3,neutral,happy,wav2vec,speaker_independent,emotion_original_eval_quadrant,logistic_regression,none,Q4,Q1
wav2vec_logistic_regression_emotion_original_eval_quadrant_speaker_independent_none,03-01-01-01-02-02-11,3,neutral,fearful,wav2vec,speaker_independent,emotion_original_eval_quadrant,logistic_regression,none,Q4,Q2
wav2vec_logistic_regression_emotion_original_eval_quadrant_speaker_independent_none,03-01-01-01-02-02-20,3,neutral,neutral,wav2vec,speaker_independent,emotion_original_eval_quadrant,logistic_regression,none,Q4,Q4
wav2vec_logistic_regression_emotion_original_eval_quadrant_speaker_independent_none,03-01-02-01-01-01-08,3,calm,calm,wav2vec,speaker_independent,emotion_original_eval_quadrant,logistic_regression,none,Q4,Q4
wav2vec_logistic_regression_emotion_original_eval_quadrant_speaker_independent_none,03-01-02-01-01-01-11,3,calm,happy,wav2vec,speaker_independent,emotion_original_eval_quadrant,logistic_regression,none,Q4,Q1
wav2vec_logistic_regression_emotion_original_eval_quadrant_speaker_independent_none,03-01-02-01-01-01-20,3,calm,calm,wav2vec,speaker_independent,emotion_original_eval_quadrant,logistic_regression,none,Q4,Q4
wav2vec_logistic_regression_emotion_original_eval_quadrant_speaker_independent_none,03-01-02-01-01-02-08,3,calm,calm,wav2vec,speaker_independent,emotion_original_eval_quadrant,logistic_regression,none,Q4,Q4
wav2vec_logistic_regression_emotion_original_eval_quadrant_speaker_independent_none,03-01-02-01-01-02-11,3,calm,calm,wav2vec,speaker_independent,emotion_original_eval_quadrant,logistic_regression,none,Q4,Q4
wav2vec_logistic_regression_emotion_original_eval_quadrant_speaker_independent_none,03-01-02-01-01-02-20,3,calm,calm,wav2vec,speaker_independent,emotion_original_eval_quadrant,logistic_regression,none,Q4,Q4
wav2vec_logistic_regression_emotion_original_eval_quadrant_speaker_independent_none,03-01-02-01-02-01-08,3,calm,calm,wav2vec,speaker_independent,emotion_original_eval_quadrant,logistic_regression,none,Q4,Q4
wav2vec_logistic_regression_emotion_original_eval_quadrant_speaker_independent_none,03-01-02-01-02-01-11,3,calm,neutral,wav2vec,speaker_independent,emotion_original_eval_quadrant,logistic_regression,none,Q4,Q4
wav2vec_logistic_regression_emotion_original_eval_quadrant_speaker_independent_none,03-01-02-01-02-01-20,3,calm,calm,wav2vec,speaker_independent,emotion_original_eval_quadrant,logistic_regression,none,Q4,Q4
wav2vec_logistic_regression_emotion_original_eval_quadrant_speaker_independent_none,03-01-02-01-02-02-08,3,calm,happy,wav2vec,speaker_independent,emotion_original_eval_quadrant,logistic_regression,none,Q4,Q1
wav2vec_logistic_regression_emotion_original_eval_quadrant_speaker_independent_none,03-01-02-01-02-02-11,3,calm,calm,wav2vec,speaker_independent,emotion_original_eval_quadrant,logistic_regression,none,Q4,Q4
wav2vec_logistic_regression_emotion_original_eval_quadrant_speaker_independent_none,03-01-02-01-02-02-20,3,calm,calm,wav2vec,speaker_independent,emotion_original_eval_quadrant,logistic_regression,none,Q4,Q4
wav2vec_logistic_regression_emotion_original_eval_quadrant_speaker_independent_none,03-01-02-02-01-01-08,3,calm,calm,wav2vec,speaker_independent,emotion_original_eval_quadrant,logistic_regression,none,Q4,Q4
wav2vec_logistic_regression_emotion_original_eval_quadrant_speaker_independent_none,03-01-02-02-01-01-11,3,calm,calm,wav2vec,speaker_independent,emotion_original_eval_quadrant,logistic_regression,none,Q4,Q4
wav2vec_logistic_regression_emotion_original_eval_quadrant_speaker_independent_none,03-01-02-02-01-01-20,3,calm,calm,wav2vec,speaker_independent,emotion_original_eval_quadrant,logistic_regression,none,Q4,Q4
wav2vec_logistic_regression_emotion_original_eval_quadrant_speaker_independent_none,03-01-02-02-01-02-08,3,calm,calm,wav2vec,speaker_independent,emotion_original_eval_quadrant,logistic_regression,none,Q4,Q4
wav2vec_logistic_regression_emotion_original_eval_quadrant_speaker_independent_none,03-01-02-02-01-02-11,3,calm,sad,wav2vec,speaker_independent,emotion_original_eval_quadrant,logistic_regression,none,Q4,Q3
wav2vec_logistic_regression_emotion_original_eval_quadrant_speaker_independent_none,03-01-02-02-01-02-20,3,calm,calm,wav2vec,speaker_independent,emotion_original_eval_quadrant,logistic_regression,none,Q4,Q4
wav2vec_logistic_regression_emotion_original_eval_quadrant_speaker_independent_none,03-01-02-02-02-01-08,3,calm,calm,wav2vec,speaker_independent,emotion_original_eval_quadrant,logistic_regression,none,Q4,Q4
wav2vec_logistic_regression_emotion_original_eval_quadrant_speaker_independent_none,03-01-02-02-02-01-20,3,calm,calm,wav2vec,speaker_independent,emotion_original_eval_quadrant,logistic_regression,none,Q4,Q4
wav2vec_logistic_regression_emotion_original_eval_quadrant_speaker_independent_none,03-01-02-02-02-02-08,3,calm,calm,wav2vec,speaker_independent,emotion_original_eval_quadrant,logistic_regression,none,Q4,Q4
wav2vec_logistic_regression_emotion_original_eval_quadrant_speaker_independent_none,03-01-02-02-02-02-20,3,calm,calm,wav2vec,speaker_independent,emotion_original_eval_quadrant,logistic_regression,none,Q4,Q4
wav2vec_logistic_regression_emotion_original_eval_quadrant_speaker_independent_none,03-01-03-01-01-01-08,3,happy,happy,wav2vec,speaker_independent,emotion_original_eval_quadrant,logistic_regression,none,Q1,Q1
wav2vec_logistic_regression_emotion_original_eval_quadrant_speaker_independent_none,03-01-03-01-01-01-20,3,happy,happy,wav2vec,speaker_independent,emotion_original_eval_quadrant,logistic_regression,none,Q1,Q1
wav2vec_logistic_regression_emotion_original_eval_quadrant_speaker_independent_none,03-01-03-01-01-02-08,3,happy,calm,wav2vec,speaker_independent,emotion_original_eval_quadrant,logistic_regression,none,Q1,Q4
wav2vec_logistic_regression_emotion_original_eval_quadrant_speaker_independent_none,03-01-03-01-01-02-20,3,happy,happy,wav2vec,speaker_independent,emotion_original_eval_quadrant,logistic_regression,none,Q1,Q1
wav2vec_logistic_regression_emotion_original_eval_quadrant_speaker_independent_none,03-01-03-01-02-01-08,3,happy,happy,wav2vec,speaker_independent,emotion_original_eval_quadrant,logistic_regression,none,Q1,Q1
wav2vec_logistic_regression_emotion_original_eval_quadrant_speaker_independent_none,03-01-03-01-02-01-11,3,happy,happy,wav2vec,speaker_independent,emotion_original_eval_quadrant,logistic_regression,none,Q1,Q1
wav2vec_logistic_regression_emotion_original_eval_quadrant_speaker_independent_none,03-01-03-01-02-01-20,3,happy,disgust,wav2vec,speaker_independent,emotion_original_eval_quadrant,logistic_regression,none,Q1,Q2
wav2vec_logistic_regression_emotion_original_eval_quadrant_speaker_independent_none,03-01-03-01-02-02-08,3,happy,happy,wav2vec,speaker_independent,emotion_original_eval_quadrant,logistic_regression,none,Q1,Q1
wav2vec_logistic_regression_emotion_original_eval_quadrant_speaker_independent_none,03-01-03-01-02-02-11,3,happy,neutral,wav2vec,speaker_independent,emotion_original_eval_quadrant,logistic_regression,none,Q1,Q4
wav2vec_logistic_regression_emotion_original_eval_quadrant_speaker_independent_none,03-01-03-01-02-02-20,3,happy,surprised,wav2vec,speaker_independent,emotion_original_eval_quadrant,logistic_regression,none,Q1,Q1
wav2vec_logistic_regression_emotion_original_eval_quadrant_speaker_independent_none,03-01-03-02-01-01-08,3,happy,happy,wav2vec,speaker_independent,emotion_original_eval_quadrant,logistic_regression,none,Q1,Q1
wav2vec_logistic_regression_emotion_original_eval_quadrant_speaker_independent_none,03-01-03-02-01-01-11,3,happy,happy,wav2vec,speaker_independent,emotion_original_eval_quadrant,logistic_regression,none,Q1,Q1
wav2vec_logistic_regression_emotion_original_eval_quadrant_speaker_independent_none,03-01-03-02-01-02-08,3,happy,happy,wav2vec,speaker_independent,emotion_original_eval_quadrant,logistic_regression,none,Q1,Q1
wav2vec_logistic_regression_emotion_original_eval_quadrant_speaker_independent_none,03-01-03-02-01-02-11,3,happy,surprised,wav2vec,speaker_independent,emotion_original_eval_quadrant,logistic_regression,none,Q1,Q1
wav2vec_logistic_regression_emotion_original_eval_quadrant_speaker_independent_none,03-01-03-02-02-01-11,3,happy,happy,wav2vec,speaker_independent,emotion_original_eval_quadrant,logistic_regression,none,Q1,Q1
wav2vec_logistic_regression_emotion_original_eval_quadrant_speaker_independent_none,03-01-03-02-02-01-20,3,happy,happy,wav2vec,speaker_independent,emotion_original_eval_quadrant,logistic_regression,none,Q1,Q1
wav2vec_logistic_regression_emotion_original_eval_quadrant_speaker_independent_none,03-01-03-02-02-02-11,3,happy,happy,wav2vec,speaker_independent,emotion_original_eval_quadrant,logistic_regression,none,Q1,Q1
wav2vec_logistic_regression_emotion_original_eval_quadrant_speaker_independent_none,03-01-03-02-02-02-20,3,happy,fearful,wav2vec,speaker_independent,emotion_original_eval_quadrant,logistic_regression,none,Q1,Q2
wav2vec_logistic_regression_emotion_original_eval_quadrant_speaker_independent_none,03-01-04-01-01-01-08,3,sad,calm,wav2vec,speaker_independent,emotion_original_eval_quadrant,logistic_regression,none,Q3,Q4
wav2vec_logistic_regression_emotion_original_eval_quadrant_speaker_independent_none,03-01-04-01-01-01-11,3,sad,sad,wav2vec,speaker_independent,emotion_original_eval_quadrant,logistic_regression,none,Q3,Q3
wav2vec_logistic_regression_emotion_original_eval_quadrant_speaker_independent_none,03-01-04-01-01-02-08,3,sad,calm,wav2vec,speaker_independent,emotion_original_eval_quadrant,logistic_regression,none,Q3,Q4
wav2vec_logistic_regression_emotion_original_eval_quadrant_speaker_independent_none,03-01-04-01-01-02-11,3,sad,sad,wav2vec,speaker_independent,emotion_original_eval_quadrant,logistic_regression,none,Q3,Q3
wav2vec_logistic_regression_emotion_original_eval_quadrant_speaker_independent_none,03-01-04-01-02-01-08,3,sad,sad,wav2vec,speaker_independent,emotion_original_eval_quadrant,logistic_regression,none,Q3,Q3
wav2vec_logistic_regression_emotion_original_eval_quadrant_speaker_independent_none,03-01-04-01-02-01-11,3,sad,sad,wav2vec,speaker_independent,emotion_original_eval_quadrant,logistic_regression,none,Q3,Q3
wav2vec_logistic_regression_emotion_original_eval_quadrant_speaker_independent_none,03-01-04-01-02-01-20,3,sad,disgust,wav2vec,speaker_independent,emotion_original_eval_quadrant,logistic_regression,none,Q3,Q2
wav2vec_logistic_regression_emotion_original_eval_quadrant_speaker_independent_none,03-01-04-01-02-02-08,3,sad,happy,wav2vec,speaker_independent,emotion_original_eval_quadrant,logistic_regression,none,Q3,Q1
wav2vec_logistic_regression_emotion_original_eval_quadrant_speaker_independent_none,03-01-04-01-02-02-11,3,sad,calm,wav2vec,speaker_independent,emotion_original_eval_quadrant,logistic_regression,none,Q3,Q4
wav2vec_logistic_regression_emotion_original_eval_quadrant_speaker_independent_none,03-01-04-01-02-02-20,3,sad,surprised,wav2vec,speaker_independent,emotion_original_eval_quadrant,logistic_regression,none,Q3,Q1
wav2vec_logistic_regression_emotion_original_eval_quadrant_speaker_independent_none,03-01-04-02-01-01-08,3,sad,sad,wav2vec,speaker_independent,emotion_original_eval_quadrant,logistic_regression,none,Q3,Q3
wav2vec_logistic_regression_emotion_original_eval_quadrant_speaker_independent_none,03-01-04-02-01-01-20,3,sad,sad,wav2vec,speaker_independent,emotion_original_eval_quadrant,logistic_regression,none,Q3,Q3
wav2vec_logistic_regression_emotion_original_eval_quadrant_speaker_independent_none,03-01-04-02-01-02-08,3,sad,sad,wav2vec,speaker_independent,emotion_original_eval_quadrant,logistic_regression,none,Q3,Q3
wav2vec_logistic_regression_emotion_original_eval_quadrant_speaker_independent_none,03-01-04-02-01-02-20,3,sad,fearful,wav2vec,speaker_independent,emotion_original_eval_quadrant,logistic_regression,none,Q3,Q2
wav2vec_logistic_regression_emotion_original_eval_quadrant_speaker_independent_none,03-01-04-02-02-01-08,3,sad,sad,wav2vec,speaker_independent,emotion_original_eval_quadrant,logistic_regression,none,Q3,Q3
wav2vec_logistic_regression_emotion_original_eval_quadrant_speaker_independent_none,03-01-04-02-02-01-11,3,sad,happy,wav2vec,speaker_independent,emotion_original_eval_quadrant,logistic_regression,none,Q3,Q1
wav2vec_logistic_regression_emotion_original_eval_quadrant_speaker_independent_none,03-01-04-02-02-01-20,3,sad,sad,wav2vec,speaker_independent,emotion_original_eval_quadrant,logistic_regression,none,Q3,Q3
wav2vec_logistic_regression_emotion_original_eval_quadrant_speaker_independent_none,03-01-04-02-02-02-08,3,sad,sad,wav2vec,speaker_independent,emotion_original_eval_quadrant,logistic_regression,none,Q3,Q3
wav2vec_logistic_regression_emotion_original_eval_quadrant_speaker_independent_none,03-01-04-02-02-02-11,3,sad,sad,wav2vec,speaker_independent,emotion_original_eval_quadrant,logistic_regression,none,Q3,Q3
wav2vec_logistic_regression_emotion_original_eval_quadrant_speaker_independent_none,03-01-04-02-02-02-20,3,sad,sad,wav2vec,speaker_independent,emotion_original_eval_quadrant,logistic_regression,none,Q3,Q3
wav2vec_logistic_regression_emotion_original_eval_quadrant_speaker_independent_none,03-01-05-01-01-01-08,3,angry,surprised,wav2vec,speaker_independent,emotion_original_eval_quadrant,logistic_regression,none,Q2,Q1
wav2vec_logistic_regression_emotion_original_eval_quadrant_speaker_independent_none,03-01-05-01-01-01-11,3,angry,happy,wav2vec,speaker_independent,emotion_original_eval_quadrant,logistic_regression,none,Q2,Q1
wav2vec_logistic_regression_emotion_original_eval_quadrant_speaker_independent_none,03-01-05-01-01-01-20,3,angry,surprised,wav2vec,speaker_independent,emotion_original_eval_quadrant,logistic_regression,none,Q2,Q1
wav2vec_logistic_regression_emotion_original_eval_quadrant_speaker_independent_none,03-01-05-01-01-02-08,3,angry,sad,wav2vec,speaker_independent,emotion_original_eval_quadrant,logistic_regression,none,Q2,Q3
wav2vec_logistic_regression_emotion_original_eval_quadrant_speaker_independent_none,03-01-05-01-01-02-11,3,angry,disgust,wav2vec,speaker_independent,emotion_original_eval_quadrant,logistic_regression,none,Q2,Q2
wav2vec_logistic_regression_emotion_original_eval_quadrant_speaker_independent_none,03-01-05-01-01-02-20,3,angry,surprised,wav2vec,speaker_independent,emotion_original_eval_quadrant,logistic_regression,none,Q2,Q1
wav2vec_logistic_regression_emotion_original_eval_quadrant_speaker_independent_none,03-01-05-01-02-01-11,3,angry,fearful,wav2vec,speaker_independent,emotion_original_eval_quadrant,logistic_regression,none,Q2,Q2
wav2vec_logistic_regression_emotion_original_eval_quadrant_speaker_independent_none,03-01-05-01-02-01-20,3,angry,surprised,wav2vec,speaker_independent,emotion_original_eval_quadrant,logistic_regression,none,Q2,Q1
wav2vec_logistic_regression_emotion_original_eval_quadrant_speaker_independent_none,03-01-05-01-02-02-11,3,angry,disgust,wav2vec,speaker_independent,emotion_original_eval_quadrant,logistic_regression,none,Q2,Q2
wav2vec_logistic_regression_emotion_original_eval_quadrant_speaker_independent_none,03-01-05-01-02-02-20,3,angry,disgust,wav2vec,speaker_independent,emotion_original_eval_quadrant,logistic_regression,none,Q2,Q2
wav2vec_logistic_regression_emotion_original_eval_quadrant_speaker_independent_none,03-01-05-02-01-01-11,3,angry,disgust,wav2vec,speaker_independent,emotion_original_eval_quadrant,logistic_regression,none,Q2,Q2
wav2vec_logistic_regression_emotion_original_eval_quadrant_speaker_independent_none,03-01-05-02-01-02-11,3,angry,fearful,wav2vec,speaker_independent,emotion_original_eval_quadrant,logistic_regression,none,Q2,Q2
wav2vec_logistic_regression_emotion_original_eval_quadrant_speaker_independent_none,03-01-05-02-02-01-08,3,angry,angry,wav2vec,speaker_independent,emotion_original_eval_quadrant,logistic_regression,none,Q2,Q2
wav2vec_logistic_regression_emotion_original_eval_quadrant_speaker_independent_none,03-01-05-02-02-01-11,3,angry,angry,wav2vec,speaker_independent,emotion_original_eval_quadrant,logistic_regression,none,Q2,Q2
wav2vec_logistic_regression_emotion_original_eval_quadrant_speaker_independent_none,03-01-05-02-02-01-20,3,angry,happy,wav2vec,speaker_independent,emotion_original_eval_quadrant,logistic_regression,none,Q2,Q1
wav2vec_logistic_regression_emotion_original_eval_quadrant_speaker_independent_none,03-01-05-02-02-02-08,3,angry,angry,wav2vec,speaker_independent,emotion_original_eval_quadrant,logistic_regression,none,Q2,Q2
wav2vec_logistic_regression_emotion_original_eval_quadrant_speaker_independent_none,03-01-05-02-02-02-11,3,angry,fearful,wav2vec,speaker_independent,emotion_original_eval_quadrant,logistic_regression,none,Q2,Q2
wav2vec_logistic_regression_emotion_original_eval_quadrant_speaker_independent_none,03-01-05-02-02-02-20,3,angry,disgust,wav2vec,speaker_independent,emotion_original_eval_quadrant,logistic_regression,none,Q2,Q2
wav2vec_logistic_regression_emotion_original_eval_quadrant_speaker_independent_none,03-01-06-01-01-01-20,3,fearful,sad,wav2vec,speaker_independent,emotion_original_eval_quadrant,logistic_regression,none,Q2,Q3
wav2vec_logistic_regression_emotion_original_eval_quadrant_speaker_independent_none,03-01-06-01-01-02-20,3,fearful,sad,wav2vec,speaker_independent,emotion_original_eval_quadrant,logistic_regression,none,Q2,Q3
wav2vec_logistic_regression_emotion_original_eval_quadrant_speaker_independent_none,03-01-06-01-02-01-08,3,fearful,happy,wav2vec,speaker_independent,emotion_original_eval_quadrant,logistic_regression,none,Q2,Q1
wav2vec_logistic_regression_emotion_original_eval_quadrant_speaker_independent_none,03-01-06-01-02-01-11,3,fearful,fearful,wav2vec,speaker_independent,emotion_original_eval_quadrant,logistic_regression,none,Q2,Q2
wav2vec_logistic_regression_emotion_original_eval_quadrant_speaker_independent_none,03-01-06-01-02-02-08,3,fearful,happy,wav2vec,speaker_independent,emotion_original_eval_quadrant,logistic_regression,none,Q2,Q1
wav2vec_logistic_regression_emotion_original_eval_quadrant_speaker_independent_none,03-01-06-01-02-02-11,3,fearful,fearful,wav2vec,speaker_independent,emotion_original_eval_quadrant,logistic_regression,none,Q2,Q2
wav2vec_logistic_regression_emotion_original_eval_quadrant_speaker_independent_none,03-01-06-02-01-01-08,3,fearful,fearful,wav2vec,speaker_independent,emotion_original_eval_quadrant,logistic_regression,none,Q2,Q2
wav2vec_logistic_regression_emotion_original_eval_quadrant_speaker_independent_none,03-01-06-02-01-01-11,3,fearful,fearful,wav2vec,speaker_independent,emotion_original_eval_quadrant,logistic_regression,none,Q2,Q2
wav2vec_logistic_regression_emotion_original_eval_quadrant_speaker_independent_none,03-01-06-02-01-01-20,3,fearful,happy,wav2vec,speaker_independent,emotion_original_eval_quadrant,logistic_regression,none,Q2,Q1
wav2vec_logistic_regression_emotion_original_eval_quadrant_speaker_independent_none,03-01-06-02-01-02-08,3,fearful,fearful,wav2vec,speaker_independent,emotion_original_eval_quadrant,logistic_regression,none,Q2,Q2
wav2vec_logistic_regression_emotion_original_eval_quadrant_speaker_independent_none,03-01-06-02-01-02-11,3,fearful,fearful,wav2vec,speaker_independent,emotion_original_eval_quadrant,logistic_regression,none,Q2,Q2
wav2vec_logistic_regression_emotion_original_eval_quadrant_speaker_independent_none,03-01-06-02-01-02-20,3,fearful,fearful,wav2vec,speaker_independent,emotion_original_eval_quadrant,logistic_regression,none,Q2,Q2
wav2vec_logistic_regression_emotion_original_eval_quadrant_speaker_independent_none,03-01-06-02-02-01-08,3,fearful,fearful,wav2vec,speaker_independent,emotion_original_eval_quadrant,logistic_regression,none,Q2,Q2
wav2vec_logistic_regression_emotion_original_eval_quadrant_speaker_independent_none,03-01-06-02-02-01-11,3,fearful,fearful,wav2vec,speaker_independent,emotion_original_eval_quadrant,logistic_regression,none,Q2,Q2
wav2vec_logistic_regression_emotion_original_eval_quadrant_speaker_independent_none,03-01-06-02-02-01-20,3,fearful,fearful,wav2vec,speaker_independent,emotion_original_eval_quadrant,logistic_regression,none,Q2,Q2
wav2vec_logistic_regression_emotion_original_eval_quadrant_speaker_independent_none,03-01-06-02-02-02-08,3,fearful,fearful,wav2vec,speaker_independent,emotion_original_eval_quadrant,logistic_regression,none,Q2,Q2
wav2vec_logistic_regression_emotion_original_eval_quadrant_speaker_independent_none,03-01-06-02-02-02-11,3,fearful,fearful,wav2vec,speaker_independent,emotion_original_eval_quadrant,logistic_regression,none,Q2,Q2
wav2vec_logistic_regression_emotion_original_eval_quadrant_speaker_independent_none,03-01-06-02-02-02-20,3,fearful,fearful,wav2vec,speaker_independent,emotion_original_eval_quadrant,logistic_regression,none,Q2,Q2
wav2vec_logistic_regression_emotion_original_eval_quadrant_speaker_independent_none,03-01-07-01-01-01-08,3,disgust,sad,wav2vec,speaker_independent,emotion_original_eval_quadrant,logistic_regression,none,Q2,Q3
wav2vec_logistic_regression_emotion_original_eval_quadrant_speaker_independent_none,03-01-07-01-01-01-11,3,disgust,disgust,wav2vec,speaker_independent,emotion_original_eval_quadrant,logistic_regression,none,Q2,Q2
wav2vec_logistic_regression_emotion_original_eval_quadrant_speaker_independent_none,03-01-07-01-01-02-08,3,disgust,sad,wav2vec,speaker_independent,emotion_original_eval_quadrant,logistic_regression,none,Q2,Q3
wav2vec_logistic_regression_emotion_original_eval_quadrant_speaker_independent_none,03-01-07-01-01-02-11,3,disgust,disgust,wav2vec,speaker_independent,emotion_original_eval_quadrant,logistic_regression,none,Q2,Q2
wav2vec_logistic_regression_emotion_original_eval_quadrant_speaker_independent_none,03-01-07-01-02-01-11,3,disgust,happy,wav2vec,speaker_independent,emotion_original_eval_quadrant,logistic_regression,none,Q2,Q1
wav2vec_logistic_regression_emotion_original_eval_quadrant_speaker_independent_none,03-01-07-01-02-01-20,3,disgust,disgust,wav2vec,speaker_independent,emotion_original_eval_quadrant,logistic_regression,none,Q2,Q2
wav2vec_logistic_regression_emotion_original_eval_quadrant_speaker_independent_none,03-01-07-01-02-02-11,3,disgust,angry,wav2vec,speaker_independent,emotion_original_eval_quadrant,logistic_regression,none,Q2,Q2
wav2vec_logistic_regression_emotion_original_eval_quadrant_speaker_independent_none,03-01-07-01-02-02-20,3,disgust,disgust,wav2vec,speaker_independent,emotion_original_eval_quadrant,logistic_regression,none,Q2,Q2
wav2vec_logistic_regression_emotion_original_eval_quadrant_speaker_independent_none,03-01-07-02-01-01-08,3,disgust,disgust,wav2vec,speaker_independent,emotion_original_eval_quadrant,logistic_regression,none,Q2,Q2
wav2vec_logistic_regression_emotion_original_eval_quadrant_speaker_independent_none,03-01-07-02-01-01-11,3,disgust,disgust,wav2vec,speaker_independent,emotion_original_eval_quadrant,logistic_regression,none,Q2,Q2
wav2vec_logistic_regression_emotion_original_eval_quadrant_speaker_independent_none,03-01-07-02-01-01-20,3,disgust,disgust,wav2vec,speaker_independent,emotion_original_eval_quadrant,logistic_regression,none,Q2,Q2
wav2vec_logistic_regression_emotion_original_eval_quadrant_speaker_independent_none,03-01-07-02-01-02-08,3,disgust,disgust,wav2vec,speaker_independent,emotion_original_eval_quadrant,logistic_regression,none,Q2,Q2
wav2vec_logistic_regression_emotion_original_eval_quadrant_speaker_independent_none,03-01-07-02-01-02-11,3,disgust,fearful,wav2vec,speaker_independent,emotion_original_eval_quadrant,logistic_regression,none,Q2,Q2
wav2vec_logistic_regression_emotion_original_eval_quadrant_speaker_independent_none,03-01-07-02-01-02-20,3,disgust,disgust,wav2vec,speaker_independent,emotion_original_eval_quadrant,logistic_regression,none,Q2,Q2
wav2vec_logistic_regression_emotion_original_eval_quadrant_speaker_independent_none,03-01-07-02-02-01-08,3,disgust,disgust,wav2vec,speaker_independent,emotion_original_eval_quadrant,logistic_regression,none,Q2,Q2
wav2vec_logistic_regression_emotion_original_eval_quadrant_speaker_independent_none,03-01-07-02-02-01-11,3,disgust,disgust,wav2vec,speaker_independent,emotion_original_eval_quadrant,logistic_regression,none,Q2,Q2
wav2vec_logistic_regression_emotion_original_eval_quadrant_speaker_independent_none,03-01-07-02-02-01-20,3,disgust,disgust,wav2vec,speaker_independent,emotion_original_eval_quadrant,logistic_regression,none,Q2,Q2
wav2vec_logistic_regression_emotion_original_eval_quadrant_speaker_independent_none,03-01-07-02-02-02-08,3,disgust,disgust,wav2vec,speaker_independent,emotion_original_eval_quadrant,logistic_regression,none,Q2,Q2
wav2vec_logistic_regression_emotion_original_eval_quadrant_speaker_independent_none,03-01-07-02-02-02-11,3,disgust,disgust,wav2vec,speaker_independent,emotion_original_eval_quadrant,logistic_regression,none,Q2,Q2
wav2vec_logistic_regression_emotion_original_eval_quadrant_speaker_independent_none,03-01-07-02-02-02-20,3,disgust,disgust,wav2vec,speaker_independent,emotion_original_eval_quadrant,logistic_regression,none,Q2,Q2
wav2vec_logistic_regression_emotion_original_eval_quadrant_speaker_independent_none,03-01-08-01-01-01-08,3,surprised,disgust,wav2vec,speaker_independent,emotion_original_eval_quadrant,logistic_regression,none,Q1,Q2
wav2vec_logistic_regression_emotion_original_eval_quadrant_speaker_independent_none,03-01-08-01-01-01-11,3,surprised,fearful,wav2vec,speaker_independent,emotion_original_eval_quadrant,logistic_regression,none,Q1,Q2
wav2vec_logistic_regression_emotion_original_eval_quadrant_speaker_independent_none,03-01-08-01-01-01-20,3,surprised,happy,wav2vec,speaker_independent,emotion_original_eval_quadrant,logistic_regression,none,Q1,Q1
wav2vec_logistic_regression_emotion_original_eval_quadrant_speaker_independent_none,03-01-08-01-01-02-08,3,surprised,surprised,wav2vec,speaker_independent,emotion_original_eval_quadrant,logistic_regression,none,Q1,Q1
wav2vec_logistic_regression_emotion_original_eval_quadrant_speaker_independent_none,03-01-08-01-01-02-11,3,surprised,surprised,wav2vec,speaker_independent,emotion_original_eval_quadrant,logistic_regression,none,Q1,Q1
wav2vec_logistic_regression_emotion_original_eval_quadrant_speaker_independent_none,03-01-08-01-01-02-20,3,surprised,happy,wav2vec,speaker_independent,emotion_original_eval_quadrant,logistic_regression,none,Q1,Q1
wav2vec_logistic_regression_emotion_original_eval_quadrant_speaker_independent_none,03-01-08-01-02-01-11,3,surprised,fearful,wav2vec,speaker_independent,emotion_original_eval_quadrant,logistic_regression,none,Q1,Q2
wav2vec_logistic_regression_emotion_original_eval_quadrant_speaker_independent_none,03-01-08-01-02-01-20,3,surprised,fearful,wav2vec,speaker_independent,emotion_original_eval_quadrant,logistic_regression,none,Q1,Q2
wav2vec_logistic_regression_emotion_original_eval_quadrant_speaker_independent_none,03-01-08-01-02-02-11,3,surprised,fearful,wav2vec,speaker_independent,emotion_original_eval_quadrant,logistic_regression,none,Q1,Q2
wav2vec_logistic_regression_emotion_original_eval_quadrant_speaker_independent_none,03-01-08-01-02-02-20,3,surprised,surprised,wav2vec,speaker_independent,emotion_original_eval_quadrant,logistic_regression,none,Q1,Q1
wav2vec_logistic_regression_emotion_original_eval_quadrant_speaker_independent_none,03-01-08-02-01-01-08,3,surprised,fearful,wav2vec,speaker_independent,emotion_original_eval_quadrant,logistic_regression,none,Q1,Q2
wav2vec_logistic_regression_emotion_original_eval_quadrant_speaker_independent_none,03-01-08-02-01-01-11,3,surprised,surprised,wav2vec,speaker_independent,emotion_original_eval_quadrant,logistic_regression,none,Q1,Q1
wav2vec_logistic_regression_emotion_original_eval_quadrant_speaker_independent_none,03-01-08-02-01-02-08,3,surprised,surprised,wav2vec,speaker_independent,emotion_original_eval_quadrant,logistic_regression,none,Q1,Q1
wav2vec_logistic_regression_emotion_original_eval_quadrant_speaker_independent_none,03-01-08-02-01-02-11,3,surprised,surprised,wav2vec,speaker_independent,emotion_original_eval_quadrant,logistic_regression,none,Q1,Q1
wav2vec_logistic_regression_emotion_original_eval_quadrant_speaker_independent_none,03-01-08-02-02-01-20,3,surprised,disgust,wav2vec,speaker_independent,emotion_original_eval_quadrant,logistic_regression,none,Q1,Q2
wav2vec_logistic_regression_emotion_original_eval_quadrant_speaker_independent_none,03-01-08-02-02-02-20,3,surprised,fearful,wav2vec,speaker_independent,emotion_original_eval_quadrant,logistic_regression,none,Q1,Q2
wav2vec_logistic_regression_emotion_original_eval_quadrant_speaker_independent_none,03-01-01-01-01-01-14,4,neutral,neutral,wav2vec,speaker_independent,emotion_original_eval_quadrant,logistic_regression,none,Q4,Q4
wav2vec_logistic_regression_emotion_original_eval_quadrant_speaker_independent_none,03-01-01-01-01-01-16,4,neutral,neutral,wav2vec,speaker_independent,emotion_original_eval_quadrant,logistic_regression,none,Q4,Q4
wav2vec_logistic_regression_emotion_original_eval_quadrant_speaker_independent_none,03-01-01-01-01-01-22,4,neutral,neutral,wav2vec,speaker_independent,emotion_original_eval_quadrant,logistic_regression,none,Q4,Q4
wav2vec_logistic_regression_emotion_original_eval_quadrant_speaker_independent_none,03-01-01-01-01-01-24,4,neutral,calm,wav2vec,speaker_independent,emotion_original_eval_quadrant,logistic_regression,none,Q4,Q4
wav2vec_logistic_regression_emotion_original_eval_quadrant_speaker_independent_none,03-01-01-01-01-02-14,4,neutral,neutral,wav2vec,speaker_independent,emotion_original_eval_quadrant,logistic_regression,none,Q4,Q4
wav2vec_logistic_regression_emotion_original_eval_quadrant_speaker_independent_none,03-01-01-01-01-02-16,4,neutral,neutral,wav2vec,speaker_independent,emotion_original_eval_quadrant,logistic_regression,none,Q4,Q4
wav2vec_logistic_regression_emotion_original_eval_quadrant_speaker_independent_none,03-01-01-01-01-02-22,4,neutral,neutral,wav2vec,speaker_independent,emotion_original_eval_quadrant,logistic_regression,none,Q4,Q4
wav2vec_logistic_regression_emotion_original_eval_quadrant_speaker_independent_none,03-01-01-01-01-02-24,4,neutral,neutral,wav2vec,speaker_independent,emotion_original_eval_quadrant,logistic_regression,none,Q4,Q4
wav2vec_logistic_regression_emotion_original_eval_quadrant_speaker_independent_none,03-01-01-01-02-01-14,4,neutral,neutral,wav2vec,speaker_independent,emotion_original_eval_quadrant,logistic_regression,none,Q4,Q4
wav2vec_logistic_regression_emotion_original_eval_quadrant_speaker_independent_none,03-01-01-01-02-01-16,4,neutral,angry,wav2vec,speaker_independent,emotion_original_eval_quadrant,logistic_regression,none,Q4,Q2
wav2vec_logistic_regression_emotion_original_eval_quadrant_speaker_independent_none,03-01-01-01-02-01-22,4,neutral,neutral,wav2vec,speaker_independent,emotion_original_eval_quadrant,logistic_regression,none,Q4,Q4
wav2vec_logistic_regression_emotion_original_eval_quadrant_speaker_independent_none,03-01-01-01-02-01-24,4,neutral,neutral,wav2vec,speaker_independent,emotion_original_eval_quadrant,logistic_regression,none,Q4,Q4
wav2vec_logistic_regression_emotion_original_eval_quadrant_speaker_independent_none,03-01-01-01-02-02-14,4,neutral,neutral,wav2vec,speaker_independent,emotion_original_eval_quadrant,logistic_regression,none,Q4,Q4
wav2vec_logistic_regression_emotion_original_eval_quadrant_speaker_independent_none,03-01-01-01-02-02-16,4,neutral,angry,wav2vec,speaker_independent,emotion_original_eval_quadrant,logistic_regression,none,Q4,Q2
wav2vec_logistic_regression_emotion_original_eval_quadrant_speaker_independent_none,03-01-01-01-02-02-22,4,neutral,sad,wav2vec,speaker_independent,emotion_original_eval_quadrant,logistic_regression,none,Q4,Q3
wav2vec_logistic_regression_emotion_original_eval_quadrant_speaker_independent_none,03-01-01-01-02-02-24,4,neutral,calm,wav2vec,speaker_independent,emotion_original_eval_quadrant,logistic_regression,none,Q4,Q4
wav2vec_logistic_regression_emotion_original_eval_quadrant_speaker_independent_none,03-01-02-01-01-01-14,4,calm,calm,wav2vec,speaker_independent,emotion_original_eval_quadrant,logistic_regression,none,Q4,Q4
wav2vec_logistic_regression_emotion_original_eval_quadrant_speaker_independent_none,03-01-02-01-01-01-16,4,calm,angry,wav2vec,speaker_independent,emotion_original_eval_quadrant,logistic_regression,none,Q4,Q2
wav2vec_logistic_regression_emotion_original_eval_quadrant_speaker_independent_none,03-01-02-01-01-01-22,4,calm,calm,wav2vec,speaker_independent,emotion_original_eval_quadrant,logistic_regression,none,Q4,Q4
wav2vec_logistic_regression_emotion_original_eval_quadrant_speaker_independent_none,03-01-02-01-01-01-24,4,calm,calm,wav2vec,speaker_independent,emotion_original_eval_quadrant,logistic_regression,none,Q4,Q4
wav2vec_logistic_regression_emotion_original_eval_quadrant_speaker_independent_none,03-01-02-01-01-02-14,4,calm,neutral,wav2vec,speaker_independent,emotion_original_eval_quadrant,logistic_regression,none,Q4,Q4
wav2vec_logistic_regression_emotion_original_eval_quadrant_speaker_independent_none,03-01-02-01-01-02-16,4,calm,neutral,wav2vec,speaker_independent,emotion_original_eval_quadrant,logistic_regression,none,Q4,Q4
wav2vec_logistic_regression_emotion_original_eval_quadrant_speaker_independent_none,03-01-02-01-01-02-22,4,calm,calm,wav2vec,speaker_independent,emotion_original_eval_quadrant,logistic_regression,none,Q4,Q4
wav2vec_logistic_regression_emotion_original_eval_quadrant_speaker_independent_none,03-01-02-01-01-02-24,4,calm,calm,wav2vec,speaker_independent,emotion_original_eval_quadrant,logistic_regression,none,Q4,Q4
wav2vec_logistic_regression_emotion_original_eval_quadrant_speaker_independent_none,03-01-02-01-02-01-14,4,calm,calm,wav2vec,speaker_independent,emotion_original_eval_quadrant,logistic_regression,none,Q4,Q4
wav2vec_logistic_regression_emotion_original_eval_quadrant_speaker_independent_none,03-01-02-01-02-02-14,4,calm,calm,wav2vec,speaker_independent,emotion_original_eval_quadrant,logistic_regression,none,Q4,Q4
wav2vec_logistic_regression_emotion_original_eval_quadrant_speaker_independent_none,03-01-02-02-01-01-14,4,calm,neutral,wav2vec,speaker_independent,emotion_original_eval_quadrant,logistic_regression,none,Q4,Q4
wav2vec_logistic_regression_emotion_original_eval_quadrant_speaker_independent_none,03-01-02-02-01-01-16,4,calm,neutral,wav2vec,speaker_independent,emotion_original_eval_quadrant,logistic_regression,none,Q4,Q4
wav2vec_logistic_regression_emotion_original_eval_quadrant_speaker_independent_none,03-01-02-02-01-01-22,4,calm,calm,wav2vec,speaker_independent,emotion_original_eval_quadrant,logistic_regression,none,Q4,Q4
wav2vec_logistic_regression_emotion_original_eval_quadrant_speaker_independent_none,03-01-02-02-01-01-24,4,calm,calm,wav2vec,speaker_independent,emotion_original_eval_quadrant,logistic_regression,none,Q4,Q4
wav2vec_logistic_regression_emotion_original_eval_quadrant_speaker_independent_none,03-01-02-02-01-02-14,4,calm,calm,wav2vec,speaker_independent,emotion_original_eval_quadrant,logistic_regression,none,Q4,Q4
wav2vec_logistic_regression_emotion_original_eval_quadrant_speaker_independent_none,03-01-02-02-01-02-16,4,calm,angry,wav2vec,speaker_independent,emotion_original_eval_quadrant,logistic_regression,none,Q4,Q2
wav2vec_logistic_regression_emotion_original_eval_quadrant_speaker_independent_none,03-01-02-02-01-02-22,4,calm,neutral,wav2vec,speaker_independent,emotion_original_eval_quadrant,logistic_regression,none,Q4,Q4
wav2vec_logistic_regression_emotion_original_eval_quadrant_speaker_independent_none,03-01-02-02-01-02-24,4,calm,calm,wav2vec,speaker_independent,emotion_original_eval_quadrant,logistic_regression,none,Q4,Q4
wav2vec_logistic_regression_emotion_original_eval_quadrant_speaker_independent_none,03-01-02-02-02-01-14,4,calm,calm,wav2vec,speaker_independent,emotion_original_eval_quadrant,logistic_regression,none,Q4,Q4
wav2vec_logistic_regression_emotion_original_eval_quadrant_speaker_independent_none,03-01-02-02-02-01-16,4,calm,angry,wav2vec,speaker_independent,emotion_original_eval_quadrant,logistic_regression,none,Q4,Q2
wav2vec_logistic_regression_emotion_original_eval_quadrant_speaker_independent_none,03-01-02-02-02-01-22,4,calm,calm,wav2vec,speaker_independent,emotion_original_eval_quadrant,logistic_regression,none,Q4,Q4
wav2vec_logistic_regression_emotion_original_eval_quadrant_speaker_independent_none,03-01-02-02-02-01-24,4,calm,calm,wav2vec,speaker_independent,emotion_original_eval_quadrant,logistic_regression,none,Q4,Q4
wav2vec_logistic_regression_emotion_original_eval_quadrant_speaker_independent_none,03-01-02-02-02-02-14,4,calm,calm,wav2vec,speaker_independent,emotion_original_eval_quadrant,logistic_regression,none,Q4,Q4
wav2vec_logistic_regression_emotion_original_eval_quadrant_speaker_independent_none,03-01-02-02-02-02-16,4,calm,angry,wav2vec,speaker_independent,emotion_original_eval_quadrant,logistic_regression,none,Q4,Q2
wav2vec_logistic_regression_emotion_original_eval_quadrant_speaker_independent_none,03-01-02-02-02-02-22,4,calm,calm,wav2vec,speaker_independent,emotion_original_eval_quadrant,logistic_regression,none,Q4,Q4
wav2vec_logistic_regression_emotion_original_eval_quadrant_speaker_independent_none,03-01-02-02-02-02-24,4,calm,calm,wav2vec,speaker_independent,emotion_original_eval_quadrant,logistic_regression,none,Q4,Q4
wav2vec_logistic_regression_emotion_original_eval_quadrant_speaker_independent_none,03-01-03-01-01-01-14,4,happy,happy,wav2vec,speaker_independent,emotion_original_eval_quadrant,logistic_regression,none,Q1,Q1
wav2vec_logistic_regression_emotion_original_eval_quadrant_speaker_independent_none,03-01-03-01-01-01-16,4,happy,angry,wav2vec,speaker_independent,emotion_original_eval_quadrant,logistic_regression,none,Q1,Q2
wav2vec_logistic_regression_emotion_original_eval_quadrant_speaker_independent_none,03-01-03-01-01-01-22,4,happy,surprised,wav2vec,speaker_independent,emotion_original_eval_quadrant,logistic_regression,none,Q1,Q1
wav2vec_logistic_regression_emotion_original_eval_quadrant_speaker_independent_none,03-01-03-01-01-01-24,4,happy,neutral,wav2vec,speaker_independent,emotion_original_eval_quadrant,logistic_regression,none,Q1,Q4
wav2vec_logistic_regression_emotion_original_eval_quadrant_speaker_independent_none,03-01-03-01-01-02-14,4,happy,angry,wav2vec,speaker_independent,emotion_original_eval_quadrant,logistic_regression,none,Q1,Q2
wav2vec_logistic_regression_emotion_original_eval_quadrant_speaker_independent_none,03-01-03-01-01-02-16,4,happy,angry,wav2vec,speaker_independent,emotion_original_eval_quadrant,logistic_regression,none,Q1,Q2
wav2vec_logistic_regression_emotion_original_eval_quadrant_speaker_independent_none,03-01-03-01-01-02-22,4,happy,happy,wav2vec,speaker_independent,emotion_original_eval_quadrant,logistic_regression,none,Q1,Q1
wav2vec_logistic_regression_emotion_original_eval_quadrant_speaker_independent_none,03-01-03-01-01-02-24,4,happy,calm,wav2vec,speaker_independent,emotion_original_eval_quadrant,logistic_regression,none,Q1,Q4
wav2vec_logistic_regression_emotion_original_eval_quadrant_speaker_independent_none,03-01-03-01-02-01-16,4,happy,angry,wav2vec,speaker_independent,emotion_original_eval_quadrant,logistic_regression,none,Q1,Q2
wav2vec_logistic_regression_emotion_original_eval_quadrant_speaker_independent_none,03-01-03-01-02-01-22,4,happy,surprised,wav2vec,speaker_independent,emotion_original_eval_quadrant,logistic_regression,none,Q1,Q1
wav2vec_logistic_regression_emotion_original_eval_quadrant_speaker_independent_none,03-01-03-01-02-01-24,4,happy,surprised,wav2vec,speaker_independent,emotion_original_eval_quadrant,logistic_regression,none,Q1,Q1
wav2vec_logistic_regression_emotion_original_eval_quadrant_speaker_independent_none,03-01-03-01-02-02-16,4,happy,angry,wav2vec,speaker_independent,emotion_original_eval_quadrant,logistic_regression,none,Q1,Q2
wav2vec_logistic_regression_emotion_original_eval_quadrant_speaker_independent_none,03-01-03-01-02-02-22,4,happy,neutral,wav2vec,speaker_independent,emotion_original_eval_quadrant,logistic_regression,none,Q1,Q4
wav2vec_logistic_regression_emotion_original_eval_quadrant_speaker_independent_none,03-01-03-01-02-02-24,4,happy,angry,wav2vec,speaker_independent,emotion_original_eval_quadrant,logistic_regression,none,Q1,Q2
wav2vec_logistic_regression_emotion_original_eval_quadrant_speaker_independent_none,03-01-03-02-01-01-14,4,happy,angry,wav2vec,speaker_independent,emotion_original_eval_quadrant,logistic_regression,none,Q1,Q2
wav2vec_logistic_regression_emotion_original_eval_quadrant_speaker_independent_none,03-01-03-02-01-01-16,4,happy,angry,wav2vec,speaker_independent,emotion_original_eval_quadrant,logistic_regression,none,Q1,Q2
wav2vec_logistic_regression_emotion_original_eval_quadrant_speaker_independent_none,03-01-03-02-01-01-22,4,happy,happy,wav2vec,speaker_independent,emotion_original_eval_quadrant,logistic_regression,none,Q1,Q1
wav2vec_logistic_regression_emotion_original_eval_quadrant_speaker_independent_none,03-01-03-02-01-02-14,4,happy,happy,wav2vec,speaker_independent,emotion_original_eval_quadrant,logistic_regression,none,Q1,Q1
wav2vec_logistic_regression_emotion_original_eval_quadrant_speaker_independent_none,03-01-03-02-01-02-16,4,happy,angry,wav2vec,speaker_independent,emotion_original_eval_quadrant,logistic_regression,none,Q1,Q2
wav2vec_logistic_regression_emotion_original_eval_quadrant_speaker_independent_none,03-01-03-02-01-02-22,4,happy,happy,wav2vec,speaker_independent,emotion_original_eval_quadrant,logistic_regression,none,Q1,Q1
wav2vec_logistic_regression_emotion_original_eval_quadrant_speaker_independent_none,03-01-03-02-02-01-14,4,happy,angry,wav2vec,speaker_independent,emotion_original_eval_quadrant,logistic_regression,none,Q1,Q2
wav2vec_logistic_regression_emotion_original_eval_quadrant_speaker_independent_none,03-01-03-02-02-01-24,4,happy,angry,wav2vec,speaker_independent,emotion_original_eval_quadrant,logistic_regression,none,Q1,Q2
wav2vec_logistic_regression_emotion_original_eval_quadrant_speaker_independent_none,03-01-03-02-02-02-14,4,happy,angry,wav2vec,speaker_independent,emotion_original_eval_quadrant,logistic_regression,none,Q1,Q2
wav2vec_logistic_regression_emotion_original_eval_quadrant_speaker_independent_none,03-01-03-02-02-02-24,4,happy,angry,wav2vec,speaker_independent,emotion_original_eval_quadrant,logistic_regression,none,Q1,Q2
wav2vec_logistic_regression_emotion_original_eval_quadrant_speaker_independent_none,03-01-04-01-02-01-14,4,sad,calm,wav2vec,speaker_independent,emotion_original_eval_quadrant,logistic_regression,none,Q3,Q4
wav2vec_logistic_regression_emotion_original_eval_quadrant_speaker_independent_none,03-01-04-01-02-01-16,4,sad,angry,wav2vec,speaker_independent,emotion_original_eval_quadrant,logistic_regression,none,Q3,Q2
wav2vec_logistic_regression_emotion_original_eval_quadrant_speaker_independent_none,03-01-04-01-02-01-22,4,sad,disgust,wav2vec,speaker_independent,emotion_original_eval_quadrant,logistic_regression,none,Q3,Q2
wav2vec_logistic_regression_emotion_original_eval_quadrant_speaker_independent_none,03-01-04-01-02-01-24,4,sad,calm,wav2vec,speaker_independent,emotion_original_eval_quadrant,logistic_regression,none,Q3,Q4
wav2vec_logistic_regression_emotion_original_eval_quadrant_speaker_independent_none,03-01-04-01-02-02-14,4,sad,neutral,wav2vec,speaker_independent,emotion_original_eval_quadrant,logistic_regression,none,Q3,Q4
wav2vec_logistic_regression_emotion_original_eval_quadrant_speaker_independent_none,03-01-04-01-02-02-16,4,sad,angry,wav2vec,speaker_independent,emotion_original_eval_quadrant,logistic_regression,none,Q3,Q2
wav2vec_logistic_regression_emotion_original_eval_quadrant_speaker_independent_none,03-01-04-01-02-02-22,4,sad,angry,wav2vec,speaker_independent,emotion_original_eval_quadrant,logistic_regression,none,Q3,Q2
wav2vec_logistic_regression_emotion_original_eval_quadrant_speaker_independent_none,03-01-04-01-02-02-24,4,sad,calm,wav2vec,speaker_independent,emotion_original_eval_quadrant,logistic_regression,none,Q3,Q4
wav2vec_logistic_regression_emotion_original_eval_quadrant_speaker_independent_none,03-01-04-02-01-01-14,4,sad,surprised,wav2vec,speaker_independent,emotion_original_eval_quadrant,logistic_regression,none,Q3,Q1
wav2vec_logistic_regression_emotion_original_eval_quadrant_speaker_independent_none,03-01-04-02-01-01-16,4,sad,angry,wav2vec,speaker_independent,emotion_original_eval_quadrant,logistic_regression,none,Q3,Q2
wav2vec_logistic_regression_emotion_original_eval_quadrant_speaker_independent_none,03-01-04-02-01-01-22,4,sad,sad,wav2vec,speaker_independent,emotion_original_eval_quadrant,logistic_regression,none,Q3,Q3
wav2vec_logistic_regression_emotion_original_eval_quadrant_speaker_independent_none,03-01-04-02-01-01-24,4,sad,sad,wav2vec,speaker_independent,emotion_original_eval_quadrant,logistic_regression,none,Q3,Q3
wav2vec_logistic_regression_emotion_original_eval_quadrant_speaker_independent_none,03-01-04-02-01-02-14,4,sad,disgust,wav2vec,speaker_independent,emotion_original_eval_quadrant,logistic_regression,none,Q3,Q2
wav2vec_logistic_regression_emotion_original_eval_quadrant_speaker_independent_none,03-01-04-02-01-02-16,4,sad,sad,wav2vec,speaker_independent,emotion_original_eval_quadrant,logistic_regression,none,Q3,Q3
wav2vec_logistic_regression_emotion_original_eval_quadrant_speaker_independent_none,03-01-04-02-01-02-22,4,sad,sad,wav2vec,speaker_independent,emotion_original_eval_quadrant,logistic_regression,none,Q3,Q3
wav2vec_logistic_regression_emotion_original_eval_quadrant_speaker_independent_none,03-01-04-02-01-02-24,4,sad,happy,wav2vec,speaker_independent,emotion_original_eval_quadrant,logistic_regression,none,Q3,Q1
wav2vec_logistic_regression_emotion_original_eval_quadrant_speaker_independent_none,03-01-04-02-02-01-14,4,sad,angry,wav2vec,speaker_independent,emotion_original_eval_quadrant,logistic_regression,none,Q3,Q2
wav2vec_logistic_regression_emotion_original_eval_quadrant_speaker_independent_none,03-01-04-02-02-01-16,4,sad,angry,wav2vec,speaker_independent,emotion_original_eval_quadrant,logistic_regression,none,Q3,Q2
wav2vec_logistic_regression_emotion_original_eval_quadrant_speaker_independent_none,03-01-04-02-02-01-22,4,sad,sad,wav2vec,speaker_independent,emotion_original_eval_quadrant,logistic_regression,none,Q3,Q3
wav2vec_logistic_regression_emotion_original_eval_quadrant_speaker_independent_none,03-01-04-02-02-01-24,4,sad,angry,wav2vec,speaker_independent,emotion_original_eval_quadrant,logistic_regression,none,Q3,Q2
wav2vec_logistic_regression_emotion_original_eval_quadrant_speaker_independent_none,03-01-04-02-02-02-14,4,sad,angry,wav2vec,speaker_independent,emotion_original_eval_quadrant,logistic_regression,none,Q3,Q2
wav2vec_logistic_regression_emotion_original_eval_quadrant_speaker_independent_none,03-01-04-02-02-02-16,4,sad,sad,wav2vec,speaker_independent,emotion_original_eval_quadrant,logistic_regression,none,Q3,Q3
wav2vec_logistic_regression_emotion_original_eval_quadrant_speaker_independent_none,03-01-04-02-02-02-22,4,sad,happy,wav2vec,speaker_independent,emotion_original_eval_quadrant,logistic_regression,none,Q3,Q1
wav2vec_logistic_regression_emotion_original_eval_quadrant_speaker_independent_none,03-01-04-02-02-02-24,4,sad,sad,wav2vec,speaker_independent,emotion_original_eval_quadrant,logistic_regression,none,Q3,Q3
wav2vec_logistic_regression_emotion_original_eval_quadrant_speaker_independent_none,03-01-05-01-01-01-14,4,angry,angry,wav2vec,speaker_independent,emotion_original_eval_quadrant,logistic_regression,none,Q2,Q2
wav2vec_logistic_regression_emotion_original_eval_quadrant_speaker_independent_none,03-01-05-01-01-01-16,4,angry,angry,wav2vec,speaker_independent,emotion_original_eval_quadrant,logistic_regression,none,Q2,Q2
wav2vec_logistic_regression_emotion_original_eval_quadrant_speaker_independent_none,03-01-05-01-01-01-22,4,angry,angry,wav2vec,speaker_independent,emotion_original_eval_quadrant,logistic_regression,none,Q2,Q2
wav2vec_logistic_regression_emotion_original_eval_quadrant_speaker_independent_none,03-01-05-01-01-01-24,4,angry,angry,wav2vec,speaker_independent,emotion_original_eval_quadrant,logistic_regression,none,Q2,Q2
wav2vec_logistic_regression_emotion_original_eval_quadrant_speaker_independent_none,03-01-05-01-01-02-14,4,angry,angry,wav2vec,speaker_independent,emotion_original_eval_quadrant,logistic_regression,none,Q2,Q2
wav2vec_logistic_regression_emotion_original_eval_quadrant_speaker_independent_none,03-01-05-01-01-02-16,4,angry,angry,wav2vec,speaker_independent,emotion_original_eval_quadrant,logistic_regression,none,Q2,Q2
wav2vec_logistic_regression_emotion_original_eval_quadrant_speaker_independent_none,03-01-05-01-01-02-22,4,angry,angry,wav2vec,speaker_independent,emotion_original_eval_quadrant,logistic_regression,none,Q2,Q2
wav2vec_logistic_regression_emotion_original_eval_quadrant_speaker_independent_none,03-01-05-01-01-02-24,4,angry,angry,wav2vec,speaker_independent,emotion_original_eval_quadrant,logistic_regression,none,Q2,Q2
wav2vec_logistic_regression_emotion_original_eval_quadrant_speaker_independent_none,03-01-05-01-02-01-14,4,angry,angry,wav2vec,speaker_independent,emotion_original_eval_quadrant,logistic_regression,none,Q2,Q2
wav2vec_logistic_regression_emotion_original_eval_quadrant_speaker_independent_none,03-01-05-01-02-01-16,4,angry,angry,wav2vec,speaker_independent,emotion_original_eval_quadrant,logistic_regression,none,Q2,Q2
wav2vec_logistic_regression_emotion_original_eval_quadrant_speaker_independent_none,03-01-05-01-02-01-22,4,angry,angry,wav2vec,speaker_independent,emotion_original_eval_quadrant,logistic_regression,none,Q2,Q2
wav2vec_logistic_regression_emotion_original_eval_quadrant_speaker_independent_none,03-01-05-01-02-01-24,4,angry,angry,wav2vec,speaker_independent,emotion_original_eval_quadrant,logistic_regression,none,Q2,Q2
wav2vec_logistic_regression_emotion_original_eval_quadrant_speaker_independent_none,03-01-05-01-02-02-14,4,angry,angry,wav2vec,speaker_independent,emotion_original_eval_quadrant,logistic_regression,none,Q2,Q2
wav2vec_logistic_regression_emotion_original_eval_quadrant_speaker_independent_none,03-01-05-01-02-02-16,4,angry,angry,wav2vec,speaker_independent,emotion_original_eval_quadrant,logistic_regression,none,Q2,Q2
wav2vec_logistic_regression_emotion_original_eval_quadrant_speaker_independent_none,03-01-05-01-02-02-22,4,angry,angry,wav2vec,speaker_independent,emotion_original_eval_quadrant,logistic_regression,none,Q2,Q2
wav2vec_logistic_regression_emotion_original_eval_quadrant_speaker_independent_none,03-01-05-01-02-02-24,4,angry,angry,wav2vec,speaker_independent,emotion_original_eval_quadrant,logistic_regression,none,Q2,Q2
wav2vec_logistic_regression_emotion_original_eval_quadrant_speaker_independent_none,03-01-05-02-01-01-16,4,angry,angry,wav2vec,speaker_independent,emotion_original_eval_quadrant,logistic_regression,none,Q2,Q2
wav2vec_logistic_regression_emotion_original_eval_quadrant_speaker_independent_none,03-01-05-02-01-01-22,4,angry,angry,wav2vec,speaker_independent,emotion_original_eval_quadrant,logistic_regression,none,Q2,Q2
wav2vec_logistic_regression_emotion_original_eval_quadrant_speaker_independent_none,03-01-05-02-01-01-24,4,angry,angry,wav2vec,speaker_independent,emotion_original_eval_quadrant,logistic_regression,none,Q2,Q2
wav2vec_logistic_regression_emotion_original_eval_quadrant_speaker_independent_none,03-01-05-02-01-02-16,4,angry,angry,wav2vec,speaker_independent,emotion_original_eval_quadrant,logistic_regression,none,Q2,Q2
wav2vec_logistic_regression_emotion_original_eval_quadrant_speaker_independent_none,03-01-05-02-01-02-22,4,angry,angry,wav2vec,speaker_independent,emotion_original_eval_quadrant,logistic_regression,none,Q2,Q2
wav2vec_logistic_regression_emotion_original_eval_quadrant_speaker_independent_none,03-01-05-02-01-02-24,4,angry,angry,wav2vec,speaker_independent,emotion_original_eval_quadrant,logistic_regression,none,Q2,Q2
wav2vec_logistic_regression_emotion_original_eval_quadrant_speaker_independent_none,03-01-05-02-02-01-14,4,angry,angry,wav2vec,speaker_independent,emotion_original_eval_quadrant,logistic_regression,none,Q2,Q2
wav2vec_logistic_regression_emotion_original_eval_quadrant_speaker_independent_none,03-01-05-02-02-01-16,4,angry,angry,wav2vec,speaker_independent,emotion_original_eval_quadrant,logistic_regression,none,Q2,Q2
wav2vec_logistic_regression_emotion_original_eval_quadrant_speaker_independent_none,03-01-05-02-02-01-22,4,angry,angry,wav2vec,speaker_independent,emotion_original_eval_quadrant,logistic_regression,none,Q2,Q2
wav2vec_logistic_regression_emotion_original_eval_quadrant_speaker_independent_none,03-01-05-02-02-01-24,4,angry,angry,wav2vec,speaker_independent,emotion_original_eval_quadrant,logistic_regression,none,Q2,Q2
wav2vec_logistic_regression_emotion_original_eval_quadrant_speaker_independent_none,03-01-05-02-02-02-14,4,angry,angry,wav2vec,speaker_independent,emotion_original_eval_quadrant,logistic_regression,none,Q2,Q2
wav2vec_logistic_regression_emotion_original_eval_quadrant_speaker_independent_none,03-01-05-02-02-02-16,4,angry,angry,wav2vec,speaker_independent,emotion_original_eval_quadrant,logistic_regression,none,Q2,Q2
wav2vec_logistic_regression_emotion_original_eval_quadrant_speaker_independent_none,03-01-05-02-02-02-22,4,angry,angry,wav2vec,speaker_independent,emotion_original_eval_quadrant,logistic_regression,none,Q2,Q2
wav2vec_logistic_regression_emotion_original_eval_quadrant_speaker_independent_none,03-01-05-02-02-02-24,4,angry,angry,wav2vec,speaker_independent,emotion_original_eval_quadrant,logistic_regression,none,Q2,Q2
wav2vec_logistic_regression_emotion_original_eval_quadrant_speaker_independent_none,03-01-06-01-01-01-14,4,fearful,fearful,wav2vec,speaker_independent,emotion_original_eval_quadrant,logistic_regression,none,Q2,Q2
wav2vec_logistic_regression_emotion_original_eval_quadrant_speaker_independent_none,03-01-06-01-01-01-16,4,fearful,surprised,wav2vec,speaker_independent,emotion_original_eval_quadrant,logistic_regression,none,Q2,Q1
wav2vec_logistic_regression_emotion_original_eval_quadrant_speaker_independent_none,03-01-06-01-01-01-22,4,fearful,angry,wav2vec,speaker_independent,emotion_original_eval_quadrant,logistic_regression,none,Q2,Q2
wav2vec_logistic_regression_emotion_original_eval_quadrant_speaker_independent_none,03-01-06-01-01-02-14,4,fearful,fearful,wav2vec,speaker_independent,emotion_original_eval_quadrant,logistic_regression,none,Q2,Q2
wav2vec_logistic_regression_emotion_original_eval_quadrant_speaker_independent_none,03-01-06-01-01-02-16,4,fearful,angry,wav2vec,speaker_independent,emotion_original_eval_quadrant,logistic_regression,none,Q2,Q2
wav2vec_logistic_regression_emotion_original_eval_quadrant_speaker_independent_none,03-01-06-01-01-02-22,4,fearful,angry,wav2vec,speaker_independent,emotion_original_eval_quadrant,logistic_regression,none,Q2,Q2
wav2vec_logistic_regression_emotion_original_eval_quadrant_speaker_independent_none,03-01-06-01-02-01-22,4,fearful,happy,wav2vec,speaker_independent,emotion_original_eval_quadrant,logistic_regression,none,Q2,Q1
wav2vec_logistic_regression_emotion_original_eval_quadrant_speaker_independent_none,03-01-06-01-02-01-24,4,fearful,fearful,wav2vec,speaker_independent,emotion_original_eval_quadrant,logistic_regression,none,Q2,Q2
wav2vec_logistic_regression_emotion_original_eval_quadrant_speaker_independent_none,03-01-06-01-02-02-22,4,fearful,angry,wav2vec,speaker_independent,emotion_original_eval_quadrant,logistic_regression,none,Q2,Q2
wav2vec_logistic_regression_emotion_original_eval_quadrant_speaker_independent_none,03-01-06-01-02-02-24,4,fearful,surprised,wav2vec,speaker_independent,emotion_original_eval_quadrant,logistic_regression,none,Q2,Q1
wav2vec_logistic_regression_emotion_original_eval_quadrant_speaker_independent_none,03-01-06-02-01-01-14,4,fearful,fearful,wav2vec,speaker_independent,emotion_original_eval_quadrant,logistic_regression,none,Q2,Q2
wav2vec_logistic_regression_emotion_original_eval_quadrant_speaker_independent_none,03-01-06-02-01-01-16,4,fearful,sad,wav2vec,speaker_independent,emotion_original_eval_quadrant,logistic_regression,none,Q2,Q3
wav2vec_logistic_regression_emotion_original_eval_quadrant_speaker_independent_none,03-01-06-02-01-01-22,4,fearful,surprised,wav2vec,speaker_independent,emotion_original_eval_quadrant,logistic_regression,none,Q2,Q1
wav2vec_logistic_regression_emotion_original_eval_quadrant_speaker_independent_none,03-01-06-02-01-01-24,4,fearful,happy,wav2vec,speaker_independent,emotion_original_eval_quadrant,logistic_regression,none,Q2,Q1
wav2vec_logistic_regression_emotion_original_eval_quadrant_speaker_independent_none,03-01-06-02-01-02-14,4,fearful,fearful,wav2vec,speaker_independent,emotion_original_eval_quadrant,logistic_regression,none,Q2,Q2
wav2vec_logistic_regression_emotion_original_eval_quadrant_speaker_independent_none,03-01-06-02-01-02-16,4,fearful,sad,wav2vec,speaker_independent,emotion_original_eval_quadrant,logistic_regression,none,Q2,Q3
wav2vec_logistic_regression_emotion_original_eval_quadrant_speaker_independent_none,03-01-06-02-01-02-22,4,fearful,angry,wav2vec,speaker_independent,emotion_original_eval_quadrant,logistic_regression,none,Q2,Q2
wav2vec_logistic_regression_emotion_original_eval_quadrant_speaker_independent_none,03-01-06-02-01-02-24,4,fearful,fearful,wav2vec,speaker_independent,emotion_original_eval_quadrant,logistic_regression,none,Q2,Q2
wav2vec_logistic_regression_emotion_original_eval_quadrant_speaker_independent_none,03-01-06-02-02-01-16,4,fearful,angry,wav2vec,speaker_independent,emotion_original_eval_quadrant,logistic_regression,none,Q2,Q2
wav2vec_logistic_regression_emotion_original_eval_quadrant_speaker_independent_none,03-01-06-02-02-01-22,4,fearful,fearful,wav2vec,speaker_independent,emotion_original_eval_quadrant,logistic_regression,none,Q2,Q2
wav2vec_logistic_regression_emotion_original_eval_quadrant_speaker_independent_none,03-01-06-02-02-01-24,4,fearful,fearful,wav2vec,speaker_independent,emotion_original_eval_quadrant,logistic_regression,none,Q2,Q2
wav2vec_logistic_regression_emotion_original_eval_quadrant_speaker_independent_none,03-01-06-02-02-02-16,4,fearful,happy,wav2vec,speaker_independent,emotion_original_eval_quadrant,logistic_regression,none,Q2,Q1
wav2vec_logistic_regression_emotion_original_eval_quadrant_speaker_independent_none,03-01-06-02-02-02-22,4,fearful,happy,wav2vec,speaker_independent,emotion_original_eval_quadrant,logistic_regression,none,Q2,Q1
wav2vec_logistic_regression_emotion_original_eval_quadrant_speaker_independent_none,03-01-06-02-02-02-24,4,fearful,fearful,wav2vec,speaker_independent,emotion_original_eval_quadrant,logistic_regression,none,Q2,Q2
wav2vec_logistic_regression_emotion_original_eval_quadrant_speaker_independent_none,03-01-07-01-01-01-14,4,disgust,fearful,wav2vec,speaker_independent,emotion_original_eval_quadrant,logistic_regression,none,Q2,Q2
wav2vec_logistic_regression_emotion_original_eval_quadrant_speaker_independent_none,03-01-07-01-01-01-16,4,disgust,disgust,wav2vec,speaker_independent,emotion_original_eval_quadrant,logistic_regression,none,Q2,Q2
wav2vec_logistic_regression_emotion_original_eval_quadrant_speaker_independent_none,03-01-07-01-01-01-22,4,disgust,angry,wav2vec,speaker_independent,emotion_original_eval_quadrant,logistic_regression,none,Q2,Q2
wav2vec_logistic_regression_emotion_original_eval_quadrant_speaker_independent_none,03-01-07-01-01-02-14,4,disgust,disgust,wav2vec,speaker_independent,emotion_original_eval_quadrant,logistic_regression,none,Q2,Q2
wav2vec_logistic_regression_emotion_original_eval_quadrant_speaker_independent_none,03-01-07-01-01-02-16,4,disgust,disgust,wav2vec,speaker_independent,emotion_original_eval_quadrant,logistic_regression,none,Q2,Q2
wav2vec_logistic_regression_emotion_original_eval_quadrant_speaker_independent_none,03-01-07-01-01-02-22,4,disgust,disgust,wav2vec,speaker_independent,emotion_original_eval_quadrant,logistic_regression,none,Q2,Q2
wav2vec_logistic_regression_emotion_original_eval_quadrant_speaker_independent_none,03-01-07-01-02-01-14,4,disgust,disgust,wav2vec,speaker_independent,emotion_original_eval_quadrant,logistic_regression,none,Q2,Q2
wav2vec_logistic_regression_emotion_original_eval_quadrant_speaker_independent_none,03-01-07-01-02-01-24,4,disgust,angry,wav2vec,speaker_independent,emotion_original_eval_quadrant,logistic_regression,none,Q2,Q2
wav2vec_logistic_regression_emotion_original_eval_quadrant_speaker_independent_none,03-01-07-01-02-02-14,4,disgust,angry,wav2vec,speaker_independent,emotion_original_eval_quadrant,logistic_regression,none,Q2,Q2
wav2vec_logistic_regression_emotion_original_eval_quadrant_speaker_independent_none,03-01-07-01-02-02-24,4,disgust,angry,wav2vec,speaker_independent,emotion_original_eval_quadrant,logistic_regression,none,Q2,Q2
wav2vec_logistic_regression_emotion_original_eval_quadrant_speaker_independent_none,03-01-07-02-01-01-14,4,disgust,angry,wav2vec,speaker_independent,emotion_original_eval_quadrant,logistic_regression,none,Q2,Q2
wav2vec_logistic_regression_emotion_original_eval_quadrant_speaker_independent_none,03-01-07-02-01-01-16,4,disgust,angry,wav2vec,speaker_independent,emotion_original_eval_quadrant,logistic_regression,none,Q2,Q2
wav2vec_logistic_regression_emotion_original_eval_quadrant_speaker_independent_none,03-01-07-02-01-01-22,4,disgust,disgust,wav2vec,speaker_independent,emotion_original_eval_quadrant,logistic_regression,none,Q2,Q2
wav2vec_logistic_regression_emotion_original_eval_quadrant_speaker_independent_none,03-01-07-02-01-01-24,4,disgust,disgust,wav2vec,speaker_independent,emotion_original_eval_quadrant,logistic_regression,none,Q2,Q2
wav2vec_logistic_regression_emotion_original_eval_quadrant_speaker_independent_none,03-01-07-02-01-02-14,4,disgust,disgust,wav2vec,speaker_independent,emotion_original_eval_quadrant,logistic_regression,none,Q2,Q2
wav2vec_logistic_regression_emotion_original_eval_quadrant_speaker_independent_none,03-01-07-02-01-02-16,4,disgust,angry,wav2vec,speaker_independent,emotion_original_eval_quadrant,logistic_regression,none,Q2,Q2
wav2vec_logistic_regression_emotion_original_eval_quadrant_speaker_independent_none,03-01-07-02-01-02-22,4,disgust,angry,wav2vec,speaker_independent,emotion_original_eval_quadrant,logistic_regression,none,Q2,Q2
wav2vec_logistic_regression_emotion_original_eval_quadrant_speaker_independent_none,03-01-07-02-01-02-24,4,disgust,angry,wav2vec,speaker_independent,emotion_original_eval_quadrant,logistic_regression,none,Q2,Q2
wav2vec_logistic_regression_emotion_original_eval_quadrant_speaker_independent_none,03-01-07-02-02-01-14,4,disgust,disgust,wav2vec,speaker_independent,emotion_original_eval_quadrant,logistic_regression,none,Q2,Q2
wav2vec_logistic_regression_emotion_original_eval_quadrant_speaker_independent_none,03-01-07-02-02-01-16,4,disgust,angry,wav2vec,speaker_independent,emotion_original_eval_quadrant,logistic_regression,none,Q2,Q2
wav2vec_logistic_regression_emotion_original_eval_quadrant_speaker_independent_none,03-01-07-02-02-01-24,4,disgust,calm,wav2vec,speaker_independent,emotion_original_eval_quadrant,logistic_regression,none,Q2,Q4
wav2vec_logistic_regression_emotion_original_eval_quadrant_speaker_independent_none,03-01-07-02-02-02-14,4,disgust,angry,wav2vec,speaker_independent,emotion_original_eval_quadrant,logistic_regression,none,Q2,Q2
wav2vec_logistic_regression_emotion_original_eval_quadrant_speaker_independent_none,03-01-07-02-02-02-16,4,disgust,angry,wav2vec,speaker_independent,emotion_original_eval_quadrant,logistic_regression,none,Q2,Q2
wav2vec_logistic_regression_emotion_original_eval_quadrant_speaker_independent_none,03-01-07-02-02-02-24,4,disgust,angry,wav2vec,speaker_independent,emotion_original_eval_quadrant,logistic_regression,none,Q2,Q2
wav2vec_logistic_regression_emotion_original_eval_quadrant_speaker_independent_none,03-01-08-01-01-01-14,4,surprised,angry,wav2vec,speaker_independent,emotion_original_eval_quadrant,logistic_regression,none,Q1,Q2
wav2vec_logistic_regression_emotion_original_eval_quadrant_speaker_independent_none,03-01-08-01-01-01-16,4,surprised,happy,wav2vec,speaker_independent,emotion_original_eval_quadrant,logistic_regression,none,Q1,Q1
wav2vec_logistic_regression_emotion_original_eval_quadrant_speaker_independent_none,03-01-08-01-01-01-24,4,surprised,surprised,wav2vec,speaker_independent,emotion_original_eval_quadrant,logistic_regression,none,Q1,Q1
wav2vec_logistic_regression_emotion_original_eval_quadrant_speaker_independent_none,03-01-08-01-01-02-14,4,surprised,angry,wav2vec,speaker_independent,emotion_original_eval_quadrant,logistic_regression,none,Q1,Q2
wav2vec_logistic_regression_emotion_original_eval_quadrant_speaker_independent_none,03-01-08-01-01-02-16,4,surprised,surprised,wav2vec,speaker_independent,emotion_original_eval_quadrant,logistic_regression,none,Q1,Q1
wav2vec_logistic_regression_emotion_original_eval_quadrant_speaker_independent_none,03-01-08-01-01-02-24,4,surprised,angry,wav2vec,speaker_independent,emotion_original_eval_quadrant,logistic_regression,none,Q1,Q2
wav2vec_logistic_regression_emotion_original_eval_quadrant_speaker_independent_none,03-01-08-01-02-01-14,4,surprised,angry,wav2vec,speaker_independent,emotion_original_eval_quadrant,logistic_regression,none,Q1,Q2
wav2vec_logistic_regression_emotion_original_eval_quadrant_speaker_independent_none,03-01-08-01-02-01-22,4,surprised,surprised,wav2vec,speaker_independent,emotion_original_eval_quadrant,logistic_regression,none,Q1,Q1
wav2vec_logistic_regression_emotion_original_eval_quadrant_speaker_independent_none,03-01-08-01-02-01-24,4,surprised,angry,wav2vec,speaker_independent,emotion_original_eval_quadrant,logistic_regression,none,Q1,Q2
wav2vec_logistic_regression_emotion_original_eval_quadrant_speaker_independent_none,03-01-08-01-02-02-14,4,surprised,angry,wav2vec,speaker_independent,emotion_original_eval_quadrant,logistic_regression,none,Q1,Q2
wav2vec_logistic_regression_emotion_original_eval_quadrant_speaker_independent_none,03-01-08-01-02-02-22,4,surprised,angry,wav2vec,speaker_independent,emotion_original_eval_quadrant,logistic_regression,none,Q1,Q2
wav2vec_logistic_regression_emotion_original_eval_quadrant_speaker_independent_none,03-01-08-01-02-02-24,4,surprised,happy,wav2vec,speaker_independent,emotion_original_eval_quadrant,logistic_regression,none,Q1,Q1
wav2vec_logistic_regression_emotion_original_eval_quadrant_speaker_independent_none,03-01-08-02-01-01-16,4,surprised,surprised,wav2vec,speaker_independent,emotion_original_eval_quadrant,logistic_regression,none,Q1,Q1
wav2vec_logistic_regression_emotion_original_eval_quadrant_speaker_independent_none,03-01-08-02-01-01-22,4,surprised,surprised,wav2vec,speaker_independent,emotion_original_eval_quadrant,logistic_regression,none,Q1,Q1
wav2vec_logistic_regression_emotion_original_eval_quadrant_speaker_independent_none,03-01-08-02-01-01-24,4,surprised,angry,wav2vec,speaker_independent,emotion_original_eval_quadrant,logistic_regression,none,Q1,Q2
wav2vec_logistic_regression_emotion_original_eval_quadrant_speaker_independent_none,03-01-08-02-01-02-16,4,surprised,surprised,wav2vec,speaker_independent,emotion_original_eval_quadrant,logistic_regression,none,Q1,Q1
wav2vec_logistic_regression_emotion_original_eval_quadrant_speaker_independent_none,03-01-08-02-01-02-22,4,surprised,happy,wav2vec,speaker_independent,emotion_original_eval_quadrant,logistic_regression,none,Q1,Q1
wav2vec_logistic_regression_emotion_original_eval_quadrant_speaker_independent_none,03-01-08-02-01-02-24,4,surprised,angry,wav2vec,speaker_independent,emotion_original_eval_quadrant,logistic_regression,none,Q1,Q2
wav2vec_logistic_regression_emotion_original_eval_quadrant_speaker_independent_none,03-01-08-02-02-01-14,4,surprised,angry,wav2vec,speaker_independent,emotion_original_eval_quadrant,logistic_regression,none,Q1,Q2
wav2vec_logistic_regression_emotion_original_eval_quadrant_speaker_independent_none,03-01-08-02-02-01-16,4,surprised,surprised,wav2vec,speaker_independent,emotion_original_eval_quadrant,logistic_regression,none,Q1,Q1
wav2vec_logistic_regression_emotion_original_eval_quadrant_speaker_independent_none,03-01-08-02-02-01-22,4,surprised,angry,wav2vec,speaker_independent,emotion_original_eval_quadrant,logistic_regression,none,Q1,Q2
wav2vec_logistic_regression_emotion_original_eval_quadrant_speaker_independent_none,03-01-08-02-02-02-14,4,surprised,surprised,wav2vec,speaker_independent,emotion_original_eval_quadrant,logistic_regression,none,Q1,Q1
wav2vec_logistic_regression_emotion_original_eval_quadrant_speaker_independent_none,03-01-08-02-02-02-16,4,surprised,surprised,wav2vec,speaker_independent,emotion_original_eval_quadrant,logistic_regression,none,Q1,Q1
wav2vec_logistic_regression_emotion_original_eval_quadrant_speaker_independent_none,03-01-08-02-02-02-22,4,surprised,angry,wav2vec,speaker_independent,emotion_original_eval_quadrant,logistic_regression,none,Q1,Q2
wav2vec_logistic_regression_emotion_quadrant_speaker_independent_none,03-01-01-01-01-01-05,0,Q4,Q4,wav2vec,speaker_independent,emotion_quadrant,logistic_regression,none,,
wav2vec_logistic_regression_emotion_quadrant_speaker_independent_none,03-01-01-01-01-01-13,0,Q4,Q1,wav2vec,speaker_independent,emotion_quadrant,logistic_regression,none,,
wav2vec_logistic_regression_emotion_quadrant_speaker_independent_none,03-01-01-01-01-01-18,0,Q4,Q4,wav2vec,speaker_independent,emotion_quadrant,logistic_regression,none,,
wav2vec_logistic_regression_emotion_quadrant_speaker_independent_none,03-01-01-01-01-02-05,0,Q4,Q4,wav2vec,speaker_independent,emotion_quadrant,logistic_regression,none,,
wav2vec_logistic_regression_emotion_quadrant_speaker_independent_none,03-01-01-01-01-02-13,0,Q4,Q4,wav2vec,speaker_independent,emotion_quadrant,logistic_regression,none,,
wav2vec_logistic_regression_emotion_quadrant_speaker_independent_none,03-01-01-01-01-02-18,0,Q4,Q4,wav2vec,speaker_independent,emotion_quadrant,logistic_regression,none,,
wav2vec_logistic_regression_emotion_quadrant_speaker_independent_none,03-01-01-01-02-01-05,0,Q4,Q4,wav2vec,speaker_independent,emotion_quadrant,logistic_regression,none,,
wav2vec_logistic_regression_emotion_quadrant_speaker_independent_none,03-01-01-01-02-01-13,0,Q4,Q1,wav2vec,speaker_independent,emotion_quadrant,logistic_regression,none,,
wav2vec_logistic_regression_emotion_quadrant_speaker_independent_none,03-01-01-01-02-01-18,0,Q4,Q4,wav2vec,speaker_independent,emotion_quadrant,logistic_regression,none,,
wav2vec_logistic_regression_emotion_quadrant_speaker_independent_none,03-01-01-01-02-02-05,0,Q4,Q3,wav2vec,speaker_independent,emotion_quadrant,logistic_regression,none,,
wav2vec_logistic_regression_emotion_quadrant_speaker_independent_none,03-01-01-01-02-02-13,0,Q4,Q1,wav2vec,speaker_independent,emotion_quadrant,logistic_regression,none,,
wav2vec_logistic_regression_emotion_quadrant_speaker_independent_none,03-01-01-01-02-02-18,0,Q4,Q4,wav2vec,speaker_independent,emotion_quadrant,logistic_regression,none,,
wav2vec_logistic_regression_emotion_quadrant_speaker_independent_none,03-01-02-01-01-01-05,0,Q4,Q4,wav2vec,speaker_independent,emotion_quadrant,logistic_regression,none,,
wav2vec_logistic_regression_emotion_quadrant_speaker_independent_none,03-01-02-01-01-01-18,0,Q4,Q4,wav2vec,speaker_independent,emotion_quadrant,logistic_regression,none,,
wav2vec_logistic_regression_emotion_quadrant_speaker_independent_none,03-01-02-01-01-02-05,0,Q4,Q4,wav2vec,speaker_independent,emotion_quadrant,logistic_regression,none,,
wav2vec_logistic_regression_emotion_quadrant_speaker_independent_none,03-01-02-01-01-02-18,0,Q4,Q4,wav2vec,speaker_independent,emotion_quadrant,logistic_regression,none,,
wav2vec_logistic_regression_emotion_quadrant_speaker_independent_none,03-01-02-01-02-01-05,0,Q4,Q4,wav2vec,speaker_independent,emotion_quadrant,logistic_regression,none,,
wav2vec_logistic_regression_emotion_quadrant_speaker_independent_none,03-01-02-01-02-01-13,0,Q4,Q4,wav2vec,speaker_independent,emotion_quadrant,logistic_regression,none,,
wav2vec_logistic_regression_emotion_quadrant_speaker_independent_none,03-01-02-01-02-01-18,0,Q4,Q4,wav2vec,speaker_independent,emotion_quadrant,logistic_regression,none,,
wav2vec_logistic_regression_emotion_quadrant_speaker_independent_none,03-01-02-01-02-02-05,0,Q4,Q4,wav2vec,speaker_independent,emotion_quadrant,logistic_regression,none,,
wav2vec_logistic_regression_emotion_quadrant_speaker_independent_none,03-01-02-01-02-02-13,0,Q4,Q1,wav2vec,speaker_independent,emotion_quadrant,logistic_regression,none,,
wav2vec_logistic_regression_emotion_quadrant_speaker_independent_none,03-01-02-01-02-02-18,0,Q4,Q4,wav2vec,speaker_independent,emotion_quadrant,logistic_regression,none,,
wav2vec_logistic_regression_emotion_quadrant_speaker_independent_none,03-01-02-02-01-01-05,0,Q4,Q2,wav2vec,speaker_independent,emotion_quadrant,logistic_regression,none,,
wav2vec_logistic_regression_emotion_quadrant_speaker_independent_none,03-01-02-02-01-01-13,0,Q4,Q4,wav2vec,speaker_independent,emotion_quadrant,logistic_regression,none,,
wav2vec_logistic_regression_emotion_quadrant_speaker_independent_none,03-01-02-02-01-01-18,0,Q4,Q4,wav2vec,speaker_independent,emotion_quadrant,logistic_regression,none,,
wav2vec_logistic_regression_emotion_quadrant_speaker_independent_none,03-01-02-02-01-02-05,0,Q4,Q1,wav2vec,speaker_independent,emotion_quadrant,logistic_regression,none,,
wav2vec_logistic_regression_emotion_quadrant_speaker_independent_none,03-01-02-02-01-02-13,0,Q4,Q2,wav2vec,speaker_independent,emotion_quadrant,logistic_regression,none,,
wav2vec_logistic_regression_emotion_quadrant_speaker_independent_none,03-01-02-02-01-02-18,0,Q4,Q4,wav2vec,speaker_independent,emotion_quadrant,logistic_regression,none,,
wav2vec_logistic_regression_emotion_quadrant_speaker_independent_none,03-01-02-02-02-01-05,0,Q4,Q4,wav2vec,speaker_independent,emotion_quadrant,logistic_regression,none,,
wav2vec_logistic_regression_emotion_quadrant_speaker_independent_none,03-01-02-02-02-01-13,0,Q4,Q2,wav2vec,speaker_independent,emotion_quadrant,logistic_regression,none,,
wav2vec_logistic_regression_emotion_quadrant_speaker_independent_none,03-01-02-02-02-01-18,0,Q4,Q4,wav2vec,speaker_independent,emotion_quadrant,logistic_regression,none,,
wav2vec_logistic_regression_emotion_quadrant_speaker_independent_none,03-01-02-02-02-02-05,0,Q4,Q4,wav2vec,speaker_independent,emotion_quadrant,logistic_regression,none,,
wav2vec_logistic_regression_emotion_quadrant_speaker_independent_none,03-01-02-02-02-02-13,0,Q4,Q1,wav2vec,speaker_independent,emotion_quadrant,logistic_regression,none,,
wav2vec_logistic_regression_emotion_quadrant_speaker_independent_none,03-01-02-02-02-02-18,0,Q4,Q4,wav2vec,speaker_independent,emotion_quadrant,logistic_regression,none,,
wav2vec_logistic_regression_emotion_quadrant_speaker_independent_none,03-01-03-01-01-01-05,0,Q1,Q3,wav2vec,speaker_independent,emotion_quadrant,logistic_regression,none,,
wav2vec_logistic_regression_emotion_quadrant_speaker_independent_none,03-01-03-01-01-01-13,0,Q1,Q1,wav2vec,speaker_independent,emotion_quadrant,logistic_regression,none,,
wav2vec_logistic_regression_emotion_quadrant_speaker_independent_none,03-01-03-01-01-01-18,0,Q1,Q1,wav2vec,speaker_independent,emotion_quadrant,logistic_regression,none,,
wav2vec_logistic_regression_emotion_quadrant_speaker_independent_none,03-01-03-01-01-02-05,0,Q1,Q1,wav2vec,speaker_independent,emotion_quadrant,logistic_regression,none,,
wav2vec_logistic_regression_emotion_quadrant_speaker_independent_none,03-01-03-01-01-02-13,0,Q1,Q1,wav2vec,speaker_independent,emotion_quadrant,logistic_regression,none,,
wav2vec_logistic_regression_emotion_quadrant_speaker_independent_none,03-01-03-01-01-02-18,0,Q1,Q4,wav2vec,speaker_independent,emotion_quadrant,logistic_regression,none,,
wav2vec_logistic_regression_emotion_quadrant_speaker_independent_none,03-01-03-01-02-01-05,0,Q1,Q2,wav2vec,speaker_independent,emotion_quadrant,logistic_regression,none,,
wav2vec_logistic_regression_emotion_quadrant_speaker_independent_none,03-01-03-01-02-01-13,0,Q1,Q1,wav2vec,speaker_independent,emotion_quadrant,logistic_regression,none,,
wav2vec_logistic_regression_emotion_quadrant_speaker_independent_none,03-01-03-01-02-01-18,0,Q1,Q4,wav2vec,speaker_independent,emotion_quadrant,logistic_regression,none,,
wav2vec_logistic_regression_emotion_quadrant_speaker_independent_none,03-01-03-01-02-02-05,0,Q1,Q2,wav2vec,speaker_independent,emotion_quadrant,logistic_regression,none,,
wav2vec_logistic_regression_emotion_quadrant_speaker_independent_none,03-01-03-01-02-02-13,0,Q1,Q1,wav2vec,speaker_independent,emotion_quadrant,logistic_regression,none,,
wav2vec_logistic_regression_emotion_quadrant_speaker_independent_none,03-01-03-01-02-02-18,0,Q1,Q4,wav2vec,speaker_independent,emotion_quadrant,logistic_regression,none,,
wav2vec_logistic_regression_emotion_quadrant_speaker_independent_none,03-01-03-02-01-01-05,0,Q1,Q2,wav2vec,speaker_independent,emotion_quadrant,logistic_regression,none,,
wav2vec_logistic_regression_emotion_quadrant_speaker_independent_none,03-01-03-02-01-01-18,0,Q1,Q2,wav2vec,speaker_independent,emotion_quadrant,logistic_regression,none,,
wav2vec_logistic_regression_emotion_quadrant_speaker_independent_none,03-01-03-02-01-02-05,0,Q1,Q1,wav2vec,speaker_independent,emotion_quadrant,logistic_regression,none,,
wav2vec_logistic_regression_emotion_quadrant_speaker_independent_none,03-01-03-02-01-02-18,0,Q1,Q1,wav2vec,speaker_independent,emotion_quadrant,logistic_regression,none,,
wav2vec_logistic_regression_emotion_quadrant_speaker_independent_none,03-01-03-02-02-01-05,0,Q1,Q2,wav2vec,speaker_independent,emotion_quadrant,logistic_regression,none,,
wav2vec_logistic_regression_emotion_quadrant_speaker_independent_none,03-01-03-02-02-01-13,0,Q1,Q1,wav2vec,speaker_independent,emotion_quadrant,logistic_regression,none,,
wav2vec_logistic_regression_emotion_quadrant_speaker_independent_none,03-01-03-02-02-01-18,0,Q1,Q1,wav2vec,speaker_independent,emotion_quadrant,logistic_regression,none,,
wav2vec_logistic_regression_emotion_quadrant_speaker_independent_none,03-01-03-02-02-02-05,0,Q1,Q2,wav2vec,speaker_independent,emotion_quadrant,logistic_regression,none,,
wav2vec_logistic_regression_emotion_quadrant_speaker_independent_none,03-01-03-02-02-02-13,0,Q1,Q1,wav2vec,speaker_independent,emotion_quadrant,logistic_regression,none,,
wav2vec_logistic_regression_emotion_quadrant_speaker_independent_none,03-01-03-02-02-02-18,0,Q1,Q2,wav2vec,speaker_independent,emotion_quadrant,logistic_regression,none,,
wav2vec_logistic_regression_emotion_quadrant_speaker_independent_none,03-01-04-01-01-01-05,0,Q3,Q2,wav2vec,speaker_independent,emotion_quadrant,logistic_regression,none,,
wav2vec_logistic_regression_emotion_quadrant_speaker_independent_none,03-01-04-01-01-01-13,0,Q3,Q4,wav2vec,speaker_independent,emotion_quadrant,logistic_regression,none,,
wav2vec_logistic_regression_emotion_quadrant_speaker_independent_none,03-01-04-01-01-02-05,0,Q3,Q4,wav2vec,speaker_independent,emotion_quadrant,logistic_regression,none,,
wav2vec_logistic_regression_emotion_quadrant_speaker_independent_none,03-01-04-01-01-02-13,0,Q3,Q4,wav2vec,speaker_independent,emotion_quadrant,logistic_regression,none,,
wav2vec_logistic_regression_emotion_quadrant_speaker_independent_none,03-01-04-01-02-01-05,0,Q3,Q4,wav2vec,speaker_independent,emotion_quadrant,logistic_regression,none,,
wav2vec_logistic_regression_emotion_quadrant_speaker_independent_none,03-01-04-01-02-01-13,0,Q3,Q4,wav2vec,speaker_independent,emotion_quadrant,logistic_regression,none,,
wav2vec_logistic_regression_emotion_quadrant_speaker_independent_none,03-01-04-01-02-01-18,0,Q3,Q4,wav2vec,speaker_independent,emotion_quadrant,logistic_regression,none,,
wav2vec_logistic_regression_emotion_quadrant_speaker_independent_none,03-01-04-01-02-02-05,0,Q3,Q4,wav2vec,speaker_independent,emotion_quadrant,logistic_regression,none,,
wav2vec_logistic_regression_emotion_quadrant_speaker_independent_none,03-01-04-01-02-02-13,0,Q3,Q4,wav2vec,speaker_independent,emotion_quadrant,logistic_regression,none,,
wav2vec_logistic_regression_emotion_quadrant_speaker_independent_none,03-01-04-01-02-02-18,0,Q3,Q4,wav2vec,speaker_independent,emotion_quadrant,logistic_regression,none,,
wav2vec_logistic_regression_emotion_quadrant_speaker_independent_none,03-01-04-02-01-01-13,0,Q3,Q2,wav2vec,speaker_independent,emotion_quadrant,logistic_regression,none,,
wav2vec_logistic_regression_emotion_quadrant_speaker_independent_none,03-01-04-02-01-01-18,0,Q3,Q2,wav2vec,speaker_independent,emotion_quadrant,logistic_regression,none,,
wav2vec_logistic_regression_emotion_quadrant_speaker_independent_none,03-01-04-02-01-02-13,0,Q3,Q4,wav2vec,speaker_independent,emotion_quadrant,logistic_regression,none,,
wav2vec_logistic_regression_emotion_quadrant_speaker_independent_none,03-01-04-02-01-02-18,0,Q3,Q3,wav2vec,speaker_independent,emotion_quadrant,logistic_regression,none,,
wav2vec_logistic_regression_emotion_quadrant_speaker_independent_none,03-01-04-02-02-01-05,0,Q3,Q3,wav2vec,speaker_independent,emotion_quadrant,logistic_regression,none,,
wav2vec_logistic_regression_emotion_quadrant_speaker_independent_none,03-01-04-02-02-01-18,0,Q3,Q3,wav2vec,speaker_independent,emotion_quadrant,logistic_regression,none,,
wav2vec_logistic_regression_emotion_quadrant_speaker_independent_none,03-01-04-02-02-02-05,0,Q3,Q3,wav2vec,speaker_independent,emotion_quadrant,logistic_regression,none,,
wav2vec_logistic_regression_emotion_quadrant_speaker_independent_none,03-01-04-02-02-02-18,0,Q3,Q2,wav2vec,speaker_independent,emotion_quadrant,logistic_regression,none,,
wav2vec_logistic_regression_emotion_quadrant_speaker_independent_none,03-01-05-01-01-01-05,0,Q2,Q2,wav2vec,speaker_independent,emotion_quadrant,logistic_regression,none,,
wav2vec_logistic_regression_emotion_quadrant_speaker_independent_none,03-01-05-01-01-01-13,0,Q2,Q2,wav2vec,speaker_independent,emotion_quadrant,logistic_regression,none,,
wav2vec_logistic_regression_emotion_quadrant_speaker_independent_none,03-01-05-01-01-01-18,0,Q2,Q2,wav2vec,speaker_independent,emotion_quadrant,logistic_regression,none,,
wav2vec_logistic_regression_emotion_quadrant_speaker_independent_none,03-01-05-01-01-02-05,0,Q2,Q2,wav2vec,speaker_independent,emotion_quadrant,logistic_regression,none,,
wav2vec_logistic_regression_emotion_quadrant_speaker_independent_none,03-01-05-01-01-02-13,0,Q2,Q2,wav2vec,speaker_independent,emotion_quadrant,logistic_regression,none,,
wav2vec_logistic_regression_emotion_quadrant_speaker_independent_none,03-01-05-01-01-02-18,0,Q2,Q2,wav2vec,speaker_independent,emotion_quadrant,logistic_regression,none,,
wav2vec_logistic_regression_emotion_quadrant_speaker_independent_none,03-01-05-01-02-01-05,0,Q2,Q2,wav2vec,speaker_independent,emotion_quadrant,logistic_regression,none,,
wav2vec_logistic_regression_emotion_quadrant_speaker_independent_none,03-01-05-01-02-01-13,0,Q2,Q1,wav2vec,speaker_independent,emotion_quadrant,logistic_regression,none,,
wav2vec_logistic_regression_emotion_quadrant_speaker_independent_none,03-01-05-01-02-01-18,0,Q2,Q2,wav2vec,speaker_independent,emotion_quadrant,logistic_regression,none,,
wav2vec_logistic_regression_emotion_quadrant_speaker_independent_none,03-01-05-01-02-02-05,0,Q2,Q2,wav2vec,speaker_independent,emotion_quadrant,logistic_regression,none,,
wav2vec_logistic_regression_emotion_quadrant_speaker_independent_none,03-01-05-01-02-02-13,0,Q2,Q1,wav2vec,speaker_independent,emotion_quadrant,logistic_regression,none,,
wav2vec_logistic_regression_emotion_quadrant_speaker_independent_none,03-01-05-01-02-02-18,0,Q2,Q2,wav2vec,speaker_independent,emotion_quadrant,logistic_regression,none,,
wav2vec_logistic_regression_emotion_quadrant_speaker_independent_none,03-01-05-02-01-01-13,0,Q2,Q2,wav2vec,speaker_independent,emotion_quadrant,logistic_regression,none,,
wav2vec_logistic_regression_emotion_quadrant_speaker_independent_none,03-01-05-02-01-02-13,0,Q2,Q2,wav2vec,speaker_independent,emotion_quadrant,logistic_regression,none,,
wav2vec_logistic_regression_emotion_quadrant_speaker_independent_none,03-01-05-02-02-01-05,0,Q2,Q2,wav2vec,speaker_independent,emotion_quadrant,logistic_regression,none,,
wav2vec_logistic_regression_emotion_quadrant_speaker_independent_none,03-01-05-02-02-01-13,0,Q2,Q2,wav2vec,speaker_independent,emotion_quadrant,logistic_regression,none,,
wav2vec_logistic_regression_emotion_quadrant_speaker_independent_none,03-01-05-02-02-01-18,0,Q2,Q2,wav2vec,speaker_independent,emotion_quadrant,logistic_regression,none,,
wav2vec_logistic_regression_emotion_quadrant_speaker_independent_none,03-01-05-02-02-02-05,0,Q2,Q2,wav2vec,speaker_independent,emotion_quadrant,logistic_regression,none,,
wav2vec_logistic_regression_emotion_quadrant_speaker_independent_none,03-01-05-02-02-02-13,0,Q2,Q2,wav2vec,speaker_independent,emotion_quadrant,logistic_regression,none,,
wav2vec_logistic_regression_emotion_quadrant_speaker_independent_none,03-01-05-02-02-02-18,0,Q2,Q2,wav2vec,speaker_independent,emotion_quadrant,logistic_regression,none,,
wav2vec_logistic_regression_emotion_quadrant_speaker_independent_none,03-01-06-01-01-01-13,0,Q2,Q1,wav2vec,speaker_independent,emotion_quadrant,logistic_regression,none,,
wav2vec_logistic_regression_emotion_quadrant_speaker_independent_none,03-01-06-01-01-01-18,0,Q2,Q2,wav2vec,speaker_independent,emotion_quadrant,logistic_regression,none,,
wav2vec_logistic_regression_emotion_quadrant_speaker_independent_none,03-01-06-01-01-02-13,0,Q2,Q1,wav2vec,speaker_independent,emotion_quadrant,logistic_regression,none,,
wav2vec_logistic_regression_emotion_quadrant_speaker_independent_none,03-01-06-01-01-02-18,0,Q2,Q2,wav2vec,speaker_independent,emotion_quadrant,logistic_regression,none,,
wav2vec_logistic_regression_emotion_quadrant_speaker_independent_none,03-01-06-01-02-01-05,0,Q2,Q1,wav2vec,speaker_independent,emotion_quadrant,logistic_regression,none,,
wav2vec_logistic_regression_emotion_quadrant_speaker_independent_none,03-01-06-01-02-02-05,0,Q2,Q2,wav2vec,speaker_independent,emotion_quadrant,logistic_regression,none,,
wav2vec_logistic_regression_emotion_quadrant_speaker_independent_none,03-01-06-02-01-01-13,0,Q2,Q2,wav2vec,speaker_independent,emotion_quadrant,logistic_regression,none,,
wav2vec_logistic_regression_emotion_quadrant_speaker_independent_none,03-01-06-02-01-01-18,0,Q2,Q2,wav2vec,speaker_independent,emotion_quadrant,logistic_regression,none,,
wav2vec_logistic_regression_emotion_quadrant_speaker_independent_none,03-01-06-02-01-02-13,0,Q2,Q2,wav2vec,speaker_independent,emotion_quadrant,logistic_regression,none,,
wav2vec_logistic_regression_emotion_quadrant_speaker_independent_none,03-01-06-02-01-02-18,0,Q2,Q2,wav2vec,speaker_independent,emotion_quadrant,logistic_regression,none,,
wav2vec_logistic_regression_emotion_quadrant_speaker_independent_none,03-01-06-02-02-01-05,0,Q2,Q2,wav2vec,speaker_independent,emotion_quadrant,logistic_regression,none,,
wav2vec_logistic_regression_emotion_quadrant_speaker_independent_none,03-01-06-02-02-01-13,0,Q2,Q1,wav2vec,speaker_independent,emotion_quadrant,logistic_regression,none,,
wav2vec_logistic_regression_emotion_quadrant_speaker_independent_none,03-01-06-02-02-02-05,0,Q2,Q2,wav2vec,speaker_independent,emotion_quadrant,logistic_regression,none,,
wav2vec_logistic_regression_emotion_quadrant_speaker_independent_none,03-01-06-02-02-02-13,0,Q2,Q1,wav2vec,speaker_independent,emotion_quadrant,logistic_regression,none,,
wav2vec_logistic_regression_emotion_quadrant_speaker_independent_none,03-01-07-01-01-01-05,0,Q2,Q2,wav2vec,speaker_independent,emotion_quadrant,logistic_regression,none,,
wav2vec_logistic_regression_emotion_quadrant_speaker_independent_none,03-01-07-01-01-01-13,0,Q2,Q4,wav2vec,speaker_independent,emotion_quadrant,logistic_regression,none,,
wav2vec_logistic_regression_emotion_quadrant_speaker_independent_none,03-01-07-01-01-01-18,0,Q2,Q2,wav2vec,speaker_independent,emotion_quadrant,logistic_regression,none,,
wav2vec_logistic_regression_emotion_quadrant_speaker_independent_none,03-01-07-01-01-02-05,0,Q2,Q2,wav2vec,speaker_independent,emotion_quadrant,logistic_regression,none,,
wav2vec_logistic_regression_emotion_quadrant_speaker_independent_none,03-01-07-01-01-02-13,0,Q2,Q4,wav2vec,speaker_independent,emotion_quadrant,logistic_regression,none,,
wav2vec_logistic_regression_emotion_quadrant_speaker_independent_none,03-01-07-01-01-02-18,0,Q2,Q2,wav2vec,speaker_independent,emotion_quadrant,logistic_regression,none,,
wav2vec_logistic_regression_emotion_quadrant_speaker_independent_none,03-01-07-02-01-01-05,0,Q2,Q2,wav2vec,speaker_independent,emotion_quadrant,logistic_regression,none,,
wav2vec_logistic_regression_emotion_quadrant_speaker_independent_none,03-01-07-02-01-01-13,0,Q2,Q2,wav2vec,speaker_independent,emotion_quadrant,logistic_regression,none,,
wav2vec_logistic_regression_emotion_quadrant_speaker_independent_none,03-01-07-02-01-01-18,0,Q2,Q2,wav2vec,speaker_independent,emotion_quadrant,logistic_regression,none,,
wav2vec_logistic_regression_emotion_quadrant_speaker_independent_none,03-01-07-02-01-02-05,0,Q2,Q2,wav2vec,speaker_independent,emotion_quadrant,logistic_regression,none,,
wav2vec_logistic_regression_emotion_quadrant_speaker_independent_none,03-01-07-02-01-02-13,0,Q2,Q2,wav2vec,speaker_independent,emotion_quadrant,logistic_regression,none,,
wav2vec_logistic_regression_emotion_quadrant_speaker_independent_none,03-01-07-02-01-02-18,0,Q2,Q2,wav2vec,speaker_independent,emotion_quadrant,logistic_regression,none,,
wav2vec_logistic_regression_emotion_quadrant_speaker_independent_none,03-01-07-02-02-01-05,0,Q2,Q2,wav2vec,speaker_independent,emotion_quadrant,logistic_regression,none,,
wav2vec_logistic_regression_emotion_quadrant_speaker_independent_none,03-01-07-02-02-01-13,0,Q2,Q2,wav2vec,speaker_independent,emotion_quadrant,logistic_regression,none,,
wav2vec_logistic_regression_emotion_quadrant_speaker_independent_none,03-01-07-02-02-01-18,0,Q2,Q2,wav2vec,speaker_independent,emotion_quadrant,logistic_regression,none,,
wav2vec_logistic_regression_emotion_quadrant_speaker_independent_none,03-01-07-02-02-02-05,0,Q2,Q2,wav2vec,speaker_independent,emotion_quadrant,logistic_regression,none,,
wav2vec_logistic_regression_emotion_quadrant_speaker_independent_none,03-01-07-02-02-02-13,0,Q2,Q2,wav2vec,speaker_independent,emotion_quadrant,logistic_regression,none,,
wav2vec_logistic_regression_emotion_quadrant_speaker_independent_none,03-01-07-02-02-02-18,0,Q2,Q2,wav2vec,speaker_independent,emotion_quadrant,logistic_regression,none,,
wav2vec_logistic_regression_emotion_quadrant_speaker_independent_none,03-01-08-01-01-01-05,0,Q1,Q2,wav2vec,speaker_independent,emotion_quadrant,logistic_regression,none,,
wav2vec_logistic_regression_emotion_quadrant_speaker_independent_none,03-01-08-01-01-01-18,0,Q1,Q4,wav2vec,speaker_independent,emotion_quadrant,logistic_regression,none,,
wav2vec_logistic_regression_emotion_quadrant_speaker_independent_none,03-01-08-01-01-02-05,0,Q1,Q2,wav2vec,speaker_independent,emotion_quadrant,logistic_regression,none,,
wav2vec_logistic_regression_emotion_quadrant_speaker_independent_none,03-01-08-01-01-02-18,0,Q1,Q3,wav2vec,speaker_independent,emotion_quadrant,logistic_regression,none,,
wav2vec_logistic_regression_emotion_quadrant_speaker_independent_none,03-01-08-01-02-01-05,0,Q1,Q1,wav2vec,speaker_independent,emotion_quadrant,logistic_regression,none,,
wav2vec_logistic_regression_emotion_quadrant_speaker_independent_none,03-01-08-01-02-01-13,0,Q1,Q1,wav2vec,speaker_independent,emotion_quadrant,logistic_regression,none,,
wav2vec_logistic_regression_emotion_quadrant_speaker_independent_none,03-01-08-01-02-01-18,0,Q1,Q2,wav2vec,speaker_independent,emotion_quadrant,logistic_regression,none,,
wav2vec_logistic_regression_emotion_quadrant_speaker_independent_none,03-01-08-01-02-02-05,0,Q1,Q2,wav2vec,speaker_independent,emotion_quadrant,logistic_regression,none,,
wav2vec_logistic_regression_emotion_quadrant_speaker_independent_none,03-01-08-01-02-02-13,0,Q1,Q1,wav2vec,speaker_independent,emotion_quadrant,logistic_regression,none,,
wav2vec_logistic_regression_emotion_quadrant_speaker_independent_none,03-01-08-01-02-02-18,0,Q1,Q3,wav2vec,speaker_independent,emotion_quadrant,logistic_regression,none,,
wav2vec_logistic_regression_emotion_quadrant_speaker_independent_none,03-01-08-02-01-01-13,0,Q1,Q1,wav2vec,speaker_independent,emotion_quadrant,logistic_regression,none,,
wav2vec_logistic_regression_emotion_quadrant_speaker_independent_none,03-01-08-02-01-01-18,0,Q1,Q2,wav2vec,speaker_independent,emotion_quadrant,logistic_regression,none,,
wav2vec_logistic_regression_emotion_quadrant_speaker_independent_none,03-01-08-02-01-02-13,0,Q1,Q1,wav2vec,speaker_independent,emotion_quadrant,logistic_regression,none,,
wav2vec_logistic_regression_emotion_quadrant_speaker_independent_none,03-01-08-02-01-02-18,0,Q1,Q1,wav2vec,speaker_independent,emotion_quadrant,logistic_regression,none,,
wav2vec_logistic_regression_emotion_quadrant_speaker_independent_none,03-01-08-02-02-01-05,0,Q1,Q3,wav2vec,speaker_independent,emotion_quadrant,logistic_regression,none,,
wav2vec_logistic_regression_emotion_quadrant_speaker_independent_none,03-01-08-02-02-01-13,0,Q1,Q1,wav2vec,speaker_independent,emotion_quadrant,logistic_regression,none,,
wav2vec_logistic_regression_emotion_quadrant_speaker_independent_none,03-01-08-02-02-02-05,0,Q1,Q2,wav2vec,speaker_independent,emotion_quadrant,logistic_regression,none,,
wav2vec_logistic_regression_emotion_quadrant_speaker_independent_none,03-01-08-02-02-02-13,0,Q1,Q1,wav2vec,speaker_independent,emotion_quadrant,logistic_regression,none,,
wav2vec_logistic_regression_emotion_quadrant_speaker_independent_none,03-01-01-01-01-01-01,1,Q4,Q3,wav2vec,speaker_independent,emotion_quadrant,logistic_regression,none,,
wav2vec_logistic_regression_emotion_quadrant_speaker_independent_none,03-01-01-01-01-01-03,1,Q4,Q4,wav2vec,speaker_independent,emotion_quadrant,logistic_regression,none,,
wav2vec_logistic_regression_emotion_quadrant_speaker_independent_none,03-01-01-01-01-01-09,1,Q4,Q3,wav2vec,speaker_independent,emotion_quadrant,logistic_regression,none,,
wav2vec_logistic_regression_emotion_quadrant_speaker_independent_none,03-01-01-01-01-02-01,1,Q4,Q3,wav2vec,speaker_independent,emotion_quadrant,logistic_regression,none,,
wav2vec_logistic_regression_emotion_quadrant_speaker_independent_none,03-01-01-01-01-02-03,1,Q4,Q4,wav2vec,speaker_independent,emotion_quadrant,logistic_regression,none,,
wav2vec_logistic_regression_emotion_quadrant_speaker_independent_none,03-01-01-01-01-02-09,1,Q4,Q4,wav2vec,speaker_independent,emotion_quadrant,logistic_regression,none,,
wav2vec_logistic_regression_emotion_quadrant_speaker_independent_none,03-01-01-01-02-01-01,1,Q4,Q1,wav2vec,speaker_independent,emotion_quadrant,logistic_regression,none,,
wav2vec_logistic_regression_emotion_quadrant_speaker_independent_none,03-01-01-01-02-01-03,1,Q4,Q4,wav2vec,speaker_independent,emotion_quadrant,logistic_regression,none,,
wav2vec_logistic_regression_emotion_quadrant_speaker_independent_none,03-01-01-01-02-01-09,1,Q4,Q3,wav2vec,speaker_independent,emotion_quadrant,logistic_regression,none,,
wav2vec_logistic_regression_emotion_quadrant_speaker_independent_none,03-01-01-01-02-01-15,1,Q4,Q4,wav2vec,speaker_independent,emotion_quadrant,logistic_regression,none,,
wav2vec_logistic_regression_emotion_quadrant_speaker_independent_none,03-01-01-01-02-02-01,1,Q4,Q1,wav2vec,speaker_independent,emotion_quadrant,logistic_regression,none,,
wav2vec_logistic_regression_emotion_quadrant_speaker_independent_none,03-01-01-01-02-02-03,1,Q4,Q4,wav2vec,speaker_independent,emotion_quadrant,logistic_regression,none,,
wav2vec_logistic_regression_emotion_quadrant_speaker_independent_none,03-01-01-01-02-02-09,1,Q4,Q4,wav2vec,speaker_independent,emotion_quadrant,logistic_regression,none,,
wav2vec_logistic_regression_emotion_quadrant_speaker_independent_none,03-01-01-01-02-02-15,1,Q4,Q4,wav2vec,speaker_independent,emotion_quadrant,logistic_regression,none,,
wav2vec_logistic_regression_emotion_quadrant_speaker_independent_none,03-01-02-01-01-01-01,1,Q4,Q4,wav2vec,speaker_independent,emotion_quadrant,logistic_regression,none,,
wav2vec_logistic_regression_emotion_quadrant_speaker_independent_none,03-01-02-01-01-01-03,1,Q4,Q4,wav2vec,speaker_independent,emotion_quadrant,logistic_regression,none,,
wav2vec_logistic_regression_emotion_quadrant_speaker_independent_none,03-01-02-01-01-01-09,1,Q4,Q1,wav2vec,speaker_independent,emotion_quadrant,logistic_regression,none,,
wav2vec_logistic_regression_emotion_quadrant_speaker_independent_none,03-01-02-01-01-01-15,1,Q4,Q4,wav2vec,speaker_independent,emotion_quadrant,logistic_regression,none,,
wav2vec_logistic_regression_emotion_quadrant_speaker_independent_none,03-01-02-01-01-02-01,1,Q4,Q4,wav2vec,speaker_independent,emotion_quadrant,logistic_regression,none,,
wav2vec_logistic_regression_emotion_quadrant_speaker_independent_none,03-01-02-01-01-02-03,1,Q4,Q4,wav2vec,speaker_independent,emotion_quadrant,logistic_regression,none,,
wav2vec_logistic_regression_emotion_quadrant_speaker_independent_none,03-01-02-01-01-02-09,1,Q4,Q4,wav2vec,speaker_independent,emotion_quadrant,logistic_regression,none,,
wav2vec_logistic_regression_emotion_quadrant_speaker_independent_none,03-01-02-01-01-02-15,1,Q4,Q4,wav2vec,speaker_independent,emotion_quadrant,logistic_regression,none,,
wav2vec_logistic_regression_emotion_quadrant_speaker_independent_none,03-01-02-01-02-01-01,1,Q4,Q4,wav2vec,speaker_independent,emotion_quadrant,logistic_regression,none,,
wav2vec_logistic_regression_emotion_quadrant_speaker_independent_none,03-01-02-01-02-01-03,1,Q4,Q4,wav2vec,speaker_independent,emotion_quadrant,logistic_regression,none,,
wav2vec_logistic_regression_emotion_quadrant_speaker_independent_none,03-01-02-01-02-01-09,1,Q4,Q3,wav2vec,speaker_independent,emotion_quadrant,logistic_regression,none,,
wav2vec_logistic_regression_emotion_quadrant_speaker_independent_none,03-01-02-01-02-01-15,1,Q4,Q3,wav2vec,speaker_independent,emotion_quadrant,logistic_regression,none,,
wav2vec_logistic_regression_emotion_quadrant_speaker_independent_none,03-01-02-01-02-02-01,1,Q4,Q4,wav2vec,speaker_independent,emotion_quadrant,logistic_regression,none,,
wav2vec_logistic_regression_emotion_quadrant_speaker_independent_none,03-01-02-01-02-02-03,1,Q4,Q1,wav2vec,speaker_independent,emotion_quadrant,logistic_regression,none,,
wav2vec_logistic_regression_emotion_quadrant_speaker_independent_none,03-01-02-01-02-02-09,1,Q4,Q4,wav2vec,speaker_independent,emotion_quadrant,logistic_regression,none,,
wav2vec_logistic_regression_emotion_quadrant_speaker_independent_none,03-01-02-01-02-02-15,1,Q4,Q4,wav2vec,speaker_independent,emotion_quadrant,logistic_regression,none,,
wav2vec_logistic_regression_emotion_quadrant_speaker_independent_none,03-01-02-02-01-01-01,1,Q4,Q4,wav2vec,speaker_independent,emotion_quadrant,logistic_regression,none,,
wav2vec_logistic_regression_emotion_quadrant_speaker_independent_none,03-01-02-02-01-01-03,1,Q4,Q4,wav2vec,speaker_independent,emotion_quadrant,logistic_regression,none,,
wav2vec_logistic_regression_emotion_quadrant_speaker_independent_none,03-01-02-02-01-02-01,1,Q4,Q4,wav2vec,speaker_independent,emotion_quadrant,logistic_regression,none,,
wav2vec_logistic_regression_emotion_quadrant_speaker_independent_none,03-01-02-02-01-02-03,1,Q4,Q1,wav2vec,speaker_independent,emotion_quadrant,logistic_regression,none,,
wav2vec_logistic_regression_emotion_quadrant_speaker_independent_none,03-01-02-02-02-01-01,1,Q4,Q4,wav2vec,speaker_independent,emotion_quadrant,logistic_regression,none,,
wav2vec_logistic_regression_emotion_quadrant_speaker_independent_none,03-01-02-02-02-01-03,1,Q4,Q4,wav2vec,speaker_independent,emotion_quadrant,logistic_regression,none,,
wav2vec_logistic_regression_emotion_quadrant_speaker_independent_none,03-01-02-02-02-01-09,1,Q4,Q4,wav2vec,speaker_independent,emotion_quadrant,logistic_regression,none,,
wav2vec_logistic_regression_emotion_quadrant_speaker_independent_none,03-01-02-02-02-01-15,1,Q4,Q2,wav2vec,speaker_independent,emotion_quadrant,logistic_regression,none,,
wav2vec_logistic_regression_emotion_quadrant_speaker_independent_none,03-01-02-02-02-02-01,1,Q4,Q4,wav2vec,speaker_independent,emotion_quadrant,logistic_regression,none,,
wav2vec_logistic_regression_emotion_quadrant_speaker_independent_none,03-01-02-02-02-02-03,1,Q4,Q1,wav2vec,speaker_independent,emotion_quadrant,logistic_regression,none,,
wav2vec_logistic_regression_emotion_quadrant_speaker_independent_none,03-01-02-02-02-02-09,1,Q4,Q3,wav2vec,speaker_independent,emotion_quadrant,logistic_regression,none,,
wav2vec_logistic_regression_emotion_quadrant_speaker_independent_none,03-01-02-02-02-02-15,1,Q4,Q4,wav2vec,speaker_independent,emotion_quadrant,logistic_regression,none,,
wav2vec_logistic_regression_emotion_quadrant_speaker_independent_none,03-01-03-01-01-01-01,1,Q1,Q1,wav2vec,speaker_independent,emotion_quadrant,logistic_regression,none,,
wav2vec_logistic_regression_emotion_quadrant_speaker_independent_none,03-01-03-01-01-01-09,1,Q1,Q3,wav2vec,speaker_independent,emotion_quadrant,logistic_regression,none,,
wav2vec_logistic_regression_emotion_quadrant_speaker_independent_none,03-01-03-01-01-01-15,1,Q1,Q4,wav2vec,speaker_independent,emotion_quadrant,logistic_regression,none,,
wav2vec_logistic_regression_emotion_quadrant_speaker_independent_none,03-01-03-01-01-02-01,1,Q1,Q2,wav2vec,speaker_independent,emotion_quadrant,logistic_regression,none,,
wav2vec_logistic_regression_emotion_quadrant_speaker_independent_none,03-01-03-01-01-02-09,1,Q1,Q4,wav2vec,speaker_independent,emotion_quadrant,logistic_regression,none,,
wav2vec_logistic_regression_emotion_quadrant_speaker_independent_none,03-01-03-01-01-02-15,1,Q1,Q2,wav2vec,speaker_independent,emotion_quadrant,logistic_regression,none,,
wav2vec_logistic_regression_emotion_quadrant_speaker_independent_none,03-01-03-01-02-01-01,1,Q1,Q4,wav2vec,speaker_independent,emotion_quadrant,logistic_regression,none,,
wav2vec_logistic_regression_emotion_quadrant_speaker_independent_none,03-01-03-01-02-01-03,1,Q1,Q1,wav2vec,speaker_independent,emotion_quadrant,logistic_regression,none,,
wav2vec_logistic_regression_emotion_quadrant_speaker_independent_none,03-01-03-01-02-01-09,1,Q1,Q4,wav2vec,speaker_independent,emotion_quadrant,logistic_regression,none,,
wav2vec_logistic_regression_emotion_quadrant_speaker_independent_none,03-01-03-01-02-01-15,1,Q1,Q1,wav2vec,speaker_independent,emotion_quadrant,logistic_regression,none,,
wav2vec_logistic_regression_emotion_quadrant_speaker_independent_none,03-01-03-01-02-02-01,1,Q1,Q4,wav2vec,speaker_independent,emotion_quadrant,logistic_regression,none,,
wav2vec_logistic_regression_emotion_quadrant_speaker_independent_none,03-01-03-01-02-02-03,1,Q1,Q1,wav2vec,speaker_independent,emotion_quadrant,logistic_regression,none,,
wav2vec_logistic_regression_emotion_quadrant_speaker_independent_none,03-01-03-01-02-02-09,1,Q1,Q3,wav2vec,speaker_independent,emotion_quadrant,logistic_regression,none,,
wav2vec_logistic_regression_emotion_quadrant_speaker_independent_none,03-01-03-01-02-02-15,1,Q1,Q1,wav2vec,speaker_independent,emotion_quadrant,logistic_regression,none,,
wav2vec_logistic_regression_emotion_quadrant_speaker_independent_none,03-01-03-02-01-01-01,1,Q1,Q1,wav2vec,speaker_independent,emotion_quadrant,logistic_regression,none,,
wav2vec_logistic_regression_emotion_quadrant_speaker_independent_none,03-01-03-02-01-01-03,1,Q1,Q1,wav2vec,speaker_independent,emotion_quadrant,logistic_regression,none,,
wav2vec_logistic_regression_emotion_quadrant_speaker_independent_none,03-01-03-02-01-01-15,1,Q1,Q2,wav2vec,speaker_independent,emotion_quadrant,logistic_regression,none,,
wav2vec_logistic_regression_emotion_quadrant_speaker_independent_none,03-01-03-02-01-02-01,1,Q1,Q1,wav2vec,speaker_independent,emotion_quadrant,logistic_regression,none,,
wav2vec_logistic_regression_emotion_quadrant_speaker_independent_none,03-01-03-02-01-02-03,1,Q1,Q2,wav2vec,speaker_independent,emotion_quadrant,logistic_regression,none,,
wav2vec_logistic_regression_emotion_quadrant_speaker_independent_none,03-01-03-02-01-02-15,1,Q1,Q1,wav2vec,speaker_independent,emotion_quadrant,logistic_regression,none,,
wav2vec_logistic_regression_emotion_quadrant_speaker_independent_none,03-01-03-02-02-01-09,1,Q1,Q1,wav2vec,speaker_independent,emotion_quadrant,logistic_regression,none,,
wav2vec_logistic_regression_emotion_quadrant_speaker_independent_none,03-01-03-02-02-02-09,1,Q1,Q3,wav2vec,speaker_independent,emotion_quadrant,logistic_regression,none,,
wav2vec_logistic_regression_emotion_quadrant_speaker_independent_none,03-01-04-01-01-01-01,1,Q3,Q3,wav2vec,speaker_independent,emotion_quadrant,logistic_regression,none,,
wav2vec_logistic_regression_emotion_quadrant_speaker_independent_none,03-01-04-01-01-01-03,1,Q3,Q4,wav2vec,speaker_independent,emotion_quadrant,logistic_regression,none,,
wav2vec_logistic_regression_emotion_quadrant_speaker_independent_none,03-01-04-01-01-01-09,1,Q3,Q3,wav2vec,speaker_independent,emotion_quadrant,logistic_regression,none,,
wav2vec_logistic_regression_emotion_quadrant_speaker_independent_none,03-01-04-01-01-01-15,1,Q3,Q4,wav2vec,speaker_independent,emotion_quadrant,logistic_regression,none,,
wav2vec_logistic_regression_emotion_quadrant_speaker_independent_none,03-01-04-01-01-02-01,1,Q3,Q4,wav2vec,speaker_independent,emotion_quadrant,logistic_regression,none,,
wav2vec_logistic_regression_emotion_quadrant_speaker_independent_none,03-01-04-01-01-02-03,1,Q3,Q4,wav2vec,speaker_independent,emotion_quadrant,logistic_regression,none,,
wav2vec_logistic_regression_emotion_quadrant_speaker_independent_none,03-01-04-01-01-02-09,1,Q3,Q3,wav2vec,speaker_independent,emotion_quadrant,logistic_regression,none,,
wav2vec_logistic_regression_emotion_quadrant_speaker_independent_none,03-01-04-01-01-02-15,1,Q3,Q2,wav2vec,speaker_independent,emotion_quadrant,logistic_regression,none,,
wav2vec_logistic_regression_emotion_quadrant_speaker_independent_none,03-01-04-01-02-01-01,1,Q3,Q4,wav2vec,speaker_independent,emotion_quadrant,logistic_regression,none,,
wav2vec_logistic_regression_emotion_quadrant_speaker_independent_none,03-01-04-01-02-01-03,1,Q3,Q3,wav2vec,speaker_independent,emotion_quadrant,logistic_regression,none,,
wav2vec_logistic_regression_emotion_quadrant_speaker_independent_none,03-01-04-01-02-01-15,1,Q3,Q1,wav2vec,speaker_independent,emotion_quadrant,logistic_regression,none,,
wav2vec_logistic_regression_emotion_quadrant_speaker_independent_none,03-01-04-01-02-02-01,1,Q3,Q3,wav2vec,speaker_independent,emotion_quadrant,logistic_regression,none,,
wav2vec_logistic_regression_emotion_quadrant_speaker_independent_none,03-01-04-01-02-02-03,1,Q3,Q3,wav2vec,speaker_independent,emotion_quadrant,logistic_regression,none,,
wav2vec_logistic_regression_emotion_quadrant_speaker_independent_none,03-01-04-01-02-02-15,1,Q3,Q3,wav2vec,speaker_independent,emotion_quadrant,logistic_regression,none,,
wav2vec_logistic_regression_emotion_quadrant_speaker_independent_none,03-01-04-02-01-01-01,1,Q3,Q4,wav2vec,speaker_independent,emotion_quadrant,logistic_regression,none,,
wav2vec_logistic_regression_emotion_quadrant_speaker_independent_none,03-01-04-02-01-01-03,1,Q3,Q3,wav2vec,speaker_independent,emotion_quadrant,logistic_regression,none,,
wav2vec_logistic_regression_emotion_quadrant_speaker_independent_none,03-01-04-02-01-01-09,1,Q3,Q3,wav2vec,speaker_independent,emotion_quadrant,logistic_regression,none,,
wav2vec_logistic_regression_emotion_quadrant_speaker_independent_none,03-01-04-02-01-01-15,1,Q3,Q2,wav2vec,speaker_independent,emotion_quadrant,logistic_regression,none,,
wav2vec_logistic_regression_emotion_quadrant_speaker_independent_none,03-01-04-02-01-02-01,1,Q3,Q3,wav2vec,speaker_independent,emotion_quadrant,logistic_regression,none,,
wav2vec_logistic_regression_emotion_quadrant_speaker_independent_none,03-01-04-02-01-02-03,1,Q3,Q3,wav2vec,speaker_independent,emotion_quadrant,logistic_regression,none,,
wav2vec_logistic_regression_emotion_quadrant_speaker_independent_none,03-01-04-02-01-02-09,1,Q3,Q3,wav2vec,speaker_independent,emotion_quadrant,logistic_regression,none,,
wav2vec_logistic_regression_emotion_quadrant_speaker_independent_none,03-01-04-02-01-02-15,1,Q3,Q1,wav2vec,speaker_independent,emotion_quadrant,logistic_regression,none,,
wav2vec_logistic_regression_emotion_quadrant_speaker_independent_none,03-01-04-02-02-01-03,1,Q3,Q2,wav2vec,speaker_independent,emotion_quadrant,logistic_regression,none,,
wav2vec_logistic_regression_emotion_quadrant_speaker_independent_none,03-01-04-02-02-01-09,1,Q3,Q3,wav2vec,speaker_independent,emotion_quadrant,logistic_regression,none,,
wav2vec_logistic_regression_emotion_quadrant_speaker_independent_none,03-01-04-02-02-01-15,1,Q3,Q1,wav2vec,speaker_independent,emotion_quadrant,logistic_regression,none,,
wav2vec_logistic_regression_emotion_quadrant_speaker_independent_none,03-01-04-02-02-02-03,1,Q3,Q1,wav2vec,speaker_independent,emotion_quadrant,logistic_regression,none,,
wav2vec_logistic_regression_emotion_quadrant_speaker_independent_none,03-01-04-02-02-02-09,1,Q3,Q3,wav2vec,speaker_independent,emotion_quadrant,logistic_regression,none,,
wav2vec_logistic_regression_emotion_quadrant_speaker_independent_none,03-01-04-02-02-02-15,1,Q3,Q2,wav2vec,speaker_independent,emotion_quadrant,logistic_regression,none,,
wav2vec_logistic_regression_emotion_quadrant_speaker_independent_none,03-01-05-01-01-01-01,1,Q2,Q1,wav2vec,speaker_independent,emotion_quadrant,logistic_regression,none,,
wav2vec_logistic_regression_emotion_quadrant_speaker_independent_none,03-01-05-01-01-01-03,1,Q2,Q2,wav2vec,speaker_independent,emotion_quadrant,logistic_regression,none,,
wav2vec_logistic_regression_emotion_quadrant_speaker_independent_none,03-01-05-01-01-01-15,1,Q2,Q2,wav2vec,speaker_independent,emotion_quadrant,logistic_regression,none,,
wav2vec_logistic_regression_emotion_quadrant_speaker_independent_none,03-01-05-01-01-02-01,1,Q2,Q1,wav2vec,speaker_independent,emotion_quadrant,logistic_regression,none,,
wav2vec_logistic_regression_emotion_quadrant_speaker_independent_none,03-01-05-01-01-02-03,1,Q2,Q2,wav2vec,speaker_independent,emotion_quadrant,logistic_regression,none,,
wav2vec_logistic_regression_emotion_quadrant_speaker_independent_none,03-01-05-01-01-02-15,1,Q2,Q2,wav2vec,speaker_independent,emotion_quadrant,logistic_regression,none,,
wav2vec_logistic_regression_emotion_quadrant_speaker_independent_none,03-01-05-01-02-01-01,1,Q2,Q1,wav2vec,speaker_independent,emotion_quadrant,logistic_regression,none,,
wav2vec_logistic_regression_emotion_quadrant_speaker_independent_none,03-01-05-01-02-01-03,1,Q2,Q2,wav2vec,speaker_independent,emotion_quadrant,logistic_regression,none,,
wav2vec_logistic_regression_emotion_quadrant_speaker_independent_none,03-01-05-01-02-01-09,1,Q2,Q2,wav2vec,speaker_independent,emotion_quadrant,logistic_regression,none,,
wav2vec_logistic_regression_emotion_quadrant_speaker_independent_none,03-01-05-01-02-01-15,1,Q2,Q2,wav2vec,speaker_independent,emotion_quadrant,logistic_regression,none,,
wav2vec_logistic_regression_emotion_quadrant_speaker_independent_none,03-01-05-01-02-02-01,1,Q2,Q1,wav2vec,speaker_independent,emotion_quadrant,logistic_regression,none,,
wav2vec_logistic_regression_emotion_quadrant_speaker_independent_none,03-01-05-01-02-02-03,1,Q2,Q2,wav2vec,speaker_independent,emotion_quadrant,logistic_regression,none,,
wav2vec_logistic_regression_emotion_quadrant_speaker_independent_none,03-01-05-01-02-02-09,1,Q2,Q2,wav2vec,speaker_independent,emotion_quadrant,logistic_regression,none,,
wav2vec_logistic_regression_emotion_quadrant_speaker_independent_none,03-01-05-01-02-02-15,1,Q2,Q1,wav2vec,speaker_independent,emotion_quadrant,logistic_regression,none,,
wav2vec_logistic_regression_emotion_quadrant_speaker_independent_none,03-01-05-02-01-01-09,1,Q2,Q2,wav2vec,speaker_independent,emotion_quadrant,logistic_regression,none,,
wav2vec_logistic_regression_emotion_quadrant_speaker_independent_none,03-01-05-02-01-01-15,1,Q2,Q1,wav2vec,speaker_independent,emotion_quadrant,logistic_regression,none,,
wav2vec_logistic_regression_emotion_quadrant_speaker_independent_none,03-01-05-02-01-02-09,1,Q2,Q2,wav2vec,speaker_independent,emotion_quadrant,logistic_regression,none,,
wav2vec_logistic_regression_emotion_quadrant_speaker_independent_none,03-01-05-02-01-02-15,1,Q2,Q2,wav2vec,speaker_independent,emotion_quadrant,logistic_regression,none,,
wav2vec_logistic_regression_emotion_quadrant_speaker_independent_none,03-01-05-02-02-01-01,1,Q2,Q2,wav2vec,speaker_independent,emotion_quadrant,logistic_regression,none,,
wav2vec_logistic_regression_emotion_quadrant_speaker_independent_none,03-01-05-02-02-01-03,1,Q2,Q2,wav2vec,speaker_independent,emotion_quadrant,logistic_regression,none,,
wav2vec_logistic_regression_emotion_quadrant_speaker_independent_none,03-01-05-02-02-01-09,1,Q2,Q2,wav2vec,speaker_independent,emotion_quadrant,logistic_regression,none,,
wav2vec_logistic_regression_emotion_quadrant_speaker_independent_none,03-01-05-02-02-02-01,1,Q2,Q2,wav2vec,speaker_independent,emotion_quadrant,logistic_regression,none,,
wav2vec_logistic_regression_emotion_quadrant_speaker_independent_none,03-01-05-02-02-02-03,1,Q2,Q2,wav2vec,speaker_independent,emotion_quadrant,logistic_regression,none,,
wav2vec_logistic_regression_emotion_quadrant_speaker_independent_none,03-01-05-02-02-02-09,1,Q2,Q2,wav2vec,speaker_independent,emotion_quadrant,logistic_regression,none,,
wav2vec_logistic_regression_emotion_quadrant_speaker_independent_none,03-01-06-01-01-01-01,1,Q2,Q1,wav2vec,speaker_independent,emotion_quadrant,logistic_regression,none,,
wav2vec_logistic_regression_emotion_quadrant_speaker_independent_none,03-01-06-01-01-01-03,1,Q2,Q2,wav2vec,speaker_independent,emotion_quadrant,logistic_regression,none,,
wav2vec_logistic_regression_emotion_quadrant_speaker_independent_none,03-01-06-01-01-01-09,1,Q2,Q4,wav2vec,speaker_independent,emotion_quadrant,logistic_regression,none,,
wav2vec_logistic_regression_emotion_quadrant_speaker_independent_none,03-01-06-01-01-02-01,1,Q2,Q1,wav2vec,speaker_independent,emotion_quadrant,logistic_regression,none,,
wav2vec_logistic_regression_emotion_quadrant_speaker_independent_none,03-01-06-01-01-02-03,1,Q2,Q1,wav2vec,speaker_independent,emotion_quadrant,logistic_regression,none,,
wav2vec_logistic_regression_emotion_quadrant_speaker_independent_none,03-01-06-01-01-02-09,1,Q2,Q4,wav2vec,speaker_independent,emotion_quadrant,logistic_regression,none,,
wav2vec_logistic_regression_emotion_quadrant_speaker_independent_none,03-01-06-01-02-01-01,1,Q2,Q2,wav2vec,speaker_independent,emotion_quadrant,logistic_regression,none,,
wav2vec_logistic_regression_emotion_quadrant_speaker_independent_none,03-01-06-01-02-01-09,1,Q2,Q2,wav2vec,speaker_independent,emotion_quadrant,logistic_regression,none,,
wav2vec_logistic_regression_emotion_quadrant_speaker_independent_none,03-01-06-01-02-01-15,1,Q2,Q3,wav2vec,speaker_independent,emotion_quadrant,logistic_regression,none,,
wav2vec_logistic_regression_emotion_quadrant_speaker_independent_none,03-01-06-01-02-02-01,1,Q2,Q4,wav2vec,speaker_independent,emotion_quadrant,logistic_regression,none,,
wav2vec_logistic_regression_emotion_quadrant_speaker_independent_none,03-01-06-01-02-02-09,1,Q2,Q3,wav2vec,speaker_independent,emotion_quadrant,logistic_regression,none,,
wav2vec_logistic_regression_emotion_quadrant_speaker_independent_none,03-01-06-01-02-02-15,1,Q2,Q2,wav2vec,speaker_independent,emotion_quadrant,logistic_regression,none,,
wav2vec_logistic_regression_emotion_quadrant_speaker_independent_none,03-01-06-02-01-01-01,1,Q2,Q3,wav2vec,speaker_independent,emotion_quadrant,logistic_regression,none,,
wav2vec_logistic_regression_emotion_quadrant_speaker_independent_none,03-01-06-02-01-01-03,1,Q2,Q2,wav2vec,speaker_independent,emotion_quadrant,logistic_regression,none,,
wav2vec_logistic_regression_emotion_quadrant_speaker_independent_none,03-01-06-02-01-01-09,1,Q2,Q2,wav2vec,speaker_independent,emotion_quadrant,logistic_regression,none,,
wav2vec_logistic_regression_emotion_quadrant_speaker_independent_none,03-01-06-02-01-01-15,1,Q2,Q2,wav2vec,speaker_independent,emotion_quadrant,logistic_regression,none,,
wav2vec_logistic_regression_emotion_quadrant_speaker_independent_none,03-01-06-02-01-02-01,1,Q2,Q3,wav2vec,speaker_independent,emotion_quadrant,logistic_regression,none,,
wav2vec_logistic_regression_emotion_quadrant_speaker_independent_none,03-01-06-02-01-02-03,1,Q2,Q2,wav2vec,speaker_independent,emotion_quadrant,logistic_regression,none,,
wav2vec_logistic_regression_emotion_quadrant_speaker_independent_none,03-01-06-02-01-02-09,1,Q2,Q2,wav2vec,speaker_independent,emotion_quadrant,logistic_regression,none,,
wav2vec_logistic_regression_emotion_quadrant_speaker_independent_none,03-01-06-02-01-02-15,1,Q2,Q2,wav2vec,speaker_independent,emotion_quadrant,logistic_regression,none,,
wav2vec_logistic_regression_emotion_quadrant_speaker_independent_none,03-01-06-02-02-01-03,1,Q2,Q2,wav2vec,speaker_independent,emotion_quadrant,logistic_regression,none,,
wav2vec_logistic_regression_emotion_quadrant_speaker_independent_none,03-01-06-02-02-01-15,1,Q2,Q1,wav2vec,speaker_independent,emotion_quadrant,logistic_regression,none,,
wav2vec_logistic_regression_emotion_quadrant_speaker_independent_none,03-01-06-02-02-02-03,1,Q2,Q2,wav2vec,speaker_independent,emotion_quadrant,logistic_regression,none,,
wav2vec_logistic_regression_emotion_quadrant_speaker_independent_none,03-01-06-02-02-02-15,1,Q2,Q2,wav2vec,speaker_independent,emotion_quadrant,logistic_regression,none,,
wav2vec_logistic_regression_emotion_quadrant_speaker_independent_none,03-01-07-01-01-01-01,1,Q2,Q2,wav2vec,speaker_independent,emotion_quadrant,logistic_regression,none,,
wav2vec_logistic_regression_emotion_quadrant_speaker_independent_none,03-01-07-01-01-01-03,1,Q2,Q2,wav2vec,speaker_independent,emotion_quadrant,logistic_regression,none,,
wav2vec_logistic_regression_emotion_quadrant_speaker_independent_none,03-01-07-01-01-01-09,1,Q2,Q3,wav2vec,speaker_independent,emotion_quadrant,logistic_regression,none,,
wav2vec_logistic_regression_emotion_quadrant_speaker_independent_none,03-01-07-01-01-01-15,1,Q2,Q2,wav2vec,speaker_independent,emotion_quadrant,logistic_regression,none,,
wav2vec_logistic_regression_emotion_quadrant_speaker_independent_none,03-01-07-01-01-02-01,1,Q2,Q1,wav2vec,speaker_independent,emotion_quadrant,logistic_regression,none,,
wav2vec_logistic_regression_emotion_quadrant_speaker_independent_none,03-01-07-01-01-02-03,1,Q2,Q2,wav2vec,speaker_independent,emotion_quadrant,logistic_regression,none,,
wav2vec_logistic_regression_emotion_quadrant_speaker_independent_none,03-01-07-01-01-02-09,1,Q2,Q3,wav2vec,speaker_independent,emotion_quadrant,logistic_regression,none,,
wav2vec_logistic_regression_emotion_quadrant_speaker_independent_none,03-01-07-01-01-02-15,1,Q2,Q2,wav2vec,speaker_independent,emotion_quadrant,logistic_regression,none,,
wav2vec_logistic_regression_emotion_quadrant_speaker_independent_none,03-01-07-01-02-01-09,1,Q2,Q3,wav2vec,speaker_independent,emotion_quadrant,logistic_regression,none,,
wav2vec_logistic_regression_emotion_quadrant_speaker_independent_none,03-01-07-01-02-01-15,1,Q2,Q1,wav2vec,speaker_independent,emotion_quadrant,logistic_regression,none,,
wav2vec_logistic_regression_emotion_quadrant_speaker_independent_none,03-01-07-01-02-02-09,1,Q2,Q3,wav2vec,speaker_independent,emotion_quadrant,logistic_regression,none,,
wav2vec_logistic_regression_emotion_quadrant_speaker_independent_none,03-01-07-01-02-02-15,1,Q2,Q2,wav2vec,speaker_independent,emotion_quadrant,logistic_regression,none,,
wav2vec_logistic_regression_emotion_quadrant_speaker_independent_none,03-01-07-02-01-01-01,1,Q2,Q2,wav2vec,speaker_independent,emotion_quadrant,logistic_regression,none,,
wav2vec_logistic_regression_emotion_quadrant_speaker_independent_none,03-01-07-02-01-01-03,1,Q2,Q2,wav2vec,speaker_independent,emotion_quadrant,logistic_regression,none,,
wav2vec_logistic_regression_emotion_quadrant_speaker_independent_none,03-01-07-02-01-01-09,1,Q2,Q2,wav2vec,speaker_independent,emotion_quadrant,logistic_regression,none,,
wav2vec_logistic_regression_emotion_quadrant_speaker_independent_none,03-01-07-02-01-01-15,1,Q2,Q2,wav2vec,speaker_independent,emotion_quadrant,logistic_regression,none,,
wav2vec_logistic_regression_emotion_quadrant_speaker_independent_none,03-01-07-02-01-02-01,1,Q2,Q1,wav2vec,speaker_independent,emotion_quadrant,logistic_regression,none,,
wav2vec_logistic_regression_emotion_quadrant_speaker_independent_none,03-01-07-02-01-02-03,1,Q2,Q2,wav2vec,speaker_independent,emotion_quadrant,logistic_regression,none,,
wav2vec_logistic_regression_emotion_quadrant_speaker_independent_none,03-01-07-02-01-02-09,1,Q2,Q3,wav2vec,speaker_independent,emotion_quadrant,logistic_regression,none,,
wav2vec_logistic_regression_emotion_quadrant_speaker_independent_none,03-01-07-02-01-02-15,1,Q2,Q3,wav2vec,speaker_independent,emotion_quadrant,logistic_regression,none,,
wav2vec_logistic_regression_emotion_quadrant_speaker_independent_none,03-01-07-02-02-01-01,1,Q2,Q1,wav2vec,speaker_independent,emotion_quadrant,logistic_regression,none,,
wav2vec_logistic_regression_emotion_quadrant_speaker_independent_none,03-01-07-02-02-01-03,1,Q2,Q2,wav2vec,speaker_independent,emotion_quadrant,logistic_regression,none,,
wav2vec_logistic_regression_emotion_quadrant_speaker_independent_none,03-01-07-02-02-01-09,1,Q2,Q3,wav2vec,speaker_independent,emotion_quadrant,logistic_regression,none,,
wav2vec_logistic_regression_emotion_quadrant_speaker_independent_none,03-01-07-02-02-01-15,1,Q2,Q2,wav2vec,speaker_independent,emotion_quadrant,logistic_regression,none,,
wav2vec_logistic_regression_emotion_quadrant_speaker_independent_none,03-01-07-02-02-02-01,1,Q2,Q1,wav2vec,speaker_independent,emotion_quadrant,logistic_regression,none,,
wav2vec_logistic_regression_emotion_quadrant_speaker_independent_none,03-01-07-02-02-02-03,1,Q2,Q2,wav2vec,speaker_independent,emotion_quadrant,logistic_regression,none,,
wav2vec_logistic_regression_emotion_quadrant_speaker_independent_none,03-01-07-02-02-02-09,1,Q2,Q3,wav2vec,speaker_independent,emotion_quadrant,logistic_regression,none,,
wav2vec_logistic_regression_emotion_quadrant_speaker_independent_none,03-01-07-02-02-02-15,1,Q2,Q2,wav2vec,speaker_independent,emotion_quadrant,logistic_regression,none,,
wav2vec_logistic_regression_emotion_quadrant_speaker_independent_none,03-01-08-01-01-01-01,1,Q1,Q1,wav2vec,speaker_independent,emotion_quadrant,logistic_regression,none,,
wav2vec_logistic_regression_emotion_quadrant_speaker_independent_none,03-01-08-01-01-01-03,1,Q1,Q2,wav2vec,speaker_independent,emotion_quadrant,logistic_regression,none,,
wav2vec_logistic_regression_emotion_quadrant_speaker_independent_none,03-01-08-01-01-01-09,1,Q1,Q3,wav2vec,speaker_independent,emotion_quadrant,logistic_regression,none,,
wav2vec_logistic_regression_emotion_quadrant_speaker_independent_none,03-01-08-01-01-01-15,1,Q1,Q3,wav2vec,speaker_independent,emotion_quadrant,logistic_regression,none,,
wav2vec_logistic_regression_emotion_quadrant_speaker_independent_none,03-01-08-01-01-02-01,1,Q1,Q1,wav2vec,speaker_independent,emotion_quadrant,logistic_regression,none,,
wav2vec_logistic_regression_emotion_quadrant_speaker_independent_none,03-01-08-01-01-02-03,1,Q1,Q2,wav2vec,speaker_independent,emotion_quadrant,logistic_regression,none,,
wav2vec_logistic_regression_emotion_quadrant_speaker_independent_none,03-01-08-01-01-02-09,1,Q1,Q4,wav2vec,speaker_independent,emotion_quadrant,logistic_regression,none,,
wav2vec_logistic_regression_emotion_quadrant_speaker_independent_none,03-01-08-01-01-02-15,1,Q1,Q1,wav2vec,speaker_independent,emotion_quadrant,logistic_regression,none,,
wav2vec_logistic_regression_emotion_quadrant_speaker_independent_none,03-01-08-01-02-01-01,1,Q1,Q3,wav2vec,speaker_independent,emotion_quadrant,logistic_regression,none,,
wav2vec_logistic_regression_emotion_quadrant_speaker_independent_none,03-01-08-01-02-01-03,1,Q1,Q2,wav2vec,speaker_independent,emotion_quadrant,logistic_regression,none,,
wav2vec_logistic_regression_emotion_quadrant_speaker_independent_none,03-01-08-01-02-01-09,1,Q1,Q3,wav2vec,speaker_independent,emotion_quadrant,logistic_regression,none,,
wav2vec_logistic_regression_emotion_quadrant_speaker_independent_none,03-01-08-01-02-02-01,1,Q1,Q1,wav2vec,speaker_independent,emotion_quadrant,logistic_regression,none,,
wav2vec_logistic_regression_emotion_quadrant_speaker_independent_none,03-01-08-01-02-02-03,1,Q1,Q2,wav2vec,speaker_independent,emotion_quadrant,logistic_regression,none,,
wav2vec_logistic_regression_emotion_quadrant_speaker_independent_none,03-01-08-01-02-02-09,1,Q1,Q3,wav2vec,speaker_independent,emotion_quadrant,logistic_regression,none,,
wav2vec_logistic_regression_emotion_quadrant_speaker_independent_none,03-01-08-02-01-01-01,1,Q1,Q1,wav2vec,speaker_independent,emotion_quadrant,logistic_regression,none,,
wav2vec_logistic_regression_emotion_quadrant_speaker_independent_none,03-01-08-02-01-01-03,1,Q1,Q2,wav2vec,speaker_independent,emotion_quadrant,logistic_regression,none,,
wav2vec_logistic_regression_emotion_quadrant_speaker_independent_none,03-01-08-02-01-01-09,1,Q1,Q1,wav2vec,speaker_independent,emotion_quadrant,logistic_regression,none,,
wav2vec_logistic_regression_emotion_quadrant_speaker_independent_none,03-01-08-02-01-01-15,1,Q1,Q1,wav2vec,speaker_independent,emotion_quadrant,logistic_regression,none,,
wav2vec_logistic_regression_emotion_quadrant_speaker_independent_none,03-01-08-02-01-02-01,1,Q1,Q1,wav2vec,speaker_independent,emotion_quadrant,logistic_regression,none,,
wav2vec_logistic_regression_emotion_quadrant_speaker_independent_none,03-01-08-02-01-02-03,1,Q1,Q1,wav2vec,speaker_independent,emotion_quadrant,logistic_regression,none,,
wav2vec_logistic_regression_emotion_quadrant_speaker_independent_none,03-01-08-02-01-02-09,1,Q1,Q4,wav2vec,speaker_independent,emotion_quadrant,logistic_regression,none,,
wav2vec_logistic_regression_emotion_quadrant_speaker_independent_none,03-01-08-02-01-02-15,1,Q1,Q1,wav2vec,speaker_independent,emotion_quadrant,logistic_regression,none,,
wav2vec_logistic_regression_emotion_quadrant_speaker_independent_none,03-01-08-02-02-01-15,1,Q1,Q1,wav2vec,speaker_independent,emotion_quadrant,logistic_regression,none,,
wav2vec_logistic_regression_emotion_quadrant_speaker_independent_none,03-01-08-02-02-02-15,1,Q1,Q1,wav2vec,speaker_independent,emotion_quadrant,logistic_regression,none,,
wav2vec_logistic_regression_emotion_quadrant_speaker_independent_none,03-01-01-01-01-01-07,2,Q4,Q3,wav2vec,speaker_independent,emotion_quadrant,logistic_regression,none,,
wav2vec_logistic_regression_emotion_quadrant_speaker_independent_none,03-01-01-01-01-01-10,2,Q4,Q3,wav2vec,speaker_independent,emotion_quadrant,logistic_regression,none,,
wav2vec_logistic_regression_emotion_quadrant_speaker_independent_none,03-01-01-01-01-01-12,2,Q4,Q4,wav2vec,speaker_independent,emotion_quadrant,logistic_regression,none,,
wav2vec_logistic_regression_emotion_quadrant_speaker_independent_none,03-01-01-01-01-01-17,2,Q4,Q3,wav2vec,speaker_independent,emotion_quadrant,logistic_regression,none,,
wav2vec_logistic_regression_emotion_quadrant_speaker_independent_none,03-01-01-01-01-02-07,2,Q4,Q4,wav2vec,speaker_independent,emotion_quadrant,logistic_regression,none,,
wav2vec_logistic_regression_emotion_quadrant_speaker_independent_none,03-01-01-01-01-02-10,2,Q4,Q2,wav2vec,speaker_independent,emotion_quadrant,logistic_regression,none,,
wav2vec_logistic_regression_emotion_quadrant_speaker_independent_none,03-01-01-01-01-02-12,2,Q4,Q1,wav2vec,speaker_independent,emotion_quadrant,logistic_regression,none,,
wav2vec_logistic_regression_emotion_quadrant_speaker_independent_none,03-01-01-01-01-02-17,2,Q4,Q1,wav2vec,speaker_independent,emotion_quadrant,logistic_regression,none,,
wav2vec_logistic_regression_emotion_quadrant_speaker_independent_none,03-01-01-01-02-01-07,2,Q4,Q4,wav2vec,speaker_independent,emotion_quadrant,logistic_regression,none,,
wav2vec_logistic_regression_emotion_quadrant_speaker_independent_none,03-01-01-01-02-02-07,2,Q4,Q4,wav2vec,speaker_independent,emotion_quadrant,logistic_regression,none,,
wav2vec_logistic_regression_emotion_quadrant_speaker_independent_none,03-01-02-01-01-01-07,2,Q4,Q4,wav2vec,speaker_independent,emotion_quadrant,logistic_regression,none,,
wav2vec_logistic_regression_emotion_quadrant_speaker_independent_none,03-01-02-01-01-01-10,2,Q4,Q3,wav2vec,speaker_independent,emotion_quadrant,logistic_regression,none,,
wav2vec_logistic_regression_emotion_quadrant_speaker_independent_none,03-01-02-01-01-01-12,2,Q4,Q4,wav2vec,speaker_independent,emotion_quadrant,logistic_regression,none,,
wav2vec_logistic_regression_emotion_quadrant_speaker_independent_none,03-01-02-01-01-01-17,2,Q4,Q4,wav2vec,speaker_independent,emotion_quadrant,logistic_regression,none,,
wav2vec_logistic_regression_emotion_quadrant_speaker_independent_none,03-01-02-01-01-02-07,2,Q4,Q4,wav2vec,speaker_independent,emotion_quadrant,logistic_regression,none,,
wav2vec_logistic_regression_emotion_quadrant_speaker_independent_none,03-01-02-01-01-02-10,2,Q4,Q3,wav2vec,speaker_independent,emotion_quadrant,logistic_regression,none,,
wav2vec_logistic_regression_emotion_quadrant_speaker_independent_none,03-01-02-01-01-02-12,2,Q4,Q4,wav2vec,speaker_independent,emotion_quadrant,logistic_regression,none,,
wav2vec_logistic_regression_emotion_quadrant_speaker_independent_none,03-01-02-01-01-02-17,2,Q4,Q4,wav2vec,speaker_independent,emotion_quadrant,logistic_regression,none,,
wav2vec_logistic_regression_emotion_quadrant_speaker_independent_none,03-01-02-01-02-01-07,2,Q4,Q4,wav2vec,speaker_independent,emotion_quadrant,logistic_regression,none,,
wav2vec_logistic_regression_emotion_quadrant_speaker_independent_none,03-01-02-01-02-01-10,2,Q4,Q2,wav2vec,speaker_independent,emotion_quadrant,logistic_regression,none,,
wav2vec_logistic_regression_emotion_quadrant_speaker_independent_none,03-01-02-01-02-01-17,2,Q4,Q4,wav2vec,speaker_independent,emotion_quadrant,logistic_regression,none,,
wav2vec_logistic_regression_emotion_quadrant_speaker_independent_none,03-01-02-01-02-02-07,2,Q4,Q4,wav2vec,speaker_independent,emotion_quadrant,logistic_regression,none,,
wav2vec_logistic_regression_emotion_quadrant_speaker_independent_none,03-01-02-01-02-02-10,2,Q4,Q3,wav2vec,speaker_independent,emotion_quadrant,logistic_regression,none,,
wav2vec_logistic_regression_emotion_quadrant_speaker_independent_none,03-01-02-01-02-02-17,2,Q4,Q4,wav2vec,speaker_independent,emotion_quadrant,logistic_regression,none,,
wav2vec_logistic_regression_emotion_quadrant_speaker_independent_none,03-01-02-02-01-01-07,2,Q4,Q2,wav2vec,speaker_independent,emotion_quadrant,logistic_regression,none,,
wav2vec_logistic_regression_emotion_quadrant_speaker_independent_none,03-01-02-02-01-01-10,2,Q4,Q3,wav2vec,speaker_independent,emotion_quadrant,logistic_regression,none,,
wav2vec_logistic_regression_emotion_quadrant_speaker_independent_none,03-01-02-02-01-01-12,2,Q4,Q4,wav2vec,speaker_independent,emotion_quadrant,logistic_regression,none,,
wav2vec_logistic_regression_emotion_quadrant_speaker_independent_none,03-01-02-02-01-02-07,2,Q4,Q4,wav2vec,speaker_independent,emotion_quadrant,logistic_regression,none,,
wav2vec_logistic_regression_emotion_quadrant_speaker_independent_none,03-01-02-02-01-02-10,2,Q4,Q3,wav2vec,speaker_independent,emotion_quadrant,logistic_regression,none,,
wav2vec_logistic_regression_emotion_quadrant_speaker_independent_none,03-01-02-02-01-02-12,2,Q4,Q4,wav2vec,speaker_independent,emotion_quadrant,logistic_regression,none,,
wav2vec_logistic_regression_emotion_quadrant_speaker_independent_none,03-01-02-02-02-01-07,2,Q4,Q4,wav2vec,speaker_independent,emotion_quadrant,logistic_regression,none,,
wav2vec_logistic_regression_emotion_quadrant_speaker_independent_none,03-01-02-02-02-01-10,2,Q4,Q3,wav2vec,speaker_independent,emotion_quadrant,logistic_regression,none,,
wav2vec_logistic_regression_emotion_quadrant_speaker_independent_none,03-01-02-02-02-01-12,2,Q4,Q4,wav2vec,speaker_independent,emotion_quadrant,logistic_regression,none,,
wav2vec_logistic_regression_emotion_quadrant_speaker_independent_none,03-01-02-02-02-01-17,2,Q4,Q3,wav2vec,speaker_independent,emotion_quadrant,logistic_regression,none,,
wav2vec_logistic_regression_emotion_quadrant_speaker_independent_none,03-01-02-02-02-02-07,2,Q4,Q4,wav2vec,speaker_independent,emotion_quadrant,logistic_regression,none,,
wav2vec_logistic_regression_emotion_quadrant_speaker_independent_none,03-01-02-02-02-02-10,2,Q4,Q3,wav2vec,speaker_independent,emotion_quadrant,logistic_regression,none,,
wav2vec_logistic_regression_emotion_quadrant_speaker_independent_none,03-01-02-02-02-02-12,2,Q4,Q4,wav2vec,speaker_independent,emotion_quadrant,logistic_regression,none,,
wav2vec_logistic_regression_emotion_quadrant_speaker_independent_none,03-01-02-02-02-02-17,2,Q4,Q4,wav2vec,speaker_independent,emotion_quadrant,logistic_regression,none,,
wav2vec_logistic_regression_emotion_quadrant_speaker_independent_none,03-01-03-01-01-01-10,2,Q1,Q3,wav2vec,speaker_independent,emotion_quadrant,logistic_regression,none,,
wav2vec_logistic_regression_emotion_quadrant_speaker_independent_none,03-01-03-01-01-01-17,2,Q1,Q3,wav2vec,speaker_independent,emotion_quadrant,logistic_regression,none,,
wav2vec_logistic_regression_emotion_quadrant_speaker_independent_none,03-01-03-01-01-02-10,2,Q1,Q1,wav2vec,speaker_independent,emotion_quadrant,logistic_regression,none,,
wav2vec_logistic_regression_emotion_quadrant_speaker_independent_none,03-01-03-01-01-02-17,2,Q1,Q1,wav2vec,speaker_independent,emotion_quadrant,logistic_regression,none,,
wav2vec_logistic_regression_emotion_quadrant_speaker_independent_none,03-01-03-01-02-01-07,2,Q1,Q4,wav2vec,speaker_independent,emotion_quadrant,logistic_regression,none,,
wav2vec_logistic_regression_emotion_quadrant_speaker_independent_none,03-01-03-01-02-01-10,2,Q1,Q1,wav2vec,speaker_independent,emotion_quadrant,logistic_regression,none,,
wav2vec_logistic_regression_emotion_quadrant_speaker_independent_none,03-01-03-01-02-01-12,2,Q1,Q1,wav2vec,speaker_independent,emotion_quadrant,logistic_regression,none,,
wav2vec_logistic_regression_emotion_quadrant_speaker_independent_none,03-01-03-01-02-01-17,2,Q1,Q1,wav2vec,speaker_independent,emotion_quadrant,logistic_regression,none,,
wav2vec_logistic_regression_emotion_quadrant_speaker_independent_none,03-01-03-01-02-02-07,2,Q1,Q4,wav2vec,speaker_independent,emotion_quadrant,logistic_regression,none,,
wav2vec_logistic_regression_emotion_quadrant_speaker_independent_none,03-01-03-01-02-02-10,2,Q1,Q1,wav2vec,speaker_independent,emotion_quadrant,logistic_regression,none,,
wav2vec_logistic_regression_emotion_quadrant_speaker_independent_none,03-01-03-01-02-02-12,2,Q1,Q1,wav2vec,speaker_independent,emotion_quadrant,logistic_regression,none,,
wav2vec_logistic_regression_emotion_quadrant_speaker_independent_none,03-01-03-01-02-02-17,2,Q1,Q1,wav2vec,speaker_independent,emotion_quadrant,logistic_regression,none,,
wav2vec_logistic_regression_emotion_quadrant_speaker_independent_none,03-01-03-02-01-01-07,2,Q1,Q2,wav2vec,speaker_independent,emotion_quadrant,logistic_regression,none,,
wav2vec_logistic_regression_emotion_quadrant_speaker_independent_none,03-01-03-02-01-01-12,2,Q1,Q1,wav2vec,speaker_independent,emotion_quadrant,logistic_regression,none,,
wav2vec_logistic_regression_emotion_quadrant_speaker_independent_none,03-01-03-02-01-01-17,2,Q1,Q2,wav2vec,speaker_independent,emotion_quadrant,logistic_regression,none,,
wav2vec_logistic_regression_emotion_quadrant_speaker_independent_none,03-01-03-02-01-02-07,2,Q1,Q2,wav2vec,speaker_independent,emotion_quadrant,logistic_regression,none,,
wav2vec_logistic_regression_emotion_quadrant_speaker_independent_none,03-01-03-02-01-02-12,2,Q1,Q1,wav2vec,speaker_independent,emotion_quadrant,logistic_regression,none,,
wav2vec_logistic_regression_emotion_quadrant_speaker_independent_none,03-01-03-02-01-02-17,2,Q1,Q2,wav2vec,speaker_independent,emotion_quadrant,logistic_regression,none,,
wav2vec_logistic_regression_emotion_quadrant_speaker_independent_none,03-01-03-02-02-01-07,2,Q1,Q2,wav2vec,speaker_independent,emotion_quadrant,logistic_regression,none,,
wav2vec_logistic_regression_emotion_quadrant_speaker_independent_none,03-01-03-02-02-01-10,2,Q1,Q1,wav2vec,speaker_independent,emotion_quadrant,logistic_regression,none,,
wav2vec_logistic_regression_emotion_quadrant_speaker_independent_none,03-01-03-02-02-01-12,2,Q1,Q1,wav2vec,speaker_independent,emotion_quadrant,logistic_regression,none,,
wav2vec_logistic_regression_emotion_quadrant_speaker_independent_none,03-01-03-02-02-01-17,2,Q1,Q1,wav2vec,speaker_independent,emotion_quadrant,logistic_regression,none,,
wav2vec_logistic_regression_emotion_quadrant_speaker_independent_none,03-01-03-02-02-02-07,2,Q1,Q2,wav2vec,speaker_independent,emotion_quadrant,logistic_regression,none,,
wav2vec_logistic_regression_emotion_quadrant_speaker_independent_none,03-01-03-02-02-02-10,2,Q1,Q3,wav2vec,speaker_independent,emotion_quadrant,logistic_regression,none,,
wav2vec_logistic_regression_emotion_quadrant_speaker_independent_none,03-01-03-02-02-02-12,2,Q1,Q1,wav2vec,speaker_independent,emotion_quadrant,logistic_regression,none,,
wav2vec_logistic_regression_emotion_quadrant_speaker_independent_none,03-01-03-02-02-02-17,2,Q1,Q2,wav2vec,speaker_independent,emotion_quadrant,logistic_regression,none,,
wav2vec_logistic_regression_emotion_quadrant_speaker_independent_none,03-01-04-01-01-01-10,2,Q3,Q3,wav2vec,speaker_independent,emotion_quadrant,logistic_regression,none,,
wav2vec_logistic_regression_emotion_quadrant_speaker_independent_none,03-01-04-01-01-01-12,2,Q3,Q1,wav2vec,speaker_independent,emotion_quadrant,logistic_regression,none,,
wav2vec_logistic_regression_emotion_quadrant_speaker_independent_none,03-01-04-01-01-01-17,2,Q3,Q4,wav2vec,speaker_independent,emotion_quadrant,logistic_regression,none,,
wav2vec_logistic_regression_emotion_quadrant_speaker_independent_none,03-01-04-01-01-02-10,2,Q3,Q3,wav2vec,speaker_independent,emotion_quadrant,logistic_regression,none,,
wav2vec_logistic_regression_emotion_quadrant_speaker_independent_none,03-01-04-01-01-02-12,2,Q3,Q3,wav2vec,speaker_independent,emotion_quadrant,logistic_regression,none,,
wav2vec_logistic_regression_emotion_quadrant_speaker_independent_none,03-01-04-01-01-02-17,2,Q3,Q2,wav2vec,speaker_independent,emotion_quadrant,logistic_regression,none,,
wav2vec_logistic_regression_emotion_quadrant_speaker_independent_none,03-01-04-01-02-01-07,2,Q3,Q4,wav2vec,speaker_independent,emotion_quadrant,logistic_regression,none,,
wav2vec_logistic_regression_emotion_quadrant_speaker_independent_none,03-01-04-01-02-01-10,2,Q3,Q3,wav2vec,speaker_independent,emotion_quadrant,logistic_regression,none,,
wav2vec_logistic_regression_emotion_quadrant_speaker_independent_none,03-01-04-01-02-01-12,2,Q3,Q1,wav2vec,speaker_independent,emotion_quadrant,logistic_regression,none,,
wav2vec_logistic_regression_emotion_quadrant_speaker_independent_none,03-01-04-01-02-01-17,2,Q3,Q2,wav2vec,speaker_independent,emotion_quadrant,logistic_regression,none,,
wav2vec_logistic_regression_emotion_quadrant_speaker_independent_none,03-01-04-01-02-02-07,2,Q3,Q4,wav2vec,speaker_independent,emotion_quadrant,logistic_regression,none,,
wav2vec_logistic_regression_emotion_quadrant_speaker_independent_none,03-01-04-01-02-02-10,2,Q3,Q3,wav2vec,speaker_independent,emotion_quadrant,logistic_regression,none,,
wav2vec_logistic_regression_emotion_quadrant_speaker_independent_none,03-01-04-01-02-02-12,2,Q3,Q3,wav2vec,speaker_independent,emotion_quadrant,logistic_regression,none,,
wav2vec_logistic_regression_emotion_quadrant_speaker_independent_none,03-01-04-01-02-02-17,2,Q3,Q2,wav2vec,speaker_independent,emotion_quadrant,logistic_regression,none,,
wav2vec_logistic_regression_emotion_quadrant_speaker_independent_none,03-01-04-02-01-01-07,2,Q3,Q3,wav2vec,speaker_independent,emotion_quadrant,logistic_regression,none,,
wav2vec_logistic_regression_emotion_quadrant_speaker_independent_none,03-01-04-02-01-01-10,2,Q3,Q3,wav2vec,speaker_independent,emotion_quadrant,logistic_regression,none,,
wav2vec_logistic_regression_emotion_quadrant_speaker_independent_none,03-01-04-02-01-01-12,2,Q3,Q1,wav2vec,speaker_independent,emotion_quadrant,logistic_regression,none,,
wav2vec_logistic_regression_emotion_quadrant_speaker_independent_none,03-01-04-02-01-01-17,2,Q3,Q1,wav2vec,speaker_independent,emotion_quadrant,logistic_regression,none,,
wav2vec_logistic_regression_emotion_quadrant_speaker_independent_none,03-01-04-02-01-02-07,2,Q3,Q2,wav2vec,speaker_independent,emotion_quadrant,logistic_regression,none,,
wav2vec_logistic_regression_emotion_quadrant_speaker_independent_none,03-01-04-02-01-02-10,2,Q3,Q3,wav2vec,speaker_independent,emotion_quadrant,logistic_regression,none,,
wav2vec_logistic_regression_emotion_quadrant_speaker_independent_none,03-01-04-02-01-02-12,2,Q3,Q3,wav2vec,speaker_independent,emotion_quadrant,logistic_regression,none,,
wav2vec_logistic_regression_emotion_quadrant_speaker_independent_none,03-01-04-02-01-02-17,2,Q3,Q2,wav2vec,speaker_independent,emotion_quadrant,logistic_regression,none,,
wav2vec_logistic_regression_emotion_quadrant_speaker_independent_none,03-01-04-02-02-01-07,2,Q3,Q3,wav2vec,speaker_independent,emotion_quadrant,logistic_regression,none,,
wav2vec_logistic_regression_emotion_quadrant_speaker_independent_none,03-01-04-02-02-01-12,2,Q3,Q3,wav2vec,speaker_independent,emotion_quadrant,logistic_regression,none,,
wav2vec_logistic_regression_emotion_quadrant_speaker_independent_none,03-01-04-02-02-02-07,2,Q3,Q3,wav2vec,speaker_independent,emotion_quadrant,logistic_regression,none,,
wav2vec_logistic_regression_emotion_quadrant_speaker_independent_none,03-01-04-02-02-02-12,2,Q3,Q2,wav2vec,speaker_independent,emotion_quadrant,logistic_regression,none,,
wav2vec_logistic_regression_emotion_quadrant_speaker_independent_none,03-01-05-01-01-01-07,2,Q2,Q1,wav2vec,speaker_independent,emotion_quadrant,logistic_regression,none,,
wav2vec_logistic_regression_emotion_quadrant_speaker_independent_none,03-01-05-01-01-01-10,2,Q2,Q2,wav2vec,speaker_independent,emotion_quadrant,logistic_regression,none,,
wav2vec_logistic_regression_emotion_quadrant_speaker_independent_none,03-01-05-01-01-01-12,2,Q2,Q2,wav2vec,speaker_independent,emotion_quadrant,logistic_regression,none,,
wav2vec_logistic_regression_emotion_quadrant_speaker_independent_none,03-01-05-01-01-01-17,2,Q2,Q2,wav2vec,speaker_independent,emotion_quadrant,logistic_regression,none,,
wav2vec_logistic_regression_emotion_quadrant_speaker_independent_none,03-01-05-01-01-02-07,2,Q2,Q2,wav2vec,speaker_independent,emotion_quadrant,logistic_regression,none,,
wav2vec_logistic_regression_emotion_quadrant_speaker_independent_none,03-01-05-01-01-02-10,2,Q2,Q3,wav2vec,speaker_independent,emotion_quadrant,logistic_regression,none,,
wav2vec_logistic_regression_emotion_quadrant_speaker_independent_none,03-01-05-01-01-02-12,2,Q2,Q2,wav2vec,speaker_independent,emotion_quadrant,logistic_regression,none,,
wav2vec_logistic_regression_emotion_quadrant_speaker_independent_none,03-01-05-01-01-02-17,2,Q2,Q2,wav2vec,speaker_independent,emotion_quadrant,logistic_regression,none,,
wav2vec_logistic_regression_emotion_quadrant_speaker_independent_none,03-01-05-01-02-01-07,2,Q2,Q2,wav2vec,speaker_independent,emotion_quadrant,logistic_regression,none,,
wav2vec_logistic_regression_emotion_quadrant_speaker_independent_none,03-01-05-01-02-01-10,2,Q2,Q2,wav2vec,speaker_independent,emotion_quadrant,logistic_regression,none,,
wav2vec_logistic_regression_emotion_quadrant_speaker_independent_none,03-01-05-01-02-01-12,2,Q2,Q1,wav2vec,speaker_independent,emotion_quadrant,logistic_regression,none,,
wav2vec_logistic_regression_emotion_quadrant_speaker_independent_none,03-01-05-01-02-01-17,2,Q2,Q2,wav2vec,speaker_independent,emotion_quadrant,logistic_regression,none,,
wav2vec_logistic_regression_emotion_quadrant_speaker_independent_none,03-01-05-01-02-02-07,2,Q2,Q2,wav2vec,speaker_independent,emotion_quadrant,logistic_regression,none,,
wav2vec_logistic_regression_emotion_quadrant_speaker_independent_none,03-01-05-01-02-02-10,2,Q2,Q2,wav2vec,speaker_independent,emotion_quadrant,logistic_regression,none,,
wav2vec_logistic_regression_emotion_quadrant_speaker_independent_none,03-01-05-01-02-02-12,2,Q2,Q2,wav2vec,speaker_independent,emotion_quadrant,logistic_regression,none,,
wav2vec_logistic_regression_emotion_quadrant_speaker_independent_none,03-01-05-01-02-02-17,2,Q2,Q2,wav2vec,speaker_independent,emotion_quadrant,logistic_regression,none,,
wav2vec_logistic_regression_emotion_quadrant_speaker_independent_none,03-01-05-02-01-01-12,2,Q2,Q2,wav2vec,speaker_independent,emotion_quadrant,logistic_regression,none,,
wav2vec_logistic_regression_emotion_quadrant_speaker_independent_none,03-01-05-02-01-02-12,2,Q2,Q2,wav2vec,speaker_independent,emotion_quadrant,logistic_regression,none,,
wav2vec_logistic_regression_emotion_quadrant_speaker_independent_none,03-01-05-02-02-01-07,2,Q2,Q2,wav2vec,speaker_independent,emotion_quadrant,logistic_regression,none,,
wav2vec_logistic_regression_emotion_quadrant_speaker_independent_none,03-01-05-02-02-01-10,2,Q2,Q2,wav2vec,speaker_independent,emotion_quadrant,logistic_regression,none,,
wav2vec_logistic_regression_emotion_quadrant_speaker_independent_none,03-01-05-02-02-01-12,2,Q2,Q2,wav2vec,speaker_independent,emotion_quadrant,logistic_regression,none,,
wav2vec_logistic_regression_emotion_quadrant_speaker_independent_none,03-01-05-02-02-01-17,2,Q2,Q2,wav2vec,speaker_independent,emotion_quadrant,logistic_regression,none,,
wav2vec_logistic_regression_emotion_quadrant_speaker_independent_none,03-01-05-02-02-02-07,2,Q2,Q2,wav2vec,speaker_independent,emotion_quadrant,logistic_regression,none,,
wav2vec_logistic_regression_emotion_quadrant_speaker_independent_none,03-01-05-02-02-02-10,2,Q2,Q2,wav2vec,speaker_independent,emotion_quadrant,logistic_regression,none,,
wav2vec_logistic_regression_emotion_quadrant_speaker_independent_none,03-01-05-02-02-02-12,2,Q2,Q2,wav2vec,speaker_independent,emotion_quadrant,logistic_regression,none,,
wav2vec_logistic_regression_emotion_quadrant_speaker_independent_none,03-01-05-02-02-02-17,2,Q2,Q2,wav2vec,speaker_independent,emotion_quadrant,logistic_regression,none,,
wav2vec_logistic_regression_emotion_quadrant_speaker_independent_none,03-01-06-01-01-01-07,2,Q2,Q2,wav2vec,speaker_independent,emotion_quadrant,logistic_regression,none,,
wav2vec_logistic_regression_emotion_quadrant_speaker_independent_none,03-01-06-01-01-01-10,2,Q2,Q3,wav2vec,speaker_independent,emotion_quadrant,logistic_regression,none,,
wav2vec_logistic_regression_emotion_quadrant_speaker_independent_none,03-01-06-01-01-01-12,2,Q2,Q2,wav2vec,speaker_independent,emotion_quadrant,logistic_regression,none,,
wav2vec_logistic_regression_emotion_quadrant_speaker_independent_none,03-01-06-01-01-02-07,2,Q2,Q2,wav2vec,speaker_independent,emotion_quadrant,logistic_regression,none,,
wav2vec_logistic_regression_emotion_quadrant_speaker_independent_none,03-01-06-01-01-02-10,2,Q2,Q1,wav2vec,speaker_independent,emotion_quadrant,logistic_regression,none,,
wav2vec_logistic_regression_emotion_quadrant_speaker_independent_none,03-01-06-01-01-02-12,2,Q2,Q2,wav2vec,speaker_independent,emotion_quadrant,logistic_regression,none,,
wav2vec_logistic_regression_emotion_quadrant_speaker_independent_none,03-01-06-01-02-01-07,2,Q2,Q3,wav2vec,speaker_independent,emotion_quadrant,logistic_regression,none,,
wav2vec_logistic_regression_emotion_quadrant_speaker_independent_none,03-01-06-01-02-01-17,2,Q2,Q2,wav2vec,speaker_independent,emotion_quadrant,logistic_regression,none,,
wav2vec_logistic_regression_emotion_quadrant_speaker_independent_none,03-01-06-01-02-02-07,2,Q2,Q1,wav2vec,speaker_independent,emotion_quadrant,logistic_regression,none,,
wav2vec_logistic_regression_emotion_quadrant_speaker_independent_none,03-01-06-01-02-02-17,2,Q2,Q2,wav2vec,speaker_independent,emotion_quadrant,logistic_regression,none,,
wav2vec_logistic_regression_emotion_quadrant_speaker_independent_none,03-01-06-02-01-01-07,2,Q2,Q2,wav2vec,speaker_independent,emotion_quadrant,logistic_regression,none,,
wav2vec_logistic_regression_emotion_quadrant_speaker_independent_none,03-01-06-02-01-01-10,2,Q2,Q2,wav2vec,speaker_independent,emotion_quadrant,logistic_regression,none,,
wav2vec_logistic_regression_emotion_quadrant_speaker_independent_none,03-01-06-02-01-01-12,2,Q2,Q1,wav2vec,speaker_independent,emotion_quadrant,logistic_regression,none,,
wav2vec_logistic_regression_emotion_quadrant_speaker_independent_none,03-01-06-02-01-01-17,2,Q2,Q2,wav2vec,speaker_independent,emotion_quadrant,logistic_regression,none,,
wav2vec_logistic_regression_emotion_quadrant_speaker_independent_none,03-01-06-02-01-02-07,2,Q2,Q2,wav2vec,speaker_independent,emotion_quadrant,logistic_regression,none,,
wav2vec_logistic_regression_emotion_quadrant_speaker_independent_none,03-01-06-02-01-02-10,2,Q2,Q3,wav2vec,speaker_independent,emotion_quadrant,logistic_regression,none,,
wav2vec_logistic_regression_emotion_quadrant_speaker_independent_none,03-01-06-02-01-02-12,2,Q2,Q1,wav2vec,speaker_independent,emotion_quadrant,logistic_regression,none,,
wav2vec_logistic_regression_emotion_quadrant_speaker_independent_none,03-01-06-02-01-02-17,2,Q2,Q2,wav2vec,speaker_independent,emotion_quadrant,logistic_regression,none,,
wav2vec_logistic_regression_emotion_quadrant_speaker_independent_none,03-01-06-02-02-01-07,2,Q2,Q2,wav2vec,speaker_independent,emotion_quadrant,logistic_regression,none,,
wav2vec_logistic_regression_emotion_quadrant_speaker_independent_none,03-01-06-02-02-01-10,2,Q2,Q3,wav2vec,speaker_independent,emotion_quadrant,logistic_regression,none,,
wav2vec_logistic_regression_emotion_quadrant_speaker_independent_none,03-01-06-02-02-01-12,2,Q2,Q2,wav2vec,speaker_independent,emotion_quadrant,logistic_regression,none,,
wav2vec_logistic_regression_emotion_quadrant_speaker_independent_none,03-01-06-02-02-01-17,2,Q2,Q2,wav2vec,speaker_independent,emotion_quadrant,logistic_regression,none,,
wav2vec_logistic_regression_emotion_quadrant_speaker_independent_none,03-01-06-02-02-02-07,2,Q2,Q1,wav2vec,speaker_independent,emotion_quadrant,logistic_regression,none,,
wav2vec_logistic_regression_emotion_quadrant_speaker_independent_none,03-01-06-02-02-02-10,2,Q2,Q1,wav2vec,speaker_independent,emotion_quadrant,logistic_regression,none,,
wav2vec_logistic_regression_emotion_quadrant_speaker_independent_none,03-01-06-02-02-02-12,2,Q2,Q2,wav2vec,speaker_independent,emotion_quadrant,logistic_regression,none,,
wav2vec_logistic_regression_emotion_quadrant_speaker_independent_none,03-01-06-02-02-02-17,2,Q2,Q2,wav2vec,speaker_independent,emotion_quadrant,logistic_regression,none,,
wav2vec_logistic_regression_emotion_quadrant_speaker_independent_none,03-01-07-01-01-01-10,2,Q2,Q3,wav2vec,speaker_independent,emotion_quadrant,logistic_regression,none,,
wav2vec_logistic_regression_emotion_quadrant_speaker_independent_none,03-01-07-01-01-01-12,2,Q2,Q4,wav2vec,speaker_independent,emotion_quadrant,logistic_regression,none,,
wav2vec_logistic_regression_emotion_quadrant_speaker_independent_none,03-01-07-01-01-01-17,2,Q2,Q2,wav2vec,speaker_independent,emotion_quadrant,logistic_regression,none,,
wav2vec_logistic_regression_emotion_quadrant_speaker_independent_none,03-01-07-01-01-02-10,2,Q2,Q1,wav2vec,speaker_independent,emotion_quadrant,logistic_regression,none,,
wav2vec_logistic_regression_emotion_quadrant_speaker_independent_none,03-01-07-01-01-02-12,2,Q2,Q2,wav2vec,speaker_independent,emotion_quadrant,logistic_regression,none,,
wav2vec_logistic_regression_emotion_quadrant_speaker_independent_none,03-01-07-01-01-02-17,2,Q2,Q1,wav2vec,speaker_independent,emotion_quadrant,logistic_regression,none,,
wav2vec_logistic_regression_emotion_quadrant_speaker_independent_none,03-01-07-01-02-01-07,2,Q2,Q4,wav2vec,speaker_independent,emotion_quadrant,logistic_regression,none,,
wav2vec_logistic_regression_emotion_quadrant_speaker_independent_none,03-01-07-01-02-01-17,2,Q2,Q2,wav2vec,speaker_independent,emotion_quadrant,logistic_regression,none,,
wav2vec_logistic_regression_emotion_quadrant_speaker_independent_none,03-01-07-01-02-02-07,2,Q2,Q2,wav2vec,speaker_independent,emotion_quadrant,logistic_regression,none,,
wav2vec_logistic_regression_emotion_quadrant_speaker_independent_none,03-01-07-01-02-02-17,2,Q2,Q2,wav2vec,speaker_independent,emotion_quadrant,logistic_regression,none,,
wav2vec_logistic_regression_emotion_quadrant_speaker_independent_none,03-01-07-02-01-01-10,2,Q2,Q2,wav2vec,speaker_independent,emotion_quadrant,logistic_regression,none,,
wav2vec_logistic_regression_emotion_quadrant_speaker_independent_none,03-01-07-02-01-01-12,2,Q2,Q2,wav2vec,speaker_independent,emotion_quadrant,logistic_regression,none,,
wav2vec_logistic_regression_emotion_quadrant_speaker_independent_none,03-01-07-02-01-01-17,2,Q2,Q2,wav2vec,speaker_independent,emotion_quadrant,logistic_regression,none,,
wav2vec_logistic_regression_emotion_quadrant_speaker_independent_none,03-01-07-02-01-02-10,2,Q2,Q2,wav2vec,speaker_independent,emotion_quadrant,logistic_regression,none,,
wav2vec_logistic_regression_emotion_quadrant_speaker_independent_none,03-01-07-02-01-02-12,2,Q2,Q2,wav2vec,speaker_independent,emotion_quadrant,logistic_regression,none,,
wav2vec_logistic_regression_emotion_quadrant_speaker_independent_none,03-01-07-02-01-02-17,2,Q2,Q2,wav2vec,speaker_independent,emotion_quadrant,logistic_regression,none,,
wav2vec_logistic_regression_emotion_quadrant_speaker_independent_none,03-01-07-02-02-01-07,2,Q2,Q2,wav2vec,speaker_independent,emotion_quadrant,logistic_regression,none,,
wav2vec_logistic_regression_emotion_quadrant_speaker_independent_none,03-01-07-02-02-01-10,2,Q2,Q1,wav2vec,speaker_independent,emotion_quadrant,logistic_regression,none,,
wav2vec_logistic_regression_emotion_quadrant_speaker_independent_none,03-01-07-02-02-01-12,2,Q2,Q1,wav2vec,speaker_independent,emotion_quadrant,logistic_regression,none,,
wav2vec_logistic_regression_emotion_quadrant_speaker_independent_none,03-01-07-02-02-01-17,2,Q2,Q2,wav2vec,speaker_independent,emotion_quadrant,logistic_regression,none,,
wav2vec_logistic_regression_emotion_quadrant_speaker_independent_none,03-01-07-02-02-02-07,2,Q2,Q2,wav2vec,speaker_independent,emotion_quadrant,logistic_regression,none,,
wav2vec_logistic_regression_emotion_quadrant_speaker_independent_none,03-01-07-02-02-02-10,2,Q2,Q2,wav2vec,speaker_independent,emotion_quadrant,logistic_regression,none,,
wav2vec_logistic_regression_emotion_quadrant_speaker_independent_none,03-01-07-02-02-02-12,2,Q2,Q2,wav2vec,speaker_independent,emotion_quadrant,logistic_regression,none,,
wav2vec_logistic_regression_emotion_quadrant_speaker_independent_none,03-01-07-02-02-02-17,2,Q2,Q3,wav2vec,speaker_independent,emotion_quadrant,logistic_regression,none,,
wav2vec_logistic_regression_emotion_quadrant_speaker_independent_none,03-01-08-01-01-01-07,2,Q1,Q2,wav2vec,speaker_independent,emotion_quadrant,logistic_regression,none,,
wav2vec_logistic_regression_emotion_quadrant_speaker_independent_none,03-01-08-01-01-01-12,2,Q1,Q1,wav2vec,speaker_independent,emotion_quadrant,logistic_regression,none,,
wav2vec_logistic_regression_emotion_quadrant_speaker_independent_none,03-01-08-01-01-01-17,2,Q1,Q1,wav2vec,speaker_independent,emotion_quadrant,logistic_regression,none,,
wav2vec_logistic_regression_emotion_quadrant_speaker_independent_none,03-01-08-01-01-02-07,2,Q1,Q2,wav2vec,speaker_independent,emotion_quadrant,logistic_regression,none,,
wav2vec_logistic_regression_emotion_quadrant_speaker_independent_none,03-01-08-01-01-02-12,2,Q1,Q1,wav2vec,speaker_independent,emotion_quadrant,logistic_regression,none,,
wav2vec_logistic_regression_emotion_quadrant_speaker_independent_none,03-01-08-01-01-02-17,2,Q1,Q2,wav2vec,speaker_independent,emotion_quadrant,logistic_regression,none,,
wav2vec_logistic_regression_emotion_quadrant_speaker_independent_none,03-01-08-01-02-01-07,2,Q1,Q4,wav2vec,speaker_independent,emotion_quadrant,logistic_regression,none,,
wav2vec_logistic_regression_emotion_quadrant_speaker_independent_none,03-01-08-01-02-01-10,2,Q1,Q1,wav2vec,speaker_independent,emotion_quadrant,logistic_regression,none,,
wav2vec_logistic_regression_emotion_quadrant_speaker_independent_none,03-01-08-01-02-01-12,2,Q1,Q1,wav2vec,speaker_independent,emotion_quadrant,logistic_regression,none,,
wav2vec_logistic_regression_emotion_quadrant_speaker_independent_none,03-01-08-01-02-01-17,2,Q1,Q3,wav2vec,speaker_independent,emotion_quadrant,logistic_regression,none,,
wav2vec_logistic_regression_emotion_quadrant_speaker_independent_none,03-01-08-01-02-02-07,2,Q1,Q2,wav2vec,speaker_independent,emotion_quadrant,logistic_regression,none,,
wav2vec_logistic_regression_emotion_quadrant_speaker_independent_none,03-01-08-01-02-02-10,2,Q1,Q3,wav2vec,speaker_independent,emotion_quadrant,logistic_regression,none,,
wav2vec_logistic_regression_emotion_quadrant_speaker_independent_none,03-01-08-01-02-02-12,2,Q1,Q1,wav2vec,speaker_independent,emotion_quadrant,logistic_regression,none,,
wav2vec_logistic_regression_emotion_quadrant_speaker_independent_none,03-01-08-01-02-02-17,2,Q1,Q1,wav2vec,speaker_independent,emotion_quadrant,logistic_regression,none,,
wav2vec_logistic_regression_emotion_quadrant_speaker_independent_none,03-01-08-02-01-01-07,2,Q1,Q2,wav2vec,speaker_independent,emotion_quadrant,logistic_regression,none,,
wav2vec_logistic_regression_emotion_quadrant_speaker_independent_none,03-01-08-02-01-01-10,2,Q1,Q1,wav2vec,speaker_independent,emotion_quadrant,logistic_regression,none,,
wav2vec_logistic_regression_emotion_quadrant_speaker_independent_none,03-01-08-02-01-01-12,2,Q1,Q1,wav2vec,speaker_independent,emotion_quadrant,logistic_regression,none,,
wav2vec_logistic_regression_emotion_quadrant_speaker_independent_none,03-01-08-02-01-02-07,2,Q1,Q2,wav2vec,speaker_independent,emotion_quadrant,logistic_regression,none,,
wav2vec_logistic_regression_emotion_quadrant_speaker_independent_none,03-01-08-02-01-02-10,2,Q1,Q1,wav2vec,speaker_independent,emotion_quadrant,logistic_regression,none,,
wav2vec_logistic_regression_emotion_quadrant_speaker_independent_none,03-01-08-02-01-02-12,2,Q1,Q1,wav2vec,speaker_independent,emotion_quadrant,logistic_regression,none,,
wav2vec_logistic_regression_emotion_quadrant_speaker_independent_none,03-01-08-02-02-01-07,2,Q1,Q1,wav2vec,speaker_independent,emotion_quadrant,logistic_regression,none,,
wav2vec_logistic_regression_emotion_quadrant_speaker_independent_none,03-01-08-02-02-01-10,2,Q1,Q1,wav2vec,speaker_independent,emotion_quadrant,logistic_regression,none,,
wav2vec_logistic_regression_emotion_quadrant_speaker_independent_none,03-01-08-02-02-01-17,2,Q1,Q2,wav2vec,speaker_independent,emotion_quadrant,logistic_regression,none,,
wav2vec_logistic_regression_emotion_quadrant_speaker_independent_none,03-01-08-02-02-02-07,2,Q1,Q1,wav2vec,speaker_independent,emotion_quadrant,logistic_regression,none,,
wav2vec_logistic_regression_emotion_quadrant_speaker_independent_none,03-01-08-02-02-02-10,2,Q1,Q1,wav2vec,speaker_independent,emotion_quadrant,logistic_regression,none,,
wav2vec_logistic_regression_emotion_quadrant_speaker_independent_none,03-01-08-02-02-02-17,2,Q1,Q3,wav2vec,speaker_independent,emotion_quadrant,logistic_regression,none,,
wav2vec_logistic_regression_emotion_quadrant_speaker_independent_none,03-01-01-01-01-01-08,3,Q4,Q4,wav2vec,speaker_independent,emotion_quadrant,logistic_regression,none,,
wav2vec_logistic_regression_emotion_quadrant_speaker_independent_none,03-01-01-01-01-01-11,3,Q4,Q3,wav2vec,speaker_independent,emotion_quadrant,logistic_regression,none,,
wav2vec_logistic_regression_emotion_quadrant_speaker_independent_none,03-01-01-01-01-01-20,3,Q4,Q1,wav2vec,speaker_independent,emotion_quadrant,logistic_regression,none,,
wav2vec_logistic_regression_emotion_quadrant_speaker_independent_none,03-01-01-01-01-02-08,3,Q4,Q4,wav2vec,speaker_independent,emotion_quadrant,logistic_regression,none,,
wav2vec_logistic_regression_emotion_quadrant_speaker_independent_none,03-01-01-01-01-02-11,3,Q4,Q4,wav2vec,speaker_independent,emotion_quadrant,logistic_regression,none,,
wav2vec_logistic_regression_emotion_quadrant_speaker_independent_none,03-01-01-01-01-02-20,3,Q4,Q1,wav2vec,speaker_independent,emotion_quadrant,logistic_regression,none,,
wav2vec_logistic_regression_emotion_quadrant_speaker_independent_none,03-01-01-01-02-01-08,3,Q4,Q1,wav2vec,speaker_independent,emotion_quadrant,logistic_regression,none,,
wav2vec_logistic_regression_emotion_quadrant_speaker_independent_none,03-01-01-01-02-01-11,3,Q4,Q3,wav2vec,speaker_independent,emotion_quadrant,logistic_regression,none,,
wav2vec_logistic_regression_emotion_quadrant_speaker_independent_none,03-01-01-01-02-01-20,3,Q4,Q4,wav2vec,speaker_independent,emotion_quadrant,logistic_regression,none,,
wav2vec_logistic_regression_emotion_quadrant_speaker_independent_none,03-01-01-01-02-02-08,3,Q4,Q4,wav2vec,speaker_independent,emotion_quadrant,logistic_regression,none,,
wav2vec_logistic_regression_emotion_quadrant_speaker_independent_none,03-01-01-01-02-02-11,3,Q4,Q2,wav2vec,speaker_independent,emotion_quadrant,logistic_regression,none,,
wav2vec_logistic_regression_emotion_quadrant_speaker_independent_none,03-01-01-01-02-02-20,3,Q4,Q4,wav2vec,speaker_independent,emotion_quadrant,logistic_regression,none,,
wav2vec_logistic_regression_emotion_quadrant_speaker_independent_none,03-01-02-01-01-01-08,3,Q4,Q4,wav2vec,speaker_independent,emotion_quadrant,logistic_regression,none,,
wav2vec_logistic_regression_emotion_quadrant_speaker_independent_none,03-01-02-01-01-01-11,3,Q4,Q1,wav2vec,speaker_independent,emotion_quadrant,logistic_regression,none,,
wav2vec_logistic_regression_emotion_quadrant_speaker_independent_none,03-01-02-01-01-01-20,3,Q4,Q4,wav2vec,speaker_independent,emotion_quadrant,logistic_regression,none,,
wav2vec_logistic_regression_emotion_quadrant_speaker_independent_none,03-01-02-01-01-02-08,3,Q4,Q4,wav2vec,speaker_independent,emotion_quadrant,logistic_regression,none,,
wav2vec_logistic_regression_emotion_quadrant_speaker_independent_none,03-01-02-01-01-02-11,3,Q4,Q4,wav2vec,speaker_independent,emotion_quadrant,logistic_regression,none,,
wav2vec_logistic_regression_emotion_quadrant_speaker_independent_none,03-01-02-01-01-02-20,3,Q4,Q4,wav2vec,speaker_independent,emotion_quadrant,logistic_regression,none,,
wav2vec_logistic_regression_emotion_quadrant_speaker_independent_none,03-01-02-01-02-01-08,3,Q4,Q4,wav2vec,speaker_independent,emotion_quadrant,logistic_regression,none,,
wav2vec_logistic_regression_emotion_quadrant_speaker_independent_none,03-01-02-01-02-01-11,3,Q4,Q4,wav2vec,speaker_independent,emotion_quadrant,logistic_regression,none,,
wav2vec_logistic_regression_emotion_quadrant_speaker_independent_none,03-01-02-01-02-01-20,3,Q4,Q4,wav2vec,speaker_independent,emotion_quadrant,logistic_regression,none,,
wav2vec_logistic_regression_emotion_quadrant_speaker_independent_none,03-01-02-01-02-02-08,3,Q4,Q1,wav2vec,speaker_independent,emotion_quadrant,logistic_regression,none,,
wav2vec_logistic_regression_emotion_quadrant_speaker_independent_none,03-01-02-01-02-02-11,3,Q4,Q2,wav2vec,speaker_independent,emotion_quadrant,logistic_regression,none,,
wav2vec_logistic_regression_emotion_quadrant_speaker_independent_none,03-01-02-01-02-02-20,3,Q4,Q4,wav2vec,speaker_independent,emotion_quadrant,logistic_regression,none,,
wav2vec_logistic_regression_emotion_quadrant_speaker_independent_none,03-01-02-02-01-01-08,3,Q4,Q4,wav2vec,speaker_independent,emotion_quadrant,logistic_regression,none,,
wav2vec_logistic_regression_emotion_quadrant_speaker_independent_none,03-01-02-02-01-01-11,3,Q4,Q4,wav2vec,speaker_independent,emotion_quadrant,logistic_regression,none,,
wav2vec_logistic_regression_emotion_quadrant_speaker_independent_none,03-01-02-02-01-01-20,3,Q4,Q4,wav2vec,speaker_independent,emotion_quadrant,logistic_regression,none,,
wav2vec_logistic_regression_emotion_quadrant_speaker_independent_none,03-01-02-02-01-02-08,3,Q4,Q1,wav2vec,speaker_independent,emotion_quadrant,logistic_regression,none,,
wav2vec_logistic_regression_emotion_quadrant_speaker_independent_none,03-01-02-02-01-02-11,3,Q4,Q4,wav2vec,speaker_independent,emotion_quadrant,logistic_regression,none,,
wav2vec_logistic_regression_emotion_quadrant_speaker_independent_none,03-01-02-02-01-02-20,3,Q4,Q4,wav2vec,speaker_independent,emotion_quadrant,logistic_regression,none,,
wav2vec_logistic_regression_emotion_quadrant_speaker_independent_none,03-01-02-02-02-01-08,3,Q4,Q4,wav2vec,speaker_independent,emotion_quadrant,logistic_regression,none,,
wav2vec_logistic_regression_emotion_quadrant_speaker_independent_none,03-01-02-02-02-01-20,3,Q4,Q4,wav2vec,speaker_independent,emotion_quadrant,logistic_regression,none,,
wav2vec_logistic_regression_emotion_quadrant_speaker_independent_none,03-01-02-02-02-02-08,3,Q4,Q4,wav2vec,speaker_independent,emotion_quadrant,logistic_regression,none,,
wav2vec_logistic_regression_emotion_quadrant_speaker_independent_none,03-01-02-02-02-02-20,3,Q4,Q4,wav2vec,speaker_independent,emotion_quadrant,logistic_regression,none,,
wav2vec_logistic_regression_emotion_quadrant_speaker_independent_none,03-01-03-01-01-01-08,3,Q1,Q1,wav2vec,speaker_independent,emotion_quadrant,logistic_regression,none,,
wav2vec_logistic_regression_emotion_quadrant_speaker_independent_none,03-01-03-01-01-01-20,3,Q1,Q1,wav2vec,speaker_independent,emotion_quadrant,logistic_regression,none,,
wav2vec_logistic_regression_emotion_quadrant_speaker_independent_none,03-01-03-01-01-02-08,3,Q1,Q1,wav2vec,speaker_independent,emotion_quadrant,logistic_regression,none,,
wav2vec_logistic_regression_emotion_quadrant_speaker_independent_none,03-01-03-01-01-02-20,3,Q1,Q1,wav2vec,speaker_independent,emotion_quadrant,logistic_regression,none,,
wav2vec_logistic_regression_emotion_quadrant_speaker_independent_none,03-01-03-01-02-01-08,3,Q1,Q1,wav2vec,speaker_independent,emotion_quadrant,logistic_regression,none,,
wav2vec_logistic_regression_emotion_quadrant_speaker_independent_none,03-01-03-01-02-01-11,3,Q1,Q1,wav2vec,speaker_independent,emotion_quadrant,logistic_regression,none,,
wav2vec_logistic_regression_emotion_quadrant_speaker_independent_none,03-01-03-01-02-01-20,3,Q1,Q2,wav2vec,speaker_independent,emotion_quadrant,logistic_regression,none,,
wav2vec_logistic_regression_emotion_quadrant_speaker_independent_none,03-01-03-01-02-02-08,3,Q1,Q1,wav2vec,speaker_independent,emotion_quadrant,logistic_regression,none,,
wav2vec_logistic_regression_emotion_quadrant_speaker_independent_none,03-01-03-01-02-02-11,3,Q1,Q1,wav2vec,speaker_independent,emotion_quadrant,logistic_regression,none,,
wav2vec_logistic_regression_emotion_quadrant_speaker_independent_none,03-01-03-01-02-02-20,3,Q1,Q1,wav2vec,speaker_independent,emotion_quadrant,logistic_regression,none,,
wav2vec_logistic_regression_emotion_quadrant_speaker_independent_none,03-01-03-02-01-01-08,3,Q1,Q1,wav2vec,speaker_independent,emotion_quadrant,logistic_regression,none,,
wav2vec_logistic_regression_emotion_quadrant_speaker_independent_none,03-01-03-02-01-01-11,3,Q1,Q1,wav2vec,speaker_independent,emotion_quadrant,logistic_regression,none,,
wav2vec_logistic_regression_emotion_quadrant_speaker_independent_none,03-01-03-02-01-02-08,3,Q1,Q1,wav2vec,speaker_independent,emotion_quadrant,logistic_regression,none,,
wav2vec_logistic_regression_emotion_quadrant_speaker_independent_none,03-01-03-02-01-02-11,3,Q1,Q1,wav2vec,speaker_independent,emotion_quadrant,logistic_regression,none,,
wav2vec_logistic_regression_emotion_quadrant_speaker_independent_none,03-01-03-02-02-01-11,3,Q1,Q2,wav2vec,speaker_independent,emotion_quadrant,logistic_regression,none,,
wav2vec_logistic_regression_emotion_quadrant_speaker_independent_none,03-01-03-02-02-01-20,3,Q1,Q1,wav2vec,speaker_independent,emotion_quadrant,logistic_regression,none,,
wav2vec_logistic_regression_emotion_quadrant_speaker_independent_none,03-01-03-02-02-02-11,3,Q1,Q1,wav2vec,speaker_independent,emotion_quadrant,logistic_regression,none,,
wav2vec_logistic_regression_emotion_quadrant_speaker_independent_none,03-01-03-02-02-02-20,3,Q1,Q2,wav2vec,speaker_independent,emotion_quadrant,logistic_regression,none,,
wav2vec_logistic_regression_emotion_quadrant_speaker_independent_none,03-01-04-01-01-01-08,3,Q3,Q4,wav2vec,speaker_independent,emotion_quadrant,logistic_regression,none,,
wav2vec_logistic_regression_emotion_quadrant_speaker_independent_none,03-01-04-01-01-01-11,3,Q3,Q3,wav2vec,speaker_independent,emotion_quadrant,logistic_regression,none,,
wav2vec_logistic_regression_emotion_quadrant_speaker_independent_none,03-01-04-01-01-02-08,3,Q3,Q4,wav2vec,speaker_independent,emotion_quadrant,logistic_regression,none,,
wav2vec_logistic_regression_emotion_quadrant_speaker_independent_none,03-01-04-01-01-02-11,3,Q3,Q4,wav2vec,speaker_independent,emotion_quadrant,logistic_regression,none,,
wav2vec_logistic_regression_emotion_quadrant_speaker_independent_none,03-01-04-01-02-01-08,3,Q3,Q3,wav2vec,speaker_independent,emotion_quadrant,logistic_regression,none,,
wav2vec_logistic_regression_emotion_quadrant_speaker_independent_none,03-01-04-01-02-01-11,3,Q3,Q3,wav2vec,speaker_independent,emotion_quadrant,logistic_regression,none,,
wav2vec_logistic_regression_emotion_quadrant_speaker_independent_none,03-01-04-01-02-01-20,3,Q3,Q2,wav2vec,speaker_independent,emotion_quadrant,logistic_regression,none,,
wav2vec_logistic_regression_emotion_quadrant_speaker_independent_none,03-01-04-01-02-02-08,3,Q3,Q3,wav2vec,speaker_independent,emotion_quadrant,logistic_regression,none,,
wav2vec_logistic_regression_emotion_quadrant_speaker_independent_none,03-01-04-01-02-02-11,3,Q3,Q4,wav2vec,speaker_independent,emotion_quadrant,logistic_regression,none,,
wav2vec_logistic_regression_emotion_quadrant_speaker_independent_none,03-01-04-01-02-02-20,3,Q3,Q1,wav2vec,speaker_independent,emotion_quadrant,logistic_regression,none,,
wav2vec_logistic_regression_emotion_quadrant_speaker_independent_none,03-01-04-02-01-01-08,3,Q3,Q3,wav2vec,speaker_independent,emotion_quadrant,logistic_regression,none,,
wav2vec_logistic_regression_emotion_quadrant_speaker_independent_none,03-01-04-02-01-01-20,3,Q3,Q3,wav2vec,speaker_independent,emotion_quadrant,logistic_regression,none,,
wav2vec_logistic_regression_emotion_quadrant_speaker_independent_none,03-01-04-02-01-02-08,3,Q3,Q3,wav2vec,speaker_independent,emotion_quadrant,logistic_regression,none,,
wav2vec_logistic_regression_emotion_quadrant_speaker_independent_none,03-01-04-02-01-02-20,3,Q3,Q3,wav2vec,speaker_independent,emotion_quadrant,logistic_regression,none,,
wav2vec_logistic_regression_emotion_quadrant_speaker_independent_none,03-01-04-02-02-01-08,3,Q3,Q3,wav2vec,speaker_independent,emotion_quadrant,logistic_regression,none,,
wav2vec_logistic_regression_emotion_quadrant_speaker_independent_none,03-01-04-02-02-01-11,3,Q3,Q1,wav2vec,speaker_independent,emotion_quadrant,logistic_regression,none,,
wav2vec_logistic_regression_emotion_quadrant_speaker_independent_none,03-01-04-02-02-01-20,3,Q3,Q3,wav2vec,speaker_independent,emotion_quadrant,logistic_regression,none,,
wav2vec_logistic_regression_emotion_quadrant_speaker_independent_none,03-01-04-02-02-02-08,3,Q3,Q3,wav2vec,speaker_independent,emotion_quadrant,logistic_regression,none,,
wav2vec_logistic_regression_emotion_quadrant_speaker_independent_none,03-01-04-02-02-02-11,3,Q3,Q3,wav2vec,speaker_independent,emotion_quadrant,logistic_regression,none,,
wav2vec_logistic_regression_emotion_quadrant_speaker_independent_none,03-01-04-02-02-02-20,3,Q3,Q3,wav2vec,speaker_independent,emotion_quadrant,logistic_regression,none,,
wav2vec_logistic_regression_emotion_quadrant_speaker_independent_none,03-01-05-01-01-01-08,3,Q2,Q2,wav2vec,speaker_independent,emotion_quadrant,logistic_regression,none,,
wav2vec_logistic_regression_emotion_quadrant_speaker_independent_none,03-01-05-01-01-01-11,3,Q2,Q2,wav2vec,speaker_independent,emotion_quadrant,logistic_regression,none,,
wav2vec_logistic_regression_emotion_quadrant_speaker_independent_none,03-01-05-01-01-01-20,3,Q2,Q1,wav2vec,speaker_independent,emotion_quadrant,logistic_regression,none,,
wav2vec_logistic_regression_emotion_quadrant_speaker_independent_none,03-01-05-01-01-02-08,3,Q2,Q3,wav2vec,speaker_independent,emotion_quadrant,logistic_regression,none,,
wav2vec_logistic_regression_emotion_quadrant_speaker_independent_none,03-01-05-01-01-02-11,3,Q2,Q2,wav2vec,speaker_independent,emotion_quadrant,logistic_regression,none,,
wav2vec_logistic_regression_emotion_quadrant_speaker_independent_none,03-01-05-01-01-02-20,3,Q2,Q1,wav2vec,speaker_independent,emotion_quadrant,logistic_regression,none,,
wav2vec_logistic_regression_emotion_quadrant_speaker_independent_none,03-01-05-01-02-01-11,3,Q2,Q2,wav2vec,speaker_independent,emotion_quadrant,logistic_regression,none,,
wav2vec_logistic_regression_emotion_quadrant_speaker_independent_none,03-01-05-01-02-01-20,3,Q2,Q1,wav2vec,speaker_independent,emotion_quadrant,logistic_regression,none,,
wav2vec_logistic_regression_emotion_quadrant_speaker_independent_none,03-01-05-01-02-02-11,3,Q2,Q2,wav2vec,speaker_independent,emotion_quadrant,logistic_regression,none,,
wav2vec_logistic_regression_emotion_quadrant_speaker_independent_none,03-01-05-01-02-02-20,3,Q2,Q2,wav2vec,speaker_independent,emotion_quadrant,logistic_regression,none,,
wav2vec_logistic_regression_emotion_quadrant_speaker_independent_none,03-01-05-02-01-01-11,3,Q2,Q2,wav2vec,speaker_independent,emotion_quadrant,logistic_regression,none,,
wav2vec_logistic_regression_emotion_quadrant_speaker_independent_none,03-01-05-02-01-02-11,3,Q2,Q2,wav2vec,speaker_independent,emotion_quadrant,logistic_regression,none,,
wav2vec_logistic_regression_emotion_quadrant_speaker_independent_none,03-01-05-02-02-01-08,3,Q2,Q2,wav2vec,speaker_independent,emotion_quadrant,logistic_regression,none,,
wav2vec_logistic_regression_emotion_quadrant_speaker_independent_none,03-01-05-02-02-01-11,3,Q2,Q2,wav2vec,speaker_independent,emotion_quadrant,logistic_regression,none,,
wav2vec_logistic_regression_emotion_quadrant_speaker_independent_none,03-01-05-02-02-01-20,3,Q2,Q2,wav2vec,speaker_independent,emotion_quadrant,logistic_regression,none,,
wav2vec_logistic_regression_emotion_quadrant_speaker_independent_none,03-01-05-02-02-02-08,3,Q2,Q2,wav2vec,speaker_independent,emotion_quadrant,logistic_regression,none,,
wav2vec_logistic_regression_emotion_quadrant_speaker_independent_none,03-01-05-02-02-02-11,3,Q2,Q2,wav2vec,speaker_independent,emotion_quadrant,logistic_regression,none,,
wav2vec_logistic_regression_emotion_quadrant_speaker_independent_none,03-01-05-02-02-02-20,3,Q2,Q2,wav2vec,speaker_independent,emotion_quadrant,logistic_regression,none,,
wav2vec_logistic_regression_emotion_quadrant_speaker_independent_none,03-01-06-01-01-01-20,3,Q2,Q3,wav2vec,speaker_independent,emotion_quadrant,logistic_regression,none,,
wav2vec_logistic_regression_emotion_quadrant_speaker_independent_none,03-01-06-01-01-02-20,3,Q2,Q3,wav2vec,speaker_independent,emotion_quadrant,logistic_regression,none,,
wav2vec_logistic_regression_emotion_quadrant_speaker_independent_none,03-01-06-01-02-01-08,3,Q2,Q1,wav2vec,speaker_independent,emotion_quadrant,logistic_regression,none,,
wav2vec_logistic_regression_emotion_quadrant_speaker_independent_none,03-01-06-01-02-01-11,3,Q2,Q1,wav2vec,speaker_independent,emotion_quadrant,logistic_regression,none,,
wav2vec_logistic_regression_emotion_quadrant_speaker_independent_none,03-01-06-01-02-02-08,3,Q2,Q1,wav2vec,speaker_independent,emotion_quadrant,logistic_regression,none,,
wav2vec_logistic_regression_emotion_quadrant_speaker_independent_none,03-01-06-01-02-02-11,3,Q2,Q1,wav2vec,speaker_independent,emotion_quadrant,logistic_regression,none,,
wav2vec_logistic_regression_emotion_quadrant_speaker_independent_none,03-01-06-02-01-01-08,3,Q2,Q1,wav2vec,speaker_independent,emotion_quadrant,logistic_regression,none,,
wav2vec_logistic_regression_emotion_quadrant_speaker_independent_none,03-01-06-02-01-01-11,3,Q2,Q2,wav2vec,speaker_independent,emotion_quadrant,logistic_regression,none,,
wav2vec_logistic_regression_emotion_quadrant_speaker_independent_none,03-01-06-02-01-01-20,3,Q2,Q2,wav2vec,speaker_independent,emotion_quadrant,logistic_regression,none,,
wav2vec_logistic_regression_emotion_quadrant_speaker_independent_none,03-01-06-02-01-02-08,3,Q2,Q2,wav2vec,speaker_independent,emotion_quadrant,logistic_regression,none,,
wav2vec_logistic_regression_emotion_quadrant_speaker_independent_none,03-01-06-02-01-02-11,3,Q2,Q2,wav2vec,speaker_independent,emotion_quadrant,logistic_regression,none,,
wav2vec_logistic_regression_emotion_quadrant_speaker_independent_none,03-01-06-02-01-02-20,3,Q2,Q2,wav2vec,speaker_independent,emotion_quadrant,logistic_regression,none,,
wav2vec_logistic_regression_emotion_quadrant_speaker_independent_none,03-01-06-02-02-01-08,3,Q2,Q2,wav2vec,speaker_independent,emotion_quadrant,logistic_regression,none,,
wav2vec_logistic_regression_emotion_quadrant_speaker_independent_none,03-01-06-02-02-01-11,3,Q2,Q2,wav2vec,speaker_independent,emotion_quadrant,logistic_regression,none,,
wav2vec_logistic_regression_emotion_quadrant_speaker_independent_none,03-01-06-02-02-01-20,3,Q2,Q2,wav2vec,speaker_independent,emotion_quadrant,logistic_regression,none,,
wav2vec_logistic_regression_emotion_quadrant_speaker_independent_none,03-01-06-02-02-02-08,3,Q2,Q2,wav2vec,speaker_independent,emotion_quadrant,logistic_regression,none,,
wav2vec_logistic_regression_emotion_quadrant_speaker_independent_none,03-01-06-02-02-02-11,3,Q2,Q1,wav2vec,speaker_independent,emotion_quadrant,logistic_regression,none,,
wav2vec_logistic_regression_emotion_quadrant_speaker_independent_none,03-01-06-02-02-02-20,3,Q2,Q2,wav2vec,speaker_independent,emotion_quadrant,logistic_regression,none,,
wav2vec_logistic_regression_emotion_quadrant_speaker_independent_none,03-01-07-01-01-01-08,3,Q2,Q3,wav2vec,speaker_independent,emotion_quadrant,logistic_regression,none,,
wav2vec_logistic_regression_emotion_quadrant_speaker_independent_none,03-01-07-01-01-01-11,3,Q2,Q2,wav2vec,speaker_independent,emotion_quadrant,logistic_regression,none,,
wav2vec_logistic_regression_emotion_quadrant_speaker_independent_none,03-01-07-01-01-02-08,3,Q2,Q2,wav2vec,speaker_independent,emotion_quadrant,logistic_regression,none,,
wav2vec_logistic_regression_emotion_quadrant_speaker_independent_none,03-01-07-01-01-02-11,3,Q2,Q2,wav2vec,speaker_independent,emotion_quadrant,logistic_regression,none,,
wav2vec_logistic_regression_emotion_quadrant_speaker_independent_none,03-01-07-01-02-01-11,3,Q2,Q1,wav2vec,speaker_independent,emotion_quadrant,logistic_regression,none,,
wav2vec_logistic_regression_emotion_quadrant_speaker_independent_none,03-01-07-01-02-01-20,3,Q2,Q3,wav2vec,speaker_independent,emotion_quadrant,logistic_regression,none,,
wav2vec_logistic_regression_emotion_quadrant_speaker_independent_none,03-01-07-01-02-02-11,3,Q2,Q2,wav2vec,speaker_independent,emotion_quadrant,logistic_regression,none,,
wav2vec_logistic_regression_emotion_quadrant_speaker_independent_none,03-01-07-01-02-02-20,3,Q2,Q1,wav2vec,speaker_independent,emotion_quadrant,logistic_regression,none,,
wav2vec_logistic_regression_emotion_quadrant_speaker_independent_none,03-01-07-02-01-01-08,3,Q2,Q2,wav2vec,speaker_independent,emotion_quadrant,logistic_regression,none,,
wav2vec_logistic_regression_emotion_quadrant_speaker_independent_none,03-01-07-02-01-01-11,3,Q2,Q1,wav2vec,speaker_independent,emotion_quadrant,logistic_regression,none,,
wav2vec_logistic_regression_emotion_quadrant_speaker_independent_none,03-01-07-02-01-01-20,3,Q2,Q2,wav2vec,speaker_independent,emotion_quadrant,logistic_regression,none,,
wav2vec_logistic_regression_emotion_quadrant_speaker_independent_none,03-01-07-02-01-02-08,3,Q2,Q1,wav2vec,speaker_independent,emotion_quadrant,logistic_regression,none,,
wav2vec_logistic_regression_emotion_quadrant_speaker_independent_none,03-01-07-02-01-02-11,3,Q2,Q2,wav2vec,speaker_independent,emotion_quadrant,logistic_regression,none,,
wav2vec_logistic_regression_emotion_quadrant_speaker_independent_none,03-01-07-02-01-02-20,3,Q2,Q2,wav2vec,speaker_independent,emotion_quadrant,logistic_regression,none,,
wav2vec_logistic_regression_emotion_quadrant_speaker_independent_none,03-01-07-02-02-01-08,3,Q2,Q3,wav2vec,speaker_independent,emotion_quadrant,logistic_regression,none,,
wav2vec_logistic_regression_emotion_quadrant_speaker_independent_none,03-01-07-02-02-01-11,3,Q2,Q2,wav2vec,speaker_independent,emotion_quadrant,logistic_regression,none,,
wav2vec_logistic_regression_emotion_quadrant_speaker_independent_none,03-01-07-02-02-01-20,3,Q2,Q2,wav2vec,speaker_independent,emotion_quadrant,logistic_regression,none,,
wav2vec_logistic_regression_emotion_quadrant_speaker_independent_none,03-01-07-02-02-02-08,3,Q2,Q2,wav2vec,speaker_independent,emotion_quadrant,logistic_regression,none,,
wav2vec_logistic_regression_emotion_quadrant_speaker_independent_none,03-01-07-02-02-02-11,3,Q2,Q2,wav2vec,speaker_independent,emotion_quadrant,logistic_regression,none,,
wav2vec_logistic_regression_emotion_quadrant_speaker_independent_none,03-01-07-02-02-02-20,3,Q2,Q2,wav2vec,speaker_independent,emotion_quadrant,logistic_regression,none,,
wav2vec_logistic_regression_emotion_quadrant_speaker_independent_none,03-01-08-01-01-01-08,3,Q1,Q1,wav2vec,speaker_independent,emotion_quadrant,logistic_regression,none,,
wav2vec_logistic_regression_emotion_quadrant_speaker_independent_none,03-01-08-01-01-01-11,3,Q1,Q2,wav2vec,speaker_independent,emotion_quadrant,logistic_regression,none,,
wav2vec_logistic_regression_emotion_quadrant_speaker_independent_none,03-01-08-01-01-01-20,3,Q1,Q1,wav2vec,speaker_independent,emotion_quadrant,logistic_regression,none,,
wav2vec_logistic_regression_emotion_quadrant_speaker_independent_none,03-01-08-01-01-02-08,3,Q1,Q1,wav2vec,speaker_independent,emotion_quadrant,logistic_regression,none,,
wav2vec_logistic_regression_emotion_quadrant_speaker_independent_none,03-01-08-01-01-02-11,3,Q1,Q1,wav2vec,speaker_independent,emotion_quadrant,logistic_regression,none,,
wav2vec_logistic_regression_emotion_quadrant_speaker_independent_none,03-01-08-01-01-02-20,3,Q1,Q1,wav2vec,speaker_independent,emotion_quadrant,logistic_regression,none,,
wav2vec_logistic_regression_emotion_quadrant_speaker_independent_none,03-01-08-01-02-01-11,3,Q1,Q2,wav2vec,speaker_independent,emotion_quadrant,logistic_regression,none,,
wav2vec_logistic_regression_emotion_quadrant_speaker_independent_none,03-01-08-01-02-01-20,3,Q1,Q1,wav2vec,speaker_independent,emotion_quadrant,logistic_regression,none,,
wav2vec_logistic_regression_emotion_quadrant_speaker_independent_none,03-01-08-01-02-02-11,3,Q1,Q1,wav2vec,speaker_independent,emotion_quadrant,logistic_regression,none,,
wav2vec_logistic_regression_emotion_quadrant_speaker_independent_none,03-01-08-01-02-02-20,3,Q1,Q1,wav2vec,speaker_independent,emotion_quadrant,logistic_regression,none,,
wav2vec_logistic_regression_emotion_quadrant_speaker_independent_none,03-01-08-02-01-01-08,3,Q1,Q2,wav2vec,speaker_independent,emotion_quadrant,logistic_regression,none,,
wav2vec_logistic_regression_emotion_quadrant_speaker_independent_none,03-01-08-02-01-01-11,3,Q1,Q1,wav2vec,speaker_independent,emotion_quadrant,logistic_regression,none,,
wav2vec_logistic_regression_emotion_quadrant_speaker_independent_none,03-01-08-02-01-02-08,3,Q1,Q2,wav2vec,speaker_independent,emotion_quadrant,logistic_regression,none,,
wav2vec_logistic_regression_emotion_quadrant_speaker_independent_none,03-01-08-02-01-02-11,3,Q1,Q1,wav2vec,speaker_independent,emotion_quadrant,logistic_regression,none,,
wav2vec_logistic_regression_emotion_quadrant_speaker_independent_none,03-01-08-02-02-01-20,3,Q1,Q2,wav2vec,speaker_independent,emotion_quadrant,logistic_regression,none,,
wav2vec_logistic_regression_emotion_quadrant_speaker_independent_none,03-01-08-02-02-02-20,3,Q1,Q2,wav2vec,speaker_independent,emotion_quadrant,logistic_regression,none,,
wav2vec_logistic_regression_emotion_quadrant_speaker_independent_none,03-01-01-01-01-01-14,4,Q4,Q4,wav2vec,speaker_independent,emotion_quadrant,logistic_regression,none,,
wav2vec_logistic_regression_emotion_quadrant_speaker_independent_none,03-01-01-01-01-01-16,4,Q4,Q4,wav2vec,speaker_independent,emotion_quadrant,logistic_regression,none,,
wav2vec_logistic_regression_emotion_quadrant_speaker_independent_none,03-01-01-01-01-01-22,4,Q4,Q4,wav2vec,speaker_independent,emotion_quadrant,logistic_regression,none,,
wav2vec_logistic_regression_emotion_quadrant_speaker_independent_none,03-01-01-01-01-01-24,4,Q4,Q4,wav2vec,speaker_independent,emotion_quadrant,logistic_regression,none,,
wav2vec_logistic_regression_emotion_quadrant_speaker_independent_none,03-01-01-01-01-02-14,4,Q4,Q4,wav2vec,speaker_independent,emotion_quadrant,logistic_regression,none,,
wav2vec_logistic_regression_emotion_quadrant_speaker_independent_none,03-01-01-01-01-02-16,4,Q4,Q2,wav2vec,speaker_independent,emotion_quadrant,logistic_regression,none,,
wav2vec_logistic_regression_emotion_quadrant_speaker_independent_none,03-01-01-01-01-02-22,4,Q4,Q4,wav2vec,speaker_independent,emotion_quadrant,logistic_regression,none,,
wav2vec_logistic_regression_emotion_quadrant_speaker_independent_none,03-01-01-01-01-02-24,4,Q4,Q4,wav2vec,speaker_independent,emotion_quadrant,logistic_regression,none,,
wav2vec_logistic_regression_emotion_quadrant_speaker_independent_none,03-01-01-01-02-01-14,4,Q4,Q4,wav2vec,speaker_independent,emotion_quadrant,logistic_regression,none,,
wav2vec_logistic_regression_emotion_quadrant_speaker_independent_none,03-01-01-01-02-01-16,4,Q4,Q1,wav2vec,speaker_independent,emotion_quadrant,logistic_regression,none,,
wav2vec_logistic_regression_emotion_quadrant_speaker_independent_none,03-01-01-01-02-01-22,4,Q4,Q1,wav2vec,speaker_independent,emotion_quadrant,logistic_regression,none,,
wav2vec_logistic_regression_emotion_quadrant_speaker_independent_none,03-01-01-01-02-01-24,4,Q4,Q4,wav2vec,speaker_independent,emotion_quadrant,logistic_regression,none,,
wav2vec_logistic_regression_emotion_quadrant_speaker_independent_none,03-01-01-01-02-02-14,4,Q4,Q4,wav2vec,speaker_independent,emotion_quadrant,logistic_regression,none,,
wav2vec_logistic_regression_emotion_quadrant_speaker_independent_none,03-01-01-01-02-02-16,4,Q4,Q4,wav2vec,speaker_independent,emotion_quadrant,logistic_regression,none,,
wav2vec_logistic_regression_emotion_quadrant_speaker_independent_none,03-01-01-01-02-02-22,4,Q4,Q3,wav2vec,speaker_independent,emotion_quadrant,logistic_regression,none,,
wav2vec_logistic_regression_emotion_quadrant_speaker_independent_none,03-01-01-01-02-02-24,4,Q4,Q4,wav2vec,speaker_independent,emotion_quadrant,logistic_regression,none,,
wav2vec_logistic_regression_emotion_quadrant_speaker_independent_none,03-01-02-01-01-01-14,4,Q4,Q4,wav2vec,speaker_independent,emotion_quadrant,logistic_regression,none,,
wav2vec_logistic_regression_emotion_quadrant_speaker_independent_none,03-01-02-01-01-01-16,4,Q4,Q4,wav2vec,speaker_independent,emotion_quadrant,logistic_regression,none,,
wav2vec_logistic_regression_emotion_quadrant_speaker_independent_none,03-01-02-01-01-01-22,4,Q4,Q4,wav2vec,speaker_independent,emotion_quadrant,logistic_regression,none,,
wav2vec_logistic_regression_emotion_quadrant_speaker_independent_none,03-01-02-01-01-01-24,4,Q4,Q4,wav2vec,speaker_independent,emotion_quadrant,logistic_regression,none,,
wav2vec_logistic_regression_emotion_quadrant_speaker_independent_none,03-01-02-01-01-02-14,4,Q4,Q4,wav2vec,speaker_independent,emotion_quadrant,logistic_regression,none,,
wav2vec_logistic_regression_emotion_quadrant_speaker_independent_none,03-01-02-01-01-02-16,4,Q4,Q4,wav2vec,speaker_independent,emotion_quadrant,logistic_regression,none,,
wav2vec_logistic_regression_emotion_quadrant_speaker_independent_none,03-01-02-01-01-02-22,4,Q4,Q4,wav2vec,speaker_independent,emotion_quadrant,logistic_regression,none,,
wav2vec_logistic_regression_emotion_quadrant_speaker_independent_none,03-01-02-01-01-02-24,4,Q4,Q4,wav2vec,speaker_independent,emotion_quadrant,logistic_regression,none,,
wav2vec_logistic_regression_emotion_quadrant_speaker_independent_none,03-01-02-01-02-01-14,4,Q4,Q4,wav2vec,speaker_independent,emotion_quadrant,logistic_regression,none,,
wav2vec_logistic_regression_emotion_quadrant_speaker_independent_none,03-01-02-01-02-02-14,4,Q4,Q4,wav2vec,speaker_independent,emotion_quadrant,logistic_regression,none,,
wav2vec_logistic_regression_emotion_quadrant_speaker_independent_none,03-01-02-02-01-01-14,4,Q4,Q4,wav2vec,speaker_independent,emotion_quadrant,logistic_regression,none,,
wav2vec_logistic_regression_emotion_quadrant_speaker_independent_none,03-01-02-02-01-01-16,4,Q4,Q4,wav2vec,speaker_independent,emotion_quadrant,logistic_regression,none,,
wav2vec_logistic_regression_emotion_quadrant_speaker_independent_none,03-01-02-02-01-01-22,4,Q4,Q4,wav2vec,speaker_independent,emotion_quadrant,logistic_regression,none,,
wav2vec_logistic_regression_emotion_quadrant_speaker_independent_none,03-01-02-02-01-01-24,4,Q4,Q4,wav2vec,speaker_independent,emotion_quadrant,logistic_regression,none,,
wav2vec_logistic_regression_emotion_quadrant_speaker_independent_none,03-01-02-02-01-02-14,4,Q4,Q4,wav2vec,speaker_independent,emotion_quadrant,logistic_regression,none,,
wav2vec_logistic_regression_emotion_quadrant_speaker_independent_none,03-01-02-02-01-02-16,4,Q4,Q2,wav2vec,speaker_independent,emotion_quadrant,logistic_regression,none,,
wav2vec_logistic_regression_emotion_quadrant_speaker_independent_none,03-01-02-02-01-02-22,4,Q4,Q4,wav2vec,speaker_independent,emotion_quadrant,logistic_regression,none,,
wav2vec_logistic_regression_emotion_quadrant_speaker_independent_none,03-01-02-02-01-02-24,4,Q4,Q4,wav2vec,speaker_independent,emotion_quadrant,logistic_regression,none,,
wav2vec_logistic_regression_emotion_quadrant_speaker_independent_none,03-01-02-02-02-01-14,4,Q4,Q4,wav2vec,speaker_independent,emotion_quadrant,logistic_regression,none,,
wav2vec_logistic_regression_emotion_quadrant_speaker_independent_none,03-01-02-02-02-01-16,4,Q4,Q4,wav2vec,speaker_independent,emotion_quadrant,logistic_regression,none,,
wav2vec_logistic_regression_emotion_quadrant_speaker_independent_none,03-01-02-02-02-01-22,4,Q4,Q4,wav2vec,speaker_independent,emotion_quadrant,logistic_regression,none,,
wav2vec_logistic_regression_emotion_quadrant_speaker_independent_none,03-01-02-02-02-01-24,4,Q4,Q4,wav2vec,speaker_independent,emotion_quadrant,logistic_regression,none,,
wav2vec_logistic_regression_emotion_quadrant_speaker_independent_none,03-01-02-02-02-02-14,4,Q4,Q4,wav2vec,speaker_independent,emotion_quadrant,logistic_regression,none,,
wav2vec_logistic_regression_emotion_quadrant_speaker_independent_none,03-01-02-02-02-02-16,4,Q4,Q4,wav2vec,speaker_independent,emotion_quadrant,logistic_regression,none,,
wav2vec_logistic_regression_emotion_quadrant_speaker_independent_none,03-01-02-02-02-02-22,4,Q4,Q4,wav2vec,speaker_independent,emotion_quadrant,logistic_regression,none,,
wav2vec_logistic_regression_emotion_quadrant_speaker_independent_none,03-01-02-02-02-02-24,4,Q4,Q4,wav2vec,speaker_independent,emotion_quadrant,logistic_regression,none,,
wav2vec_logistic_regression_emotion_quadrant_speaker_independent_none,03-01-03-01-01-01-14,4,Q1,Q1,wav2vec,speaker_independent,emotion_quadrant,logistic_regression,none,,
wav2vec_logistic_regression_emotion_quadrant_speaker_independent_none,03-01-03-01-01-01-16,4,Q1,Q1,wav2vec,speaker_independent,emotion_quadrant,logistic_regression,none,,
wav2vec_logistic_regression_emotion_quadrant_speaker_independent_none,03-01-03-01-01-01-22,4,Q1,Q1,wav2vec,speaker_independent,emotion_quadrant,logistic_regression,none,,
wav2vec_logistic_regression_emotion_quadrant_speaker_independent_none,03-01-03-01-01-01-24,4,Q1,Q4,wav2vec,speaker_independent,emotion_quadrant,logistic_regression,none,,
wav2vec_logistic_regression_emotion_quadrant_speaker_independent_none,03-01-03-01-01-02-14,4,Q1,Q2,wav2vec,speaker_independent,emotion_quadrant,logistic_regression,none,,
wav2vec_logistic_regression_emotion_quadrant_speaker_independent_none,03-01-03-01-01-02-16,4,Q1,Q1,wav2vec,speaker_independent,emotion_quadrant,logistic_regression,none,,
wav2vec_logistic_regression_emotion_quadrant_speaker_independent_none,03-01-03-01-01-02-22,4,Q1,Q1,wav2vec,speaker_independent,emotion_quadrant,logistic_regression,none,,
wav2vec_logistic_regression_emotion_quadrant_speaker_independent_none,03-01-03-01-01-02-24,4,Q1,Q4,wav2vec,speaker_independent,emotion_quadrant,logistic_regression,none,,
wav2vec_logistic_regression_emotion_quadrant_speaker_independent_none,03-01-03-01-02-01-16,4,Q1,Q1,wav2vec,speaker_independent,emotion_quadrant,logistic_regression,none,,
wav2vec_logistic_regression_emotion_quadrant_speaker_independent_none,03-01-03-01-02-01-22,4,Q1,Q1,wav2vec,speaker_independent,emotion_quadrant,logistic_regression,none,,
wav2vec_logistic_regression_emotion_quadrant_speaker_independent_none,03-01-03-01-02-01-24,4,Q1,Q1,wav2vec,speaker_independent,emotion_quadrant,logistic_regression,none,,
wav2vec_logistic_regression_emotion_quadrant_speaker_independent_none,03-01-03-01-02-02-16,4,Q1,Q1,wav2vec,speaker_independent,emotion_quadrant,logistic_regression,none,,
wav2vec_logistic_regression_emotion_quadrant_speaker_independent_none,03-01-03-01-02-02-22,4,Q1,Q4,wav2vec,speaker_independent,emotion_quadrant,logistic_regression,none,,
wav2vec_logistic_regression_emotion_quadrant_speaker_independent_none,03-01-03-01-02-02-24,4,Q1,Q4,wav2vec,speaker_independent,emotion_quadrant,logistic_regression,none,,
wav2vec_logistic_regression_emotion_quadrant_speaker_independent_none,03-01-03-02-01-01-14,4,Q1,Q1,wav2vec,speaker_independent,emotion_quadrant,logistic_regression,none,,
wav2vec_logistic_regression_emotion_quadrant_speaker_independent_none,03-01-03-02-01-01-16,4,Q1,Q1,wav2vec,speaker_independent,emotion_quadrant,logistic_regression,none,,
wav2vec_logistic_regression_emotion_quadrant_speaker_independent_none,03-01-03-02-01-01-22,4,Q1,Q1,wav2vec,speaker_independent,emotion_quadrant,logistic_regression,none,,
wav2vec_logistic_regression_emotion_quadrant_speaker_independent_none,03-01-03-02-01-02-14,4,Q1,Q1,wav2vec,speaker_independent,emotion_quadrant,logistic_regression,none,,
wav2vec_logistic_regression_emotion_quadrant_speaker_independent_none,03-01-03-02-01-02-16,4,Q1,Q2,wav2vec,speaker_independent,emotion_quadrant,logistic_regression,none,,
wav2vec_logistic_regression_emotion_quadrant_speaker_independent_none,03-01-03-02-01-02-22,4,Q1,Q2,wav2vec,speaker_independent,emotion_quadrant,logistic_regression,none,,
wav2vec_logistic_regression_emotion_quadrant_speaker_independent_none,03-01-03-02-02-01-14,4,Q1,Q2,wav2vec,speaker_independent,emotion_quadrant,logistic_regression,none,,
wav2vec_logistic_regression_emotion_quadrant_speaker_independent_none,03-01-03-02-02-01-24,4,Q1,Q4,wav2vec,speaker_independent,emotion_quadrant,logistic_regression,none,,
wav2vec_logistic_regression_emotion_quadrant_speaker_independent_none,03-01-03-02-02-02-14,4,Q1,Q1,wav2vec,speaker_independent,emotion_quadrant,logistic_regression,none,,
wav2vec_logistic_regression_emotion_quadrant_speaker_independent_none,03-01-03-02-02-02-24,4,Q1,Q1,wav2vec,speaker_independent,emotion_quadrant,logistic_regression,none,,
wav2vec_logistic_regression_emotion_quadrant_speaker_independent_none,03-01-04-01-02-01-14,4,Q3,Q4,wav2vec,speaker_independent,emotion_quadrant,logistic_regression,none,,
wav2vec_logistic_regression_emotion_quadrant_speaker_independent_none,03-01-04-01-02-01-16,4,Q3,Q2,wav2vec,speaker_independent,emotion_quadrant,logistic_regression,none,,
wav2vec_logistic_regression_emotion_quadrant_speaker_independent_none,03-01-04-01-02-01-22,4,Q3,Q2,wav2vec,speaker_independent,emotion_quadrant,logistic_regression,none,,
wav2vec_logistic_regression_emotion_quadrant_speaker_independent_none,03-01-04-01-02-01-24,4,Q3,Q4,wav2vec,speaker_independent,emotion_quadrant,logistic_regression,none,,
wav2vec_logistic_regression_emotion_quadrant_speaker_independent_none,03-01-04-01-02-02-14,4,Q3,Q2,wav2vec,speaker_independent,emotion_quadrant,logistic_regression,none,,
wav2vec_logistic_regression_emotion_quadrant_speaker_independent_none,03-01-04-01-02-02-16,4,Q3,Q2,wav2vec,speaker_independent,emotion_quadrant,logistic_regression,none,,
wav2vec_logistic_regression_emotion_quadrant_speaker_independent_none,03-01-04-01-02-02-22,4,Q3,Q4,wav2vec,speaker_independent,emotion_quadrant,logistic_regression,none,,
wav2vec_logistic_regression_emotion_quadrant_speaker_independent_none,03-01-04-01-02-02-24,4,Q3,Q4,wav2vec,speaker_independent,emotion_quadrant,logistic_regression,none,,
wav2vec_logistic_regression_emotion_quadrant_speaker_independent_none,03-01-04-02-01-01-14,4,Q3,Q1,wav2vec,speaker_independent,emotion_quadrant,logistic_regression,none,,
wav2vec_logistic_regression_emotion_quadrant_speaker_independent_none,03-01-04-02-01-01-16,4,Q3,Q3,wav2vec,speaker_independent,emotion_quadrant,logistic_regression,none,,
wav2vec_logistic_regression_emotion_quadrant_speaker_independent_none,03-01-04-02-01-01-22,4,Q3,Q3,wav2vec,speaker_independent,emotion_quadrant,logistic_regression,none,,
wav2vec_logistic_regression_emotion_quadrant_speaker_independent_none,03-01-04-02-01-01-24,4,Q3,Q3,wav2vec,speaker_independent,emotion_quadrant,logistic_regression,none,,
wav2vec_logistic_regression_emotion_quadrant_speaker_independent_none,03-01-04-02-01-02-14,4,Q3,Q2,wav2vec,speaker_independent,emotion_quadrant,logistic_regression,none,,
wav2vec_logistic_regression_emotion_quadrant_speaker_independent_none,03-01-04-02-01-02-16,4,Q3,Q2,wav2vec,speaker_independent,emotion_quadrant,logistic_regression,none,,
wav2vec_logistic_regression_emotion_quadrant_speaker_independent_none,03-01-04-02-01-02-22,4,Q3,Q3,wav2vec,speaker_independent,emotion_quadrant,logistic_regression,none,,
wav2vec_logistic_regression_emotion_quadrant_speaker_independent_none,03-01-04-02-01-02-24,4,Q3,Q2,wav2vec,speaker_independent,emotion_quadrant,logistic_regression,none,,
wav2vec_logistic_regression_emotion_quadrant_speaker_independent_none,03-01-04-02-02-01-14,4,Q3,Q2,wav2vec,speaker_independent,emotion_quadrant,logistic_regression,none,,
wav2vec_logistic_regression_emotion_quadrant_speaker_independent_none,03-01-04-02-02-01-16,4,Q3,Q2,wav2vec,speaker_independent,emotion_quadrant,logistic_regression,none,,
wav2vec_logistic_regression_emotion_quadrant_speaker_independent_none,03-01-04-02-02-01-22,4,Q3,Q3,wav2vec,speaker_independent,emotion_quadrant,logistic_regression,none,,
wav2vec_logistic_regression_emotion_quadrant_speaker_independent_none,03-01-04-02-02-01-24,4,Q3,Q3,wav2vec,speaker_independent,emotion_quadrant,logistic_regression,none,,
wav2vec_logistic_regression_emotion_quadrant_speaker_independent_none,03-01-04-02-02-02-14,4,Q3,Q1,wav2vec,speaker_independent,emotion_quadrant,logistic_regression,none,,
wav2vec_logistic_regression_emotion_quadrant_speaker_independent_none,03-01-04-02-02-02-16,4,Q3,Q2,wav2vec,speaker_independent,emotion_quadrant,logistic_regression,none,,
wav2vec_logistic_regression_emotion_quadrant_speaker_independent_none,03-01-04-02-02-02-22,4,Q3,Q2,wav2vec,speaker_independent,emotion_quadrant,logistic_regression,none,,
wav2vec_logistic_regression_emotion_quadrant_speaker_independent_none,03-01-04-02-02-02-24,4,Q3,Q3,wav2vec,speaker_independent,emotion_quadrant,logistic_regression,none,,
wav2vec_logistic_regression_emotion_quadrant_speaker_independent_none,03-01-05-01-01-01-14,4,Q2,Q2,wav2vec,speaker_independent,emotion_quadrant,logistic_regression,none,,
wav2vec_logistic_regression_emotion_quadrant_speaker_independent_none,03-01-05-01-01-01-16,4,Q2,Q2,wav2vec,speaker_independent,emotion_quadrant,logistic_regression,none,,
wav2vec_logistic_regression_emotion_quadrant_speaker_independent_none,03-01-05-01-01-01-22,4,Q2,Q2,wav2vec,speaker_independent,emotion_quadrant,logistic_regression,none,,
wav2vec_logistic_regression_emotion_quadrant_speaker_independent_none,03-01-05-01-01-01-24,4,Q2,Q2,wav2vec,speaker_independent,emotion_quadrant,logistic_regression,none,,
wav2vec_logistic_regression_emotion_quadrant_speaker_independent_none,03-01-05-01-01-02-14,4,Q2,Q2,wav2vec,speaker_independent,emotion_quadrant,logistic_regression,none,,
wav2vec_logistic_regression_emotion_quadrant_speaker_independent_none,03-01-05-01-01-02-16,4,Q2,Q2,wav2vec,speaker_independent,emotion_quadrant,logistic_regression,none,,
wav2vec_logistic_regression_emotion_quadrant_speaker_independent_none,03-01-05-01-01-02-22,4,Q2,Q2,wav2vec,speaker_independent,emotion_quadrant,logistic_regression,none,,
wav2vec_logistic_regression_emotion_quadrant_speaker_independent_none,03-01-05-01-01-02-24,4,Q2,Q1,wav2vec,speaker_independent,emotion_quadrant,logistic_regression,none,,
wav2vec_logistic_regression_emotion_quadrant_speaker_independent_none,03-01-05-01-02-01-14,4,Q2,Q2,wav2vec,speaker_independent,emotion_quadrant,logistic_regression,none,,
wav2vec_logistic_regression_emotion_quadrant_speaker_independent_none,03-01-05-01-02-01-16,4,Q2,Q2,wav2vec,speaker_independent,emotion_quadrant,logistic_regression,none,,
wav2vec_logistic_regression_emotion_quadrant_speaker_independent_none,03-01-05-01-02-01-22,4,Q2,Q2,wav2vec,speaker_independent,emotion_quadrant,logistic_regression,none,,
wav2vec_logistic_regression_emotion_quadrant_speaker_independent_none,03-01-05-01-02-01-24,4,Q2,Q2,wav2vec,speaker_independent,emotion_quadrant,logistic_regression,none,,
wav2vec_logistic_regression_emotion_quadrant_speaker_independent_none,03-01-05-01-02-02-14,4,Q2,Q2,wav2vec,speaker_independent,emotion_quadrant,logistic_regression,none,,
wav2vec_logistic_regression_emotion_quadrant_speaker_independent_none,03-01-05-01-02-02-16,4,Q2,Q2,wav2vec,speaker_independent,emotion_quadrant,logistic_regression,none,,
wav2vec_logistic_regression_emotion_quadrant_speaker_independent_none,03-01-05-01-02-02-22,4,Q2,Q2,wav2vec,speaker_independent,emotion_quadrant,logistic_regression,none,,
wav2vec_logistic_regression_emotion_quadrant_speaker_independent_none,03-01-05-01-02-02-24,4,Q2,Q2,wav2vec,speaker_independent,emotion_quadrant,logistic_regression,none,,
wav2vec_logistic_regression_emotion_quadrant_speaker_independent_none,03-01-05-02-01-01-16,4,Q2,Q2,wav2vec,speaker_independent,emotion_quadrant,logistic_regression,none,,
wav2vec_logistic_regression_emotion_quadrant_speaker_independent_none,03-01-05-02-01-01-22,4,Q2,Q2,wav2vec,speaker_independent,emotion_quadrant,logistic_regression,none,,
wav2vec_logistic_regression_emotion_quadrant_speaker_independent_none,03-01-05-02-01-01-24,4,Q2,Q1,wav2vec,speaker_independent,emotion_quadrant,logistic_regression,none,,
wav2vec_logistic_regression_emotion_quadrant_speaker_independent_none,03-01-05-02-01-02-16,4,Q2,Q2,wav2vec,speaker_independent,emotion_quadrant,logistic_regression,none,,
wav2vec_logistic_regression_emotion_quadrant_speaker_independent_none,03-01-05-02-01-02-22,4,Q2,Q2,wav2vec,speaker_independent,emotion_quadrant,logistic_regression,none,,
wav2vec_logistic_regression_emotion_quadrant_speaker_independent_none,03-01-05-02-01-02-24,4,Q2,Q2,wav2vec,speaker_independent,emotion_quadrant,logistic_regression,none,,
wav2vec_logistic_regression_emotion_quadrant_speaker_independent_none,03-01-05-02-02-01-14,4,Q2,Q2,wav2vec,speaker_independent,emotion_quadrant,logistic_regression,none,,
wav2vec_logistic_regression_emotion_quadrant_speaker_independent_none,03-01-05-02-02-01-16,4,Q2,Q1,wav2vec,speaker_independent,emotion_quadrant,logistic_regression,none,,
wav2vec_logistic_regression_emotion_quadrant_speaker_independent_none,03-01-05-02-02-01-22,4,Q2,Q2,wav2vec,speaker_independent,emotion_quadrant,logistic_regression,none,,
wav2vec_logistic_regression_emotion_quadrant_speaker_independent_none,03-01-05-02-02-01-24,4,Q2,Q2,wav2vec,speaker_independent,emotion_quadrant,logistic_regression,none,,
wav2vec_logistic_regression_emotion_quadrant_speaker_independent_none,03-01-05-02-02-02-14,4,Q2,Q2,wav2vec,speaker_independent,emotion_quadrant,logistic_regression,none,,
wav2vec_logistic_regression_emotion_quadrant_speaker_independent_none,03-01-05-02-02-02-16,4,Q2,Q2,wav2vec,speaker_independent,emotion_quadrant,logistic_regression,none,,
wav2vec_logistic_regression_emotion_quadrant_speaker_independent_none,03-01-05-02-02-02-22,4,Q2,Q2,wav2vec,speaker_independent,emotion_quadrant,logistic_regression,none,,
wav2vec_logistic_regression_emotion_quadrant_speaker_independent_none,03-01-05-02-02-02-24,4,Q2,Q2,wav2vec,speaker_independent,emotion_quadrant,logistic_regression,none,,
wav2vec_logistic_regression_emotion_quadrant_speaker_independent_none,03-01-06-01-01-01-14,4,Q2,Q2,wav2vec,speaker_independent,emotion_quadrant,logistic_regression,none,,
wav2vec_logistic_regression_emotion_quadrant_speaker_independent_none,03-01-06-01-01-01-16,4,Q2,Q2,wav2vec,speaker_independent,emotion_quadrant,logistic_regression,none,,
wav2vec_logistic_regression_emotion_quadrant_speaker_independent_none,03-01-06-01-01-01-22,4,Q2,Q2,wav2vec,speaker_independent,emotion_quadrant,logistic_regression,none,,
wav2vec_logistic_regression_emotion_quadrant_speaker_independent_none,03-01-06-01-01-02-14,4,Q2,Q2,wav2vec,speaker_independent,emotion_quadrant,logistic_regression,none,,
wav2vec_logistic_regression_emotion_quadrant_speaker_independent_none,03-01-06-01-01-02-16,4,Q2,Q2,wav2vec,speaker_independent,emotion_quadrant,logistic_regression,none,,
wav2vec_logistic_regression_emotion_quadrant_speaker_independent_none,03-01-06-01-01-02-22,4,Q2,Q1,wav2vec,speaker_independent,emotion_quadrant,logistic_regression,none,,
wav2vec_logistic_regression_emotion_quadrant_speaker_independent_none,03-01-06-01-02-01-22,4,Q2,Q2,wav2vec,speaker_independent,emotion_quadrant,logistic_regression,none,,
wav2vec_logistic_regression_emotion_quadrant_speaker_independent_none,03-01-06-01-02-01-24,4,Q2,Q2,wav2vec,speaker_independent,emotion_quadrant,logistic_regression,none,,
wav2vec_logistic_regression_emotion_quadrant_speaker_independent_none,03-01-06-01-02-02-22,4,Q2,Q2,wav2vec,speaker_independent,emotion_quadrant,logistic_regression,none,,
wav2vec_logistic_regression_emotion_quadrant_speaker_independent_none,03-01-06-01-02-02-24,4,Q2,Q1,wav2vec,speaker_independent,emotion_quadrant,logistic_regression,none,,
wav2vec_logistic_regression_emotion_quadrant_speaker_independent_none,03-01-06-02-01-01-14,4,Q2,Q2,wav2vec,speaker_independent,emotion_quadrant,logistic_regression,none,,
wav2vec_logistic_regression_emotion_quadrant_speaker_independent_none,03-01-06-02-01-01-16,4,Q2,Q3,wav2vec,speaker_independent,emotion_quadrant,logistic_regression,none,,
wav2vec_logistic_regression_emotion_quadrant_speaker_independent_none,03-01-06-02-01-01-22,4,Q2,Q2,wav2vec,speaker_independent,emotion_quadrant,logistic_regression,none,,
wav2vec_logistic_regression_emotion_quadrant_speaker_independent_none,03-01-06-02-01-01-24,4,Q2,Q1,wav2vec,speaker_independent,emotion_quadrant,logistic_regression,none,,
wav2vec_logistic_regression_emotion_quadrant_speaker_independent_none,03-01-06-02-01-02-14,4,Q2,Q2,wav2vec,speaker_independent,emotion_quadrant,logistic_regression,none,,
wav2vec_logistic_regression_emotion_quadrant_speaker_independent_none,03-01-06-02-01-02-16,4,Q2,Q2,wav2vec,speaker_independent,emotion_quadrant,logistic_regression,none,,
wav2vec_logistic_regression_emotion_quadrant_speaker_independent_none,03-01-06-02-01-02-22,4,Q2,Q2,wav2vec,speaker_independent,emotion_quadrant,logistic_regression,none,,
wav2vec_logistic_regression_emotion_quadrant_speaker_independent_none,03-01-06-02-01-02-24,4,Q2,Q2,wav2vec,speaker_independent,emotion_quadrant,logistic_regression,none,,
wav2vec_logistic_regression_emotion_quadrant_speaker_independent_none,03-01-06-02-02-01-16,4,Q2,Q2,wav2vec,speaker_independent,emotion_quadrant,logistic_regression,none,,
wav2vec_logistic_regression_emotion_quadrant_speaker_independent_none,03-01-06-02-02-01-22,4,Q2,Q2,wav2vec,speaker_independent,emotion_quadrant,logistic_regression,none,,
wav2vec_logistic_regression_emotion_quadrant_speaker_independent_none,03-01-06-02-02-01-24,4,Q2,Q2,wav2vec,speaker_independent,emotion_quadrant,logistic_regression,none,,
wav2vec_logistic_regression_emotion_quadrant_speaker_independent_none,03-01-06-02-02-02-16,4,Q2,Q1,wav2vec,speaker_independent,emotion_quadrant,logistic_regression,none,,
wav2vec_logistic_regression_emotion_quadrant_speaker_independent_none,03-01-06-02-02-02-22,4,Q2,Q2,wav2vec,speaker_independent,emotion_quadrant,logistic_regression,none,,
wav2vec_logistic_regression_emotion_quadrant_speaker_independent_none,03-01-06-02-02-02-24,4,Q2,Q2,wav2vec,speaker_independent,emotion_quadrant,logistic_regression,none,,
wav2vec_logistic_regression_emotion_quadrant_speaker_independent_none,03-01-07-01-01-01-14,4,Q2,Q2,wav2vec,speaker_independent,emotion_quadrant,logistic_regression,none,,
wav2vec_logistic_regression_emotion_quadrant_speaker_independent_none,03-01-07-01-01-01-16,4,Q2,Q2,wav2vec,speaker_independent,emotion_quadrant,logistic_regression,none,,
wav2vec_logistic_regression_emotion_quadrant_speaker_independent_none,03-01-07-01-01-01-22,4,Q2,Q2,wav2vec,speaker_independent,emotion_quadrant,logistic_regression,none,,
wav2vec_logistic_regression_emotion_quadrant_speaker_independent_none,03-01-07-01-01-02-14,4,Q2,Q2,wav2vec,speaker_independent,emotion_quadrant,logistic_regression,none,,
wav2vec_logistic_regression_emotion_quadrant_speaker_independent_none,03-01-07-01-01-02-16,4,Q2,Q2,wav2vec,speaker_independent,emotion_quadrant,logistic_regression,none,,
wav2vec_logistic_regression_emotion_quadrant_speaker_independent_none,03-01-07-01-01-02-22,4,Q2,Q2,wav2vec,speaker_independent,emotion_quadrant,logistic_regression,none,,
wav2vec_logistic_regression_emotion_quadrant_speaker_independent_none,03-01-07-01-02-01-14,4,Q2,Q2,wav2vec,speaker_independent,emotion_quadrant,logistic_regression,none,,
wav2vec_logistic_regression_emotion_quadrant_speaker_independent_none,03-01-07-01-02-01-24,4,Q2,Q2,wav2vec,speaker_independent,emotion_quadrant,logistic_regression,none,,
wav2vec_logistic_regression_emotion_quadrant_speaker_independent_none,03-01-07-01-02-02-14,4,Q2,Q2,wav2vec,speaker_independent,emotion_quadrant,logistic_regression,none,,
wav2vec_logistic_regression_emotion_quadrant_speaker_independent_none,03-01-07-01-02-02-24,4,Q2,Q2,wav2vec,speaker_independent,emotion_quadrant,logistic_regression,none,,
wav2vec_logistic_regression_emotion_quadrant_speaker_independent_none,03-01-07-02-01-01-14,4,Q2,Q2,wav2vec,speaker_independent,emotion_quadrant,logistic_regression,none,,
wav2vec_logistic_regression_emotion_quadrant_speaker_independent_none,03-01-07-02-01-01-16,4,Q2,Q2,wav2vec,speaker_independent,emotion_quadrant,logistic_regression,none,,
wav2vec_logistic_regression_emotion_quadrant_speaker_independent_none,03-01-07-02-01-01-22,4,Q2,Q2,wav2vec,speaker_independent,emotion_quadrant,logistic_regression,none,,
wav2vec_logistic_regression_emotion_quadrant_speaker_independent_none,03-01-07-02-01-01-24,4,Q2,Q2,wav2vec,speaker_independent,emotion_quadrant,logistic_regression,none,,
wav2vec_logistic_regression_emotion_quadrant_speaker_independent_none,03-01-07-02-01-02-14,4,Q2,Q2,wav2vec,speaker_independent,emotion_quadrant,logistic_regression,none,,
wav2vec_logistic_regression_emotion_quadrant_speaker_independent_none,03-01-07-02-01-02-16,4,Q2,Q2,wav2vec,speaker_independent,emotion_quadrant,logistic_regression,none,,
wav2vec_logistic_regression_emotion_quadrant_speaker_independent_none,03-01-07-02-01-02-22,4,Q2,Q2,wav2vec,speaker_independent,emotion_quadrant,logistic_regression,none,,
wav2vec_logistic_regression_emotion_quadrant_speaker_independent_none,03-01-07-02-01-02-24,4,Q2,Q2,wav2vec,speaker_independent,emotion_quadrant,logistic_regression,none,,
wav2vec_logistic_regression_emotion_quadrant_speaker_independent_none,03-01-07-02-02-01-14,4,Q2,Q2,wav2vec,speaker_independent,emotion_quadrant,logistic_regression,none,,
wav2vec_logistic_regression_emotion_quadrant_speaker_independent_none,03-01-07-02-02-01-16,4,Q2,Q2,wav2vec,speaker_independent,emotion_quadrant,logistic_regression,none,,
wav2vec_logistic_regression_emotion_quadrant_speaker_independent_none,03-01-07-02-02-01-24,4,Q2,Q2,wav2vec,speaker_independent,emotion_quadrant,logistic_regression,none,,
wav2vec_logistic_regression_emotion_quadrant_speaker_independent_none,03-01-07-02-02-02-14,4,Q2,Q2,wav2vec,speaker_independent,emotion_quadrant,logistic_regression,none,,
wav2vec_logistic_regression_emotion_quadrant_speaker_independent_none,03-01-07-02-02-02-16,4,Q2,Q2,wav2vec,speaker_independent,emotion_quadrant,logistic_regression,none,,
wav2vec_logistic_regression_emotion_quadrant_speaker_independent_none,03-01-07-02-02-02-24,4,Q2,Q2,wav2vec,speaker_independent,emotion_quadrant,logistic_regression,none,,
wav2vec_logistic_regression_emotion_quadrant_speaker_independent_none,03-01-08-01-01-01-14,4,Q1,Q1,wav2vec,speaker_independent,emotion_quadrant,logistic_regression,none,,
wav2vec_logistic_regression_emotion_quadrant_speaker_independent_none,03-01-08-01-01-01-16,4,Q1,Q1,wav2vec,speaker_independent,emotion_quadrant,logistic_regression,none,,
wav2vec_logistic_regression_emotion_quadrant_speaker_independent_none,03-01-08-01-01-01-24,4,Q1,Q2,wav2vec,speaker_independent,emotion_quadrant,logistic_regression,none,,
wav2vec_logistic_regression_emotion_quadrant_speaker_independent_none,03-01-08-01-01-02-14,4,Q1,Q1,wav2vec,speaker_independent,emotion_quadrant,logistic_regression,none,,
wav2vec_logistic_regression_emotion_quadrant_speaker_independent_none,03-01-08-01-01-02-16,4,Q1,Q1,wav2vec,speaker_independent,emotion_quadrant,logistic_regression,none,,
wav2vec_logistic_regression_emotion_quadrant_speaker_independent_none,03-01-08-01-01-02-24,4,Q1,Q1,wav2vec,speaker_independent,emotion_quadrant,logistic_regression,none,,
wav2vec_logistic_regression_emotion_quadrant_speaker_independent_none,03-01-08-01-02-01-14,4,Q1,Q1,wav2vec,speaker_independent,emotion_quadrant,logistic_regression,none,,
wav2vec_logistic_regression_emotion_quadrant_speaker_independent_none,03-01-08-01-02-01-22,4,Q1,Q1,wav2vec,speaker_independent,emotion_quadrant,logistic_regression,none,,
wav2vec_logistic_regression_emotion_quadrant_speaker_independent_none,03-01-08-01-02-01-24,4,Q1,Q2,wav2vec,speaker_independent,emotion_quadrant,logistic_regression,none,,
wav2vec_logistic_regression_emotion_quadrant_speaker_independent_none,03-01-08-01-02-02-14,4,Q1,Q1,wav2vec,speaker_independent,emotion_quadrant,logistic_regression,none,,
wav2vec_logistic_regression_emotion_quadrant_speaker_independent_none,03-01-08-01-02-02-22,4,Q1,Q1,wav2vec,speaker_independent,emotion_quadrant,logistic_regression,none,,
wav2vec_logistic_regression_emotion_quadrant_speaker_independent_none,03-01-08-01-02-02-24,4,Q1,Q1,wav2vec,speaker_independent,emotion_quadrant,logistic_regression,none,,
wav2vec_logistic_regression_emotion_quadrant_speaker_independent_none,03-01-08-02-01-01-16,4,Q1,Q1,wav2vec,speaker_independent,emotion_quadrant,logistic_regression,none,,
wav2vec_logistic_regression_emotion_quadrant_speaker_independent_none,03-01-08-02-01-01-22,4,Q1,Q1,wav2vec,speaker_independent,emotion_quadrant,logistic_regression,none,,
wav2vec_logistic_regression_emotion_quadrant_speaker_independent_none,03-01-08-02-01-01-24,4,Q1,Q1,wav2vec,speaker_independent,emotion_quadrant,logistic_regression,none,,
wav2vec_logistic_regression_emotion_quadrant_speaker_independent_none,03-01-08-02-01-02-16,4,Q1,Q1,wav2vec,speaker_independent,emotion_quadrant,logistic_regression,none,,
wav2vec_logistic_regression_emotion_quadrant_speaker_independent_none,03-01-08-02-01-02-22,4,Q1,Q1,wav2vec,speaker_independent,emotion_quadrant,logistic_regression,none,,
wav2vec_logistic_regression_emotion_quadrant_speaker_independent_none,03-01-08-02-01-02-24,4,Q1,Q2,wav2vec,speaker_independent,emotion_quadrant,logistic_regression,none,,
wav2vec_logistic_regression_emotion_quadrant_speaker_independent_none,03-01-08-02-02-01-14,4,Q1,Q2,wav2vec,speaker_independent,emotion_quadrant,logistic_regression,none,,
wav2vec_logistic_regression_emotion_quadrant_speaker_independent_none,03-01-08-02-02-01-16,4,Q1,Q2,wav2vec,speaker_independent,emotion_quadrant,logistic_regression,none,,
wav2vec_logistic_regression_emotion_quadrant_speaker_independent_none,03-01-08-02-02-01-22,4,Q1,Q2,wav2vec,speaker_independent,emotion_quadrant,logistic_regression,none,,
wav2vec_logistic_regression_emotion_quadrant_speaker_independent_none,03-01-08-02-02-02-14,4,Q1,Q1,wav2vec,speaker_independent,emotion_quadrant,logistic_regression,none,,
wav2vec_logistic_regression_emotion_quadrant_speaker_independent_none,03-01-08-02-02-02-16,4,Q1,Q1,wav2vec,speaker_independent,emotion_quadrant,logistic_regression,none,,
wav2vec_logistic_regression_emotion_quadrant_speaker_independent_none,03-01-08-02-02-02-22,4,Q1,Q2,wav2vec,speaker_independent,emotion_quadrant,logistic_regression,none,,
egemaps_logistic_regression_emotion_original_speaker_independent_none,03-01-01-01-01-01-05,0,neutral,neutral,egemaps,speaker_independent,emotion_original,logistic_regression,none,,
egemaps_logistic_regression_emotion_original_speaker_independent_none,03-01-01-01-01-01-13,0,neutral,neutral,egemaps,speaker_independent,emotion_original,logistic_regression,none,,
egemaps_logistic_regression_emotion_original_speaker_independent_none,03-01-01-01-01-01-18,0,neutral,calm,egemaps,speaker_independent,emotion_original,logistic_regression,none,,
egemaps_logistic_regression_emotion_original_speaker_independent_none,03-01-01-01-01-02-05,0,neutral,disgust,egemaps,speaker_independent,emotion_original,logistic_regression,none,,
egemaps_logistic_regression_emotion_original_speaker_independent_none,03-01-01-01-01-02-13,0,neutral,neutral,egemaps,speaker_independent,emotion_original,logistic_regression,none,,
egemaps_logistic_regression_emotion_original_speaker_independent_none,03-01-01-01-01-02-18,0,neutral,calm,egemaps,speaker_independent,emotion_original,logistic_regression,none,,
egemaps_logistic_regression_emotion_original_speaker_independent_none,03-01-01-01-02-01-05,0,neutral,neutral,egemaps,speaker_independent,emotion_original,logistic_regression,none,,
egemaps_logistic_regression_emotion_original_speaker_independent_none,03-01-01-01-02-01-13,0,neutral,neutral,egemaps,speaker_independent,emotion_original,logistic_regression,none,,
egemaps_logistic_regression_emotion_original_speaker_independent_none,03-01-01-01-02-01-18,0,neutral,calm,egemaps,speaker_independent,emotion_original,logistic_regression,none,,
egemaps_logistic_regression_emotion_original_speaker_independent_none,03-01-01-01-02-02-05,0,neutral,neutral,egemaps,speaker_independent,emotion_original,logistic_regression,none,,
egemaps_logistic_regression_emotion_original_speaker_independent_none,03-01-01-01-02-02-13,0,neutral,neutral,egemaps,speaker_independent,emotion_original,logistic_regression,none,,
egemaps_logistic_regression_emotion_original_speaker_independent_none,03-01-01-01-02-02-18,0,neutral,calm,egemaps,speaker_independent,emotion_original,logistic_regression,none,,
egemaps_logistic_regression_emotion_original_speaker_independent_none,03-01-02-01-01-01-05,0,calm,calm,egemaps,speaker_independent,emotion_original,logistic_regression,none,,
egemaps_logistic_regression_emotion_original_speaker_independent_none,03-01-02-01-01-01-18,0,calm,calm,egemaps,speaker_independent,emotion_original,logistic_regression,none,,
egemaps_logistic_regression_emotion_original_speaker_independent_none,03-01-02-01-01-02-05,0,calm,calm,egemaps,speaker_independent,emotion_original,logistic_regression,none,,
egemaps_logistic_regression_emotion_original_speaker_independent_none,03-01-02-01-01-02-18,0,calm,calm,egemaps,speaker_independent,emotion_original,logistic_regression,none,,
egemaps_logistic_regression_emotion_original_speaker_independent_none,03-01-02-01-02-01-05,0,calm,disgust,egemaps,speaker_independent,emotion_original,logistic_regression,none,,
egemaps_logistic_regression_emotion_original_speaker_independent_none,03-01-02-01-02-01-13,0,calm,neutral,egemaps,speaker_independent,emotion_original,logistic_regression,none,,
egemaps_logistic_regression_emotion_original_speaker_independent_none,03-01-02-01-02-01-18,0,calm,calm,egemaps,speaker_independent,emotion_original,logistic_regression,none,,
egemaps_logistic_regression_emotion_original_speaker_independent_none,03-01-02-01-02-02-05,0,calm,calm,egemaps,speaker_independent,emotion_original,logistic_regression,none,,
egemaps_logistic_regression_emotion_original_speaker_independent_none,03-01-02-01-02-02-13,0,calm,neutral,egemaps,speaker_independent,emotion_original,logistic_regression,none,,
egemaps_logistic_regression_emotion_original_speaker_independent_none,03-01-02-01-02-02-18,0,calm,calm,egemaps,speaker_independent,emotion_original,logistic_regression,none,,
egemaps_logistic_regression_emotion_original_speaker_independent_none,03-01-02-02-01-01-05,0,calm,calm,egemaps,speaker_independent,emotion_original,logistic_regression,none,,
egemaps_logistic_regression_emotion_original_speaker_independent_none,03-01-02-02-01-01-13,0,calm,neutral,egemaps,speaker_independent,emotion_original,logistic_regression,none,,
egemaps_logistic_regression_emotion_original_speaker_independent_none,03-01-02-02-01-01-18,0,calm,calm,egemaps,speaker_independent,emotion_original,logistic_regression,none,,
egemaps_logistic_regression_emotion_original_speaker_independent_none,03-01-02-02-01-02-05,0,calm,fearful,egemaps,speaker_independent,emotion_original,logistic_regression,none,,
egemaps_logistic_regression_emotion_original_speaker_independent_none,03-01-02-02-01-02-13,0,calm,neutral,egemaps,speaker_independent,emotion_original,logistic_regression,none,,
egemaps_logistic_regression_emotion_original_speaker_independent_none,03-01-02-02-01-02-18,0,calm,calm,egemaps,speaker_independent,emotion_original,logistic_regression,none,,
egemaps_logistic_regression_emotion_original_speaker_independent_none,03-01-02-02-02-01-05,0,calm,calm,egemaps,speaker_independent,emotion_original,logistic_regression,none,,
egemaps_logistic_regression_emotion_original_speaker_independent_none,03-01-02-02-02-01-13,0,calm,neutral,egemaps,speaker_independent,emotion_original,logistic_regression,none,,
egemaps_logistic_regression_emotion_original_speaker_independent_none,03-01-02-02-02-01-18,0,calm,calm,egemaps,speaker_independent,emotion_original,logistic_regression,none,,
egemaps_logistic_regression_emotion_original_speaker_independent_none,03-01-02-02-02-02-05,0,calm,disgust,egemaps,speaker_independent,emotion_original,logistic_regression,none,,
egemaps_logistic_regression_emotion_original_speaker_independent_none,03-01-02-02-02-02-13,0,calm,neutral,egemaps,speaker_independent,emotion_original,logistic_regression,none,,
egemaps_logistic_regression_emotion_original_speaker_independent_none,03-01-02-02-02-02-18,0,calm,calm,egemaps,speaker_independent,emotion_original,logistic_regression,none,,
egemaps_logistic_regression_emotion_original_speaker_independent_none,03-01-03-01-01-01-05,0,happy,calm,egemaps,speaker_independent,emotion_original,logistic_regression,none,,
egemaps_logistic_regression_emotion_original_speaker_independent_none,03-01-03-01-01-01-13,0,happy,neutral,egemaps,speaker_independent,emotion_original,logistic_regression,none,,
egemaps_logistic_regression_emotion_original_speaker_independent_none,03-01-03-01-01-01-18,0,happy,sad,egemaps,speaker_independent,emotion_original,logistic_regression,none,,
egemaps_logistic_regression_emotion_original_speaker_independent_none,03-01-03-01-01-02-05,0,happy,surprised,egemaps,speaker_independent,emotion_original,logistic_regression,none,,
egemaps_logistic_regression_emotion_original_speaker_independent_none,03-01-03-01-01-02-13,0,happy,neutral,egemaps,speaker_independent,emotion_original,logistic_regression,none,,
egemaps_logistic_regression_emotion_original_speaker_independent_none,03-01-03-01-01-02-18,0,happy,sad,egemaps,speaker_independent,emotion_original,logistic_regression,none,,
egemaps_logistic_regression_emotion_original_speaker_independent_none,03-01-03-01-02-01-05,0,happy,neutral,egemaps,speaker_independent,emotion_original,logistic_regression,none,,
egemaps_logistic_regression_emotion_original_speaker_independent_none,03-01-03-01-02-01-13,0,happy,neutral,egemaps,speaker_independent,emotion_original,logistic_regression,none,,
egemaps_logistic_regression_emotion_original_speaker_independent_none,03-01-03-01-02-01-18,0,happy,neutral,egemaps,speaker_independent,emotion_original,logistic_regression,none,,
egemaps_logistic_regression_emotion_original_speaker_independent_none,03-01-03-01-02-02-05,0,happy,disgust,egemaps,speaker_independent,emotion_original,logistic_regression,none,,
egemaps_logistic_regression_emotion_original_speaker_independent_none,03-01-03-01-02-02-13,0,happy,surprised,egemaps,speaker_independent,emotion_original,logistic_regression,none,,
egemaps_logistic_regression_emotion_original_speaker_independent_none,03-01-03-01-02-02-18,0,happy,sad,egemaps,speaker_independent,emotion_original,logistic_regression,none,,
egemaps_logistic_regression_emotion_original_speaker_independent_none,03-01-03-02-01-01-05,0,happy,surprised,egemaps,speaker_independent,emotion_original,logistic_regression,none,,
egemaps_logistic_regression_emotion_original_speaker_independent_none,03-01-03-02-01-01-18,0,happy,sad,egemaps,speaker_independent,emotion_original,logistic_regression,none,,
egemaps_logistic_regression_emotion_original_speaker_independent_none,03-01-03-02-01-02-05,0,happy,surprised,egemaps,speaker_independent,emotion_original,logistic_regression,none,,
egemaps_logistic_regression_emotion_original_speaker_independent_none,03-01-03-02-01-02-18,0,happy,fearful,egemaps,speaker_independent,emotion_original,logistic_regression,none,,
egemaps_logistic_regression_emotion_original_speaker_independent_none,03-01-03-02-02-01-05,0,happy,happy,egemaps,speaker_independent,emotion_original,logistic_regression,none,,
egemaps_logistic_regression_emotion_original_speaker_independent_none,03-01-03-02-02-01-13,0,happy,surprised,egemaps,speaker_independent,emotion_original,logistic_regression,none,,
egemaps_logistic_regression_emotion_original_speaker_independent_none,03-01-03-02-02-01-18,0,happy,fearful,egemaps,speaker_independent,emotion_original,logistic_regression,none,,
egemaps_logistic_regression_emotion_original_speaker_independent_none,03-01-03-02-02-02-05,0,happy,sad,egemaps,speaker_independent,emotion_original,logistic_regression,none,,
egemaps_logistic_regression_emotion_original_speaker_independent_none,03-01-03-02-02-02-13,0,happy,surprised,egemaps,speaker_independent,emotion_original,logistic_regression,none,,
egemaps_logistic_regression_emotion_original_speaker_independent_none,03-01-03-02-02-02-18,0,happy,fearful,egemaps,speaker_independent,emotion_original,logistic_regression,none,,
egemaps_logistic_regression_emotion_original_speaker_independent_none,03-01-04-01-01-01-05,0,sad,surprised,egemaps,speaker_independent,emotion_original,logistic_regression,none,,
egemaps_logistic_regression_emotion_original_speaker_independent_none,03-01-04-01-01-01-13,0,sad,neutral,egemaps,speaker_independent,emotion_original,logistic_regression,none,,
egemaps_logistic_regression_emotion_original_speaker_independent_none,03-01-04-01-01-02-05,0,sad,surprised,egemaps,speaker_independent,emotion_original,logistic_regression,none,,
egemaps_logistic_regression_emotion_original_speaker_independent_none,03-01-04-01-01-02-13,0,sad,neutral,egemaps,speaker_independent,emotion_original,logistic_regression,none,,
egemaps_logistic_regression_emotion_original_speaker_independent_none,03-01-04-01-02-01-05,0,sad,surprised,egemaps,speaker_independent,emotion_original,logistic_regression,none,,
egemaps_logistic_regression_emotion_original_speaker_independent_none,03-01-04-01-02-01-13,0,sad,neutral,egemaps,speaker_independent,emotion_original,logistic_regression,none,,
egemaps_logistic_regression_emotion_original_speaker_independent_none,03-01-04-01-02-01-18,0,sad,calm,egemaps,speaker_independent,emotion_original,logistic_regression,none,,
egemaps_logistic_regression_emotion_original_speaker_independent_none,03-01-04-01-02-02-05,0,sad,disgust,egemaps,speaker_independent,emotion_original,logistic_regression,none,,
egemaps_logistic_regression_emotion_original_speaker_independent_none,03-01-04-01-02-02-13,0,sad,calm,egemaps,speaker_independent,emotion_original,logistic_regression,none,,
egemaps_logistic_regression_emotion_original_speaker_independent_none,03-01-04-01-02-02-18,0,sad,calm,egemaps,speaker_independent,emotion_original,logistic_regression,none,,
egemaps_logistic_regression_emotion_original_speaker_independent_none,03-01-04-02-01-01-13,0,sad,neutral,egemaps,speaker_independent,emotion_original,logistic_regression,none,,
egemaps_logistic_regression_emotion_original_speaker_independent_none,03-01-04-02-01-01-18,0,sad,fearful,egemaps,speaker_independent,emotion_original,logistic_regression,none,,
egemaps_logistic_regression_emotion_original_speaker_independent_none,03-01-04-02-01-02-13,0,sad,neutral,egemaps,speaker_independent,emotion_original,logistic_regression,none,,
egemaps_logistic_regression_emotion_original_speaker_independent_none,03-01-04-02-01-02-18,0,sad,sad,egemaps,speaker_independent,emotion_original,logistic_regression,none,,
egemaps_logistic_regression_emotion_original_speaker_independent_none,03-01-04-02-02-01-05,0,sad,sad,egemaps,speaker_independent,emotion_original,logistic_regression,none,,
egemaps_logistic_regression_emotion_original_speaker_independent_none,03-01-04-02-02-01-18,0,sad,sad,egemaps,speaker_independent,emotion_original,logistic_regression,none,,
egemaps_logistic_regression_emotion_original_speaker_independent_none,03-01-04-02-02-02-05,0,sad,sad,egemaps,speaker_independent,emotion_original,logistic_regression,none,,
egemaps_logistic_regression_emotion_original_speaker_independent_none,03-01-04-02-02-02-18,0,sad,happy,egemaps,speaker_independent,emotion_original,logistic_regression,none,,
egemaps_logistic_regression_emotion_original_speaker_independent_none,03-01-05-01-01-01-05,0,angry,surprised,egemaps,speaker_independent,emotion_original,logistic_regression,none,,
egemaps_logistic_regression_emotion_original_speaker_independent_none,03-01-05-01-01-01-13,0,angry,surprised,egemaps,speaker_independent,emotion_original,logistic_regression,none,,
egemaps_logistic_regression_emotion_original_speaker_independent_none,03-01-05-01-01-01-18,0,angry,angry,egemaps,speaker_independent,emotion_original,logistic_regression,none,,
egemaps_logistic_regression_emotion_original_speaker_independent_none,03-01-05-01-01-02-05,0,angry,angry,egemaps,speaker_independent,emotion_original,logistic_regression,none,,
egemaps_logistic_regression_emotion_original_speaker_independent_none,03-01-05-01-01-02-13,0,angry,surprised,egemaps,speaker_independent,emotion_original,logistic_regression,none,,
egemaps_logistic_regression_emotion_original_speaker_independent_none,03-01-05-01-01-02-18,0,angry,angry,egemaps,speaker_independent,emotion_original,logistic_regression,none,,
egemaps_logistic_regression_emotion_original_speaker_independent_none,03-01-05-01-02-01-05,0,angry,disgust,egemaps,speaker_independent,emotion_original,logistic_regression,none,,
egemaps_logistic_regression_emotion_original_speaker_independent_none,03-01-05-01-02-01-13,0,angry,neutral,egemaps,speaker_independent,emotion_original,logistic_regression,none,,
egemaps_logistic_regression_emotion_original_speaker_independent_none,03-01-05-01-02-01-18,0,angry,angry,egemaps,speaker_independent,emotion_original,logistic_regression,none,,
egemaps_logistic_regression_emotion_original_speaker_independent_none,03-01-05-01-02-02-05,0,angry,disgust,egemaps,speaker_independent,emotion_original,logistic_regression,none,,
egemaps_logistic_regression_emotion_original_speaker_independent_none,03-01-05-01-02-02-13,0,angry,fearful,egemaps,speaker_independent,emotion_original,logistic_regression,none,,
egemaps_logistic_regression_emotion_original_speaker_independent_none,03-01-05-01-02-02-18,0,angry,angry,egemaps,speaker_independent,emotion_original,logistic_regression,none,,
egemaps_logistic_regression_emotion_original_speaker_independent_none,03-01-05-02-01-01-13,0,angry,fearful,egemaps,speaker_independent,emotion_original,logistic_regression,none,,
egemaps_logistic_regression_emotion_original_speaker_independent_none,03-01-05-02-01-02-13,0,angry,angry,egemaps,speaker_independent,emotion_original,logistic_regression,none,,
egemaps_logistic_regression_emotion_original_speaker_independent_none,03-01-05-02-02-01-05,0,angry,angry,egemaps,speaker_independent,emotion_original,logistic_regression,none,,
egemaps_logistic_regression_emotion_original_speaker_independent_none,03-01-05-02-02-01-13,0,angry,fearful,egemaps,speaker_independent,emotion_original,logistic_regression,none,,
egemaps_logistic_regression_emotion_original_speaker_independent_none,03-01-05-02-02-01-18,0,angry,fearful,egemaps,speaker_independent,emotion_original,logistic_regression,none,,
egemaps_logistic_regression_emotion_original_speaker_independent_none,03-01-05-02-02-02-05,0,angry,angry,egemaps,speaker_independent,emotion_original,logistic_regression,none,,
egemaps_logistic_regression_emotion_original_speaker_independent_none,03-01-05-02-02-02-13,0,angry,fearful,egemaps,speaker_independent,emotion_original,logistic_regression,none,,
egemaps_logistic_regression_emotion_original_speaker_independent_none,03-01-05-02-02-02-18,0,angry,fearful,egemaps,speaker_independent,emotion_original,logistic_regression,none,,
egemaps_logistic_regression_emotion_original_speaker_independent_none,03-01-06-01-01-01-13,0,fearful,neutral,egemaps,speaker_independent,emotion_original,logistic_regression,none,,
egemaps_logistic_regression_emotion_original_speaker_independent_none,03-01-06-01-01-01-18,0,fearful,disgust,egemaps,speaker_independent,emotion_original,logistic_regression,none,,
egemaps_logistic_regression_emotion_original_speaker_independent_none,03-01-06-01-01-02-13,0,fearful,surprised,egemaps,speaker_independent,emotion_original,logistic_regression,none,,
egemaps_logistic_regression_emotion_original_speaker_independent_none,03-01-06-01-01-02-18,0,fearful,sad,egemaps,speaker_independent,emotion_original,logistic_regression,none,,
egemaps_logistic_regression_emotion_original_speaker_independent_none,03-01-06-01-02-01-05,0,fearful,surprised,egemaps,speaker_independent,emotion_original,logistic_regression,none,,
egemaps_logistic_regression_emotion_original_speaker_independent_none,03-01-06-01-02-02-05,0,fearful,surprised,egemaps,speaker_independent,emotion_original,logistic_regression,none,,
egemaps_logistic_regression_emotion_original_speaker_independent_none,03-01-06-02-01-01-13,0,fearful,surprised,egemaps,speaker_independent,emotion_original,logistic_regression,none,,
egemaps_logistic_regression_emotion_original_speaker_independent_none,03-01-06-02-01-01-18,0,fearful,surprised,egemaps,speaker_independent,emotion_original,logistic_regression,none,,
egemaps_logistic_regression_emotion_original_speaker_independent_none,03-01-06-02-01-02-13,0,fearful,surprised,egemaps,speaker_independent,emotion_original,logistic_regression,none,,
egemaps_logistic_regression_emotion_original_speaker_independent_none,03-01-06-02-01-02-18,0,fearful,angry,egemaps,speaker_independent,emotion_original,logistic_regression,none,,
egemaps_logistic_regression_emotion_original_speaker_independent_none,03-01-06-02-02-01-05,0,fearful,angry,egemaps,speaker_independent,emotion_original,logistic_regression,none,,
egemaps_logistic_regression_emotion_original_speaker_independent_none,03-01-06-02-02-01-13,0,fearful,surprised,egemaps,speaker_independent,emotion_original,logistic_regression,none,,
egemaps_logistic_regression_emotion_original_speaker_independent_none,03-01-06-02-02-02-05,0,fearful,sad,egemaps,speaker_independent,emotion_original,logistic_regression,none,,
egemaps_logistic_regression_emotion_original_speaker_independent_none,03-01-06-02-02-02-13,0,fearful,surprised,egemaps,speaker_independent,emotion_original,logistic_regression,none,,
egemaps_logistic_regression_emotion_original_speaker_independent_none,03-01-07-01-01-01-05,0,disgust,disgust,egemaps,speaker_independent,emotion_original,logistic_regression,none,,
egemaps_logistic_regression_emotion_original_speaker_independent_none,03-01-07-01-01-01-13,0,disgust,neutral,egemaps,speaker_independent,emotion_original,logistic_regression,none,,
egemaps_logistic_regression_emotion_original_speaker_independent_none,03-01-07-01-01-01-18,0,disgust,disgust,egemaps,speaker_independent,emotion_original,logistic_regression,none,,
egemaps_logistic_regression_emotion_original_speaker_independent_none,03-01-07-01-01-02-05,0,disgust,disgust,egemaps,speaker_independent,emotion_original,logistic_regression,none,,
egemaps_logistic_regression_emotion_original_speaker_independent_none,03-01-07-01-01-02-13,0,disgust,surprised,egemaps,speaker_independent,emotion_original,logistic_regression,none,,
egemaps_logistic_regression_emotion_original_speaker_independent_none,03-01-07-01-01-02-18,0,disgust,angry,egemaps,speaker_independent,emotion_original,logistic_regression,none,,
egemaps_logistic_regression_emotion_original_speaker_independent_none,03-01-07-02-01-01-05,0,disgust,disgust,egemaps,speaker_independent,emotion_original,logistic_regression,none,,
egemaps_logistic_regression_emotion_original_speaker_independent_none,03-01-07-02-01-01-13,0,disgust,neutral,egemaps,speaker_independent,emotion_original,logistic_regression,none,,
egemaps_logistic_regression_emotion_original_speaker_independent_none,03-01-07-02-01-01-18,0,disgust,angry,egemaps,speaker_independent,emotion_original,logistic_regression,none,,
egemaps_logistic_regression_emotion_original_speaker_independent_none,03-01-07-02-01-02-05,0,disgust,disgust,egemaps,speaker_independent,emotion_original,logistic_regression,none,,
egemaps_logistic_regression_emotion_original_speaker_independent_none,03-01-07-02-01-02-13,0,disgust,disgust,egemaps,speaker_independent,emotion_original,logistic_regression,none,,
egemaps_logistic_regression_emotion_original_speaker_independent_none,03-01-07-02-01-02-18,0,disgust,angry,egemaps,speaker_independent,emotion_original,logistic_regression,none,,
egemaps_logistic_regression_emotion_original_speaker_independent_none,03-01-07-02-02-01-05,0,disgust,disgust,egemaps,speaker_independent,emotion_original,logistic_regression,none,,
egemaps_logistic_regression_emotion_original_speaker_independent_none,03-01-07-02-02-01-13,0,disgust,disgust,egemaps,speaker_independent,emotion_original,logistic_regression,none,,
egemaps_logistic_regression_emotion_original_speaker_independent_none,03-01-07-02-02-01-18,0,disgust,angry,egemaps,speaker_independent,emotion_original,logistic_regression,none,,
egemaps_logistic_regression_emotion_original_speaker_independent_none,03-01-07-02-02-02-05,0,disgust,disgust,egemaps,speaker_independent,emotion_original,logistic_regression,none,,
egemaps_logistic_regression_emotion_original_speaker_independent_none,03-01-07-02-02-02-13,0,disgust,neutral,egemaps,speaker_independent,emotion_original,logistic_regression,none,,
egemaps_logistic_regression_emotion_original_speaker_independent_none,03-01-07-02-02-02-18,0,disgust,angry,egemaps,speaker_independent,emotion_original,logistic_regression,none,,
egemaps_logistic_regression_emotion_original_speaker_independent_none,03-01-08-01-01-01-05,0,surprised,surprised,egemaps,speaker_independent,emotion_original,logistic_regression,none,,
egemaps_logistic_regression_emotion_original_speaker_independent_none,03-01-08-01-01-01-18,0,surprised,sad,egemaps,speaker_independent,emotion_original,logistic_regression,none,,
egemaps_logistic_regression_emotion_original_speaker_independent_none,03-01-08-01-01-02-05,0,surprised,surprised,egemaps,speaker_independent,emotion_original,logistic_regression,none,,
egemaps_logistic_regression_emotion_original_speaker_independent_none,03-01-08-01-01-02-18,0,surprised,surprised,egemaps,speaker_independent,emotion_original,logistic_regression,none,,
egemaps_logistic_regression_emotion_original_speaker_independent_none,03-01-08-01-02-01-05,0,surprised,surprised,egemaps,speaker_independent,emotion_original,logistic_regression,none,,
egemaps_logistic_regression_emotion_original_speaker_independent_none,03-01-08-01-02-01-13,0,surprised,surprised,egemaps,speaker_independent,emotion_original,logistic_regression,none,,
egemaps_logistic_regression_emotion_original_speaker_independent_none,03-01-08-01-02-01-18,0,surprised,surprised,egemaps,speaker_independent,emotion_original,logistic_regression,none,,
egemaps_logistic_regression_emotion_original_speaker_independent_none,03-01-08-01-02-02-05,0,surprised,sad,egemaps,speaker_independent,emotion_original,logistic_regression,none,,
egemaps_logistic_regression_emotion_original_speaker_independent_none,03-01-08-01-02-02-13,0,surprised,happy,egemaps,speaker_independent,emotion_original,logistic_regression,none,,
egemaps_logistic_regression_emotion_original_speaker_independent_none,03-01-08-01-02-02-18,0,surprised,surprised,egemaps,speaker_independent,emotion_original,logistic_regression,none,,
egemaps_logistic_regression_emotion_original_speaker_independent_none,03-01-08-02-01-01-13,0,surprised,surprised,egemaps,speaker_independent,emotion_original,logistic_regression,none,,
egemaps_logistic_regression_emotion_original_speaker_independent_none,03-01-08-02-01-01-18,0,surprised,fearful,egemaps,speaker_independent,emotion_original,logistic_regression,none,,
egemaps_logistic_regression_emotion_original_speaker_independent_none,03-01-08-02-01-02-13,0,surprised,disgust,egemaps,speaker_independent,emotion_original,logistic_regression,none,,
egemaps_logistic_regression_emotion_original_speaker_independent_none,03-01-08-02-01-02-18,0,surprised,surprised,egemaps,speaker_independent,emotion_original,logistic_regression,none,,
egemaps_logistic_regression_emotion_original_speaker_independent_none,03-01-08-02-02-01-05,0,surprised,sad,egemaps,speaker_independent,emotion_original,logistic_regression,none,,
egemaps_logistic_regression_emotion_original_speaker_independent_none,03-01-08-02-02-01-13,0,surprised,disgust,egemaps,speaker_independent,emotion_original,logistic_regression,none,,
egemaps_logistic_regression_emotion_original_speaker_independent_none,03-01-08-02-02-02-05,0,surprised,surprised,egemaps,speaker_independent,emotion_original,logistic_regression,none,,
egemaps_logistic_regression_emotion_original_speaker_independent_none,03-01-08-02-02-02-13,0,surprised,surprised,egemaps,speaker_independent,emotion_original,logistic_regression,none,,
egemaps_logistic_regression_emotion_original_speaker_independent_none,03-01-01-01-01-01-01,1,neutral,angry,egemaps,speaker_independent,emotion_original,logistic_regression,none,,
egemaps_logistic_regression_emotion_original_speaker_independent_none,03-01-01-01-01-01-03,1,neutral,happy,egemaps,speaker_independent,emotion_original,logistic_regression,none,,
egemaps_logistic_regression_emotion_original_speaker_independent_none,03-01-01-01-01-01-09,1,neutral,calm,egemaps,speaker_independent,emotion_original,logistic_regression,none,,
egemaps_logistic_regression_emotion_original_speaker_independent_none,03-01-01-01-01-02-01,1,neutral,fearful,egemaps,speaker_independent,emotion_original,logistic_regression,none,,
egemaps_logistic_regression_emotion_original_speaker_independent_none,03-01-01-01-01-02-03,1,neutral,surprised,egemaps,speaker_independent,emotion_original,logistic_regression,none,,
egemaps_logistic_regression_emotion_original_speaker_independent_none,03-01-01-01-01-02-09,1,neutral,calm,egemaps,speaker_independent,emotion_original,logistic_regression,none,,
egemaps_logistic_regression_emotion_original_speaker_independent_none,03-01-01-01-02-01-01,1,neutral,angry,egemaps,speaker_independent,emotion_original,logistic_regression,none,,
egemaps_logistic_regression_emotion_original_speaker_independent_none,03-01-01-01-02-01-03,1,neutral,angry,egemaps,speaker_independent,emotion_original,logistic_regression,none,,
egemaps_logistic_regression_emotion_original_speaker_independent_none,03-01-01-01-02-01-09,1,neutral,calm,egemaps,speaker_independent,emotion_original,logistic_regression,none,,
egemaps_logistic_regression_emotion_original_speaker_independent_none,03-01-01-01-02-01-15,1,neutral,angry,egemaps,speaker_independent,emotion_original,logistic_regression,none,,
egemaps_logistic_regression_emotion_original_speaker_independent_none,03-01-01-01-02-02-01,1,neutral,angry,egemaps,speaker_independent,emotion_original,logistic_regression,none,,
egemaps_logistic_regression_emotion_original_speaker_independent_none,03-01-01-01-02-02-03,1,neutral,happy,egemaps,speaker_independent,emotion_original,logistic_regression,none,,
egemaps_logistic_regression_emotion_original_speaker_independent_none,03-01-01-01-02-02-09,1,neutral,calm,egemaps,speaker_independent,emotion_original,logistic_regression,none,,
egemaps_logistic_regression_emotion_original_speaker_independent_none,03-01-01-01-02-02-15,1,neutral,happy,egemaps,speaker_independent,emotion_original,logistic_regression,none,,
egemaps_logistic_regression_emotion_original_speaker_independent_none,03-01-02-01-01-01-01,1,calm,calm,egemaps,speaker_independent,emotion_original,logistic_regression,none,,
egemaps_logistic_regression_emotion_original_speaker_independent_none,03-01-02-01-01-01-03,1,calm,calm,egemaps,speaker_independent,emotion_original,logistic_regression,none,,
egemaps_logistic_regression_emotion_original_speaker_independent_none,03-01-02-01-01-01-09,1,calm,calm,egemaps,speaker_independent,emotion_original,logistic_regression,none,,
egemaps_logistic_regression_emotion_original_speaker_independent_none,03-01-02-01-01-01-15,1,calm,neutral,egemaps,speaker_independent,emotion_original,logistic_regression,none,,
egemaps_logistic_regression_emotion_original_speaker_independent_none,03-01-02-01-01-02-01,1,calm,calm,egemaps,speaker_independent,emotion_original,logistic_regression,none,,
egemaps_logistic_regression_emotion_original_speaker_independent_none,03-01-02-01-01-02-03,1,calm,calm,egemaps,speaker_independent,emotion_original,logistic_regression,none,,
egemaps_logistic_regression_emotion_original_speaker_independent_none,03-01-02-01-01-02-09,1,calm,calm,egemaps,speaker_independent,emotion_original,logistic_regression,none,,
egemaps_logistic_regression_emotion_original_speaker_independent_none,03-01-02-01-01-02-15,1,calm,neutral,egemaps,speaker_independent,emotion_original,logistic_regression,none,,
egemaps_logistic_regression_emotion_original_speaker_independent_none,03-01-02-01-02-01-01,1,calm,angry,egemaps,speaker_independent,emotion_original,logistic_regression,none,,
egemaps_logistic_regression_emotion_original_speaker_independent_none,03-01-02-01-02-01-03,1,calm,calm,egemaps,speaker_independent,emotion_original,logistic_regression,none,,
egemaps_logistic_regression_emotion_original_speaker_independent_none,03-01-02-01-02-01-09,1,calm,calm,egemaps,speaker_independent,emotion_original,logistic_regression,none,,
egemaps_logistic_regression_emotion_original_speaker_independent_none,03-01-02-01-02-01-15,1,calm,sad,egemaps,speaker_independent,emotion_original,logistic_regression,none,,
egemaps_logistic_regression_emotion_original_speaker_independent_none,03-01-02-01-02-02-01,1,calm,calm,egemaps,speaker_independent,emotion_original,logistic_regression,none,,
egemaps_logistic_regression_emotion_original_speaker_independent_none,03-01-02-01-02-02-03,1,calm,happy,egemaps,speaker_independent,emotion_original,logistic_regression,none,,
egemaps_logistic_regression_emotion_original_speaker_independent_none,03-01-02-01-02-02-09,1,calm,calm,egemaps,speaker_independent,emotion_original,logistic_regression,none,,
egemaps_logistic_regression_emotion_original_speaker_independent_none,03-01-02-01-02-02-15,1,calm,angry,egemaps,speaker_independent,emotion_original,logistic_regression,none,,
egemaps_logistic_regression_emotion_original_speaker_independent_none,03-01-02-02-01-01-01,1,calm,calm,egemaps,speaker_independent,emotion_original,logistic_regression,none,,
egemaps_logistic_regression_emotion_original_speaker_independent_none,03-01-02-02-01-01-03,1,calm,disgust,egemaps,speaker_independent,emotion_original,logistic_regression,none,,
egemaps_logistic_regression_emotion_original_speaker_independent_none,03-01-02-02-01-02-01,1,calm,calm,egemaps,speaker_independent,emotion_original,logistic_regression,none,,
egemaps_logistic_regression_emotion_original_speaker_independent_none,03-01-02-02-01-02-03,1,calm,angry,egemaps,speaker_independent,emotion_original,logistic_regression,none,,
egemaps_logistic_regression_emotion_original_speaker_independent_none,03-01-02-02-02-01-01,1,calm,calm,egemaps,speaker_independent,emotion_original,logistic_regression,none,,
egemaps_logistic_regression_emotion_original_speaker_independent_none,03-01-02-02-02-01-03,1,calm,happy,egemaps,speaker_independent,emotion_original,logistic_regression,none,,
egemaps_logistic_regression_emotion_original_speaker_independent_none,03-01-02-02-02-01-09,1,calm,calm,egemaps,speaker_independent,emotion_original,logistic_regression,none,,
egemaps_logistic_regression_emotion_original_speaker_independent_none,03-01-02-02-02-01-15,1,calm,calm,egemaps,speaker_independent,emotion_original,logistic_regression,none,,
egemaps_logistic_regression_emotion_original_speaker_independent_none,03-01-02-02-02-02-01,1,calm,calm,egemaps,speaker_independent,emotion_original,logistic_regression,none,,
egemaps_logistic_regression_emotion_original_speaker_independent_none,03-01-02-02-02-02-03,1,calm,angry,egemaps,speaker_independent,emotion_original,logistic_regression,none,,
egemaps_logistic_regression_emotion_original_speaker_independent_none,03-01-02-02-02-02-09,1,calm,calm,egemaps,speaker_independent,emotion_original,logistic_regression,none,,
egemaps_logistic_regression_emotion_original_speaker_independent_none,03-01-02-02-02-02-15,1,calm,sad,egemaps,speaker_independent,emotion_original,logistic_regression,none,,
egemaps_logistic_regression_emotion_original_speaker_independent_none,03-01-03-01-01-01-01,1,happy,fearful,egemaps,speaker_independent,emotion_original,logistic_regression,none,,
egemaps_logistic_regression_emotion_original_speaker_independent_none,03-01-03-01-01-01-09,1,happy,calm,egemaps,speaker_independent,emotion_original,logistic_regression,none,,
egemaps_logistic_regression_emotion_original_speaker_independent_none,03-01-03-01-01-01-15,1,happy,happy,egemaps,speaker_independent,emotion_original,logistic_regression,none,,
egemaps_logistic_regression_emotion_original_speaker_independent_none,03-01-03-01-01-02-01,1,happy,happy,egemaps,speaker_independent,emotion_original,logistic_regression,none,,
egemaps_logistic_regression_emotion_original_speaker_independent_none,03-01-03-01-01-02-09,1,happy,fearful,egemaps,speaker_independent,emotion_original,logistic_regression,none,,
egemaps_logistic_regression_emotion_original_speaker_independent_none,03-01-03-01-01-02-15,1,happy,happy,egemaps,speaker_independent,emotion_original,logistic_regression,none,,
egemaps_logistic_regression_emotion_original_speaker_independent_none,03-01-03-01-02-01-01,1,happy,sad,egemaps,speaker_independent,emotion_original,logistic_regression,none,,
egemaps_logistic_regression_emotion_original_speaker_independent_none,03-01-03-01-02-01-03,1,happy,happy,egemaps,speaker_independent,emotion_original,logistic_regression,none,,
egemaps_logistic_regression_emotion_original_speaker_independent_none,03-01-03-01-02-01-09,1,happy,calm,egemaps,speaker_independent,emotion_original,logistic_regression,none,,
egemaps_logistic_regression_emotion_original_speaker_independent_none,03-01-03-01-02-01-15,1,happy,happy,egemaps,speaker_independent,emotion_original,logistic_regression,none,,
egemaps_logistic_regression_emotion_original_speaker_independent_none,03-01-03-01-02-02-01,1,happy,angry,egemaps,speaker_independent,emotion_original,logistic_regression,none,,
egemaps_logistic_regression_emotion_original_speaker_independent_none,03-01-03-01-02-02-03,1,happy,surprised,egemaps,speaker_independent,emotion_original,logistic_regression,none,,
egemaps_logistic_regression_emotion_original_speaker_independent_none,03-01-03-01-02-02-09,1,happy,calm,egemaps,speaker_independent,emotion_original,logistic_regression,none,,
egemaps_logistic_regression_emotion_original_speaker_independent_none,03-01-03-01-02-02-15,1,happy,happy,egemaps,speaker_independent,emotion_original,logistic_regression,none,,
egemaps_logistic_regression_emotion_original_speaker_independent_none,03-01-03-02-01-01-01,1,happy,surprised,egemaps,speaker_independent,emotion_original,logistic_regression,none,,
egemaps_logistic_regression_emotion_original_speaker_independent_none,03-01-03-02-01-01-03,1,happy,happy,egemaps,speaker_independent,emotion_original,logistic_regression,none,,
egemaps_logistic_regression_emotion_original_speaker_independent_none,03-01-03-02-01-01-15,1,happy,fearful,egemaps,speaker_independent,emotion_original,logistic_regression,none,,
egemaps_logistic_regression_emotion_original_speaker_independent_none,03-01-03-02-01-02-01,1,happy,happy,egemaps,speaker_independent,emotion_original,logistic_regression,none,,
egemaps_logistic_regression_emotion_original_speaker_independent_none,03-01-03-02-01-02-03,1,happy,angry,egemaps,speaker_independent,emotion_original,logistic_regression,none,,
egemaps_logistic_regression_emotion_original_speaker_independent_none,03-01-03-02-01-02-15,1,happy,happy,egemaps,speaker_independent,emotion_original,logistic_regression,none,,
egemaps_logistic_regression_emotion_original_speaker_independent_none,03-01-03-02-02-01-09,1,happy,fearful,egemaps,speaker_independent,emotion_original,logistic_regression,none,,
egemaps_logistic_regression_emotion_original_speaker_independent_none,03-01-03-02-02-02-09,1,happy,happy,egemaps,speaker_independent,emotion_original,logistic_regression,none,,
egemaps_logistic_regression_emotion_original_speaker_independent_none,03-01-04-01-01-01-01,1,sad,calm,egemaps,speaker_independent,emotion_original,logistic_regression,none,,
egemaps_logistic_regression_emotion_original_speaker_independent_none,03-01-04-01-01-01-03,1,sad,sad,egemaps,speaker_independent,emotion_original,logistic_regression,none,,
egemaps_logistic_regression_emotion_original_speaker_independent_none,03-01-04-01-01-01-09,1,sad,sad,egemaps,speaker_independent,emotion_original,logistic_regression,none,,
egemaps_logistic_regression_emotion_original_speaker_independent_none,03-01-04-01-01-01-15,1,sad,happy,egemaps,speaker_independent,emotion_original,logistic_regression,none,,
egemaps_logistic_regression_emotion_original_speaker_independent_none,03-01-04-01-01-02-01,1,sad,sad,egemaps,speaker_independent,emotion_original,logistic_regression,none,,
egemaps_logistic_regression_emotion_original_speaker_independent_none,03-01-04-01-01-02-03,1,sad,sad,egemaps,speaker_independent,emotion_original,logistic_regression,none,,
egemaps_logistic_regression_emotion_original_speaker_independent_none,03-01-04-01-01-02-09,1,sad,calm,egemaps,speaker_independent,emotion_original,logistic_regression,none,,
egemaps_logistic_regression_emotion_original_speaker_independent_none,03-01-04-01-01-02-15,1,sad,fearful,egemaps,speaker_independent,emotion_original,logistic_regression,none,,
egemaps_logistic_regression_emotion_original_speaker_independent_none,03-01-04-01-02-01-01,1,sad,sad,egemaps,speaker_independent,emotion_original,logistic_regression,none,,
egemaps_logistic_regression_emotion_original_speaker_independent_none,03-01-04-01-02-01-03,1,sad,sad,egemaps,speaker_independent,emotion_original,logistic_regression,none,,
egemaps_logistic_regression_emotion_original_speaker_independent_none,03-01-04-01-02-01-15,1,sad,happy,egemaps,speaker_independent,emotion_original,logistic_regression,none,,
egemaps_logistic_regression_emotion_original_speaker_independent_none,03-01-04-01-02-02-01,1,sad,angry,egemaps,speaker_independent,emotion_original,logistic_regression,none,,
egemaps_logistic_regression_emotion_original_speaker_independent_none,03-01-04-01-02-02-03,1,sad,sad,egemaps,speaker_independent,emotion_original,logistic_regression,none,,
egemaps_logistic_regression_emotion_original_speaker_independent_none,03-01-04-01-02-02-15,1,sad,angry,egemaps,speaker_independent,emotion_original,logistic_regression,none,,
egemaps_logistic_regression_emotion_original_speaker_independent_none,03-01-04-02-01-01-01,1,sad,calm,egemaps,speaker_independent,emotion_original,logistic_regression,none,,
egemaps_logistic_regression_emotion_original_speaker_independent_none,03-01-04-02-01-01-03,1,sad,surprised,egemaps,speaker_independent,emotion_original,logistic_regression,none,,
egemaps_logistic_regression_emotion_original_speaker_independent_none,03-01-04-02-01-01-09,1,sad,sad,egemaps,speaker_independent,emotion_original,logistic_regression,none,,
egemaps_logistic_regression_emotion_original_speaker_independent_none,03-01-04-02-01-01-15,1,sad,fearful,egemaps,speaker_independent,emotion_original,logistic_regression,none,,
egemaps_logistic_regression_emotion_original_speaker_independent_none,03-01-04-02-01-02-01,1,sad,happy,egemaps,speaker_independent,emotion_original,logistic_regression,none,,
egemaps_logistic_regression_emotion_original_speaker_independent_none,03-01-04-02-01-02-03,1,sad,happy,egemaps,speaker_independent,emotion_original,logistic_regression,none,,
egemaps_logistic_regression_emotion_original_speaker_independent_none,03-01-04-02-01-02-09,1,sad,fearful,egemaps,speaker_independent,emotion_original,logistic_regression,none,,
egemaps_logistic_regression_emotion_original_speaker_independent_none,03-01-04-02-01-02-15,1,sad,fearful,egemaps,speaker_independent,emotion_original,logistic_regression,none,,
egemaps_logistic_regression_emotion_original_speaker_independent_none,03-01-04-02-02-01-03,1,sad,sad,egemaps,speaker_independent,emotion_original,logistic_regression,none,,
egemaps_logistic_regression_emotion_original_speaker_independent_none,03-01-04-02-02-01-09,1,sad,sad,egemaps,speaker_independent,emotion_original,logistic_regression,none,,
egemaps_logistic_regression_emotion_original_speaker_independent_none,03-01-04-02-02-01-15,1,sad,happy,egemaps,speaker_independent,emotion_original,logistic_regression,none,,
egemaps_logistic_regression_emotion_original_speaker_independent_none,03-01-04-02-02-02-03,1,sad,fearful,egemaps,speaker_independent,emotion_original,logistic_regression,none,,
egemaps_logistic_regression_emotion_original_speaker_independent_none,03-01-04-02-02-02-09,1,sad,calm,egemaps,speaker_independent,emotion_original,logistic_regression,none,,
egemaps_logistic_regression_emotion_original_speaker_independent_none,03-01-04-02-02-02-15,1,sad,sad,egemaps,speaker_independent,emotion_original,logistic_regression,none,,
egemaps_logistic_regression_emotion_original_speaker_independent_none,03-01-05-01-01-01-01,1,angry,angry,egemaps,speaker_independent,emotion_original,logistic_regression,none,,
egemaps_logistic_regression_emotion_original_speaker_independent_none,03-01-05-01-01-01-03,1,angry,angry,egemaps,speaker_independent,emotion_original,logistic_regression,none,,
egemaps_logistic_regression_emotion_original_speaker_independent_none,03-01-05-01-01-01-15,1,angry,angry,egemaps,speaker_independent,emotion_original,logistic_regression,none,,
egemaps_logistic_regression_emotion_original_speaker_independent_none,03-01-05-01-01-02-01,1,angry,angry,egemaps,speaker_independent,emotion_original,logistic_regression,none,,
egemaps_logistic_regression_emotion_original_speaker_independent_none,03-01-05-01-01-02-03,1,angry,angry,egemaps,speaker_independent,emotion_original,logistic_regression,none,,
egemaps_logistic_regression_emotion_original_speaker_independent_none,03-01-05-01-01-02-15,1,angry,angry,egemaps,speaker_independent,emotion_original,logistic_regression,none,,
egemaps_logistic_regression_emotion_original_speaker_independent_none,03-01-05-01-02-01-01,1,angry,angry,egemaps,speaker_independent,emotion_original,logistic_regression,none,,
egemaps_logistic_regression_emotion_original_speaker_independent_none,03-01-05-01-02-01-03,1,angry,angry,egemaps,speaker_independent,emotion_original,logistic_regression,none,,
egemaps_logistic_regression_emotion_original_speaker_independent_none,03-01-05-01-02-01-09,1,angry,calm,egemaps,speaker_independent,emotion_original,logistic_regression,none,,
egemaps_logistic_regression_emotion_original_speaker_independent_none,03-01-05-01-02-01-15,1,angry,angry,egemaps,speaker_independent,emotion_original,logistic_regression,none,,
egemaps_logistic_regression_emotion_original_speaker_independent_none,03-01-05-01-02-02-01,1,angry,angry,egemaps,speaker_independent,emotion_original,logistic_regression,none,,
egemaps_logistic_regression_emotion_original_speaker_independent_none,03-01-05-01-02-02-03,1,angry,disgust,egemaps,speaker_independent,emotion_original,logistic_regression,none,,
egemaps_logistic_regression_emotion_original_speaker_independent_none,03-01-05-01-02-02-09,1,angry,calm,egemaps,speaker_independent,emotion_original,logistic_regression,none,,
egemaps_logistic_regression_emotion_original_speaker_independent_none,03-01-05-01-02-02-15,1,angry,angry,egemaps,speaker_independent,emotion_original,logistic_regression,none,,
egemaps_logistic_regression_emotion_original_speaker_independent_none,03-01-05-02-01-01-09,1,angry,angry,egemaps,speaker_independent,emotion_original,logistic_regression,none,,
egemaps_logistic_regression_emotion_original_speaker_independent_none,03-01-05-02-01-01-15,1,angry,angry,egemaps,speaker_independent,emotion_original,logistic_regression,none,,
egemaps_logistic_regression_emotion_original_speaker_independent_none,03-01-05-02-01-02-09,1,angry,fearful,egemaps,speaker_independent,emotion_original,logistic_regression,none,,
egemaps_logistic_regression_emotion_original_speaker_independent_none,03-01-05-02-01-02-15,1,angry,angry,egemaps,speaker_independent,emotion_original,logistic_regression,none,,
egemaps_logistic_regression_emotion_original_speaker_independent_none,03-01-05-02-02-01-01,1,angry,angry,egemaps,speaker_independent,emotion_original,logistic_regression,none,,
egemaps_logistic_regression_emotion_original_speaker_independent_none,03-01-05-02-02-01-03,1,angry,angry,egemaps,speaker_independent,emotion_original,logistic_regression,none,,
egemaps_logistic_regression_emotion_original_speaker_independent_none,03-01-05-02-02-01-09,1,angry,fearful,egemaps,speaker_independent,emotion_original,logistic_regression,none,,
egemaps_logistic_regression_emotion_original_speaker_independent_none,03-01-05-02-02-02-01,1,angry,angry,egemaps,speaker_independent,emotion_original,logistic_regression,none,,
egemaps_logistic_regression_emotion_original_speaker_independent_none,03-01-05-02-02-02-03,1,angry,fearful,egemaps,speaker_independent,emotion_original,logistic_regression,none,,
egemaps_logistic_regression_emotion_original_speaker_independent_none,03-01-05-02-02-02-09,1,angry,fearful,egemaps,speaker_independent,emotion_original,logistic_regression,none,,
egemaps_logistic_regression_emotion_original_speaker_independent_none,03-01-06-01-01-01-01,1,fearful,fearful,egemaps,speaker_independent,emotion_original,logistic_regression,none,,
egemaps_logistic_regression_emotion_original_speaker_independent_none,03-01-06-01-01-01-03,1,fearful,disgust,egemaps,speaker_independent,emotion_original,logistic_regression,none,,
egemaps_logistic_regression_emotion_original_speaker_independent_none,03-01-06-01-01-01-09,1,fearful,calm,egemaps,speaker_independent,emotion_original,logistic_regression,none,,
egemaps_logistic_regression_emotion_original_speaker_independent_none,03-01-06-01-01-02-01,1,fearful,sad,egemaps,speaker_independent,emotion_original,logistic_regression,none,,
egemaps_logistic_regression_emotion_original_speaker_independent_none,03-01-06-01-01-02-03,1,fearful,fearful,egemaps,speaker_independent,emotion_original,logistic_regression,none,,
egemaps_logistic_regression_emotion_original_speaker_independent_none,03-01-06-01-01-02-09,1,fearful,calm,egemaps,speaker_independent,emotion_original,logistic_regression,none,,
egemaps_logistic_regression_emotion_original_speaker_independent_none,03-01-06-01-02-01-01,1,fearful,angry,egemaps,speaker_independent,emotion_original,logistic_regression,none,,
egemaps_logistic_regression_emotion_original_speaker_independent_none,03-01-06-01-02-01-09,1,fearful,calm,egemaps,speaker_independent,emotion_original,logistic_regression,none,,
egemaps_logistic_regression_emotion_original_speaker_independent_none,03-01-06-01-02-01-15,1,fearful,fearful,egemaps,speaker_independent,emotion_original,logistic_regression,none,,
egemaps_logistic_regression_emotion_original_speaker_independent_none,03-01-06-01-02-02-01,1,fearful,happy,egemaps,speaker_independent,emotion_original,logistic_regression,none,,
egemaps_logistic_regression_emotion_original_speaker_independent_none,03-01-06-01-02-02-09,1,fearful,calm,egemaps,speaker_independent,emotion_original,logistic_regression,none,,
egemaps_logistic_regression_emotion_original_speaker_independent_none,03-01-06-01-02-02-15,1,fearful,fearful,egemaps,speaker_independent,emotion_original,logistic_regression,none,,
egemaps_logistic_regression_emotion_original_speaker_independent_none,03-01-06-02-01-01-01,1,fearful,fearful,egemaps,speaker_independent,emotion_original,logistic_regression,none,,
egemaps_logistic_regression_emotion_original_speaker_independent_none,03-01-06-02-01-01-03,1,fearful,fearful,egemaps,speaker_independent,emotion_original,logistic_regression,none,,
egemaps_logistic_regression_emotion_original_speaker_independent_none,03-01-06-02-01-01-09,1,fearful,fearful,egemaps,speaker_independent,emotion_original,logistic_regression,none,,
egemaps_logistic_regression_emotion_original_speaker_independent_none,03-01-06-02-01-01-15,1,fearful,fearful,egemaps,speaker_independent,emotion_original,logistic_regression,none,,
egemaps_logistic_regression_emotion_original_speaker_independent_none,03-01-06-02-01-02-01,1,fearful,angry,egemaps,speaker_independent,emotion_original,logistic_regression,none,,
egemaps_logistic_regression_emotion_original_speaker_independent_none,03-01-06-02-01-02-03,1,fearful,angry,egemaps,speaker_independent,emotion_original,logistic_regression,none,,
egemaps_logistic_regression_emotion_original_speaker_independent_none,03-01-06-02-01-02-09,1,fearful,fearful,egemaps,speaker_independent,emotion_original,logistic_regression,none,,
egemaps_logistic_regression_emotion_original_speaker_independent_none,03-01-06-02-01-02-15,1,fearful,fearful,egemaps,speaker_independent,emotion_original,logistic_regression,none,,
egemaps_logistic_regression_emotion_original_speaker_independent_none,03-01-06-02-02-01-03,1,fearful,fearful,egemaps,speaker_independent,emotion_original,logistic_regression,none,,
egemaps_logistic_regression_emotion_original_speaker_independent_none,03-01-06-02-02-01-15,1,fearful,happy,egemaps,speaker_independent,emotion_original,logistic_regression,none,,
egemaps_logistic_regression_emotion_original_speaker_independent_none,03-01-06-02-02-02-03,1,fearful,angry,egemaps,speaker_independent,emotion_original,logistic_regression,none,,
egemaps_logistic_regression_emotion_original_speaker_independent_none,03-01-06-02-02-02-15,1,fearful,happy,egemaps,speaker_independent,emotion_original,logistic_regression,none,,
egemaps_logistic_regression_emotion_original_speaker_independent_none,03-01-07-01-01-01-01,1,disgust,surprised,egemaps,speaker_independent,emotion_original,logistic_regression,none,,
egemaps_logistic_regression_emotion_original_speaker_independent_none,03-01-07-01-01-01-03,1,disgust,disgust,egemaps,speaker_independent,emotion_original,logistic_regression,none,,
egemaps_logistic_regression_emotion_original_speaker_independent_none,03-01-07-01-01-01-09,1,disgust,calm,egemaps,speaker_independent,emotion_original,logistic_regression,none,,
egemaps_logistic_regression_emotion_original_speaker_independent_none,03-01-07-01-01-01-15,1,disgust,sad,egemaps,speaker_independent,emotion_original,logistic_regression,none,,
egemaps_logistic_regression_emotion_original_speaker_independent_none,03-01-07-01-01-02-01,1,disgust,surprised,egemaps,speaker_independent,emotion_original,logistic_regression,none,,
egemaps_logistic_regression_emotion_original_speaker_independent_none,03-01-07-01-01-02-03,1,disgust,angry,egemaps,speaker_independent,emotion_original,logistic_regression,none,,
egemaps_logistic_regression_emotion_original_speaker_independent_none,03-01-07-01-01-02-09,1,disgust,calm,egemaps,speaker_independent,emotion_original,logistic_regression,none,,
egemaps_logistic_regression_emotion_original_speaker_independent_none,03-01-07-01-01-02-15,1,disgust,happy,egemaps,speaker_independent,emotion_original,logistic_regression,none,,
egemaps_logistic_regression_emotion_original_speaker_independent_none,03-01-07-01-02-01-09,1,disgust,calm,egemaps,speaker_independent,emotion_original,logistic_regression,none,,
egemaps_logistic_regression_emotion_original_speaker_independent_none,03-01-07-01-02-01-15,1,disgust,happy,egemaps,speaker_independent,emotion_original,logistic_regression,none,,
egemaps_logistic_regression_emotion_original_speaker_independent_none,03-01-07-01-02-02-09,1,disgust,calm,egemaps,speaker_independent,emotion_original,logistic_regression,none,,
egemaps_logistic_regression_emotion_original_speaker_independent_none,03-01-07-01-02-02-15,1,disgust,disgust,egemaps,speaker_independent,emotion_original,logistic_regression,none,,
egemaps_logistic_regression_emotion_original_speaker_independent_none,03-01-07-02-01-01-01,1,disgust,disgust,egemaps,speaker_independent,emotion_original,logistic_regression,none,,
egemaps_logistic_regression_emotion_original_speaker_independent_none,03-01-07-02-01-01-03,1,disgust,disgust,egemaps,speaker_independent,emotion_original,logistic_regression,none,,
egemaps_logistic_regression_emotion_original_speaker_independent_none,03-01-07-02-01-01-09,1,disgust,calm,egemaps,speaker_independent,emotion_original,logistic_regression,none,,
egemaps_logistic_regression_emotion_original_speaker_independent_none,03-01-07-02-01-01-15,1,disgust,happy,egemaps,speaker_independent,emotion_original,logistic_regression,none,,
egemaps_logistic_regression_emotion_original_speaker_independent_none,03-01-07-02-01-02-01,1,disgust,surprised,egemaps,speaker_independent,emotion_original,logistic_regression,none,,
egemaps_logistic_regression_emotion_original_speaker_independent_none,03-01-07-02-01-02-03,1,disgust,disgust,egemaps,speaker_independent,emotion_original,logistic_regression,none,,
egemaps_logistic_regression_emotion_original_speaker_independent_none,03-01-07-02-01-02-09,1,disgust,calm,egemaps,speaker_independent,emotion_original,logistic_regression,none,,
egemaps_logistic_regression_emotion_original_speaker_independent_none,03-01-07-02-01-02-15,1,disgust,angry,egemaps,speaker_independent,emotion_original,logistic_regression,none,,
egemaps_logistic_regression_emotion_original_speaker_independent_none,03-01-07-02-02-01-01,1,disgust,disgust,egemaps,speaker_independent,emotion_original,logistic_regression,none,,
egemaps_logistic_regression_emotion_original_speaker_independent_none,03-01-07-02-02-01-03,1,disgust,angry,egemaps,speaker_independent,emotion_original,logistic_regression,none,,
egemaps_logistic_regression_emotion_original_speaker_independent_none,03-01-07-02-02-01-09,1,disgust,disgust,egemaps,speaker_independent,emotion_original,logistic_regression,none,,
egemaps_logistic_regression_emotion_original_speaker_independent_none,03-01-07-02-02-01-15,1,disgust,disgust,egemaps,speaker_independent,emotion_original,logistic_regression,none,,
egemaps_logistic_regression_emotion_original_speaker_independent_none,03-01-07-02-02-02-01,1,disgust,surprised,egemaps,speaker_independent,emotion_original,logistic_regression,none,,
egemaps_logistic_regression_emotion_original_speaker_independent_none,03-01-07-02-02-02-03,1,disgust,disgust,egemaps,speaker_independent,emotion_original,logistic_regression,none,,
egemaps_logistic_regression_emotion_original_speaker_independent_none,03-01-07-02-02-02-09,1,disgust,sad,egemaps,speaker_independent,emotion_original,logistic_regression,none,,
egemaps_logistic_regression_emotion_original_speaker_independent_none,03-01-07-02-02-02-15,1,disgust,happy,egemaps,speaker_independent,emotion_original,logistic_regression,none,,
egemaps_logistic_regression_emotion_original_speaker_independent_none,03-01-08-01-01-01-01,1,surprised,sad,egemaps,speaker_independent,emotion_original,logistic_regression,none,,
egemaps_logistic_regression_emotion_original_speaker_independent_none,03-01-08-01-01-01-03,1,surprised,surprised,egemaps,speaker_independent,emotion_original,logistic_regression,none,,
egemaps_logistic_regression_emotion_original_speaker_independent_none,03-01-08-01-01-01-09,1,surprised,calm,egemaps,speaker_independent,emotion_original,logistic_regression,none,,
egemaps_logistic_regression_emotion_original_speaker_independent_none,03-01-08-01-01-01-15,1,surprised,angry,egemaps,speaker_independent,emotion_original,logistic_regression,none,,
egemaps_logistic_regression_emotion_original_speaker_independent_none,03-01-08-01-01-02-01,1,surprised,angry,egemaps,speaker_independent,emotion_original,logistic_regression,none,,
egemaps_logistic_regression_emotion_original_speaker_independent_none,03-01-08-01-01-02-03,1,surprised,fearful,egemaps,speaker_independent,emotion_original,logistic_regression,none,,
egemaps_logistic_regression_emotion_original_speaker_independent_none,03-01-08-01-01-02-09,1,surprised,calm,egemaps,speaker_independent,emotion_original,logistic_regression,none,,
egemaps_logistic_regression_emotion_original_speaker_independent_none,03-01-08-01-01-02-15,1,surprised,happy,egemaps,speaker_independent,emotion_original,logistic_regression,none,,
egemaps_logistic_regression_emotion_original_speaker_independent_none,03-01-08-01-02-01-01,1,surprised,angry,egemaps,speaker_independent,emotion_original,logistic_regression,none,,
egemaps_logistic_regression_emotion_original_speaker_independent_none,03-01-08-01-02-01-03,1,surprised,fearful,egemaps,speaker_independent,emotion_original,logistic_regression,none,,
egemaps_logistic_regression_emotion_original_speaker_independent_none,03-01-08-01-02-01-09,1,surprised,sad,egemaps,speaker_independent,emotion_original,logistic_regression,none,,
egemaps_logistic_regression_emotion_original_speaker_independent_none,03-01-08-01-02-02-01,1,surprised,angry,egemaps,speaker_independent,emotion_original,logistic_regression,none,,
egemaps_logistic_regression_emotion_original_speaker_independent_none,03-01-08-01-02-02-03,1,surprised,surprised,egemaps,speaker_independent,emotion_original,logistic_regression,none,,
egemaps_logistic_regression_emotion_original_speaker_independent_none,03-01-08-01-02-02-09,1,surprised,calm,egemaps,speaker_independent,emotion_original,logistic_regression,none,,
egemaps_logistic_regression_emotion_original_speaker_independent_none,03-01-08-02-01-01-01,1,surprised,surprised,egemaps,speaker_independent,emotion_original,logistic_regression,none,,
egemaps_logistic_regression_emotion_original_speaker_independent_none,03-01-08-02-01-01-03,1,surprised,angry,egemaps,speaker_independent,emotion_original,logistic_regression,none,,
egemaps_logistic_regression_emotion_original_speaker_independent_none,03-01-08-02-01-01-09,1,surprised,surprised,egemaps,speaker_independent,emotion_original,logistic_regression,none,,
egemaps_logistic_regression_emotion_original_speaker_independent_none,03-01-08-02-01-01-15,1,surprised,fearful,egemaps,speaker_independent,emotion_original,logistic_regression,none,,
egemaps_logistic_regression_emotion_original_speaker_independent_none,03-01-08-02-01-02-01,1,surprised,surprised,egemaps,speaker_independent,emotion_original,logistic_regression,none,,
egemaps_logistic_regression_emotion_original_speaker_independent_none,03-01-08-02-01-02-03,1,surprised,angry,egemaps,speaker_independent,emotion_original,logistic_regression,none,,
egemaps_logistic_regression_emotion_original_speaker_independent_none,03-01-08-02-01-02-09,1,surprised,sad,egemaps,speaker_independent,emotion_original,logistic_regression,none,,
egemaps_logistic_regression_emotion_original_speaker_independent_none,03-01-08-02-01-02-15,1,surprised,happy,egemaps,speaker_independent,emotion_original,logistic_regression,none,,
egemaps_logistic_regression_emotion_original_speaker_independent_none,03-01-08-02-02-01-15,1,surprised,fearful,egemaps,speaker_independent,emotion_original,logistic_regression,none,,
egemaps_logistic_regression_emotion_original_speaker_independent_none,03-01-08-02-02-02-15,1,surprised,happy,egemaps,speaker_independent,emotion_original,logistic_regression,none,,
egemaps_logistic_regression_emotion_original_speaker_independent_none,03-01-01-01-01-01-07,2,neutral,calm,egemaps,speaker_independent,emotion_original,logistic_regression,none,,
egemaps_logistic_regression_emotion_original_speaker_independent_none,03-01-01-01-01-01-10,2,neutral,happy,egemaps,speaker_independent,emotion_original,logistic_regression,none,,
egemaps_logistic_regression_emotion_original_speaker_independent_none,03-01-01-01-01-01-12,2,neutral,neutral,egemaps,speaker_independent,emotion_original,logistic_regression,none,,
egemaps_logistic_regression_emotion_original_speaker_independent_none,03-01-01-01-01-01-17,2,neutral,sad,egemaps,speaker_independent,emotion_original,logistic_regression,none,,
egemaps_logistic_regression_emotion_original_speaker_independent_none,03-01-01-01-01-02-07,2,neutral,calm,egemaps,speaker_independent,emotion_original,logistic_regression,none,,
egemaps_logistic_regression_emotion_original_speaker_independent_none,03-01-01-01-01-02-10,2,neutral,fearful,egemaps,speaker_independent,emotion_original,logistic_regression,none,,
egemaps_logistic_regression_emotion_original_speaker_independent_none,03-01-01-01-01-02-12,2,neutral,happy,egemaps,speaker_independent,emotion_original,logistic_regression,none,,
egemaps_logistic_regression_emotion_original_speaker_independent_none,03-01-01-01-01-02-17,2,neutral,surprised,egemaps,speaker_independent,emotion_original,logistic_regression,none,,
egemaps_logistic_regression_emotion_original_speaker_independent_none,03-01-01-01-02-01-07,2,neutral,neutral,egemaps,speaker_independent,emotion_original,logistic_regression,none,,
egemaps_logistic_regression_emotion_original_speaker_independent_none,03-01-01-01-02-02-07,2,neutral,calm,egemaps,speaker_independent,emotion_original,logistic_regression,none,,
egemaps_logistic_regression_emotion_original_speaker_independent_none,03-01-02-01-01-01-07,2,calm,neutral,egemaps,speaker_independent,emotion_original,logistic_regression,none,,
egemaps_logistic_regression_emotion_original_speaker_independent_none,03-01-02-01-01-01-10,2,calm,happy,egemaps,speaker_independent,emotion_original,logistic_regression,none,,
egemaps_logistic_regression_emotion_original_speaker_independent_none,03-01-02-01-01-01-12,2,calm,calm,egemaps,speaker_independent,emotion_original,logistic_regression,none,,
egemaps_logistic_regression_emotion_original_speaker_independent_none,03-01-02-01-01-01-17,2,calm,happy,egemaps,speaker_independent,emotion_original,logistic_regression,none,,
egemaps_logistic_regression_emotion_original_speaker_independent_none,03-01-02-01-01-02-07,2,calm,calm,egemaps,speaker_independent,emotion_original,logistic_regression,none,,
egemaps_logistic_regression_emotion_original_speaker_independent_none,03-01-02-01-01-02-10,2,calm,fearful,egemaps,speaker_independent,emotion_original,logistic_regression,none,,
egemaps_logistic_regression_emotion_original_speaker_independent_none,03-01-02-01-01-02-12,2,calm,calm,egemaps,speaker_independent,emotion_original,logistic_regression,none,,
egemaps_logistic_regression_emotion_original_speaker_independent_none,03-01-02-01-01-02-17,2,calm,neutral,egemaps,speaker_independent,emotion_original,logistic_regression,none,,
egemaps_logistic_regression_emotion_original_speaker_independent_none,03-01-02-01-02-01-07,2,calm,neutral,egemaps,speaker_independent,emotion_original,logistic_regression,none,,
egemaps_logistic_regression_emotion_original_speaker_independent_none,03-01-02-01-02-01-10,2,calm,fearful,egemaps,speaker_independent,emotion_original,logistic_regression,none,,
egemaps_logistic_regression_emotion_original_speaker_independent_none,03-01-02-01-02-01-17,2,calm,happy,egemaps,speaker_independent,emotion_original,logistic_regression,none,,
egemaps_logistic_regression_emotion_original_speaker_independent_none,03-01-02-01-02-02-07,2,calm,calm,egemaps,speaker_independent,emotion_original,logistic_regression,none,,
egemaps_logistic_regression_emotion_original_speaker_independent_none,03-01-02-01-02-02-10,2,calm,happy,egemaps,speaker_independent,emotion_original,logistic_regression,none,,
egemaps_logistic_regression_emotion_original_speaker_independent_none,03-01-02-01-02-02-17,2,calm,neutral,egemaps,speaker_independent,emotion_original,logistic_regression,none,,
egemaps_logistic_regression_emotion_original_speaker_independent_none,03-01-02-02-01-01-07,2,calm,calm,egemaps,speaker_independent,emotion_original,logistic_regression,none,,
egemaps_logistic_regression_emotion_original_speaker_independent_none,03-01-02-02-01-01-10,2,calm,happy,egemaps,speaker_independent,emotion_original,logistic_regression,none,,
egemaps_logistic_regression_emotion_original_speaker_independent_none,03-01-02-02-01-01-12,2,calm,sad,egemaps,speaker_independent,emotion_original,logistic_regression,none,,
egemaps_logistic_regression_emotion_original_speaker_independent_none,03-01-02-02-01-02-07,2,calm,disgust,egemaps,speaker_independent,emotion_original,logistic_regression,none,,
egemaps_logistic_regression_emotion_original_speaker_independent_none,03-01-02-02-01-02-10,2,calm,fearful,egemaps,speaker_independent,emotion_original,logistic_regression,none,,
egemaps_logistic_regression_emotion_original_speaker_independent_none,03-01-02-02-01-02-12,2,calm,calm,egemaps,speaker_independent,emotion_original,logistic_regression,none,,
egemaps_logistic_regression_emotion_original_speaker_independent_none,03-01-02-02-02-01-07,2,calm,calm,egemaps,speaker_independent,emotion_original,logistic_regression,none,,
egemaps_logistic_regression_emotion_original_speaker_independent_none,03-01-02-02-02-01-10,2,calm,sad,egemaps,speaker_independent,emotion_original,logistic_regression,none,,
egemaps_logistic_regression_emotion_original_speaker_independent_none,03-01-02-02-02-01-12,2,calm,calm,egemaps,speaker_independent,emotion_original,logistic_regression,none,,
egemaps_logistic_regression_emotion_original_speaker_independent_none,03-01-02-02-02-01-17,2,calm,calm,egemaps,speaker_independent,emotion_original,logistic_regression,none,,
egemaps_logistic_regression_emotion_original_speaker_independent_none,03-01-02-02-02-02-07,2,calm,calm,egemaps,speaker_independent,emotion_original,logistic_regression,none,,
egemaps_logistic_regression_emotion_original_speaker_independent_none,03-01-02-02-02-02-10,2,calm,sad,egemaps,speaker_independent,emotion_original,logistic_regression,none,,
egemaps_logistic_regression_emotion_original_speaker_independent_none,03-01-02-02-02-02-12,2,calm,sad,egemaps,speaker_independent,emotion_original,logistic_regression,none,,
egemaps_logistic_regression_emotion_original_speaker_independent_none,03-01-02-02-02-02-17,2,calm,neutral,egemaps,speaker_independent,emotion_original,logistic_regression,none,,
egemaps_logistic_regression_emotion_original_speaker_independent_none,03-01-03-01-01-01-10,2,happy,happy,egemaps,speaker_independent,emotion_original,logistic_regression,none,,
egemaps_logistic_regression_emotion_original_speaker_independent_none,03-01-03-01-01-01-17,2,happy,surprised,egemaps,speaker_independent,emotion_original,logistic_regression,none,,
egemaps_logistic_regression_emotion_original_speaker_independent_none,03-01-03-01-01-02-10,2,happy,fearful,egemaps,speaker_independent,emotion_original,logistic_regression,none,,
egemaps_logistic_regression_emotion_original_speaker_independent_none,03-01-03-01-01-02-17,2,happy,happy,egemaps,speaker_independent,emotion_original,logistic_regression,none,,
egemaps_logistic_regression_emotion_original_speaker_independent_none,03-01-03-01-02-01-07,2,happy,sad,egemaps,speaker_independent,emotion_original,logistic_regression,none,,
egemaps_logistic_regression_emotion_original_speaker_independent_none,03-01-03-01-02-01-10,2,happy,fearful,egemaps,speaker_independent,emotion_original,logistic_regression,none,,
egemaps_logistic_regression_emotion_original_speaker_independent_none,03-01-03-01-02-01-12,2,happy,happy,egemaps,speaker_independent,emotion_original,logistic_regression,none,,
egemaps_logistic_regression_emotion_original_speaker_independent_none,03-01-03-01-02-01-17,2,happy,surprised,egemaps,speaker_independent,emotion_original,logistic_regression,none,,
egemaps_logistic_regression_emotion_original_speaker_independent_none,03-01-03-01-02-02-07,2,happy,sad,egemaps,speaker_independent,emotion_original,logistic_regression,none,,
egemaps_logistic_regression_emotion_original_speaker_independent_none,03-01-03-01-02-02-10,2,happy,happy,egemaps,speaker_independent,emotion_original,logistic_regression,none,,
egemaps_logistic_regression_emotion_original_speaker_independent_none,03-01-03-01-02-02-12,2,happy,happy,egemaps,speaker_independent,emotion_original,logistic_regression,none,,
egemaps_logistic_regression_emotion_original_speaker_independent_none,03-01-03-01-02-02-17,2,happy,happy,egemaps,speaker_independent,emotion_original,logistic_regression,none,,
egemaps_logistic_regression_emotion_original_speaker_independent_none,03-01-03-02-01-01-07,2,happy,fearful,egemaps,speaker_independent,emotion_original,logistic_regression,none,,
egemaps_logistic_regression_emotion_original_speaker_independent_none,03-01-03-02-01-01-12,2,happy,happy,egemaps,speaker_independent,emotion_original,logistic_regression,none,,
egemaps_logistic_regression_emotion_original_speaker_independent_none,03-01-03-02-01-01-17,2,happy,fearful,egemaps,speaker_independent,emotion_original,logistic_regression,none,,
egemaps_logistic_regression_emotion_original_speaker_independent_none,03-01-03-02-01-02-07,2,happy,fearful,egemaps,speaker_independent,emotion_original,logistic_regression,none,,
egemaps_logistic_regression_emotion_original_speaker_independent_none,03-01-03-02-01-02-12,2,happy,happy,egemaps,speaker_independent,emotion_original,logistic_regression,none,,
egemaps_logistic_regression_emotion_original_speaker_independent_none,03-01-03-02-01-02-17,2,happy,surprised,egemaps,speaker_independent,emotion_original,logistic_regression,none,,
egemaps_logistic_regression_emotion_original_speaker_independent_none,03-01-03-02-02-01-07,2,happy,sad,egemaps,speaker_independent,emotion_original,logistic_regression,none,,
egemaps_logistic_regression_emotion_original_speaker_independent_none,03-01-03-02-02-01-10,2,happy,fearful,egemaps,speaker_independent,emotion_original,logistic_regression,none,,
egemaps_logistic_regression_emotion_original_speaker_independent_none,03-01-03-02-02-01-12,2,happy,happy,egemaps,speaker_independent,emotion_original,logistic_regression,none,,
egemaps_logistic_regression_emotion_original_speaker_independent_none,03-01-03-02-02-01-17,2,happy,surprised,egemaps,speaker_independent,emotion_original,logistic_regression,none,,
egemaps_logistic_regression_emotion_original_speaker_independent_none,03-01-03-02-02-02-07,2,happy,fearful,egemaps,speaker_independent,emotion_original,logistic_regression,none,,
egemaps_logistic_regression_emotion_original_speaker_independent_none,03-01-03-02-02-02-10,2,happy,fearful,egemaps,speaker_independent,emotion_original,logistic_regression,none,,
egemaps_logistic_regression_emotion_original_speaker_independent_none,03-01-03-02-02-02-12,2,happy,happy,egemaps,speaker_independent,emotion_original,logistic_regression,none,,
egemaps_logistic_regression_emotion_original_speaker_independent_none,03-01-03-02-02-02-17,2,happy,surprised,egemaps,speaker_independent,emotion_original,logistic_regression,none,,
egemaps_logistic_regression_emotion_original_speaker_independent_none,03-01-04-01-01-01-10,2,sad,sad,egemaps,speaker_independent,emotion_original,logistic_regression,none,,
egemaps_logistic_regression_emotion_original_speaker_independent_none,03-01-04-01-01-01-12,2,sad,happy,egemaps,speaker_independent,emotion_original,logistic_regression,none,,
egemaps_logistic_regression_emotion_original_speaker_independent_none,03-01-04-01-01-01-17,2,sad,sad,egemaps,speaker_independent,emotion_original,logistic_regression,none,,
egemaps_logistic_regression_emotion_original_speaker_independent_none,03-01-04-01-01-02-10,2,sad,sad,egemaps,speaker_independent,emotion_original,logistic_regression,none,,
egemaps_logistic_regression_emotion_original_speaker_independent_none,03-01-04-01-01-02-12,2,sad,sad,egemaps,speaker_independent,emotion_original,logistic_regression,none,,
egemaps_logistic_regression_emotion_original_speaker_independent_none,03-01-04-01-01-02-17,2,sad,sad,egemaps,speaker_independent,emotion_original,logistic_regression,none,,
egemaps_logistic_regression_emotion_original_speaker_independent_none,03-01-04-01-02-01-07,2,sad,sad,egemaps,speaker_independent,emotion_original,logistic_regression,none,,
egemaps_logistic_regression_emotion_original_speaker_independent_none,03-01-04-01-02-01-10,2,sad,sad,egemaps,speaker_independent,emotion_original,logistic_regression,none,,
egemaps_logistic_regression_emotion_original_speaker_independent_none,03-01-04-01-02-01-12,2,sad,happy,egemaps,speaker_independent,emotion_original,logistic_regression,none,,
egemaps_logistic_regression_emotion_original_speaker_independent_none,03-01-04-01-02-01-17,2,sad,disgust,egemaps,speaker_independent,emotion_original,logistic_regression,none,,
egemaps_logistic_regression_emotion_original_speaker_independent_none,03-01-04-01-02-02-07,2,sad,disgust,egemaps,speaker_independent,emotion_original,logistic_regression,none,,
egemaps_logistic_regression_emotion_original_speaker_independent_none,03-01-04-01-02-02-10,2,sad,sad,egemaps,speaker_independent,emotion_original,logistic_regression,none,,
egemaps_logistic_regression_emotion_original_speaker_independent_none,03-01-04-01-02-02-12,2,sad,sad,egemaps,speaker_independent,emotion_original,logistic_regression,none,,
egemaps_logistic_regression_emotion_original_speaker_independent_none,03-01-04-01-02-02-17,2,sad,angry,egemaps,speaker_independent,emotion_original,logistic_regression,none,,
egemaps_logistic_regression_emotion_original_speaker_independent_none,03-01-04-02-01-01-07,2,sad,sad,egemaps,speaker_independent,emotion_original,logistic_regression,none,,
egemaps_logistic_regression_emotion_original_speaker_independent_none,03-01-04-02-01-01-10,2,sad,happy,egemaps,speaker_independent,emotion_original,logistic_regression,none,,
egemaps_logistic_regression_emotion_original_speaker_independent_none,03-01-04-02-01-01-12,2,sad,happy,egemaps,speaker_independent,emotion_original,logistic_regression,none,,
egemaps_logistic_regression_emotion_original_speaker_independent_none,03-01-04-02-01-01-17,2,sad,sad,egemaps,speaker_independent,emotion_original,logistic_regression,none,,
egemaps_logistic_regression_emotion_original_speaker_independent_none,03-01-04-02-01-02-07,2,sad,sad,egemaps,speaker_independent,emotion_original,logistic_regression,none,,
egemaps_logistic_regression_emotion_original_speaker_independent_none,03-01-04-02-01-02-10,2,sad,fearful,egemaps,speaker_independent,emotion_original,logistic_regression,none,,
egemaps_logistic_regression_emotion_original_speaker_independent_none,03-01-04-02-01-02-12,2,sad,happy,egemaps,speaker_independent,emotion_original,logistic_regression,none,,
egemaps_logistic_regression_emotion_original_speaker_independent_none,03-01-04-02-01-02-17,2,sad,sad,egemaps,speaker_independent,emotion_original,logistic_regression,none,,
egemaps_logistic_regression_emotion_original_speaker_independent_none,03-01-04-02-02-01-07,2,sad,sad,egemaps,speaker_independent,emotion_original,logistic_regression,none,,
egemaps_logistic_regression_emotion_original_speaker_independent_none,03-01-04-02-02-01-12,2,sad,sad,egemaps,speaker_independent,emotion_original,logistic_regression,none,,
egemaps_logistic_regression_emotion_original_speaker_independent_none,03-01-04-02-02-02-07,2,sad,sad,egemaps,speaker_independent,emotion_original,logistic_regression,none,,
egemaps_logistic_regression_emotion_original_speaker_independent_none,03-01-04-02-02-02-12,2,sad,happy,egemaps,speaker_independent,emotion_original,logistic_regression,none,,
egemaps_logistic_regression_emotion_original_speaker_independent_none,03-01-05-01-01-01-07,2,angry,angry,egemaps,speaker_independent,emotion_original,logistic_regression,none,,
egemaps_logistic_regression_emotion_original_speaker_independent_none,03-01-05-01-01-01-10,2,angry,fearful,egemaps,speaker_independent,emotion_original,logistic_regression,none,,
egemaps_logistic_regression_emotion_original_speaker_independent_none,03-01-05-01-01-01-12,2,angry,angry,egemaps,speaker_independent,emotion_original,logistic_regression,none,,
egemaps_logistic_regression_emotion_original_speaker_independent_none,03-01-05-01-01-01-17,2,angry,disgust,egemaps,speaker_independent,emotion_original,logistic_regression,none,,
egemaps_logistic_regression_emotion_original_speaker_independent_none,03-01-05-01-01-02-07,2,angry,angry,egemaps,speaker_independent,emotion_original,logistic_regression,none,,
egemaps_logistic_regression_emotion_original_speaker_independent_none,03-01-05-01-01-02-10,2,angry,fearful,egemaps,speaker_independent,emotion_original,logistic_regression,none,,
egemaps_logistic_regression_emotion_original_speaker_independent_none,03-01-05-01-01-02-12,2,angry,angry,egemaps,speaker_independent,emotion_original,logistic_regression,none,,
egemaps_logistic_regression_emotion_original_speaker_independent_none,03-01-05-01-01-02-17,2,angry,disgust,egemaps,speaker_independent,emotion_original,logistic_regression,none,,
egemaps_logistic_regression_emotion_original_speaker_independent_none,03-01-05-01-02-01-07,2,angry,angry,egemaps,speaker_independent,emotion_original,logistic_regression,none,,
egemaps_logistic_regression_emotion_original_speaker_independent_none,03-01-05-01-02-01-10,2,angry,happy,egemaps,speaker_independent,emotion_original,logistic_regression,none,,
egemaps_logistic_regression_emotion_original_speaker_independent_none,03-01-05-01-02-01-12,2,angry,happy,egemaps,speaker_independent,emotion_original,logistic_regression,none,,
egemaps_logistic_regression_emotion_original_speaker_independent_none,03-01-05-01-02-01-17,2,angry,angry,egemaps,speaker_independent,emotion_original,logistic_regression,none,,
egemaps_logistic_regression_emotion_original_speaker_independent_none,03-01-05-01-02-02-07,2,angry,angry,egemaps,speaker_independent,emotion_original,logistic_regression,none,,
egemaps_logistic_regression_emotion_original_speaker_independent_none,03-01-05-01-02-02-10,2,angry,angry,egemaps,speaker_independent,emotion_original,logistic_regression,none,,
egemaps_logistic_regression_emotion_original_speaker_independent_none,03-01-05-01-02-02-12,2,angry,happy,egemaps,speaker_independent,emotion_original,logistic_regression,none,,
egemaps_logistic_regression_emotion_original_speaker_independent_none,03-01-05-01-02-02-17,2,angry,angry,egemaps,speaker_independent,emotion_original,logistic_regression,none,,
egemaps_logistic_regression_emotion_original_speaker_independent_none,03-01-05-02-01-01-12,2,angry,angry,egemaps,speaker_independent,emotion_original,logistic_regression,none,,
egemaps_logistic_regression_emotion_original_speaker_independent_none,03-01-05-02-01-02-12,2,angry,fearful,egemaps,speaker_independent,emotion_original,logistic_regression,none,,
egemaps_logistic_regression_emotion_original_speaker_independent_none,03-01-05-02-02-01-07,2,angry,angry,egemaps,speaker_independent,emotion_original,logistic_regression,none,,
egemaps_logistic_regression_emotion_original_speaker_independent_none,03-01-05-02-02-01-10,2,angry,angry,egemaps,speaker_independent,emotion_original,logistic_regression,none,,
egemaps_logistic_regression_emotion_original_speaker_independent_none,03-01-05-02-02-01-12,2,angry,angry,egemaps,speaker_independent,emotion_original,logistic_regression,none,,
egemaps_logistic_regression_emotion_original_speaker_independent_none,03-01-05-02-02-01-17,2,angry,angry,egemaps,speaker_independent,emotion_original,logistic_regression,none,,
egemaps_logistic_regression_emotion_original_speaker_independent_none,03-01-05-02-02-02-07,2,angry,angry,egemaps,speaker_independent,emotion_original,logistic_regression,none,,
egemaps_logistic_regression_emotion_original_speaker_independent_none,03-01-05-02-02-02-10,2,angry,angry,egemaps,speaker_independent,emotion_original,logistic_regression,none,,
egemaps_logistic_regression_emotion_original_speaker_independent_none,03-01-05-02-02-02-12,2,angry,fearful,egemaps,speaker_independent,emotion_original,logistic_regression,none,,
egemaps_logistic_regression_emotion_original_speaker_independent_none,03-01-05-02-02-02-17,2,angry,angry,egemaps,speaker_independent,emotion_original,logistic_regression,none,,
egemaps_logistic_regression_emotion_original_speaker_independent_none,03-01-06-01-01-01-07,2,fearful,sad,egemaps,speaker_independent,emotion_original,logistic_regression,none,,
egemaps_logistic_regression_emotion_original_speaker_independent_none,03-01-06-01-01-01-10,2,fearful,surprised,egemaps,speaker_independent,emotion_original,logistic_regression,none,,
egemaps_logistic_regression_emotion_original_speaker_independent_none,03-01-06-01-01-01-12,2,fearful,fearful,egemaps,speaker_independent,emotion_original,logistic_regression,none,,
egemaps_logistic_regression_emotion_original_speaker_independent_none,03-01-06-01-01-02-07,2,fearful,fearful,egemaps,speaker_independent,emotion_original,logistic_regression,none,,
egemaps_logistic_regression_emotion_original_speaker_independent_none,03-01-06-01-01-02-10,2,fearful,fearful,egemaps,speaker_independent,emotion_original,logistic_regression,none,,
egemaps_logistic_regression_emotion_original_speaker_independent_none,03-01-06-01-01-02-12,2,fearful,surprised,egemaps,speaker_independent,emotion_original,logistic_regression,none,,
egemaps_logistic_regression_emotion_original_speaker_independent_none,03-01-06-01-02-01-07,2,fearful,fearful,egemaps,speaker_independent,emotion_original,logistic_regression,none,,
egemaps_logistic_regression_emotion_original_speaker_independent_none,03-01-06-01-02-01-17,2,fearful,fearful,egemaps,speaker_independent,emotion_original,logistic_regression,none,,
egemaps_logistic_regression_emotion_original_speaker_independent_none,03-01-06-01-02-02-07,2,fearful,sad,egemaps,speaker_independent,emotion_original,logistic_regression,none,,
egemaps_logistic_regression_emotion_original_speaker_independent_none,03-01-06-01-02-02-17,2,fearful,fearful,egemaps,speaker_independent,emotion_original,logistic_regression,none,,
egemaps_logistic_regression_emotion_original_speaker_independent_none,03-01-06-02-01-01-07,2,fearful,fearful,egemaps,speaker_independent,emotion_original,logistic_regression,none,,
egemaps_logistic_regression_emotion_original_speaker_independent_none,03-01-06-02-01-01-10,2,fearful,fearful,egemaps,speaker_independent,emotion_original,logistic_regression,none,,
egemaps_logistic_regression_emotion_original_speaker_independent_none,03-01-06-02-01-01-12,2,fearful,fearful,egemaps,speaker_independent,emotion_original,logistic_regression,none,,
egemaps_logistic_regression_emotion_original_speaker_independent_none,03-01-06-02-01-01-17,2,fearful,fearful,egemaps,speaker_independent,emotion_original,logistic_regression,none,,
egemaps_logistic_regression_emotion_original_speaker_independent_none,03-01-06-02-01-02-07,2,fearful,fearful,egemaps,speaker_independent,emotion_original,logistic_regression,none,,
egemaps_logistic_regression_emotion_original_speaker_independent_none,03-01-06-02-01-02-10,2,fearful,fearful,egemaps,speaker_independent,emotion_original,logistic_regression,none,,
egemaps_logistic_regression_emotion_original_speaker_independent_none,03-01-06-02-01-02-12,2,fearful,happy,egemaps,speaker_independent,emotion_original,logistic_regression,none,,
egemaps_logistic_regression_emotion_original_speaker_independent_none,03-01-06-02-01-02-17,2,fearful,fearful,egemaps,speaker_independent,emotion_original,logistic_regression,none,,
egemaps_logistic_regression_emotion_original_speaker_independent_none,03-01-06-02-02-01-07,2,fearful,angry,egemaps,speaker_independent,emotion_original,logistic_regression,none,,
egemaps_logistic_regression_emotion_original_speaker_independent_none,03-01-06-02-02-01-10,2,fearful,happy,egemaps,speaker_independent,emotion_original,logistic_regression,none,,
egemaps_logistic_regression_emotion_original_speaker_independent_none,03-01-06-02-02-01-12,2,fearful,fearful,egemaps,speaker_independent,emotion_original,logistic_regression,none,,
egemaps_logistic_regression_emotion_original_speaker_independent_none,03-01-06-02-02-01-17,2,fearful,fearful,egemaps,speaker_independent,emotion_original,logistic_regression,none,,
egemaps_logistic_regression_emotion_original_speaker_independent_none,03-01-06-02-02-02-07,2,fearful,angry,egemaps,speaker_independent,emotion_original,logistic_regression,none,,
egemaps_logistic_regression_emotion_original_speaker_independent_none,03-01-06-02-02-02-10,2,fearful,surprised,egemaps,speaker_independent,emotion_original,logistic_regression,none,,
egemaps_logistic_regression_emotion_original_speaker_independent_none,03-01-06-02-02-02-12,2,fearful,fearful,egemaps,speaker_independent,emotion_original,logistic_regression,none,,
egemaps_logistic_regression_emotion_original_speaker_independent_none,03-01-06-02-02-02-17,2,fearful,fearful,egemaps,speaker_independent,emotion_original,logistic_regression,none,,
egemaps_logistic_regression_emotion_original_speaker_independent_none,03-01-07-01-01-01-10,2,disgust,happy,egemaps,speaker_independent,emotion_original,logistic_regression,none,,
egemaps_logistic_regression_emotion_original_speaker_independent_none,03-01-07-01-01-01-12,2,disgust,calm,egemaps,speaker_independent,emotion_original,logistic_regression,none,,
egemaps_logistic_regression_emotion_original_speaker_independent_none,03-01-07-01-01-01-17,2,disgust,disgust,egemaps,speaker_independent,emotion_original,logistic_regression,none,,
egemaps_logistic_regression_emotion_original_speaker_independent_none,03-01-07-01-01-02-10,2,disgust,neutral,egemaps,speaker_independent,emotion_original,logistic_regression,none,,
egemaps_logistic_regression_emotion_original_speaker_independent_none,03-01-07-01-01-02-12,2,disgust,happy,egemaps,speaker_independent,emotion_original,logistic_regression,none,,
egemaps_logistic_regression_emotion_original_speaker_independent_none,03-01-07-01-01-02-17,2,disgust,disgust,egemaps,speaker_independent,emotion_original,logistic_regression,none,,
egemaps_logistic_regression_emotion_original_speaker_independent_none,03-01-07-01-02-01-07,2,disgust,neutral,egemaps,speaker_independent,emotion_original,logistic_regression,none,,
egemaps_logistic_regression_emotion_original_speaker_independent_none,03-01-07-01-02-01-17,2,disgust,disgust,egemaps,speaker_independent,emotion_original,logistic_regression,none,,
egemaps_logistic_regression_emotion_original_speaker_independent_none,03-01-07-01-02-02-07,2,disgust,disgust,egemaps,speaker_independent,emotion_original,logistic_regression,none,,
egemaps_logistic_regression_emotion_original_speaker_independent_none,03-01-07-01-02-02-17,2,disgust,disgust,egemaps,speaker_independent,emotion_original,logistic_regression,none,,
egemaps_logistic_regression_emotion_original_speaker_independent_none,03-01-07-02-01-01-10,2,disgust,surprised,egemaps,speaker_independent,emotion_original,logistic_regression,none,,
egemaps_logistic_regression_emotion_original_speaker_independent_none,03-01-07-02-01-01-12,2,disgust,happy,egemaps,speaker_independent,emotion_original,logistic_regression,none,,
egemaps_logistic_regression_emotion_original_speaker_independent_none,03-01-07-02-01-01-17,2,disgust,disgust,egemaps,speaker_independent,emotion_original,logistic_regression,none,,
egemaps_logistic_regression_emotion_original_speaker_independent_none,03-01-07-02-01-02-10,2,disgust,angry,egemaps,speaker_independent,emotion_original,logistic_regression,none,,
egemaps_logistic_regression_emotion_original_speaker_independent_none,03-01-07-02-01-02-12,2,disgust,happy,egemaps,speaker_independent,emotion_original,logistic_regression,none,,
egemaps_logistic_regression_emotion_original_speaker_independent_none,03-01-07-02-01-02-17,2,disgust,surprised,egemaps,speaker_independent,emotion_original,logistic_regression,none,,
egemaps_logistic_regression_emotion_original_speaker_independent_none,03-01-07-02-02-01-07,2,disgust,disgust,egemaps,speaker_independent,emotion_original,logistic_regression,none,,
egemaps_logistic_regression_emotion_original_speaker_independent_none,03-01-07-02-02-01-10,2,disgust,happy,egemaps,speaker_independent,emotion_original,logistic_regression,none,,
egemaps_logistic_regression_emotion_original_speaker_independent_none,03-01-07-02-02-01-12,2,disgust,disgust,egemaps,speaker_independent,emotion_original,logistic_regression,none,,
egemaps_logistic_regression_emotion_original_speaker_independent_none,03-01-07-02-02-01-17,2,disgust,disgust,egemaps,speaker_independent,emotion_original,logistic_regression,none,,
egemaps_logistic_regression_emotion_original_speaker_independent_none,03-01-07-02-02-02-07,2,disgust,disgust,egemaps,speaker_independent,emotion_original,logistic_regression,none,,
egemaps_logistic_regression_emotion_original_speaker_independent_none,03-01-07-02-02-02-10,2,disgust,happy,egemaps,speaker_independent,emotion_original,logistic_regression,none,,
egemaps_logistic_regression_emotion_original_speaker_independent_none,03-01-07-02-02-02-12,2,disgust,angry,egemaps,speaker_independent,emotion_original,logistic_regression,none,,
egemaps_logistic_regression_emotion_original_speaker_independent_none,03-01-07-02-02-02-17,2,disgust,disgust,egemaps,speaker_independent,emotion_original,logistic_regression,none,,
egemaps_logistic_regression_emotion_original_speaker_independent_none,03-01-08-01-01-01-07,2,surprised,neutral,egemaps,speaker_independent,emotion_original,logistic_regression,none,,
egemaps_logistic_regression_emotion_original_speaker_independent_none,03-01-08-01-01-01-12,2,surprised,happy,egemaps,speaker_independent,emotion_original,logistic_regression,none,,
egemaps_logistic_regression_emotion_original_speaker_independent_none,03-01-08-01-01-01-17,2,surprised,surprised,egemaps,speaker_independent,emotion_original,logistic_regression,none,,
egemaps_logistic_regression_emotion_original_speaker_independent_none,03-01-08-01-01-02-07,2,surprised,angry,egemaps,speaker_independent,emotion_original,logistic_regression,none,,
egemaps_logistic_regression_emotion_original_speaker_independent_none,03-01-08-01-01-02-12,2,surprised,surprised,egemaps,speaker_independent,emotion_original,logistic_regression,none,,
egemaps_logistic_regression_emotion_original_speaker_independent_none,03-01-08-01-01-02-17,2,surprised,fearful,egemaps,speaker_independent,emotion_original,logistic_regression,none,,
egemaps_logistic_regression_emotion_original_speaker_independent_none,03-01-08-01-02-01-07,2,surprised,neutral,egemaps,speaker_independent,emotion_original,logistic_regression,none,,
egemaps_logistic_regression_emotion_original_speaker_independent_none,03-01-08-01-02-01-10,2,surprised,fearful,egemaps,speaker_independent,emotion_original,logistic_regression,none,,
egemaps_logistic_regression_emotion_original_speaker_independent_none,03-01-08-01-02-01-12,2,surprised,happy,egemaps,speaker_independent,emotion_original,logistic_regression,none,,
egemaps_logistic_regression_emotion_original_speaker_independent_none,03-01-08-01-02-01-17,2,surprised,disgust,egemaps,speaker_independent,emotion_original,logistic_regression,none,,
egemaps_logistic_regression_emotion_original_speaker_independent_none,03-01-08-01-02-02-07,2,surprised,neutral,egemaps,speaker_independent,emotion_original,logistic_regression,none,,
egemaps_logistic_regression_emotion_original_speaker_independent_none,03-01-08-01-02-02-10,2,surprised,fearful,egemaps,speaker_independent,emotion_original,logistic_regression,none,,
egemaps_logistic_regression_emotion_original_speaker_independent_none,03-01-08-01-02-02-12,2,surprised,happy,egemaps,speaker_independent,emotion_original,logistic_regression,none,,
egemaps_logistic_regression_emotion_original_speaker_independent_none,03-01-08-01-02-02-17,2,surprised,surprised,egemaps,speaker_independent,emotion_original,logistic_regression,none,,
egemaps_logistic_regression_emotion_original_speaker_independent_none,03-01-08-02-01-01-07,2,surprised,angry,egemaps,speaker_independent,emotion_original,logistic_regression,none,,
egemaps_logistic_regression_emotion_original_speaker_independent_none,03-01-08-02-01-01-10,2,surprised,fearful,egemaps,speaker_independent,emotion_original,logistic_regression,none,,
egemaps_logistic_regression_emotion_original_speaker_independent_none,03-01-08-02-01-01-12,2,surprised,surprised,egemaps,speaker_independent,emotion_original,logistic_regression,none,,
egemaps_logistic_regression_emotion_original_speaker_independent_none,03-01-08-02-01-02-07,2,surprised,disgust,egemaps,speaker_independent,emotion_original,logistic_regression,none,,
egemaps_logistic_regression_emotion_original_speaker_independent_none,03-01-08-02-01-02-10,2,surprised,fearful,egemaps,speaker_independent,emotion_original,logistic_regression,none,,
egemaps_logistic_regression_emotion_original_speaker_independent_none,03-01-08-02-01-02-12,2,surprised,surprised,egemaps,speaker_independent,emotion_original,logistic_regression,none,,
egemaps_logistic_regression_emotion_original_speaker_independent_none,03-01-08-02-02-01-07,2,surprised,surprised,egemaps,speaker_independent,emotion_original,logistic_regression,none,,
egemaps_logistic_regression_emotion_original_speaker_independent_none,03-01-08-02-02-01-10,2,surprised,happy,egemaps,speaker_independent,emotion_original,logistic_regression,none,,
egemaps_logistic_regression_emotion_original_speaker_independent_none,03-01-08-02-02-01-17,2,surprised,fearful,egemaps,speaker_independent,emotion_original,logistic_regression,none,,
egemaps_logistic_regression_emotion_original_speaker_independent_none,03-01-08-02-02-02-07,2,surprised,happy,egemaps,speaker_independent,emotion_original,logistic_regression,none,,
egemaps_logistic_regression_emotion_original_speaker_independent_none,03-01-08-02-02-02-10,2,surprised,fearful,egemaps,speaker_independent,emotion_original,logistic_regression,none,,
egemaps_logistic_regression_emotion_original_speaker_independent_none,03-01-08-02-02-02-17,2,surprised,surprised,egemaps,speaker_independent,emotion_original,logistic_regression,none,,
egemaps_logistic_regression_emotion_original_speaker_independent_none,03-01-01-01-01-01-08,3,neutral,neutral,egemaps,speaker_independent,emotion_original,logistic_regression,none,,
egemaps_logistic_regression_emotion_original_speaker_independent_none,03-01-01-01-01-01-11,3,neutral,calm,egemaps,speaker_independent,emotion_original,logistic_regression,none,,
egemaps_logistic_regression_emotion_original_speaker_independent_none,03-01-01-01-01-01-20,3,neutral,neutral,egemaps,speaker_independent,emotion_original,logistic_regression,none,,
egemaps_logistic_regression_emotion_original_speaker_independent_none,03-01-01-01-01-02-08,3,neutral,neutral,egemaps,speaker_independent,emotion_original,logistic_regression,none,,
egemaps_logistic_regression_emotion_original_speaker_independent_none,03-01-01-01-01-02-11,3,neutral,neutral,egemaps,speaker_independent,emotion_original,logistic_regression,none,,
egemaps_logistic_regression_emotion_original_speaker_independent_none,03-01-01-01-01-02-20,3,neutral,neutral,egemaps,speaker_independent,emotion_original,logistic_regression,none,,
egemaps_logistic_regression_emotion_original_speaker_independent_none,03-01-01-01-02-01-08,3,neutral,neutral,egemaps,speaker_independent,emotion_original,logistic_regression,none,,
egemaps_logistic_regression_emotion_original_speaker_independent_none,03-01-01-01-02-01-11,3,neutral,neutral,egemaps,speaker_independent,emotion_original,logistic_regression,none,,
egemaps_logistic_regression_emotion_original_speaker_independent_none,03-01-01-01-02-01-20,3,neutral,neutral,egemaps,speaker_independent,emotion_original,logistic_regression,none,,
egemaps_logistic_regression_emotion_original_speaker_independent_none,03-01-01-01-02-02-08,3,neutral,neutral,egemaps,speaker_independent,emotion_original,logistic_regression,none,,
egemaps_logistic_regression_emotion_original_speaker_independent_none,03-01-01-01-02-02-11,3,neutral,fearful,egemaps,speaker_independent,emotion_original,logistic_regression,none,,
egemaps_logistic_regression_emotion_original_speaker_independent_none,03-01-01-01-02-02-20,3,neutral,neutral,egemaps,speaker_independent,emotion_original,logistic_regression,none,,
egemaps_logistic_regression_emotion_original_speaker_independent_none,03-01-02-01-01-01-08,3,calm,neutral,egemaps,speaker_independent,emotion_original,logistic_regression,none,,
egemaps_logistic_regression_emotion_original_speaker_independent_none,03-01-02-01-01-01-11,3,calm,fearful,egemaps,speaker_independent,emotion_original,logistic_regression,none,,
egemaps_logistic_regression_emotion_original_speaker_independent_none,03-01-02-01-01-01-20,3,calm,sad,egemaps,speaker_independent,emotion_original,logistic_regression,none,,
egemaps_logistic_regression_emotion_original_speaker_independent_none,03-01-02-01-01-02-08,3,calm,calm,egemaps,speaker_independent,emotion_original,logistic_regression,none,,
egemaps_logistic_regression_emotion_original_speaker_independent_none,03-01-02-01-01-02-11,3,calm,calm,egemaps,speaker_independent,emotion_original,logistic_regression,none,,
egemaps_logistic_regression_emotion_original_speaker_independent_none,03-01-02-01-01-02-20,3,calm,calm,egemaps,speaker_independent,emotion_original,logistic_regression,none,,
egemaps_logistic_regression_emotion_original_speaker_independent_none,03-01-02-01-02-01-08,3,calm,calm,egemaps,speaker_independent,emotion_original,logistic_regression,none,,
egemaps_logistic_regression_emotion_original_speaker_independent_none,03-01-02-01-02-01-11,3,calm,neutral,egemaps,speaker_independent,emotion_original,logistic_regression,none,,
egemaps_logistic_regression_emotion_original_speaker_independent_none,03-01-02-01-02-01-20,3,calm,fearful,egemaps,speaker_independent,emotion_original,logistic_regression,none,,
egemaps_logistic_regression_emotion_original_speaker_independent_none,03-01-02-01-02-02-08,3,calm,calm,egemaps,speaker_independent,emotion_original,logistic_regression,none,,
egemaps_logistic_regression_emotion_original_speaker_independent_none,03-01-02-01-02-02-11,3,calm,calm,egemaps,speaker_independent,emotion_original,logistic_regression,none,,
egemaps_logistic_regression_emotion_original_speaker_independent_none,03-01-02-01-02-02-20,3,calm,calm,egemaps,speaker_independent,emotion_original,logistic_regression,none,,
egemaps_logistic_regression_emotion_original_speaker_independent_none,03-01-02-02-01-01-08,3,calm,calm,egemaps,speaker_independent,emotion_original,logistic_regression,none,,
egemaps_logistic_regression_emotion_original_speaker_independent_none,03-01-02-02-01-01-11,3,calm,calm,egemaps,speaker_independent,emotion_original,logistic_regression,none,,
egemaps_logistic_regression_emotion_original_speaker_independent_none,03-01-02-02-01-01-20,3,calm,sad,egemaps,speaker_independent,emotion_original,logistic_regression,none,,
egemaps_logistic_regression_emotion_original_speaker_independent_none,03-01-02-02-01-02-08,3,calm,sad,egemaps,speaker_independent,emotion_original,logistic_regression,none,,
egemaps_logistic_regression_emotion_original_speaker_independent_none,03-01-02-02-01-02-11,3,calm,calm,egemaps,speaker_independent,emotion_original,logistic_regression,none,,
egemaps_logistic_regression_emotion_original_speaker_independent_none,03-01-02-02-01-02-20,3,calm,calm,egemaps,speaker_independent,emotion_original,logistic_regression,none,,
egemaps_logistic_regression_emotion_original_speaker_independent_none,03-01-02-02-02-01-08,3,calm,calm,egemaps,speaker_independent,emotion_original,logistic_regression,none,,
egemaps_logistic_regression_emotion_original_speaker_independent_none,03-01-02-02-02-01-20,3,calm,calm,egemaps,speaker_independent,emotion_original,logistic_regression,none,,
egemaps_logistic_regression_emotion_original_speaker_independent_none,03-01-02-02-02-02-08,3,calm,calm,egemaps,speaker_independent,emotion_original,logistic_regression,none,,
egemaps_logistic_regression_emotion_original_speaker_independent_none,03-01-02-02-02-02-20,3,calm,surprised,egemaps,speaker_independent,emotion_original,logistic_regression,none,,
egemaps_logistic_regression_emotion_original_speaker_independent_none,03-01-03-01-01-01-08,3,happy,happy,egemaps,speaker_independent,emotion_original,logistic_regression,none,,
egemaps_logistic_regression_emotion_original_speaker_independent_none,03-01-03-01-01-01-20,3,happy,happy,egemaps,speaker_independent,emotion_original,logistic_regression,none,,
egemaps_logistic_regression_emotion_original_speaker_independent_none,03-01-03-01-01-02-08,3,happy,happy,egemaps,speaker_independent,emotion_original,logistic_regression,none,,
egemaps_logistic_regression_emotion_original_speaker_independent_none,03-01-03-01-01-02-20,3,happy,happy,egemaps,speaker_independent,emotion_original,logistic_regression,none,,
egemaps_logistic_regression_emotion_original_speaker_independent_none,03-01-03-01-02-01-08,3,happy,neutral,egemaps,speaker_independent,emotion_original,logistic_regression,none,,
egemaps_logistic_regression_emotion_original_speaker_independent_none,03-01-03-01-02-01-11,3,happy,calm,egemaps,speaker_independent,emotion_original,logistic_regression,none,,
egemaps_logistic_regression_emotion_original_speaker_independent_none,03-01-03-01-02-01-20,3,happy,neutral,egemaps,speaker_independent,emotion_original,logistic_regression,none,,
egemaps_logistic_regression_emotion_original_speaker_independent_none,03-01-03-01-02-02-08,3,happy,neutral,egemaps,speaker_independent,emotion_original,logistic_regression,none,,
egemaps_logistic_regression_emotion_original_speaker_independent_none,03-01-03-01-02-02-11,3,happy,calm,egemaps,speaker_independent,emotion_original,logistic_regression,none,,
egemaps_logistic_regression_emotion_original_speaker_independent_none,03-01-03-01-02-02-20,3,happy,happy,egemaps,speaker_independent,emotion_original,logistic_regression,none,,
egemaps_logistic_regression_emotion_original_speaker_independent_none,03-01-03-02-01-01-08,3,happy,happy,egemaps,speaker_independent,emotion_original,logistic_regression,none,,
egemaps_logistic_regression_emotion_original_speaker_independent_none,03-01-03-02-01-01-11,3,happy,happy,egemaps,speaker_independent,emotion_original,logistic_regression,none,,
egemaps_logistic_regression_emotion_original_speaker_independent_none,03-01-03-02-01-02-08,3,happy,happy,egemaps,speaker_independent,emotion_original,logistic_regression,none,,
egemaps_logistic_regression_emotion_original_speaker_independent_none,03-01-03-02-01-02-11,3,happy,happy,egemaps,speaker_independent,emotion_original,logistic_regression,none,,
egemaps_logistic_regression_emotion_original_speaker_independent_none,03-01-03-02-02-01-11,3,happy,angry,egemaps,speaker_independent,emotion_original,logistic_regression,none,,
egemaps_logistic_regression_emotion_original_speaker_independent_none,03-01-03-02-02-01-20,3,happy,happy,egemaps,speaker_independent,emotion_original,logistic_regression,none,,
egemaps_logistic_regression_emotion_original_speaker_independent_none,03-01-03-02-02-02-11,3,happy,angry,egemaps,speaker_independent,emotion_original,logistic_regression,none,,
egemaps_logistic_regression_emotion_original_speaker_independent_none,03-01-03-02-02-02-20,3,happy,surprised,egemaps,speaker_independent,emotion_original,logistic_regression,none,,
egemaps_logistic_regression_emotion_original_speaker_independent_none,03-01-04-01-01-01-08,3,sad,sad,egemaps,speaker_independent,emotion_original,logistic_regression,none,,
egemaps_logistic_regression_emotion_original_speaker_independent_none,03-01-04-01-01-01-11,3,sad,fearful,egemaps,speaker_independent,emotion_original,logistic_regression,none,,
egemaps_logistic_regression_emotion_original_speaker_independent_none,03-01-04-01-01-02-08,3,sad,calm,egemaps,speaker_independent,emotion_original,logistic_regression,none,,
egemaps_logistic_regression_emotion_original_speaker_independent_none,03-01-04-01-01-02-11,3,sad,calm,egemaps,speaker_independent,emotion_original,logistic_regression,none,,
egemaps_logistic_regression_emotion_original_speaker_independent_none,03-01-04-01-02-01-08,3,sad,sad,egemaps,speaker_independent,emotion_original,logistic_regression,none,,
egemaps_logistic_regression_emotion_original_speaker_independent_none,03-01-04-01-02-01-11,3,sad,fearful,egemaps,speaker_independent,emotion_original,logistic_regression,none,,
egemaps_logistic_regression_emotion_original_speaker_independent_none,03-01-04-01-02-01-20,3,sad,fearful,egemaps,speaker_independent,emotion_original,logistic_regression,none,,
egemaps_logistic_regression_emotion_original_speaker_independent_none,03-01-04-01-02-02-08,3,sad,sad,egemaps,speaker_independent,emotion_original,logistic_regression,none,,
egemaps_logistic_regression_emotion_original_speaker_independent_none,03-01-04-01-02-02-11,3,sad,calm,egemaps,speaker_independent,emotion_original,logistic_regression,none,,
egemaps_logistic_regression_emotion_original_speaker_independent_none,03-01-04-01-02-02-20,3,sad,sad,egemaps,speaker_independent,emotion_original,logistic_regression,none,,
egemaps_logistic_regression_emotion_original_speaker_independent_none,03-01-04-02-01-01-08,3,sad,sad,egemaps,speaker_independent,emotion_original,logistic_regression,none,,
egemaps_logistic_regression_emotion_original_speaker_independent_none,03-01-04-02-01-01-20,3,sad,sad,egemaps,speaker_independent,emotion_original,logistic_regression,none,,
egemaps_logistic_regression_emotion_original_speaker_independent_none,03-01-04-02-01-02-08,3,sad,sad,egemaps,speaker_independent,emotion_original,logistic_regression,none,,
egemaps_logistic_regression_emotion_original_speaker_independent_none,03-01-04-02-01-02-20,3,sad,sad,egemaps,speaker_independent,emotion_original,logistic_regression,none,,
egemaps_logistic_regression_emotion_original_speaker_independent_none,03-01-04-02-02-01-08,3,sad,sad,egemaps,speaker_independent,emotion_original,logistic_regression,none,,
egemaps_logistic_regression_emotion_original_speaker_independent_none,03-01-04-02-02-01-11,3,sad,fearful,egemaps,speaker_independent,emotion_original,logistic_regression,none,,
egemaps_logistic_regression_emotion_original_speaker_independent_none,03-01-04-02-02-01-20,3,sad,sad,egemaps,speaker_independent,emotion_original,logistic_regression,none,,
egemaps_logistic_regression_emotion_original_speaker_independent_none,03-01-04-02-02-02-08,3,sad,sad,egemaps,speaker_independent,emotion_original,logistic_regression,none,,
egemaps_logistic_regression_emotion_original_speaker_independent_none,03-01-04-02-02-02-11,3,sad,disgust,egemaps,speaker_independent,emotion_original,logistic_regression,none,,
egemaps_logistic_regression_emotion_original_speaker_independent_none,03-01-04-02-02-02-20,3,sad,sad,egemaps,speaker_independent,emotion_original,logistic_regression,none,,
egemaps_logistic_regression_emotion_original_speaker_independent_none,03-01-05-01-01-01-08,3,angry,happy,egemaps,speaker_independent,emotion_original,logistic_regression,none,,
egemaps_logistic_regression_emotion_original_speaker_independent_none,03-01-05-01-01-01-11,3,angry,angry,egemaps,speaker_independent,emotion_original,logistic_regression,none,,
egemaps_logistic_regression_emotion_original_speaker_independent_none,03-01-05-01-01-01-20,3,angry,fearful,egemaps,speaker_independent,emotion_original,logistic_regression,none,,
egemaps_logistic_regression_emotion_original_speaker_independent_none,03-01-05-01-01-02-08,3,angry,angry,egemaps,speaker_independent,emotion_original,logistic_regression,none,,
egemaps_logistic_regression_emotion_original_speaker_independent_none,03-01-05-01-01-02-11,3,angry,angry,egemaps,speaker_independent,emotion_original,logistic_regression,none,,
egemaps_logistic_regression_emotion_original_speaker_independent_none,03-01-05-01-01-02-20,3,angry,happy,egemaps,speaker_independent,emotion_original,logistic_regression,none,,
egemaps_logistic_regression_emotion_original_speaker_independent_none,03-01-05-01-02-01-11,3,angry,angry,egemaps,speaker_independent,emotion_original,logistic_regression,none,,
egemaps_logistic_regression_emotion_original_speaker_independent_none,03-01-05-01-02-01-20,3,angry,angry,egemaps,speaker_independent,emotion_original,logistic_regression,none,,
egemaps_logistic_regression_emotion_original_speaker_independent_none,03-01-05-01-02-02-11,3,angry,angry,egemaps,speaker_independent,emotion_original,logistic_regression,none,,
egemaps_logistic_regression_emotion_original_speaker_independent_none,03-01-05-01-02-02-20,3,angry,disgust,egemaps,speaker_independent,emotion_original,logistic_regression,none,,
egemaps_logistic_regression_emotion_original_speaker_independent_none,03-01-05-02-01-01-11,3,angry,angry,egemaps,speaker_independent,emotion_original,logistic_regression,none,,
egemaps_logistic_regression_emotion_original_speaker_independent_none,03-01-05-02-01-02-11,3,angry,angry,egemaps,speaker_independent,emotion_original,logistic_regression,none,,
egemaps_logistic_regression_emotion_original_speaker_independent_none,03-01-05-02-02-01-08,3,angry,angry,egemaps,speaker_independent,emotion_original,logistic_regression,none,,
egemaps_logistic_regression_emotion_original_speaker_independent_none,03-01-05-02-02-01-11,3,angry,angry,egemaps,speaker_independent,emotion_original,logistic_regression,none,,
egemaps_logistic_regression_emotion_original_speaker_independent_none,03-01-05-02-02-01-20,3,angry,angry,egemaps,speaker_independent,emotion_original,logistic_regression,none,,
egemaps_logistic_regression_emotion_original_speaker_independent_none,03-01-05-02-02-02-08,3,angry,angry,egemaps,speaker_independent,emotion_original,logistic_regression,none,,
egemaps_logistic_regression_emotion_original_speaker_independent_none,03-01-05-02-02-02-11,3,angry,angry,egemaps,speaker_independent,emotion_original,logistic_regression,none,,
egemaps_logistic_regression_emotion_original_speaker_independent_none,03-01-05-02-02-02-20,3,angry,angry,egemaps,speaker_independent,emotion_original,logistic_regression,none,,
egemaps_logistic_regression_emotion_original_speaker_independent_none,03-01-06-01-01-01-20,3,fearful,sad,egemaps,speaker_independent,emotion_original,logistic_regression,none,,
egemaps_logistic_regression_emotion_original_speaker_independent_none,03-01-06-01-01-02-20,3,fearful,sad,egemaps,speaker_independent,emotion_original,logistic_regression,none,,
egemaps_logistic_regression_emotion_original_speaker_independent_none,03-01-06-01-02-01-08,3,fearful,sad,egemaps,speaker_independent,emotion_original,logistic_regression,none,,
egemaps_logistic_regression_emotion_original_speaker_independent_none,03-01-06-01-02-01-11,3,fearful,happy,egemaps,speaker_independent,emotion_original,logistic_regression,none,,
egemaps_logistic_regression_emotion_original_speaker_independent_none,03-01-06-01-02-02-08,3,fearful,happy,egemaps,speaker_independent,emotion_original,logistic_regression,none,,
egemaps_logistic_regression_emotion_original_speaker_independent_none,03-01-06-01-02-02-11,3,fearful,calm,egemaps,speaker_independent,emotion_original,logistic_regression,none,,
egemaps_logistic_regression_emotion_original_speaker_independent_none,03-01-06-02-01-01-08,3,fearful,happy,egemaps,speaker_independent,emotion_original,logistic_regression,none,,
egemaps_logistic_regression_emotion_original_speaker_independent_none,03-01-06-02-01-01-11,3,fearful,fearful,egemaps,speaker_independent,emotion_original,logistic_regression,none,,
egemaps_logistic_regression_emotion_original_speaker_independent_none,03-01-06-02-01-01-20,3,fearful,happy,egemaps,speaker_independent,emotion_original,logistic_regression,none,,
egemaps_logistic_regression_emotion_original_speaker_independent_none,03-01-06-02-01-02-08,3,fearful,happy,egemaps,speaker_independent,emotion_original,logistic_regression,none,,
egemaps_logistic_regression_emotion_original_speaker_independent_none,03-01-06-02-01-02-11,3,fearful,fearful,egemaps,speaker_independent,emotion_original,logistic_regression,none,,
egemaps_logistic_regression_emotion_original_speaker_independent_none,03-01-06-02-01-02-20,3,fearful,fearful,egemaps,speaker_independent,emotion_original,logistic_regression,none,,
egemaps_logistic_regression_emotion_original_speaker_independent_none,03-01-06-02-02-01-08,3,fearful,happy,egemaps,speaker_independent,emotion_original,logistic_regression,none,,
egemaps_logistic_regression_emotion_original_speaker_independent_none,03-01-06-02-02-01-11,3,fearful,angry,egemaps,speaker_independent,emotion_original,logistic_regression,none,,
egemaps_logistic_regression_emotion_original_speaker_independent_none,03-01-06-02-02-01-20,3,fearful,angry,egemaps,speaker_independent,emotion_original,logistic_regression,none,,
egemaps_logistic_regression_emotion_original_speaker_independent_none,03-01-06-02-02-02-08,3,fearful,fearful,egemaps,speaker_independent,emotion_original,logistic_regression,none,,
egemaps_logistic_regression_emotion_original_speaker_independent_none,03-01-06-02-02-02-11,3,fearful,fearful,egemaps,speaker_independent,emotion_original,logistic_regression,none,,
egemaps_logistic_regression_emotion_original_speaker_independent_none,03-01-06-02-02-02-20,3,fearful,fearful,egemaps,speaker_independent,emotion_original,logistic_regression,none,,
egemaps_logistic_regression_emotion_original_speaker_independent_none,03-01-07-01-01-01-08,3,disgust,sad,egemaps,speaker_independent,emotion_original,logistic_regression,none,,
egemaps_logistic_regression_emotion_original_speaker_independent_none,03-01-07-01-01-01-11,3,disgust,angry,egemaps,speaker_independent,emotion_original,logistic_regression,none,,
egemaps_logistic_regression_emotion_original_speaker_independent_none,03-01-07-01-01-02-08,3,disgust,sad,egemaps,speaker_independent,emotion_original,logistic_regression,none,,
egemaps_logistic_regression_emotion_original_speaker_independent_none,03-01-07-01-01-02-11,3,disgust,calm,egemaps,speaker_independent,emotion_original,logistic_regression,none,,
egemaps_logistic_regression_emotion_original_speaker_independent_none,03-01-07-01-02-01-11,3,disgust,calm,egemaps,speaker_independent,emotion_original,logistic_regression,none,,
egemaps_logistic_regression_emotion_original_speaker_independent_none,03-01-07-01-02-01-20,3,disgust,sad,egemaps,speaker_independent,emotion_original,logistic_regression,none,,
egemaps_logistic_regression_emotion_original_speaker_independent_none,03-01-07-01-02-02-11,3,disgust,angry,egemaps,speaker_independent,emotion_original,logistic_regression,none,,
egemaps_logistic_regression_emotion_original_speaker_independent_none,03-01-07-01-02-02-20,3,disgust,disgust,egemaps,speaker_independent,emotion_original,logistic_regression,none,,
egemaps_logistic_regression_emotion_original_speaker_independent_none,03-01-07-02-01-01-08,3,disgust,sad,egemaps,speaker_independent,emotion_original,logistic_regression,none,,
egemaps_logistic_regression_emotion_original_speaker_independent_none,03-01-07-02-01-01-11,3,disgust,angry,egemaps,speaker_independent,emotion_original,logistic_regression,none,,
egemaps_logistic_regression_emotion_original_speaker_independent_none,03-01-07-02-01-01-20,3,disgust,surprised,egemaps,speaker_independent,emotion_original,logistic_regression,none,,
egemaps_logistic_regression_emotion_original_speaker_independent_none,03-01-07-02-01-02-08,3,disgust,disgust,egemaps,speaker_independent,emotion_original,logistic_regression,none,,
egemaps_logistic_regression_emotion_original_speaker_independent_none,03-01-07-02-01-02-11,3,disgust,calm,egemaps,speaker_independent,emotion_original,logistic_regression,none,,
egemaps_logistic_regression_emotion_original_speaker_independent_none,03-01-07-02-01-02-20,3,disgust,disgust,egemaps,speaker_independent,emotion_original,logistic_regression,none,,
egemaps_logistic_regression_emotion_original_speaker_independent_none,03-01-07-02-02-01-08,3,disgust,sad,egemaps,speaker_independent,emotion_original,logistic_regression,none,,
egemaps_logistic_regression_emotion_original_speaker_independent_none,03-01-07-02-02-01-11,3,disgust,angry,egemaps,speaker_independent,emotion_original,logistic_regression,none,,
egemaps_logistic_regression_emotion_original_speaker_independent_none,03-01-07-02-02-01-20,3,disgust,fearful,egemaps,speaker_independent,emotion_original,logistic_regression,none,,
egemaps_logistic_regression_emotion_original_speaker_independent_none,03-01-07-02-02-02-08,3,disgust,sad,egemaps,speaker_independent,emotion_original,logistic_regression,none,,
egemaps_logistic_regression_emotion_original_speaker_independent_none,03-01-07-02-02-02-11,3,disgust,angry,egemaps,speaker_independent,emotion_original,logistic_regression,none,,
egemaps_logistic_regression_emotion_original_speaker_independent_none,03-01-07-02-02-02-20,3,disgust,disgust,egemaps,speaker_independent,emotion_original,logistic_regression,none,,
egemaps_logistic_regression_emotion_original_speaker_independent_none,03-01-08-01-01-01-08,3,surprised,surprised,egemaps,speaker_independent,emotion_original,logistic_regression,none,,
egemaps_logistic_regression_emotion_original_speaker_independent_none,03-01-08-01-01-01-11,3,surprised,surprised,egemaps,speaker_independent,emotion_original,logistic_regression,none,,
egemaps_logistic_regression_emotion_original_speaker_independent_none,03-01-08-01-01-01-20,3,surprised,happy,egemaps,speaker_independent,emotion_original,logistic_regression,none,,
egemaps_logistic_regression_emotion_original_speaker_independent_none,03-01-08-01-01-02-08,3,surprised,surprised,egemaps,speaker_independent,emotion_original,logistic_regression,none,,
egemaps_logistic_regression_emotion_original_speaker_independent_none,03-01-08-01-01-02-11,3,surprised,surprised,egemaps,speaker_independent,emotion_original,logistic_regression,none,,
egemaps_logistic_regression_emotion_original_speaker_independent_none,03-01-08-01-01-02-20,3,surprised,surprised,egemaps,speaker_independent,emotion_original,logistic_regression,none,,
egemaps_logistic_regression_emotion_original_speaker_independent_none,03-01-08-01-02-01-11,3,surprised,happy,egemaps,speaker_independent,emotion_original,logistic_regression,none,,
egemaps_logistic_regression_emotion_original_speaker_independent_none,03-01-08-01-02-01-20,3,surprised,surprised,egemaps,speaker_independent,emotion_original,logistic_regression,none,,
egemaps_logistic_regression_emotion_original_speaker_independent_none,03-01-08-01-02-02-11,3,surprised,happy,egemaps,speaker_independent,emotion_original,logistic_regression,none,,
egemaps_logistic_regression_emotion_original_speaker_independent_none,03-01-08-01-02-02-20,3,surprised,surprised,egemaps,speaker_independent,emotion_original,logistic_regression,none,,
egemaps_logistic_regression_emotion_original_speaker_independent_none,03-01-08-02-01-01-08,3,surprised,surprised,egemaps,speaker_independent,emotion_original,logistic_regression,none,,
egemaps_logistic_regression_emotion_original_speaker_independent_none,03-01-08-02-01-01-11,3,surprised,fearful,egemaps,speaker_independent,emotion_original,logistic_regression,none,,
egemaps_logistic_regression_emotion_original_speaker_independent_none,03-01-08-02-01-02-08,3,surprised,surprised,egemaps,speaker_independent,emotion_original,logistic_regression,none,,
egemaps_logistic_regression_emotion_original_speaker_independent_none,03-01-08-02-01-02-11,3,surprised,surprised,egemaps,speaker_independent,emotion_original,logistic_regression,none,,
egemaps_logistic_regression_emotion_original_speaker_independent_none,03-01-08-02-02-01-20,3,surprised,disgust,egemaps,speaker_independent,emotion_original,logistic_regression,none,,
egemaps_logistic_regression_emotion_original_speaker_independent_none,03-01-08-02-02-02-20,3,surprised,fearful,egemaps,speaker_independent,emotion_original,logistic_regression,none,,
egemaps_logistic_regression_emotion_original_speaker_independent_none,03-01-01-01-01-01-14,4,neutral,neutral,egemaps,speaker_independent,emotion_original,logistic_regression,none,,
egemaps_logistic_regression_emotion_original_speaker_independent_none,03-01-01-01-01-01-16,4,neutral,disgust,egemaps,speaker_independent,emotion_original,logistic_regression,none,,
egemaps_logistic_regression_emotion_original_speaker_independent_none,03-01-01-01-01-01-22,4,neutral,calm,egemaps,speaker_independent,emotion_original,logistic_regression,none,,
egemaps_logistic_regression_emotion_original_speaker_independent_none,03-01-01-01-01-01-24,4,neutral,neutral,egemaps,speaker_independent,emotion_original,logistic_regression,none,,
egemaps_logistic_regression_emotion_original_speaker_independent_none,03-01-01-01-01-02-14,4,neutral,disgust,egemaps,speaker_independent,emotion_original,logistic_regression,none,,
egemaps_logistic_regression_emotion_original_speaker_independent_none,03-01-01-01-01-02-16,4,neutral,disgust,egemaps,speaker_independent,emotion_original,logistic_regression,none,,
egemaps_logistic_regression_emotion_original_speaker_independent_none,03-01-01-01-01-02-22,4,neutral,calm,egemaps,speaker_independent,emotion_original,logistic_regression,none,,
egemaps_logistic_regression_emotion_original_speaker_independent_none,03-01-01-01-01-02-24,4,neutral,neutral,egemaps,speaker_independent,emotion_original,logistic_regression,none,,
egemaps_logistic_regression_emotion_original_speaker_independent_none,03-01-01-01-02-01-14,4,neutral,disgust,egemaps,speaker_independent,emotion_original,logistic_regression,none,,
egemaps_logistic_regression_emotion_original_speaker_independent_none,03-01-01-01-02-01-16,4,neutral,neutral,egemaps,speaker_independent,emotion_original,logistic_regression,none,,
egemaps_logistic_regression_emotion_original_speaker_independent_none,03-01-01-01-02-01-22,4,neutral,calm,egemaps,speaker_independent,emotion_original,logistic_regression,none,,
egemaps_logistic_regression_emotion_original_speaker_independent_none,03-01-01-01-02-01-24,4,neutral,neutral,egemaps,speaker_independent,emotion_original,logistic_regression,none,,
egemaps_logistic_regression_emotion_original_speaker_independent_none,03-01-01-01-02-02-14,4,neutral,disgust,egemaps,speaker_independent,emotion_original,logistic_regression,none,,
egemaps_logistic_regression_emotion_original_speaker_independent_none,03-01-01-01-02-02-16,4,neutral,disgust,egemaps,speaker_independent,emotion_original,logistic_regression,none,,
egemaps_logistic_regression_emotion_original_speaker_independent_none,03-01-01-01-02-02-22,4,neutral,calm,egemaps,speaker_independent,emotion_original,logistic_regression,none,,
egemaps_logistic_regression_emotion_original_speaker_independent_none,03-01-01-01-02-02-24,4,neutral,neutral,egemaps,speaker_independent,emotion_original,logistic_regression,none,,
egemaps_logistic_regression_emotion_original_speaker_independent_none,03-01-02-01-01-01-14,4,calm,disgust,egemaps,speaker_independent,emotion_original,logistic_regression,none,,
egemaps_logistic_regression_emotion_original_speaker_independent_none,03-01-02-01-01-01-16,4,calm,disgust,egemaps,speaker_independent,emotion_original,logistic_regression,none,,
egemaps_logistic_regression_emotion_original_speaker_independent_none,03-01-02-01-01-01-22,4,calm,calm,egemaps,speaker_independent,emotion_original,logistic_regression,none,,
egemaps_logistic_regression_emotion_original_speaker_independent_none,03-01-02-01-01-01-24,4,calm,sad,egemaps,speaker_independent,emotion_original,logistic_regression,none,,
egemaps_logistic_regression_emotion_original_speaker_independent_none,03-01-02-01-01-02-14,4,calm,calm,egemaps,speaker_independent,emotion_original,logistic_regression,none,,
egemaps_logistic_regression_emotion_original_speaker_independent_none,03-01-02-01-01-02-16,4,calm,disgust,egemaps,speaker_independent,emotion_original,logistic_regression,none,,
egemaps_logistic_regression_emotion_original_speaker_independent_none,03-01-02-01-01-02-22,4,calm,calm,egemaps,speaker_independent,emotion_original,logistic_regression,none,,
egemaps_logistic_regression_emotion_original_speaker_independent_none,03-01-02-01-01-02-24,4,calm,sad,egemaps,speaker_independent,emotion_original,logistic_regression,none,,
egemaps_logistic_regression_emotion_original_speaker_independent_none,03-01-02-01-02-01-14,4,calm,fearful,egemaps,speaker_independent,emotion_original,logistic_regression,none,,
egemaps_logistic_regression_emotion_original_speaker_independent_none,03-01-02-01-02-02-14,4,calm,calm,egemaps,speaker_independent,emotion_original,logistic_regression,none,,
egemaps_logistic_regression_emotion_original_speaker_independent_none,03-01-02-02-01-01-14,4,calm,disgust,egemaps,speaker_independent,emotion_original,logistic_regression,none,,
egemaps_logistic_regression_emotion_original_speaker_independent_none,03-01-02-02-01-01-16,4,calm,disgust,egemaps,speaker_independent,emotion_original,logistic_regression,none,,
egemaps_logistic_regression_emotion_original_speaker_independent_none,03-01-02-02-01-01-22,4,calm,calm,egemaps,speaker_independent,emotion_original,logistic_regression,none,,
egemaps_logistic_regression_emotion_original_speaker_independent_none,03-01-02-02-01-01-24,4,calm,calm,egemaps,speaker_independent,emotion_original,logistic_regression,none,,
egemaps_logistic_regression_emotion_original_speaker_independent_none,03-01-02-02-01-02-14,4,calm,calm,egemaps,speaker_independent,emotion_original,logistic_regression,none,,
egemaps_logistic_regression_emotion_original_speaker_independent_none,03-01-02-02-01-02-16,4,calm,disgust,egemaps,speaker_independent,emotion_original,logistic_regression,none,,
egemaps_logistic_regression_emotion_original_speaker_independent_none,03-01-02-02-01-02-22,4,calm,calm,egemaps,speaker_independent,emotion_original,logistic_regression,none,,
egemaps_logistic_regression_emotion_original_speaker_independent_none,03-01-02-02-01-02-24,4,calm,calm,egemaps,speaker_independent,emotion_original,logistic_regression,none,,
egemaps_logistic_regression_emotion_original_speaker_independent_none,03-01-02-02-02-01-14,4,calm,fearful,egemaps,speaker_independent,emotion_original,logistic_regression,none,,
egemaps_logistic_regression_emotion_original_speaker_independent_none,03-01-02-02-02-01-16,4,calm,disgust,egemaps,speaker_independent,emotion_original,logistic_regression,none,,
egemaps_logistic_regression_emotion_original_speaker_independent_none,03-01-02-02-02-01-22,4,calm,calm,egemaps,speaker_independent,emotion_original,logistic_regression,none,,
egemaps_logistic_regression_emotion_original_speaker_independent_none,03-01-02-02-02-01-24,4,calm,calm,egemaps,speaker_independent,emotion_original,logistic_regression,none,,
egemaps_logistic_regression_emotion_original_speaker_independent_none,03-01-02-02-02-02-14,4,calm,disgust,egemaps,speaker_independent,emotion_original,logistic_regression,none,,
egemaps_logistic_regression_emotion_original_speaker_independent_none,03-01-02-02-02-02-16,4,calm,disgust,egemaps,speaker_independent,emotion_original,logistic_regression,none,,
egemaps_logistic_regression_emotion_original_speaker_independent_none,03-01-02-02-02-02-22,4,calm,calm,egemaps,speaker_independent,emotion_original,logistic_regression,none,,
egemaps_logistic_regression_emotion_original_speaker_independent_none,03-01-02-02-02-02-24,4,calm,calm,egemaps,speaker_independent,emotion_original,logistic_regression,none,,
egemaps_logistic_regression_emotion_original_speaker_independent_none,03-01-03-01-01-01-14,4,happy,surprised,egemaps,speaker_independent,emotion_original,logistic_regression,none,,
egemaps_logistic_regression_emotion_original_speaker_independent_none,03-01-03-01-01-01-16,4,happy,happy,egemaps,speaker_independent,emotion_original,logistic_regression,none,,
egemaps_logistic_regression_emotion_original_speaker_independent_none,03-01-03-01-01-01-22,4,happy,calm,egemaps,speaker_independent,emotion_original,logistic_regression,none,,
egemaps_logistic_regression_emotion_original_speaker_independent_none,03-01-03-01-01-01-24,4,happy,neutral,egemaps,speaker_independent,emotion_original,logistic_regression,none,,
egemaps_logistic_regression_emotion_original_speaker_independent_none,03-01-03-01-01-02-14,4,happy,surprised,egemaps,speaker_independent,emotion_original,logistic_regression,none,,
egemaps_logistic_regression_emotion_original_speaker_independent_none,03-01-03-01-01-02-16,4,happy,happy,egemaps,speaker_independent,emotion_original,logistic_regression,none,,
egemaps_logistic_regression_emotion_original_speaker_independent_none,03-01-03-01-01-02-22,4,happy,happy,egemaps,speaker_independent,emotion_original,logistic_regression,none,,
egemaps_logistic_regression_emotion_original_speaker_independent_none,03-01-03-01-01-02-24,4,happy,neutral,egemaps,speaker_independent,emotion_original,logistic_regression,none,,
egemaps_logistic_regression_emotion_original_speaker_independent_none,03-01-03-01-02-01-16,4,happy,happy,egemaps,speaker_independent,emotion_original,logistic_regression,none,,
egemaps_logistic_regression_emotion_original_speaker_independent_none,03-01-03-01-02-01-22,4,happy,neutral,egemaps,speaker_independent,emotion_original,logistic_regression,none,,
egemaps_logistic_regression_emotion_original_speaker_independent_none,03-01-03-01-02-01-24,4,happy,neutral,egemaps,speaker_independent,emotion_original,logistic_regression,none,,
egemaps_logistic_regression_emotion_original_speaker_independent_none,03-01-03-01-02-02-16,4,happy,disgust,egemaps,speaker_independent,emotion_original,logistic_regression,none,,
egemaps_logistic_regression_emotion_original_speaker_independent_none,03-01-03-01-02-02-22,4,happy,calm,egemaps,speaker_independent,emotion_original,logistic_regression,none,,
egemaps_logistic_regression_emotion_original_speaker_independent_none,03-01-03-01-02-02-24,4,happy,neutral,egemaps,speaker_independent,emotion_original,logistic_regression,none,,
egemaps_logistic_regression_emotion_original_speaker_independent_none,03-01-03-02-01-01-14,4,happy,fearful,egemaps,speaker_independent,emotion_original,logistic_regression,none,,
egemaps_logistic_regression_emotion_original_speaker_independent_none,03-01-03-02-01-01-16,4,happy,angry,egemaps,speaker_independent,emotion_original,logistic_regression,none,,
egemaps_logistic_regression_emotion_original_speaker_independent_none,03-01-03-02-01-01-22,4,happy,happy,egemaps,speaker_independent,emotion_original,logistic_regression,none,,
egemaps_logistic_regression_emotion_original_speaker_independent_none,03-01-03-02-01-02-14,4,happy,angry,egemaps,speaker_independent,emotion_original,logistic_regression,none,,
egemaps_logistic_regression_emotion_original_speaker_independent_none,03-01-03-02-01-02-16,4,happy,happy,egemaps,speaker_independent,emotion_original,logistic_regression,none,,
egemaps_logistic_regression_emotion_original_speaker_independent_none,03-01-03-02-01-02-22,4,happy,happy,egemaps,speaker_independent,emotion_original,logistic_regression,none,,
egemaps_logistic_regression_emotion_original_speaker_independent_none,03-01-03-02-02-01-14,4,happy,fearful,egemaps,speaker_independent,emotion_original,logistic_regression,none,,
egemaps_logistic_regression_emotion_original_speaker_independent_none,03-01-03-02-02-01-24,4,happy,fearful,egemaps,speaker_independent,emotion_original,logistic_regression,none,,
egemaps_logistic_regression_emotion_original_speaker_independent_none,03-01-03-02-02-02-14,4,happy,fearful,egemaps,speaker_independent,emotion_original,logistic_regression,none,,
egemaps_logistic_regression_emotion_original_speaker_independent_none,03-01-03-02-02-02-24,4,happy,fearful,egemaps,speaker_independent,emotion_original,logistic_regression,none,,
egemaps_logistic_regression_emotion_original_speaker_independent_none,03-01-04-01-02-01-14,4,sad,calm,egemaps,speaker_independent,emotion_original,logistic_regression,none,,
egemaps_logistic_regression_emotion_original_speaker_independent_none,03-01-04-01-02-01-16,4,sad,disgust,egemaps,speaker_independent,emotion_original,logistic_regression,none,,
egemaps_logistic_regression_emotion_original_speaker_independent_none,03-01-04-01-02-01-22,4,sad,calm,egemaps,speaker_independent,emotion_original,logistic_regression,none,,
egemaps_logistic_regression_emotion_original_speaker_independent_none,03-01-04-01-02-01-24,4,sad,neutral,egemaps,speaker_independent,emotion_original,logistic_regression,none,,
egemaps_logistic_regression_emotion_original_speaker_independent_none,03-01-04-01-02-02-14,4,sad,disgust,egemaps,speaker_independent,emotion_original,logistic_regression,none,,
egemaps_logistic_regression_emotion_original_speaker_independent_none,03-01-04-01-02-02-16,4,sad,disgust,egemaps,speaker_independent,emotion_original,logistic_regression,none,,
egemaps_logistic_regression_emotion_original_speaker_independent_none,03-01-04-01-02-02-22,4,sad,calm,egemaps,speaker_independent,emotion_original,logistic_regression,none,,
egemaps_logistic_regression_emotion_original_speaker_independent_none,03-01-04-01-02-02-24,4,sad,disgust,egemaps,speaker_independent,emotion_original,logistic_regression,none,,
egemaps_logistic_regression_emotion_original_speaker_independent_none,03-01-04-02-01-01-14,4,sad,disgust,egemaps,speaker_independent,emotion_original,logistic_regression,none,,
egemaps_logistic_regression_emotion_original_speaker_independent_none,03-01-04-02-01-01-16,4,sad,sad,egemaps,speaker_independent,emotion_original,logistic_regression,none,,
egemaps_logistic_regression_emotion_original_speaker_independent_none,03-01-04-02-01-01-22,4,sad,calm,egemaps,speaker_independent,emotion_original,logistic_regression,none,,
egemaps_logistic_regression_emotion_original_speaker_independent_none,03-01-04-02-01-01-24,4,sad,sad,egemaps,speaker_independent,emotion_original,logistic_regression,none,,
egemaps_logistic_regression_emotion_original_speaker_independent_none,03-01-04-02-01-02-14,4,sad,surprised,egemaps,speaker_independent,emotion_original,logistic_regression,none,,
egemaps_logistic_regression_emotion_original_speaker_independent_none,03-01-04-02-01-02-16,4,sad,sad,egemaps,speaker_independent,emotion_original,logistic_regression,none,,
egemaps_logistic_regression_emotion_original_speaker_independent_none,03-01-04-02-01-02-22,4,sad,neutral,egemaps,speaker_independent,emotion_original,logistic_regression,none,,
egemaps_logistic_regression_emotion_original_speaker_independent_none,03-01-04-02-01-02-24,4,sad,neutral,egemaps,speaker_independent,emotion_original,logistic_regression,none,,
egemaps_logistic_regression_emotion_original_speaker_independent_none,03-01-04-02-02-01-14,4,sad,surprised,egemaps,speaker_independent,emotion_original,logistic_regression,none,,
egemaps_logistic_regression_emotion_original_speaker_independent_none,03-01-04-02-02-01-16,4,sad,sad,egemaps,speaker_independent,emotion_original,logistic_regression,none,,
egemaps_logistic_regression_emotion_original_speaker_independent_none,03-01-04-02-02-01-22,4,sad,sad,egemaps,speaker_independent,emotion_original,logistic_regression,none,,
egemaps_logistic_regression_emotion_original_speaker_independent_none,03-01-04-02-02-01-24,4,sad,fearful,egemaps,speaker_independent,emotion_original,logistic_regression,none,,
egemaps_logistic_regression_emotion_original_speaker_independent_none,03-01-04-02-02-02-14,4,sad,angry,egemaps,speaker_independent,emotion_original,logistic_regression,none,,
egemaps_logistic_regression_emotion_original_speaker_independent_none,03-01-04-02-02-02-16,4,sad,sad,egemaps,speaker_independent,emotion_original,logistic_regression,none,,
egemaps_logistic_regression_emotion_original_speaker_independent_none,03-01-04-02-02-02-22,4,sad,sad,egemaps,speaker_independent,emotion_original,logistic_regression,none,,
egemaps_logistic_regression_emotion_original_speaker_independent_none,03-01-04-02-02-02-24,4,sad,sad,egemaps,speaker_independent,emotion_original,logistic_regression,none,,
egemaps_logistic_regression_emotion_original_speaker_independent_none,03-01-05-01-01-01-14,4,angry,disgust,egemaps,speaker_independent,emotion_original,logistic_regression,none,,
egemaps_logistic_regression_emotion_original_speaker_independent_none,03-01-05-01-01-01-16,4,angry,angry,egemaps,speaker_independent,emotion_original,logistic_regression,none,,
egemaps_logistic_regression_emotion_original_speaker_independent_none,03-01-05-01-01-01-22,4,angry,disgust,egemaps,speaker_independent,emotion_original,logistic_regression,none,,
egemaps_logistic_regression_emotion_original_speaker_independent_none,03-01-05-01-01-01-24,4,angry,angry,egemaps,speaker_independent,emotion_original,logistic_regression,none,,
egemaps_logistic_regression_emotion_original_speaker_independent_none,03-01-05-01-01-02-14,4,angry,angry,egemaps,speaker_independent,emotion_original,logistic_regression,none,,
egemaps_logistic_regression_emotion_original_speaker_independent_none,03-01-05-01-01-02-16,4,angry,angry,egemaps,speaker_independent,emotion_original,logistic_regression,none,,
egemaps_logistic_regression_emotion_original_speaker_independent_none,03-01-05-01-01-02-22,4,angry,neutral,egemaps,speaker_independent,emotion_original,logistic_regression,none,,
egemaps_logistic_regression_emotion_original_speaker_independent_none,03-01-05-01-01-02-24,4,angry,fearful,egemaps,speaker_independent,emotion_original,logistic_regression,none,,
egemaps_logistic_regression_emotion_original_speaker_independent_none,03-01-05-01-02-01-14,4,angry,angry,egemaps,speaker_independent,emotion_original,logistic_regression,none,,
egemaps_logistic_regression_emotion_original_speaker_independent_none,03-01-05-01-02-01-16,4,angry,disgust,egemaps,speaker_independent,emotion_original,logistic_regression,none,,
egemaps_logistic_regression_emotion_original_speaker_independent_none,03-01-05-01-02-01-22,4,angry,disgust,egemaps,speaker_independent,emotion_original,logistic_regression,none,,
egemaps_logistic_regression_emotion_original_speaker_independent_none,03-01-05-01-02-01-24,4,angry,angry,egemaps,speaker_independent,emotion_original,logistic_regression,none,,
egemaps_logistic_regression_emotion_original_speaker_independent_none,03-01-05-01-02-02-14,4,angry,disgust,egemaps,speaker_independent,emotion_original,logistic_regression,none,,
egemaps_logistic_regression_emotion_original_speaker_independent_none,03-01-05-01-02-02-16,4,angry,angry,egemaps,speaker_independent,emotion_original,logistic_regression,none,,
egemaps_logistic_regression_emotion_original_speaker_independent_none,03-01-05-01-02-02-22,4,angry,sad,egemaps,speaker_independent,emotion_original,logistic_regression,none,,
egemaps_logistic_regression_emotion_original_speaker_independent_none,03-01-05-01-02-02-24,4,angry,disgust,egemaps,speaker_independent,emotion_original,logistic_regression,none,,
egemaps_logistic_regression_emotion_original_speaker_independent_none,03-01-05-02-01-01-16,4,angry,neutral,egemaps,speaker_independent,emotion_original,logistic_regression,none,,
egemaps_logistic_regression_emotion_original_speaker_independent_none,03-01-05-02-01-01-22,4,angry,angry,egemaps,speaker_independent,emotion_original,logistic_regression,none,,
egemaps_logistic_regression_emotion_original_speaker_independent_none,03-01-05-02-01-01-24,4,angry,fearful,egemaps,speaker_independent,emotion_original,logistic_regression,none,,
egemaps_logistic_regression_emotion_original_speaker_independent_none,03-01-05-02-01-02-16,4,angry,angry,egemaps,speaker_independent,emotion_original,logistic_regression,none,,
egemaps_logistic_regression_emotion_original_speaker_independent_none,03-01-05-02-01-02-22,4,angry,happy,egemaps,speaker_independent,emotion_original,logistic_regression,none,,
egemaps_logistic_regression_emotion_original_speaker_independent_none,03-01-05-02-01-02-24,4,angry,angry,egemaps,speaker_independent,emotion_original,logistic_regression,none,,
egemaps_logistic_regression_emotion_original_speaker_independent_none,03-01-05-02-02-01-14,4,angry,angry,egemaps,speaker_independent,emotion_original,logistic_regression,none,,
egemaps_logistic_regression_emotion_original_speaker_independent_none,03-01-05-02-02-01-16,4,angry,angry,egemaps,speaker_independent,emotion_original,logistic_regression,none,,
egemaps_logistic_regression_emotion_original_speaker_independent_none,03-01-05-02-02-01-22,4,angry,angry,egemaps,speaker_independent,emotion_original,logistic_regression,none,,
egemaps_logistic_regression_emotion_original_speaker_independent_none,03-01-05-02-02-01-24,4,angry,angry,egemaps,speaker_independent,emotion_original,logistic_regression,none,,
egemaps_logistic_regression_emotion_original_speaker_independent_none,03-01-05-02-02-02-14,4,angry,angry,egemaps,speaker_independent,emotion_original,logistic_regression,none,,
egemaps_logistic_regression_emotion_original_speaker_independent_none,03-01-05-02-02-02-16,4,angry,angry,egemaps,speaker_independent,emotion_original,logistic_regression,none,,
egemaps_logistic_regression_emotion_original_speaker_independent_none,03-01-05-02-02-02-22,4,angry,angry,egemaps,speaker_independent,emotion_original,logistic_regression,none,,
egemaps_logistic_regression_emotion_original_speaker_independent_none,03-01-05-02-02-02-24,4,angry,angry,egemaps,speaker_independent,emotion_original,logistic_regression,none,,
egemaps_logistic_regression_emotion_original_speaker_independent_none,03-01-06-01-01-01-14,4,fearful,surprised,egemaps,speaker_independent,emotion_original,logistic_regression,none,,
egemaps_logistic_regression_emotion_original_speaker_independent_none,03-01-06-01-01-01-16,4,fearful,neutral,egemaps,speaker_independent,emotion_original,logistic_regression,none,,
egemaps_logistic_regression_emotion_original_speaker_independent_none,03-01-06-01-01-01-22,4,fearful,neutral,egemaps,speaker_independent,emotion_original,logistic_regression,none,,
egemaps_logistic_regression_emotion_original_speaker_independent_none,03-01-06-01-01-02-14,4,fearful,fearful,egemaps,speaker_independent,emotion_original,logistic_regression,none,,
egemaps_logistic_regression_emotion_original_speaker_independent_none,03-01-06-01-01-02-16,4,fearful,disgust,egemaps,speaker_independent,emotion_original,logistic_regression,none,,
egemaps_logistic_regression_emotion_original_speaker_independent_none,03-01-06-01-01-02-22,4,fearful,sad,egemaps,speaker_independent,emotion_original,logistic_regression,none,,
egemaps_logistic_regression_emotion_original_speaker_independent_none,03-01-06-01-02-01-22,4,fearful,sad,egemaps,speaker_independent,emotion_original,logistic_regression,none,,
egemaps_logistic_regression_emotion_original_speaker_independent_none,03-01-06-01-02-01-24,4,fearful,fearful,egemaps,speaker_independent,emotion_original,logistic_regression,none,,
egemaps_logistic_regression_emotion_original_speaker_independent_none,03-01-06-01-02-02-22,4,fearful,sad,egemaps,speaker_independent,emotion_original,logistic_regression,none,,
egemaps_logistic_regression_emotion_original_speaker_independent_none,03-01-06-01-02-02-24,4,fearful,fearful,egemaps,speaker_independent,emotion_original,logistic_regression,none,,
egemaps_logistic_regression_emotion_original_speaker_independent_none,03-01-06-02-01-01-14,4,fearful,fearful,egemaps,speaker_independent,emotion_original,logistic_regression,none,,
egemaps_logistic_regression_emotion_original_speaker_independent_none,03-01-06-02-01-01-16,4,fearful,fearful,egemaps,speaker_independent,emotion_original,logistic_regression,none,,
egemaps_logistic_regression_emotion_original_speaker_independent_none,03-01-06-02-01-01-22,4,fearful,fearful,egemaps,speaker_independent,emotion_original,logistic_regression,none,,
egemaps_logistic_regression_emotion_original_speaker_independent_none,03-01-06-02-01-01-24,4,fearful,fearful,egemaps,speaker_independent,emotion_original,logistic_regression,none,,
egemaps_logistic_regression_emotion_original_speaker_independent_none,03-01-06-02-01-02-14,4,fearful,fearful,egemaps,speaker_independent,emotion_original,logistic_regression,none,,
egemaps_logistic_regression_emotion_original_speaker_independent_none,03-01-06-02-01-02-16,4,fearful,fearful,egemaps,speaker_independent,emotion_original,logistic_regression,none,,
egemaps_logistic_regression_emotion_original_speaker_independent_none,03-01-06-02-01-02-22,4,fearful,fearful,egemaps,speaker_independent,emotion_original,logistic_regression,none,,
egemaps_logistic_regression_emotion_original_speaker_independent_none,03-01-06-02-01-02-24,4,fearful,fearful,egemaps,speaker_independent,emotion_original,logistic_regression,none,,
egemaps_logistic_regression_emotion_original_speaker_independent_none,03-01-06-02-02-01-16,4,fearful,fearful,egemaps,speaker_independent,emotion_original,logistic_regression,none,,
egemaps_logistic_regression_emotion_original_speaker_independent_none,03-01-06-02-02-01-22,4,fearful,fearful,egemaps,speaker_independent,emotion_original,logistic_regression,none,,
egemaps_logistic_regression_emotion_original_speaker_independent_none,03-01-06-02-02-01-24,4,fearful,fearful,egemaps,speaker_independent,emotion_original,logistic_regression,none,,
egemaps_logistic_regression_emotion_original_speaker_independent_none,03-01-06-02-02-02-16,4,fearful,fearful,egemaps,speaker_independent,emotion_original,logistic_regression,none,,
egemaps_logistic_regression_emotion_original_speaker_independent_none,03-01-06-02-02-02-22,4,fearful,fearful,egemaps,speaker_independent,emotion_original,logistic_regression,none,,
egemaps_logistic_regression_emotion_original_speaker_independent_none,03-01-06-02-02-02-24,4,fearful,fearful,egemaps,speaker_independent,emotion_original,logistic_regression,none,,
egemaps_logistic_regression_emotion_original_speaker_independent_none,03-01-07-01-01-01-14,4,disgust,disgust,egemaps,speaker_independent,emotion_original,logistic_regression,none,,
egemaps_logistic_regression_emotion_original_speaker_independent_none,03-01-07-01-01-01-16,4,disgust,disgust,egemaps,speaker_independent,emotion_original,logistic_regression,none,,
egemaps_logistic_regression_emotion_original_speaker_independent_none,03-01-07-01-01-01-22,4,disgust,angry,egemaps,speaker_independent,emotion_original,logistic_regression,none,,
egemaps_logistic_regression_emotion_original_speaker_independent_none,03-01-07-01-01-02-14,4,disgust,disgust,egemaps,speaker_independent,emotion_original,logistic_regression,none,,
egemaps_logistic_regression_emotion_original_speaker_independent_none,03-01-07-01-01-02-16,4,disgust,disgust,egemaps,speaker_independent,emotion_original,logistic_regression,none,,
egemaps_logistic_regression_emotion_original_speaker_independent_none,03-01-07-01-01-02-22,4,disgust,disgust,egemaps,speaker_independent,emotion_original,logistic_regression,none,,
egemaps_logistic_regression_emotion_original_speaker_independent_none,03-01-07-01-02-01-14,4,disgust,disgust,egemaps,speaker_independent,emotion_original,logistic_regression,none,,
egemaps_logistic_regression_emotion_original_speaker_independent_none,03-01-07-01-02-01-24,4,disgust,angry,egemaps,speaker_independent,emotion_original,logistic_regression,none,,
egemaps_logistic_regression_emotion_original_speaker_independent_none,03-01-07-01-02-02-14,4,disgust,disgust,egemaps,speaker_independent,emotion_original,logistic_regression,none,,
egemaps_logistic_regression_emotion_original_speaker_independent_none,03-01-07-01-02-02-24,4,disgust,disgust,egemaps,speaker_independent,emotion_original,logistic_regression,none,,
egemaps_logistic_regression_emotion_original_speaker_independent_none,03-01-07-02-01-01-14,4,disgust,disgust,egemaps,speaker_independent,emotion_original,logistic_regression,none,,
egemaps_logistic_regression_emotion_original_speaker_independent_none,03-01-07-02-01-01-16,4,disgust,disgust,egemaps,speaker_independent,emotion_original,logistic_regression,none,,
egemaps_logistic_regression_emotion_original_speaker_independent_none,03-01-07-02-01-01-22,4,disgust,calm,egemaps,speaker_independent,emotion_original,logistic_regression,none,,
egemaps_logistic_regression_emotion_original_speaker_independent_none,03-01-07-02-01-01-24,4,disgust,happy,egemaps,speaker_independent,emotion_original,logistic_regression,none,,
egemaps_logistic_regression_emotion_original_speaker_independent_none,03-01-07-02-01-02-14,4,disgust,angry,egemaps,speaker_independent,emotion_original,logistic_regression,none,,
egemaps_logistic_regression_emotion_original_speaker_independent_none,03-01-07-02-01-02-16,4,disgust,disgust,egemaps,speaker_independent,emotion_original,logistic_regression,none,,
egemaps_logistic_regression_emotion_original_speaker_independent_none,03-01-07-02-01-02-22,4,disgust,disgust,egemaps,speaker_independent,emotion_original,logistic_regression,none,,
egemaps_logistic_regression_emotion_original_speaker_independent_none,03-01-07-02-01-02-24,4,disgust,disgust,egemaps,speaker_independent,emotion_original,logistic_regression,none,,
egemaps_logistic_regression_emotion_original_speaker_independent_none,03-01-07-02-02-01-14,4,disgust,disgust,egemaps,speaker_independent,emotion_original,logistic_regression,none,,
egemaps_logistic_regression_emotion_original_speaker_independent_none,03-01-07-02-02-01-16,4,disgust,disgust,egemaps,speaker_independent,emotion_original,logistic_regression,none,,
egemaps_logistic_regression_emotion_original_speaker_independent_none,03-01-07-02-02-01-24,4,disgust,disgust,egemaps,speaker_independent,emotion_original,logistic_regression,none,,
egemaps_logistic_regression_emotion_original_speaker_independent_none,03-01-07-02-02-02-14,4,disgust,disgust,egemaps,speaker_independent,emotion_original,logistic_regression,none,,
egemaps_logistic_regression_emotion_original_speaker_independent_none,03-01-07-02-02-02-16,4,disgust,disgust,egemaps,speaker_independent,emotion_original,logistic_regression,none,,
egemaps_logistic_regression_emotion_original_speaker_independent_none,03-01-07-02-02-02-24,4,disgust,sad,egemaps,speaker_independent,emotion_original,logistic_regression,none,,
egemaps_logistic_regression_emotion_original_speaker_independent_none,03-01-08-01-01-01-14,4,surprised,surprised,egemaps,speaker_independent,emotion_original,logistic_regression,none,,
egemaps_logistic_regression_emotion_original_speaker_independent_none,03-01-08-01-01-01-16,4,surprised,disgust,egemaps,speaker_independent,emotion_original,logistic_regression,none,,
egemaps_logistic_regression_emotion_original_speaker_independent_none,03-01-08-01-01-01-24,4,surprised,fearful,egemaps,speaker_independent,emotion_original,logistic_regression,none,,
egemaps_logistic_regression_emotion_original_speaker_independent_none,03-01-08-01-01-02-14,4,surprised,surprised,egemaps,speaker_independent,emotion_original,logistic_regression,none,,
egemaps_logistic_regression_emotion_original_speaker_independent_none,03-01-08-01-01-02-16,4,surprised,surprised,egemaps,speaker_independent,emotion_original,logistic_regression,none,,
egemaps_logistic_regression_emotion_original_speaker_independent_none,03-01-08-01-01-02-24,4,surprised,disgust,egemaps,speaker_independent,emotion_original,logistic_regression,none,,
egemaps_logistic_regression_emotion_original_speaker_independent_none,03-01-08-01-02-01-14,4,surprised,surprised,egemaps,speaker_independent,emotion_original,logistic_regression,none,,
egemaps_logistic_regression_emotion_original_speaker_independent_none,03-01-08-01-02-01-22,4,surprised,surprised,egemaps,speaker_independent,emotion_original,logistic_regression,none,,
egemaps_logistic_regression_emotion_original_speaker_independent_none,03-01-08-01-02-01-24,4,surprised,surprised,egemaps,speaker_independent,emotion_original,logistic_regression,none,,
egemaps_logistic_regression_emotion_original_speaker_independent_none,03-01-08-01-02-02-14,4,surprised,surprised,egemaps,speaker_independent,emotion_original,logistic_regression,none,,
egemaps_logistic_regression_emotion_original_speaker_independent_none,03-01-08-01-02-02-22,4,surprised,surprised,egemaps,speaker_independent,emotion_original,logistic_regression,none,,
egemaps_logistic_regression_emotion_original_speaker_independent_none,03-01-08-01-02-02-24,4,surprised,disgust,egemaps,speaker_independent,emotion_original,logistic_regression,none,,
egemaps_logistic_regression_emotion_original_speaker_independent_none,03-01-08-02-01-01-16,4,surprised,disgust,egemaps,speaker_independent,emotion_original,logistic_regression,none,,
egemaps_logistic_regression_emotion_original_speaker_independent_none,03-01-08-02-01-01-22,4,surprised,surprised,egemaps,speaker_independent,emotion_original,logistic_regression,none,,
egemaps_logistic_regression_emotion_original_speaker_independent_none,03-01-08-02-01-01-24,4,surprised,disgust,egemaps,speaker_independent,emotion_original,logistic_regression,none,,
egemaps_logistic_regression_emotion_original_speaker_independent_none,03-01-08-02-01-02-16,4,surprised,disgust,egemaps,speaker_independent,emotion_original,logistic_regression,none,,
egemaps_logistic_regression_emotion_original_speaker_independent_none,03-01-08-02-01-02-22,4,surprised,surprised,egemaps,speaker_independent,emotion_original,logistic_regression,none,,
egemaps_logistic_regression_emotion_original_speaker_independent_none,03-01-08-02-01-02-24,4,surprised,surprised,egemaps,speaker_independent,emotion_original,logistic_regression,none,,
egemaps_logistic_regression_emotion_original_speaker_independent_none,03-01-08-02-02-01-14,4,surprised,disgust,egemaps,speaker_independent,emotion_original,logistic_regression,none,,
egemaps_logistic_regression_emotion_original_speaker_independent_none,03-01-08-02-02-01-16,4,surprised,surprised,egemaps,speaker_independent,emotion_original,logistic_regression,none,,
egemaps_logistic_regression_emotion_original_speaker_independent_none,03-01-08-02-02-01-22,4,surprised,surprised,egemaps,speaker_independent,emotion_original,logistic_regression,none,,
egemaps_logistic_regression_emotion_original_speaker_independent_none,03-01-08-02-02-02-14,4,surprised,disgust,egemaps,speaker_independent,emotion_original,logistic_regression,none,,
egemaps_logistic_regression_emotion_original_speaker_independent_none,03-01-08-02-02-02-16,4,surprised,surprised,egemaps,speaker_independent,emotion_original,logistic_regression,none,,
egemaps_logistic_regression_emotion_original_speaker_independent_none,03-01-08-02-02-02-22,4,surprised,disgust,egemaps,speaker_independent,emotion_original,logistic_regression,none,,
egemaps_logistic_regression_emotion_original_speaker_independent_rfecv,03-01-01-01-01-01-05,0,neutral,neutral,egemaps,speaker_independent,emotion_original,logistic_regression,rfecv,,
egemaps_logistic_regression_emotion_original_speaker_independent_rfecv,03-01-01-01-01-01-13,0,neutral,neutral,egemaps,speaker_independent,emotion_original,logistic_regression,rfecv,,
egemaps_logistic_regression_emotion_original_speaker_independent_rfecv,03-01-01-01-01-01-18,0,neutral,neutral,egemaps,speaker_independent,emotion_original,logistic_regression,rfecv,,
egemaps_logistic_regression_emotion_original_speaker_independent_rfecv,03-01-01-01-01-02-05,0,neutral,neutral,egemaps,speaker_independent,emotion_original,logistic_regression,rfecv,,
egemaps_logistic_regression_emotion_original_speaker_independent_rfecv,03-01-01-01-01-02-13,0,neutral,neutral,egemaps,speaker_independent,emotion_original,logistic_regression,rfecv,,
egemaps_logistic_regression_emotion_original_speaker_independent_rfecv,03-01-01-01-01-02-18,0,neutral,calm,egemaps,speaker_independent,emotion_original,logistic_regression,rfecv,,
egemaps_logistic_regression_emotion_original_speaker_independent_rfecv,03-01-01-01-02-01-05,0,neutral,neutral,egemaps,speaker_independent,emotion_original,logistic_regression,rfecv,,
egemaps_logistic_regression_emotion_original_speaker_independent_rfecv,03-01-01-01-02-01-13,0,neutral,surprised,egemaps,speaker_independent,emotion_original,logistic_regression,rfecv,,
egemaps_logistic_regression_emotion_original_speaker_independent_rfecv,03-01-01-01-02-01-18,0,neutral,calm,egemaps,speaker_independent,emotion_original,logistic_regression,rfecv,,
egemaps_logistic_regression_emotion_original_speaker_independent_rfecv,03-01-01-01-02-02-05,0,neutral,neutral,egemaps,speaker_independent,emotion_original,logistic_regression,rfecv,,
egemaps_logistic_regression_emotion_original_speaker_independent_rfecv,03-01-01-01-02-02-13,0,neutral,neutral,egemaps,speaker_independent,emotion_original,logistic_regression,rfecv,,
egemaps_logistic_regression_emotion_original_speaker_independent_rfecv,03-01-01-01-02-02-18,0,neutral,neutral,egemaps,speaker_independent,emotion_original,logistic_regression,rfecv,,
egemaps_logistic_regression_emotion_original_speaker_independent_rfecv,03-01-02-01-01-01-05,0,calm,calm,egemaps,speaker_independent,emotion_original,logistic_regression,rfecv,,
egemaps_logistic_regression_emotion_original_speaker_independent_rfecv,03-01-02-01-01-01-18,0,calm,calm,egemaps,speaker_independent,emotion_original,logistic_regression,rfecv,,
egemaps_logistic_regression_emotion_original_speaker_independent_rfecv,03-01-02-01-01-02-05,0,calm,calm,egemaps,speaker_independent,emotion_original,logistic_regression,rfecv,,
egemaps_logistic_regression_emotion_original_speaker_independent_rfecv,03-01-02-01-01-02-18,0,calm,calm,egemaps,speaker_independent,emotion_original,logistic_regression,rfecv,,
egemaps_logistic_regression_emotion_original_speaker_independent_rfecv,03-01-02-01-02-01-05,0,calm,disgust,egemaps,speaker_independent,emotion_original,logistic_regression,rfecv,,
egemaps_logistic_regression_emotion_original_speaker_independent_rfecv,03-01-02-01-02-01-13,0,calm,neutral,egemaps,speaker_independent,emotion_original,logistic_regression,rfecv,,
egemaps_logistic_regression_emotion_original_speaker_independent_rfecv,03-01-02-01-02-01-18,0,calm,calm,egemaps,speaker_independent,emotion_original,logistic_regression,rfecv,,
egemaps_logistic_regression_emotion_original_speaker_independent_rfecv,03-01-02-01-02-02-05,0,calm,calm,egemaps,speaker_independent,emotion_original,logistic_regression,rfecv,,
egemaps_logistic_regression_emotion_original_speaker_independent_rfecv,03-01-02-01-02-02-13,0,calm,neutral,egemaps,speaker_independent,emotion_original,logistic_regression,rfecv,,
egemaps_logistic_regression_emotion_original_speaker_independent_rfecv,03-01-02-01-02-02-18,0,calm,calm,egemaps,speaker_independent,emotion_original,logistic_regression,rfecv,,
egemaps_logistic_regression_emotion_original_speaker_independent_rfecv,03-01-02-02-01-01-05,0,calm,calm,egemaps,speaker_independent,emotion_original,logistic_regression,rfecv,,
egemaps_logistic_regression_emotion_original_speaker_independent_rfecv,03-01-02-02-01-01-13,0,calm,neutral,egemaps,speaker_independent,emotion_original,logistic_regression,rfecv,,
egemaps_logistic_regression_emotion_original_speaker_independent_rfecv,03-01-02-02-01-01-18,0,calm,calm,egemaps,speaker_independent,emotion_original,logistic_regression,rfecv,,
egemaps_logistic_regression_emotion_original_speaker_independent_rfecv,03-01-02-02-01-02-05,0,calm,calm,egemaps,speaker_independent,emotion_original,logistic_regression,rfecv,,
egemaps_logistic_regression_emotion_original_speaker_independent_rfecv,03-01-02-02-01-02-13,0,calm,neutral,egemaps,speaker_independent,emotion_original,logistic_regression,rfecv,,
egemaps_logistic_regression_emotion_original_speaker_independent_rfecv,03-01-02-02-01-02-18,0,calm,calm,egemaps,speaker_independent,emotion_original,logistic_regression,rfecv,,
egemaps_logistic_regression_emotion_original_speaker_independent_rfecv,03-01-02-02-02-01-05,0,calm,calm,egemaps,speaker_independent,emotion_original,logistic_regression,rfecv,,
egemaps_logistic_regression_emotion_original_speaker_independent_rfecv,03-01-02-02-02-01-13,0,calm,neutral,egemaps,speaker_independent,emotion_original,logistic_regression,rfecv,,
egemaps_logistic_regression_emotion_original_speaker_independent_rfecv,03-01-02-02-02-01-18,0,calm,calm,egemaps,speaker_independent,emotion_original,logistic_regression,rfecv,,
egemaps_logistic_regression_emotion_original_speaker_independent_rfecv,03-01-02-02-02-02-05,0,calm,calm,egemaps,speaker_independent,emotion_original,logistic_regression,rfecv,,
egemaps_logistic_regression_emotion_original_speaker_independent_rfecv,03-01-02-02-02-02-13,0,calm,neutral,egemaps,speaker_independent,emotion_original,logistic_regression,rfecv,,
egemaps_logistic_regression_emotion_original_speaker_independent_rfecv,03-01-02-02-02-02-18,0,calm,calm,egemaps,speaker_independent,emotion_original,logistic_regression,rfecv,,
egemaps_logistic_regression_emotion_original_speaker_independent_rfecv,03-01-03-01-01-01-05,0,happy,neutral,egemaps,speaker_independent,emotion_original,logistic_regression,rfecv,,
egemaps_logistic_regression_emotion_original_speaker_independent_rfecv,03-01-03-01-01-01-13,0,happy,neutral,egemaps,speaker_independent,emotion_original,logistic_regression,rfecv,,
egemaps_logistic_regression_emotion_original_speaker_independent_rfecv,03-01-03-01-01-01-18,0,happy,happy,egemaps,speaker_independent,emotion_original,logistic_regression,rfecv,,
egemaps_logistic_regression_emotion_original_speaker_independent_rfecv,03-01-03-01-01-02-05,0,happy,angry,egemaps,speaker_independent,emotion_original,logistic_regression,rfecv,,
egemaps_logistic_regression_emotion_original_speaker_independent_rfecv,03-01-03-01-01-02-13,0,happy,neutral,egemaps,speaker_independent,emotion_original,logistic_regression,rfecv,,
egemaps_logistic_regression_emotion_original_speaker_independent_rfecv,03-01-03-01-01-02-18,0,happy,sad,egemaps,speaker_independent,emotion_original,logistic_regression,rfecv,,
egemaps_logistic_regression_emotion_original_speaker_independent_rfecv,03-01-03-01-02-01-05,0,happy,neutral,egemaps,speaker_independent,emotion_original,logistic_regression,rfecv,,
egemaps_logistic_regression_emotion_original_speaker_independent_rfecv,03-01-03-01-02-01-13,0,happy,neutral,egemaps,speaker_independent,emotion_original,logistic_regression,rfecv,,
egemaps_logistic_regression_emotion_original_speaker_independent_rfecv,03-01-03-01-02-01-18,0,happy,neutral,egemaps,speaker_independent,emotion_original,logistic_regression,rfecv,,
egemaps_logistic_regression_emotion_original_speaker_independent_rfecv,03-01-03-01-02-02-05,0,happy,surprised,egemaps,speaker_independent,emotion_original,logistic_regression,rfecv,,
egemaps_logistic_regression_emotion_original_speaker_independent_rfecv,03-01-03-01-02-02-13,0,happy,surprised,egemaps,speaker_independent,emotion_original,logistic_regression,rfecv,,
egemaps_logistic_regression_emotion_original_speaker_independent_rfecv,03-01-03-01-02-02-18,0,happy,sad,egemaps,speaker_independent,emotion_original,logistic_regression,rfecv,,
egemaps_logistic_regression_emotion_original_speaker_independent_rfecv,03-01-03-02-01-01-05,0,happy,surprised,egemaps,speaker_independent,emotion_original,logistic_regression,rfecv,,
egemaps_logistic_regression_emotion_original_speaker_independent_rfecv,03-01-03-02-01-01-18,0,happy,fearful,egemaps,speaker_independent,emotion_original,logistic_regression,rfecv,,
egemaps_logistic_regression_emotion_original_speaker_independent_rfecv,03-01-03-02-01-02-05,0,happy,surprised,egemaps,speaker_independent,emotion_original,logistic_regression,rfecv,,
egemaps_logistic_regression_emotion_original_speaker_independent_rfecv,03-01-03-02-01-02-18,0,happy,fearful,egemaps,speaker_independent,emotion_original,logistic_regression,rfecv,,
egemaps_logistic_regression_emotion_original_speaker_independent_rfecv,03-01-03-02-02-01-05,0,happy,happy,egemaps,speaker_independent,emotion_original,logistic_regression,rfecv,,
egemaps_logistic_regression_emotion_original_speaker_independent_rfecv,03-01-03-02-02-01-13,0,happy,surprised,egemaps,speaker_independent,emotion_original,logistic_regression,rfecv,,
egemaps_logistic_regression_emotion_original_speaker_independent_rfecv,03-01-03-02-02-01-18,0,happy,fearful,egemaps,speaker_independent,emotion_original,logistic_regression,rfecv,,
egemaps_logistic_regression_emotion_original_speaker_independent_rfecv,03-01-03-02-02-02-05,0,happy,sad,egemaps,speaker_independent,emotion_original,logistic_regression,rfecv,,
egemaps_logistic_regression_emotion_original_speaker_independent_rfecv,03-01-03-02-02-02-13,0,happy,surprised,egemaps,speaker_independent,emotion_original,logistic_regression,rfecv,,
egemaps_logistic_regression_emotion_original_speaker_independent_rfecv,03-01-03-02-02-02-18,0,happy,fearful,egemaps,speaker_independent,emotion_original,logistic_regression,rfecv,,
egemaps_logistic_regression_emotion_original_speaker_independent_rfecv,03-01-04-01-01-01-05,0,sad,surprised,egemaps,speaker_independent,emotion_original,logistic_regression,rfecv,,
egemaps_logistic_regression_emotion_original_speaker_independent_rfecv,03-01-04-01-01-01-13,0,sad,neutral,egemaps,speaker_independent,emotion_original,logistic_regression,rfecv,,
egemaps_logistic_regression_emotion_original_speaker_independent_rfecv,03-01-04-01-01-02-05,0,sad,surprised,egemaps,speaker_independent,emotion_original,logistic_regression,rfecv,,
egemaps_logistic_regression_emotion_original_speaker_independent_rfecv,03-01-04-01-01-02-13,0,sad,neutral,egemaps,speaker_independent,emotion_original,logistic_regression,rfecv,,
egemaps_logistic_regression_emotion_original_speaker_independent_rfecv,03-01-04-01-02-01-05,0,sad,surprised,egemaps,speaker_independent,emotion_original,logistic_regression,rfecv,,
egemaps_logistic_regression_emotion_original_speaker_independent_rfecv,03-01-04-01-02-01-13,0,sad,neutral,egemaps,speaker_independent,emotion_original,logistic_regression,rfecv,,
egemaps_logistic_regression_emotion_original_speaker_independent_rfecv,03-01-04-01-02-01-18,0,sad,calm,egemaps,speaker_independent,emotion_original,logistic_regression,rfecv,,
egemaps_logistic_regression_emotion_original_speaker_independent_rfecv,03-01-04-01-02-02-05,0,sad,disgust,egemaps,speaker_independent,emotion_original,logistic_regression,rfecv,,
egemaps_logistic_regression_emotion_original_speaker_independent_rfecv,03-01-04-01-02-02-13,0,sad,neutral,egemaps,speaker_independent,emotion_original,logistic_regression,rfecv,,
egemaps_logistic_regression_emotion_original_speaker_independent_rfecv,03-01-04-01-02-02-18,0,sad,calm,egemaps,speaker_independent,emotion_original,logistic_regression,rfecv,,
egemaps_logistic_regression_emotion_original_speaker_independent_rfecv,03-01-04-02-01-01-13,0,sad,neutral,egemaps,speaker_independent,emotion_original,logistic_regression,rfecv,,
egemaps_logistic_regression_emotion_original_speaker_independent_rfecv,03-01-04-02-01-01-18,0,sad,fearful,egemaps,speaker_independent,emotion_original,logistic_regression,rfecv,,
egemaps_logistic_regression_emotion_original_speaker_independent_rfecv,03-01-04-02-01-02-13,0,sad,neutral,egemaps,speaker_independent,emotion_original,logistic_regression,rfecv,,
egemaps_logistic_regression_emotion_original_speaker_independent_rfecv,03-01-04-02-01-02-18,0,sad,happy,egemaps,speaker_independent,emotion_original,logistic_regression,rfecv,,
egemaps_logistic_regression_emotion_original_speaker_independent_rfecv,03-01-04-02-02-01-05,0,sad,sad,egemaps,speaker_independent,emotion_original,logistic_regression,rfecv,,
egemaps_logistic_regression_emotion_original_speaker_independent_rfecv,03-01-04-02-02-01-18,0,sad,sad,egemaps,speaker_independent,emotion_original,logistic_regression,rfecv,,
egemaps_logistic_regression_emotion_original_speaker_independent_rfecv,03-01-04-02-02-02-05,0,sad,sad,egemaps,speaker_independent,emotion_original,logistic_regression,rfecv,,
egemaps_logistic_regression_emotion_original_speaker_independent_rfecv,03-01-04-02-02-02-18,0,sad,happy,egemaps,speaker_independent,emotion_original,logistic_regression,rfecv,,
egemaps_logistic_regression_emotion_original_speaker_independent_rfecv,03-01-05-01-01-01-05,0,angry,surprised,egemaps,speaker_independent,emotion_original,logistic_regression,rfecv,,
egemaps_logistic_regression_emotion_original_speaker_independent_rfecv,03-01-05-01-01-01-13,0,angry,surprised,egemaps,speaker_independent,emotion_original,logistic_regression,rfecv,,
egemaps_logistic_regression_emotion_original_speaker_independent_rfecv,03-01-05-01-01-01-18,0,angry,angry,egemaps,speaker_independent,emotion_original,logistic_regression,rfecv,,
egemaps_logistic_regression_emotion_original_speaker_independent_rfecv,03-01-05-01-01-02-05,0,angry,angry,egemaps,speaker_independent,emotion_original,logistic_regression,rfecv,,
egemaps_logistic_regression_emotion_original_speaker_independent_rfecv,03-01-05-01-01-02-13,0,angry,surprised,egemaps,speaker_independent,emotion_original,logistic_regression,rfecv,,
egemaps_logistic_regression_emotion_original_speaker_independent_rfecv,03-01-05-01-01-02-18,0,angry,disgust,egemaps,speaker_independent,emotion_original,logistic_regression,rfecv,,
egemaps_logistic_regression_emotion_original_speaker_independent_rfecv,03-01-05-01-02-01-05,0,angry,disgust,egemaps,speaker_independent,emotion_original,logistic_regression,rfecv,,
egemaps_logistic_regression_emotion_original_speaker_independent_rfecv,03-01-05-01-02-01-13,0,angry,angry,egemaps,speaker_independent,emotion_original,logistic_regression,rfecv,,
egemaps_logistic_regression_emotion_original_speaker_independent_rfecv,03-01-05-01-02-01-18,0,angry,angry,egemaps,speaker_independent,emotion_original,logistic_regression,rfecv,,
egemaps_logistic_regression_emotion_original_speaker_independent_rfecv,03-01-05-01-02-02-05,0,angry,disgust,egemaps,speaker_independent,emotion_original,logistic_regression,rfecv,,
egemaps_logistic_regression_emotion_original_speaker_independent_rfecv,03-01-05-01-02-02-13,0,angry,fearful,egemaps,speaker_independent,emotion_original,logistic_regression,rfecv,,
egemaps_logistic_regression_emotion_original_speaker_independent_rfecv,03-01-05-01-02-02-18,0,angry,angry,egemaps,speaker_independent,emotion_original,logistic_regression,rfecv,,
egemaps_logistic_regression_emotion_original_speaker_independent_rfecv,03-01-05-02-01-01-13,0,angry,angry,egemaps,speaker_independent,emotion_original,logistic_regression,rfecv,,
egemaps_logistic_regression_emotion_original_speaker_independent_rfecv,03-01-05-02-01-02-13,0,angry,angry,egemaps,speaker_independent,emotion_original,logistic_regression,rfecv,,
egemaps_logistic_regression_emotion_original_speaker_independent_rfecv,03-01-05-02-02-01-05,0,angry,angry,egemaps,speaker_independent,emotion_original,logistic_regression,rfecv,,
egemaps_logistic_regression_emotion_original_speaker_independent_rfecv,03-01-05-02-02-01-13,0,angry,fearful,egemaps,speaker_independent,emotion_original,logistic_regression,rfecv,,
egemaps_logistic_regression_emotion_original_speaker_independent_rfecv,03-01-05-02-02-01-18,0,angry,fearful,egemaps,speaker_independent,emotion_original,logistic_regression,rfecv,,
egemaps_logistic_regression_emotion_original_speaker_independent_rfecv,03-01-05-02-02-02-05,0,angry,angry,egemaps,speaker_independent,emotion_original,logistic_regression,rfecv,,
egemaps_logistic_regression_emotion_original_speaker_independent_rfecv,03-01-05-02-02-02-13,0,angry,fearful,egemaps,speaker_independent,emotion_original,logistic_regression,rfecv,,
egemaps_logistic_regression_emotion_original_speaker_independent_rfecv,03-01-05-02-02-02-18,0,angry,fearful,egemaps,speaker_independent,emotion_original,logistic_regression,rfecv,,
egemaps_logistic_regression_emotion_original_speaker_independent_rfecv,03-01-06-01-01-01-13,0,fearful,neutral,egemaps,speaker_independent,emotion_original,logistic_regression,rfecv,,
egemaps_logistic_regression_emotion_original_speaker_independent_rfecv,03-01-06-01-01-01-18,0,fearful,disgust,egemaps,speaker_independent,emotion_original,logistic_regression,rfecv,,
egemaps_logistic_regression_emotion_original_speaker_independent_rfecv,03-01-06-01-01-02-13,0,fearful,surprised,egemaps,speaker_independent,emotion_original,logistic_regression,rfecv,,
egemaps_logistic_regression_emotion_original_speaker_independent_rfecv,03-01-06-01-01-02-18,0,fearful,sad,egemaps,speaker_independent,emotion_original,logistic_regression,rfecv,,
egemaps_logistic_regression_emotion_original_speaker_independent_rfecv,03-01-06-01-02-01-05,0,fearful,surprised,egemaps,speaker_independent,emotion_original,logistic_regression,rfecv,,
egemaps_logistic_regression_emotion_original_speaker_independent_rfecv,03-01-06-01-02-02-05,0,fearful,surprised,egemaps,speaker_independent,emotion_original,logistic_regression,rfecv,,
egemaps_logistic_regression_emotion_original_speaker_independent_rfecv,03-01-06-02-01-01-13,0,fearful,surprised,egemaps,speaker_independent,emotion_original,logistic_regression,rfecv,,
egemaps_logistic_regression_emotion_original_speaker_independent_rfecv,03-01-06-02-01-01-18,0,fearful,surprised,egemaps,speaker_independent,emotion_original,logistic_regression,rfecv,,
egemaps_logistic_regression_emotion_original_speaker_independent_rfecv,03-01-06-02-01-02-13,0,fearful,surprised,egemaps,speaker_independent,emotion_original,logistic_regression,rfecv,,
egemaps_logistic_regression_emotion_original_speaker_independent_rfecv,03-01-06-02-01-02-18,0,fearful,fearful,egemaps,speaker_independent,emotion_original,logistic_regression,rfecv,,
egemaps_logistic_regression_emotion_original_speaker_independent_rfecv,03-01-06-02-02-01-05,0,fearful,angry,egemaps,speaker_independent,emotion_original,logistic_regression,rfecv,,
egemaps_logistic_regression_emotion_original_speaker_independent_rfecv,03-01-06-02-02-01-13,0,fearful,surprised,egemaps,speaker_independent,emotion_original,logistic_regression,rfecv,,
egemaps_logistic_regression_emotion_original_speaker_independent_rfecv,03-01-06-02-02-02-05,0,fearful,fearful,egemaps,speaker_independent,emotion_original,logistic_regression,rfecv,,
egemaps_logistic_regression_emotion_original_speaker_independent_rfecv,03-01-06-02-02-02-13,0,fearful,happy,egemaps,speaker_independent,emotion_original,logistic_regression,rfecv,,
egemaps_logistic_regression_emotion_original_speaker_independent_rfecv,03-01-07-01-01-01-05,0,disgust,disgust,egemaps,speaker_independent,emotion_original,logistic_regression,rfecv,,
egemaps_logistic_regression_emotion_original_speaker_independent_rfecv,03-01-07-01-01-01-13,0,disgust,neutral,egemaps,speaker_independent,emotion_original,logistic_regression,rfecv,,
egemaps_logistic_regression_emotion_original_speaker_independent_rfecv,03-01-07-01-01-01-18,0,disgust,disgust,egemaps,speaker_independent,emotion_original,logistic_regression,rfecv,,
egemaps_logistic_regression_emotion_original_speaker_independent_rfecv,03-01-07-01-01-02-05,0,disgust,disgust,egemaps,speaker_independent,emotion_original,logistic_regression,rfecv,,
egemaps_logistic_regression_emotion_original_speaker_independent_rfecv,03-01-07-01-01-02-13,0,disgust,surprised,egemaps,speaker_independent,emotion_original,logistic_regression,rfecv,,
egemaps_logistic_regression_emotion_original_speaker_independent_rfecv,03-01-07-01-01-02-18,0,disgust,disgust,egemaps,speaker_independent,emotion_original,logistic_regression,rfecv,,
egemaps_logistic_regression_emotion_original_speaker_independent_rfecv,03-01-07-02-01-01-05,0,disgust,disgust,egemaps,speaker_independent,emotion_original,logistic_regression,rfecv,,
egemaps_logistic_regression_emotion_original_speaker_independent_rfecv,03-01-07-02-01-01-13,0,disgust,surprised,egemaps,speaker_independent,emotion_original,logistic_regression,rfecv,,
egemaps_logistic_regression_emotion_original_speaker_independent_rfecv,03-01-07-02-01-01-18,0,disgust,angry,egemaps,speaker_independent,emotion_original,logistic_regression,rfecv,,
egemaps_logistic_regression_emotion_original_speaker_independent_rfecv,03-01-07-02-01-02-05,0,disgust,disgust,egemaps,speaker_independent,emotion_original,logistic_regression,rfecv,,
egemaps_logistic_regression_emotion_original_speaker_independent_rfecv,03-01-07-02-01-02-13,0,disgust,disgust,egemaps,speaker_independent,emotion_original,logistic_regression,rfecv,,
egemaps_logistic_regression_emotion_original_speaker_independent_rfecv,03-01-07-02-01-02-18,0,disgust,angry,egemaps,speaker_independent,emotion_original,logistic_regression,rfecv,,
egemaps_logistic_regression_emotion_original_speaker_independent_rfecv,03-01-07-02-02-01-05,0,disgust,disgust,egemaps,speaker_independent,emotion_original,logistic_regression,rfecv,,
egemaps_logistic_regression_emotion_original_speaker_independent_rfecv,03-01-07-02-02-01-13,0,disgust,disgust,egemaps,speaker_independent,emotion_original,logistic_regression,rfecv,,
egemaps_logistic_regression_emotion_original_speaker_independent_rfecv,03-01-07-02-02-01-18,0,disgust,angry,egemaps,speaker_independent,emotion_original,logistic_regression,rfecv,,
egemaps_logistic_regression_emotion_original_speaker_independent_rfecv,03-01-07-02-02-02-05,0,disgust,disgust,egemaps,speaker_independent,emotion_original,logistic_regression,rfecv,,
egemaps_logistic_regression_emotion_original_speaker_independent_rfecv,03-01-07-02-02-02-13,0,disgust,neutral,egemaps,speaker_independent,emotion_original,logistic_regression,rfecv,,
egemaps_logistic_regression_emotion_original_speaker_independent_rfecv,03-01-07-02-02-02-18,0,disgust,angry,egemaps,speaker_independent,emotion_original,logistic_regression,rfecv,,
egemaps_logistic_regression_emotion_original_speaker_independent_rfecv,03-01-08-01-01-01-05,0,surprised,surprised,egemaps,speaker_independent,emotion_original,logistic_regression,rfecv,,
egemaps_logistic_regression_emotion_original_speaker_independent_rfecv,03-01-08-01-01-01-18,0,surprised,sad,egemaps,speaker_independent,emotion_original,logistic_regression,rfecv,,
egemaps_logistic_regression_emotion_original_speaker_independent_rfecv,03-01-08-01-01-02-05,0,surprised,surprised,egemaps,speaker_independent,emotion_original,logistic_regression,rfecv,,
egemaps_logistic_regression_emotion_original_speaker_independent_rfecv,03-01-08-01-01-02-18,0,surprised,surprised,egemaps,speaker_independent,emotion_original,logistic_regression,rfecv,,
egemaps_logistic_regression_emotion_original_speaker_independent_rfecv,03-01-08-01-02-01-05,0,surprised,surprised,egemaps,speaker_independent,emotion_original,logistic_regression,rfecv,,
egemaps_logistic_regression_emotion_original_speaker_independent_rfecv,03-01-08-01-02-01-13,0,surprised,surprised,egemaps,speaker_independent,emotion_original,logistic_regression,rfecv,,
egemaps_logistic_regression_emotion_original_speaker_independent_rfecv,03-01-08-01-02-01-18,0,surprised,disgust,egemaps,speaker_independent,emotion_original,logistic_regression,rfecv,,
egemaps_logistic_regression_emotion_original_speaker_independent_rfecv,03-01-08-01-02-02-05,0,surprised,surprised,egemaps,speaker_independent,emotion_original,logistic_regression,rfecv,,
egemaps_logistic_regression_emotion_original_speaker_independent_rfecv,03-01-08-01-02-02-13,0,surprised,sad,egemaps,speaker_independent,emotion_original,logistic_regression,rfecv,,
egemaps_logistic_regression_emotion_original_speaker_independent_rfecv,03-01-08-01-02-02-18,0,surprised,surprised,egemaps,speaker_independent,emotion_original,logistic_regression,rfecv,,
egemaps_logistic_regression_emotion_original_speaker_independent_rfecv,03-01-08-02-01-01-13,0,surprised,surprised,egemaps,speaker_independent,emotion_original,logistic_regression,rfecv,,
egemaps_logistic_regression_emotion_original_speaker_independent_rfecv,03-01-08-02-01-01-18,0,surprised,fearful,egemaps,speaker_independent,emotion_original,logistic_regression,rfecv,,
egemaps_logistic_regression_emotion_original_speaker_independent_rfecv,03-01-08-02-01-02-13,0,surprised,surprised,egemaps,speaker_independent,emotion_original,logistic_regression,rfecv,,
egemaps_logistic_regression_emotion_original_speaker_independent_rfecv,03-01-08-02-01-02-18,0,surprised,fearful,egemaps,speaker_independent,emotion_original,logistic_regression,rfecv,,
egemaps_logistic_regression_emotion_original_speaker_independent_rfecv,03-01-08-02-02-01-05,0,surprised,sad,egemaps,speaker_independent,emotion_original,logistic_regression,rfecv,,
egemaps_logistic_regression_emotion_original_speaker_independent_rfecv,03-01-08-02-02-01-13,0,surprised,surprised,egemaps,speaker_independent,emotion_original,logistic_regression,rfecv,,
egemaps_logistic_regression_emotion_original_speaker_independent_rfecv,03-01-08-02-02-02-05,0,surprised,surprised,egemaps,speaker_independent,emotion_original,logistic_regression,rfecv,,
egemaps_logistic_regression_emotion_original_speaker_independent_rfecv,03-01-08-02-02-02-13,0,surprised,surprised,egemaps,speaker_independent,emotion_original,logistic_regression,rfecv,,
egemaps_logistic_regression_emotion_original_speaker_independent_rfecv,03-01-01-01-01-01-01,1,neutral,angry,egemaps,speaker_independent,emotion_original,logistic_regression,rfecv,,
egemaps_logistic_regression_emotion_original_speaker_independent_rfecv,03-01-01-01-01-01-03,1,neutral,happy,egemaps,speaker_independent,emotion_original,logistic_regression,rfecv,,
egemaps_logistic_regression_emotion_original_speaker_independent_rfecv,03-01-01-01-01-01-09,1,neutral,calm,egemaps,speaker_independent,emotion_original,logistic_regression,rfecv,,
egemaps_logistic_regression_emotion_original_speaker_independent_rfecv,03-01-01-01-01-02-01,1,neutral,sad,egemaps,speaker_independent,emotion_original,logistic_regression,rfecv,,
egemaps_logistic_regression_emotion_original_speaker_independent_rfecv,03-01-01-01-01-02-03,1,neutral,surprised,egemaps,speaker_independent,emotion_original,logistic_regression,rfecv,,
egemaps_logistic_regression_emotion_original_speaker_independent_rfecv,03-01-01-01-01-02-09,1,neutral,calm,egemaps,speaker_independent,emotion_original,logistic_regression,rfecv,,
egemaps_logistic_regression_emotion_original_speaker_independent_rfecv,03-01-01-01-02-01-01,1,neutral,angry,egemaps,speaker_independent,emotion_original,logistic_regression,rfecv,,
egemaps_logistic_regression_emotion_original_speaker_independent_rfecv,03-01-01-01-02-01-03,1,neutral,angry,egemaps,speaker_independent,emotion_original,logistic_regression,rfecv,,
egemaps_logistic_regression_emotion_original_speaker_independent_rfecv,03-01-01-01-02-01-09,1,neutral,disgust,egemaps,speaker_independent,emotion_original,logistic_regression,rfecv,,
egemaps_logistic_regression_emotion_original_speaker_independent_rfecv,03-01-01-01-02-01-15,1,neutral,angry,egemaps,speaker_independent,emotion_original,logistic_regression,rfecv,,
egemaps_logistic_regression_emotion_original_speaker_independent_rfecv,03-01-01-01-02-02-01,1,neutral,angry,egemaps,speaker_independent,emotion_original,logistic_regression,rfecv,,
egemaps_logistic_regression_emotion_original_speaker_independent_rfecv,03-01-01-01-02-02-03,1,neutral,disgust,egemaps,speaker_independent,emotion_original,logistic_regression,rfecv,,
egemaps_logistic_regression_emotion_original_speaker_independent_rfecv,03-01-01-01-02-02-09,1,neutral,calm,egemaps,speaker_independent,emotion_original,logistic_regression,rfecv,,
egemaps_logistic_regression_emotion_original_speaker_independent_rfecv,03-01-01-01-02-02-15,1,neutral,neutral,egemaps,speaker_independent,emotion_original,logistic_regression,rfecv,,
egemaps_logistic_regression_emotion_original_speaker_independent_rfecv,03-01-02-01-01-01-01,1,calm,sad,egemaps,speaker_independent,emotion_original,logistic_regression,rfecv,,
egemaps_logistic_regression_emotion_original_speaker_independent_rfecv,03-01-02-01-01-01-03,1,calm,calm,egemaps,speaker_independent,emotion_original,logistic_regression,rfecv,,
egemaps_logistic_regression_emotion_original_speaker_independent_rfecv,03-01-02-01-01-01-09,1,calm,calm,egemaps,speaker_independent,emotion_original,logistic_regression,rfecv,,
egemaps_logistic_regression_emotion_original_speaker_independent_rfecv,03-01-02-01-01-01-15,1,calm,neutral,egemaps,speaker_independent,emotion_original,logistic_regression,rfecv,,
egemaps_logistic_regression_emotion_original_speaker_independent_rfecv,03-01-02-01-01-02-01,1,calm,neutral,egemaps,speaker_independent,emotion_original,logistic_regression,rfecv,,
egemaps_logistic_regression_emotion_original_speaker_independent_rfecv,03-01-02-01-01-02-03,1,calm,disgust,egemaps,speaker_independent,emotion_original,logistic_regression,rfecv,,
egemaps_logistic_regression_emotion_original_speaker_independent_rfecv,03-01-02-01-01-02-09,1,calm,calm,egemaps,speaker_independent,emotion_original,logistic_regression,rfecv,,
egemaps_logistic_regression_emotion_original_speaker_independent_rfecv,03-01-02-01-01-02-15,1,calm,neutral,egemaps,speaker_independent,emotion_original,logistic_regression,rfecv,,
egemaps_logistic_regression_emotion_original_speaker_independent_rfecv,03-01-02-01-02-01-01,1,calm,neutral,egemaps,speaker_independent,emotion_original,logistic_regression,rfecv,,
egemaps_logistic_regression_emotion_original_speaker_independent_rfecv,03-01-02-01-02-01-03,1,calm,calm,egemaps,speaker_independent,emotion_original,logistic_regression,rfecv,,
egemaps_logistic_regression_emotion_original_speaker_independent_rfecv,03-01-02-01-02-01-09,1,calm,calm,egemaps,speaker_independent,emotion_original,logistic_regression,rfecv,,
egemaps_logistic_regression_emotion_original_speaker_independent_rfecv,03-01-02-01-02-01-15,1,calm,sad,egemaps,speaker_independent,emotion_original,logistic_regression,rfecv,,
egemaps_logistic_regression_emotion_original_speaker_independent_rfecv,03-01-02-01-02-02-01,1,calm,calm,egemaps,speaker_independent,emotion_original,logistic_regression,rfecv,,
egemaps_logistic_regression_emotion_original_speaker_independent_rfecv,03-01-02-01-02-02-03,1,calm,happy,egemaps,speaker_independent,emotion_original,logistic_regression,rfecv,,
egemaps_logistic_regression_emotion_original_speaker_independent_rfecv,03-01-02-01-02-02-09,1,calm,calm,egemaps,speaker_independent,emotion_original,logistic_regression,rfecv,,
egemaps_logistic_regression_emotion_original_speaker_independent_rfecv,03-01-02-01-02-02-15,1,calm,calm,egemaps,speaker_independent,emotion_original,logistic_regression,rfecv,,
egemaps_logistic_regression_emotion_original_speaker_independent_rfecv,03-01-02-02-01-01-01,1,calm,calm,egemaps,speaker_independent,emotion_original,logistic_regression,rfecv,,
egemaps_logistic_regression_emotion_original_speaker_independent_rfecv,03-01-02-02-01-01-03,1,calm,angry,egemaps,speaker_independent,emotion_original,logistic_regression,rfecv,,
egemaps_logistic_regression_emotion_original_speaker_independent_rfecv,03-01-02-02-01-02-01,1,calm,calm,egemaps,speaker_independent,emotion_original,logistic_regression,rfecv,,
egemaps_logistic_regression_emotion_original_speaker_independent_rfecv,03-01-02-02-01-02-03,1,calm,angry,egemaps,speaker_independent,emotion_original,logistic_regression,rfecv,,
egemaps_logistic_regression_emotion_original_speaker_independent_rfecv,03-01-02-02-02-01-01,1,calm,calm,egemaps,speaker_independent,emotion_original,logistic_regression,rfecv,,
egemaps_logistic_regression_emotion_original_speaker_independent_rfecv,03-01-02-02-02-01-03,1,calm,happy,egemaps,speaker_independent,emotion_original,logistic_regression,rfecv,,
egemaps_logistic_regression_emotion_original_speaker_independent_rfecv,03-01-02-02-02-01-09,1,calm,calm,egemaps,speaker_independent,emotion_original,logistic_regression,rfecv,,
egemaps_logistic_regression_emotion_original_speaker_independent_rfecv,03-01-02-02-02-01-15,1,calm,neutral,egemaps,speaker_independent,emotion_original,logistic_regression,rfecv,,
egemaps_logistic_regression_emotion_original_speaker_independent_rfecv,03-01-02-02-02-02-01,1,calm,calm,egemaps,speaker_independent,emotion_original,logistic_regression,rfecv,,
egemaps_logistic_regression_emotion_original_speaker_independent_rfecv,03-01-02-02-02-02-03,1,calm,happy,egemaps,speaker_independent,emotion_original,logistic_regression,rfecv,,
egemaps_logistic_regression_emotion_original_speaker_independent_rfecv,03-01-02-02-02-02-09,1,calm,calm,egemaps,speaker_independent,emotion_original,logistic_regression,rfecv,,
egemaps_logistic_regression_emotion_original_speaker_independent_rfecv,03-01-02-02-02-02-15,1,calm,sad,egemaps,speaker_independent,emotion_original,logistic_regression,rfecv,,
egemaps_logistic_regression_emotion_original_speaker_independent_rfecv,03-01-03-01-01-01-01,1,happy,sad,egemaps,speaker_independent,emotion_original,logistic_regression,rfecv,,
egemaps_logistic_regression_emotion_original_speaker_independent_rfecv,03-01-03-01-01-01-09,1,happy,calm,egemaps,speaker_independent,emotion_original,logistic_regression,rfecv,,
egemaps_logistic_regression_emotion_original_speaker_independent_rfecv,03-01-03-01-01-01-15,1,happy,happy,egemaps,speaker_independent,emotion_original,logistic_regression,rfecv,,
egemaps_logistic_regression_emotion_original_speaker_independent_rfecv,03-01-03-01-01-02-01,1,happy,happy,egemaps,speaker_independent,emotion_original,logistic_regression,rfecv,,
egemaps_logistic_regression_emotion_original_speaker_independent_rfecv,03-01-03-01-01-02-09,1,happy,sad,egemaps,speaker_independent,emotion_original,logistic_regression,rfecv,,
egemaps_logistic_regression_emotion_original_speaker_independent_rfecv,03-01-03-01-01-02-15,1,happy,happy,egemaps,speaker_independent,emotion_original,logistic_regression,rfecv,,
egemaps_logistic_regression_emotion_original_speaker_independent_rfecv,03-01-03-01-02-01-01,1,happy,angry,egemaps,speaker_independent,emotion_original,logistic_regression,rfecv,,
egemaps_logistic_regression_emotion_original_speaker_independent_rfecv,03-01-03-01-02-01-03,1,happy,happy,egemaps,speaker_independent,emotion_original,logistic_regression,rfecv,,
egemaps_logistic_regression_emotion_original_speaker_independent_rfecv,03-01-03-01-02-01-09,1,happy,calm,egemaps,speaker_independent,emotion_original,logistic_regression,rfecv,,
egemaps_logistic_regression_emotion_original_speaker_independent_rfecv,03-01-03-01-02-01-15,1,happy,happy,egemaps,speaker_independent,emotion_original,logistic_regression,rfecv,,
egemaps_logistic_regression_emotion_original_speaker_independent_rfecv,03-01-03-01-02-02-01,1,happy,angry,egemaps,speaker_independent,emotion_original,logistic_regression,rfecv,,
egemaps_logistic_regression_emotion_original_speaker_independent_rfecv,03-01-03-01-02-02-03,1,happy,happy,egemaps,speaker_independent,emotion_original,logistic_regression,rfecv,,
egemaps_logistic_regression_emotion_original_speaker_independent_rfecv,03-01-03-01-02-02-09,1,happy,calm,egemaps,speaker_independent,emotion_original,logistic_regression,rfecv,,
egemaps_logistic_regression_emotion_original_speaker_independent_rfecv,03-01-03-01-02-02-15,1,happy,happy,egemaps,speaker_independent,emotion_original,logistic_regression,rfecv,,
egemaps_logistic_regression_emotion_original_speaker_independent_rfecv,03-01-03-02-01-01-01,1,happy,surprised,egemaps,speaker_independent,emotion_original,logistic_regression,rfecv,,
egemaps_logistic_regression_emotion_original_speaker_independent_rfecv,03-01-03-02-01-01-03,1,happy,angry,egemaps,speaker_independent,emotion_original,logistic_regression,rfecv,,
egemaps_logistic_regression_emotion_original_speaker_independent_rfecv,03-01-03-02-01-01-15,1,happy,fearful,egemaps,speaker_independent,emotion_original,logistic_regression,rfecv,,
egemaps_logistic_regression_emotion_original_speaker_independent_rfecv,03-01-03-02-01-02-01,1,happy,happy,egemaps,speaker_independent,emotion_original,logistic_regression,rfecv,,
egemaps_logistic_regression_emotion_original_speaker_independent_rfecv,03-01-03-02-01-02-03,1,happy,angry,egemaps,speaker_independent,emotion_original,logistic_regression,rfecv,,
egemaps_logistic_regression_emotion_original_speaker_independent_rfecv,03-01-03-02-01-02-15,1,happy,happy,egemaps,speaker_independent,emotion_original,logistic_regression,rfecv,,
egemaps_logistic_regression_emotion_original_speaker_independent_rfecv,03-01-03-02-02-01-09,1,happy,fearful,egemaps,speaker_independent,emotion_original,logistic_regression,rfecv,,
egemaps_logistic_regression_emotion_original_speaker_independent_rfecv,03-01-03-02-02-02-09,1,happy,happy,egemaps,speaker_independent,emotion_original,logistic_regression,rfecv,,
egemaps_logistic_regression_emotion_original_speaker_independent_rfecv,03-01-04-01-01-01-01,1,sad,calm,egemaps,speaker_independent,emotion_original,logistic_regression,rfecv,,
egemaps_logistic_regression_emotion_original_speaker_independent_rfecv,03-01-04-01-01-01-03,1,sad,sad,egemaps,speaker_independent,emotion_original,logistic_regression,rfecv,,
egemaps_logistic_regression_emotion_original_speaker_independent_rfecv,03-01-04-01-01-01-09,1,sad,sad,egemaps,speaker_independent,emotion_original,logistic_regression,rfecv,,
egemaps_logistic_regression_emotion_original_speaker_independent_rfecv,03-01-04-01-01-01-15,1,sad,neutral,egemaps,speaker_independent,emotion_original,logistic_regression,rfecv,,
egemaps_logistic_regression_emotion_original_speaker_independent_rfecv,03-01-04-01-01-02-01,1,sad,neutral,egemaps,speaker_independent,emotion_original,logistic_regression,rfecv,,
egemaps_logistic_regression_emotion_original_speaker_independent_rfecv,03-01-04-01-01-02-03,1,sad,sad,egemaps,speaker_independent,emotion_original,logistic_regression,rfecv,,
egemaps_logistic_regression_emotion_original_speaker_independent_rfecv,03-01-04-01-01-02-09,1,sad,calm,egemaps,speaker_independent,emotion_original,logistic_regression,rfecv,,
egemaps_logistic_regression_emotion_original_speaker_independent_rfecv,03-01-04-01-01-02-15,1,sad,sad,egemaps,speaker_independent,emotion_original,logistic_regression,rfecv,,
egemaps_logistic_regression_emotion_original_speaker_independent_rfecv,03-01-04-01-02-01-01,1,sad,neutral,egemaps,speaker_independent,emotion_original,logistic_regression,rfecv,,
egemaps_logistic_regression_emotion_original_speaker_independent_rfecv,03-01-04-01-02-01-03,1,sad,calm,egemaps,speaker_independent,emotion_original,logistic_regression,rfecv,,
egemaps_logistic_regression_emotion_original_speaker_independent_rfecv,03-01-04-01-02-01-15,1,sad,happy,egemaps,speaker_independent,emotion_original,logistic_regression,rfecv,,
egemaps_logistic_regression_emotion_original_speaker_independent_rfecv,03-01-04-01-02-02-01,1,sad,angry,egemaps,speaker_independent,emotion_original,logistic_regression,rfecv,,
egemaps_logistic_regression_emotion_original_speaker_independent_rfecv,03-01-04-01-02-02-03,1,sad,calm,egemaps,speaker_independent,emotion_original,logistic_regression,rfecv,,
egemaps_logistic_regression_emotion_original_speaker_independent_rfecv,03-01-04-01-02-02-15,1,sad,sad,egemaps,speaker_independent,emotion_original,logistic_regression,rfecv,,
egemaps_logistic_regression_emotion_original_speaker_independent_rfecv,03-01-04-02-01-01-01,1,sad,neutral,egemaps,speaker_independent,emotion_original,logistic_regression,rfecv,,
egemaps_logistic_regression_emotion_original_speaker_independent_rfecv,03-01-04-02-01-01-03,1,sad,happy,egemaps,speaker_independent,emotion_original,logistic_regression,rfecv,,
egemaps_logistic_regression_emotion_original_speaker_independent_rfecv,03-01-04-02-01-01-09,1,sad,sad,egemaps,speaker_independent,emotion_original,logistic_regression,rfecv,,
egemaps_logistic_regression_emotion_original_speaker_independent_rfecv,03-01-04-02-01-01-15,1,sad,fearful,egemaps,speaker_independent,emotion_original,logistic_regression,rfecv,,
egemaps_logistic_regression_emotion_original_speaker_independent_rfecv,03-01-04-02-01-02-01,1,sad,happy,egemaps,speaker_independent,emotion_original,logistic_regression,rfecv,,
egemaps_logistic_regression_emotion_original_speaker_independent_rfecv,03-01-04-02-01-02-03,1,sad,happy,egemaps,speaker_independent,emotion_original,logistic_regression,rfecv,,
egemaps_logistic_regression_emotion_original_speaker_independent_rfecv,03-01-04-02-01-02-09,1,sad,sad,egemaps,speaker_independent,emotion_original,logistic_regression,rfecv,,
egemaps_logistic_regression_emotion_original_speaker_independent_rfecv,03-01-04-02-01-02-15,1,sad,fearful,egemaps,speaker_independent,emotion_original,logistic_regression,rfecv,,
egemaps_logistic_regression_emotion_original_speaker_independent_rfecv,03-01-04-02-02-01-03,1,sad,fearful,egemaps,speaker_independent,emotion_original,logistic_regression,rfecv,,
egemaps_logistic_regression_emotion_original_speaker_independent_rfecv,03-01-04-02-02-01-09,1,sad,sad,egemaps,speaker_independent,emotion_original,logistic_regression,rfecv,,
egemaps_logistic_regression_emotion_original_speaker_independent_rfecv,03-01-04-02-02-01-15,1,sad,happy,egemaps,speaker_independent,emotion_original,logistic_regression,rfecv,,
egemaps_logistic_regression_emotion_original_speaker_independent_rfecv,03-01-04-02-02-02-03,1,sad,fearful,egemaps,speaker_independent,emotion_original,logistic_regression,rfecv,,
egemaps_logistic_regression_emotion_original_speaker_independent_rfecv,03-01-04-02-02-02-09,1,sad,happy,egemaps,speaker_independent,emotion_original,logistic_regression,rfecv,,
egemaps_logistic_regression_emotion_original_speaker_independent_rfecv,03-01-04-02-02-02-15,1,sad,fearful,egemaps,speaker_independent,emotion_original,logistic_regression,rfecv,,
egemaps_logistic_regression_emotion_original_speaker_independent_rfecv,03-01-05-01-01-01-01,1,angry,angry,egemaps,speaker_independent,emotion_original,logistic_regression,rfecv,,
egemaps_logistic_regression_emotion_original_speaker_independent_rfecv,03-01-05-01-01-01-03,1,angry,angry,egemaps,speaker_independent,emotion_original,logistic_regression,rfecv,,
egemaps_logistic_regression_emotion_original_speaker_independent_rfecv,03-01-05-01-01-01-15,1,angry,happy,egemaps,speaker_independent,emotion_original,logistic_regression,rfecv,,
egemaps_logistic_regression_emotion_original_speaker_independent_rfecv,03-01-05-01-01-02-01,1,angry,angry,egemaps,speaker_independent,emotion_original,logistic_regression,rfecv,,
egemaps_logistic_regression_emotion_original_speaker_independent_rfecv,03-01-05-01-01-02-03,1,angry,angry,egemaps,speaker_independent,emotion_original,logistic_regression,rfecv,,
egemaps_logistic_regression_emotion_original_speaker_independent_rfecv,03-01-05-01-01-02-15,1,angry,angry,egemaps,speaker_independent,emotion_original,logistic_regression,rfecv,,
egemaps_logistic_regression_emotion_original_speaker_independent_rfecv,03-01-05-01-02-01-01,1,angry,angry,egemaps,speaker_independent,emotion_original,logistic_regression,rfecv,,
egemaps_logistic_regression_emotion_original_speaker_independent_rfecv,03-01-05-01-02-01-03,1,angry,angry,egemaps,speaker_independent,emotion_original,logistic_regression,rfecv,,
egemaps_logistic_regression_emotion_original_speaker_independent_rfecv,03-01-05-01-02-01-09,1,angry,calm,egemaps,speaker_independent,emotion_original,logistic_regression,rfecv,,
egemaps_logistic_regression_emotion_original_speaker_independent_rfecv,03-01-05-01-02-01-15,1,angry,angry,egemaps,speaker_independent,emotion_original,logistic_regression,rfecv,,
egemaps_logistic_regression_emotion_original_speaker_independent_rfecv,03-01-05-01-02-02-01,1,angry,angry,egemaps,speaker_independent,emotion_original,logistic_regression,rfecv,,
egemaps_logistic_regression_emotion_original_speaker_independent_rfecv,03-01-05-01-02-02-03,1,angry,angry,egemaps,speaker_independent,emotion_original,logistic_regression,rfecv,,
egemaps_logistic_regression_emotion_original_speaker_independent_rfecv,03-01-05-01-02-02-09,1,angry,sad,egemaps,speaker_independent,emotion_original,logistic_regression,rfecv,,
egemaps_logistic_regression_emotion_original_speaker_independent_rfecv,03-01-05-01-02-02-15,1,angry,angry,egemaps,speaker_independent,emotion_original,logistic_regression,rfecv,,
egemaps_logistic_regression_emotion_original_speaker_independent_rfecv,03-01-05-02-01-01-09,1,angry,angry,egemaps,speaker_independent,emotion_original,logistic_regression,rfecv,,
egemaps_logistic_regression_emotion_original_speaker_independent_rfecv,03-01-05-02-01-01-15,1,angry,happy,egemaps,speaker_independent,emotion_original,logistic_regression,rfecv,,
egemaps_logistic_regression_emotion_original_speaker_independent_rfecv,03-01-05-02-01-02-09,1,angry,fearful,egemaps,speaker_independent,emotion_original,logistic_regression,rfecv,,
egemaps_logistic_regression_emotion_original_speaker_independent_rfecv,03-01-05-02-01-02-15,1,angry,angry,egemaps,speaker_independent,emotion_original,logistic_regression,rfecv,,
egemaps_logistic_regression_emotion_original_speaker_independent_rfecv,03-01-05-02-02-01-01,1,angry,angry,egemaps,speaker_independent,emotion_original,logistic_regression,rfecv,,
egemaps_logistic_regression_emotion_original_speaker_independent_rfecv,03-01-05-02-02-01-03,1,angry,angry,egemaps,speaker_independent,emotion_original,logistic_regression,rfecv,,
egemaps_logistic_regression_emotion_original_speaker_independent_rfecv,03-01-05-02-02-01-09,1,angry,fearful,egemaps,speaker_independent,emotion_original,logistic_regression,rfecv,,
egemaps_logistic_regression_emotion_original_speaker_independent_rfecv,03-01-05-02-02-02-01,1,angry,angry,egemaps,speaker_independent,emotion_original,logistic_regression,rfecv,,
egemaps_logistic_regression_emotion_original_speaker_independent_rfecv,03-01-05-02-02-02-03,1,angry,angry,egemaps,speaker_independent,emotion_original,logistic_regression,rfecv,,
egemaps_logistic_regression_emotion_original_speaker_independent_rfecv,03-01-05-02-02-02-09,1,angry,fearful,egemaps,speaker_independent,emotion_original,logistic_regression,rfecv,,
egemaps_logistic_regression_emotion_original_speaker_independent_rfecv,03-01-06-01-01-01-01,1,fearful,angry,egemaps,speaker_independent,emotion_original,logistic_regression,rfecv,,
egemaps_logistic_regression_emotion_original_speaker_independent_rfecv,03-01-06-01-01-01-03,1,fearful,surprised,egemaps,speaker_independent,emotion_original,logistic_regression,rfecv,,
egemaps_logistic_regression_emotion_original_speaker_independent_rfecv,03-01-06-01-01-01-09,1,fearful,calm,egemaps,speaker_independent,emotion_original,logistic_regression,rfecv,,
egemaps_logistic_regression_emotion_original_speaker_independent_rfecv,03-01-06-01-01-02-01,1,fearful,happy,egemaps,speaker_independent,emotion_original,logistic_regression,rfecv,,
egemaps_logistic_regression_emotion_original_speaker_independent_rfecv,03-01-06-01-01-02-03,1,fearful,angry,egemaps,speaker_independent,emotion_original,logistic_regression,rfecv,,
egemaps_logistic_regression_emotion_original_speaker_independent_rfecv,03-01-06-01-01-02-09,1,fearful,calm,egemaps,speaker_independent,emotion_original,logistic_regression,rfecv,,
egemaps_logistic_regression_emotion_original_speaker_independent_rfecv,03-01-06-01-02-01-01,1,fearful,angry,egemaps,speaker_independent,emotion_original,logistic_regression,rfecv,,
egemaps_logistic_regression_emotion_original_speaker_independent_rfecv,03-01-06-01-02-01-09,1,fearful,calm,egemaps,speaker_independent,emotion_original,logistic_regression,rfecv,,
egemaps_logistic_regression_emotion_original_speaker_independent_rfecv,03-01-06-01-02-01-15,1,fearful,fearful,egemaps,speaker_independent,emotion_original,logistic_regression,rfecv,,
egemaps_logistic_regression_emotion_original_speaker_independent_rfecv,03-01-06-01-02-02-01,1,fearful,sad,egemaps,speaker_independent,emotion_original,logistic_regression,rfecv,,
egemaps_logistic_regression_emotion_original_speaker_independent_rfecv,03-01-06-01-02-02-09,1,fearful,calm,egemaps,speaker_independent,emotion_original,logistic_regression,rfecv,,
egemaps_logistic_regression_emotion_original_speaker_independent_rfecv,03-01-06-01-02-02-15,1,fearful,fearful,egemaps,speaker_independent,emotion_original,logistic_regression,rfecv,,
egemaps_logistic_regression_emotion_original_speaker_independent_rfecv,03-01-06-02-01-01-01,1,fearful,fearful,egemaps,speaker_independent,emotion_original,logistic_regression,rfecv,,
egemaps_logistic_regression_emotion_original_speaker_independent_rfecv,03-01-06-02-01-01-03,1,fearful,fearful,egemaps,speaker_independent,emotion_original,logistic_regression,rfecv,,
egemaps_logistic_regression_emotion_original_speaker_independent_rfecv,03-01-06-02-01-01-09,1,fearful,sad,egemaps,speaker_independent,emotion_original,logistic_regression,rfecv,,
egemaps_logistic_regression_emotion_original_speaker_independent_rfecv,03-01-06-02-01-01-15,1,fearful,fearful,egemaps,speaker_independent,emotion_original,logistic_regression,rfecv,,
egemaps_logistic_regression_emotion_original_speaker_independent_rfecv,03-01-06-02-01-02-01,1,fearful,happy,egemaps,speaker_independent,emotion_original,logistic_regression,rfecv,,
egemaps_logistic_regression_emotion_original_speaker_independent_rfecv,03-01-06-02-01-02-03,1,fearful,angry,egemaps,speaker_independent,emotion_original,logistic_regression,rfecv,,
egemaps_logistic_regression_emotion_original_speaker_independent_rfecv,03-01-06-02-01-02-09,1,fearful,calm,egemaps,speaker_independent,emotion_original,logistic_regression,rfecv,,
egemaps_logistic_regression_emotion_original_speaker_independent_rfecv,03-01-06-02-01-02-15,1,fearful,fearful,egemaps,speaker_independent,emotion_original,logistic_regression,rfecv,,
egemaps_logistic_regression_emotion_original_speaker_independent_rfecv,03-01-06-02-02-01-03,1,fearful,fearful,egemaps,speaker_independent,emotion_original,logistic_regression,rfecv,,
egemaps_logistic_regression_emotion_original_speaker_independent_rfecv,03-01-06-02-02-01-15,1,fearful,fearful,egemaps,speaker_independent,emotion_original,logistic_regression,rfecv,,
egemaps_logistic_regression_emotion_original_speaker_independent_rfecv,03-01-06-02-02-02-03,1,fearful,angry,egemaps,speaker_independent,emotion_original,logistic_regression,rfecv,,
egemaps_logistic_regression_emotion_original_speaker_independent_rfecv,03-01-06-02-02-02-15,1,fearful,fearful,egemaps,speaker_independent,emotion_original,logistic_regression,rfecv,,
egemaps_logistic_regression_emotion_original_speaker_independent_rfecv,03-01-07-01-01-01-01,1,disgust,surprised,egemaps,speaker_independent,emotion_original,logistic_regression,rfecv,,
egemaps_logistic_regression_emotion_original_speaker_independent_rfecv,03-01-07-01-01-01-03,1,disgust,angry,egemaps,speaker_independent,emotion_original,logistic_regression,rfecv,,
egemaps_logistic_regression_emotion_original_speaker_independent_rfecv,03-01-07-01-01-01-09,1,disgust,calm,egemaps,speaker_independent,emotion_original,logistic_regression,rfecv,,
egemaps_logistic_regression_emotion_original_speaker_independent_rfecv,03-01-07-01-01-01-15,1,disgust,happy,egemaps,speaker_independent,emotion_original,logistic_regression,rfecv,,
egemaps_logistic_regression_emotion_original_speaker_independent_rfecv,03-01-07-01-01-02-01,1,disgust,surprised,egemaps,speaker_independent,emotion_original,logistic_regression,rfecv,,
egemaps_logistic_regression_emotion_original_speaker_independent_rfecv,03-01-07-01-01-02-03,1,disgust,disgust,egemaps,speaker_independent,emotion_original,logistic_regression,rfecv,,
egemaps_logistic_regression_emotion_original_speaker_independent_rfecv,03-01-07-01-01-02-09,1,disgust,calm,egemaps,speaker_independent,emotion_original,logistic_regression,rfecv,,
egemaps_logistic_regression_emotion_original_speaker_independent_rfecv,03-01-07-01-01-02-15,1,disgust,happy,egemaps,speaker_independent,emotion_original,logistic_regression,rfecv,,
egemaps_logistic_regression_emotion_original_speaker_independent_rfecv,03-01-07-01-02-01-09,1,disgust,calm,egemaps,speaker_independent,emotion_original,logistic_regression,rfecv,,
egemaps_logistic_regression_emotion_original_speaker_independent_rfecv,03-01-07-01-02-01-15,1,disgust,happy,egemaps,speaker_independent,emotion_original,logistic_regression,rfecv,,
egemaps_logistic_regression_emotion_original_speaker_independent_rfecv,03-01-07-01-02-02-09,1,disgust,calm,egemaps,speaker_independent,emotion_original,logistic_regression,rfecv,,
egemaps_logistic_regression_emotion_original_speaker_independent_rfecv,03-01-07-01-02-02-15,1,disgust,disgust,egemaps,speaker_independent,emotion_original,logistic_regression,rfecv,,
egemaps_logistic_regression_emotion_original_speaker_independent_rfecv,03-01-07-02-01-01-01,1,disgust,disgust,egemaps,speaker_independent,emotion_original,logistic_regression,rfecv,,
egemaps_logistic_regression_emotion_original_speaker_independent_rfecv,03-01-07-02-01-01-03,1,disgust,angry,egemaps,speaker_independent,emotion_original,logistic_regression,rfecv,,
egemaps_logistic_regression_emotion_original_speaker_independent_rfecv,03-01-07-02-01-01-09,1,disgust,calm,egemaps,speaker_independent,emotion_original,logistic_regression,rfecv,,
egemaps_logistic_regression_emotion_original_speaker_independent_rfecv,03-01-07-02-01-01-15,1,disgust,happy,egemaps,speaker_independent,emotion_original,logistic_regression,rfecv,,
egemaps_logistic_regression_emotion_original_speaker_independent_rfecv,03-01-07-02-01-02-01,1,disgust,surprised,egemaps,speaker_independent,emotion_original,logistic_regression,rfecv,,
egemaps_logistic_regression_emotion_original_speaker_independent_rfecv,03-01-07-02-01-02-03,1,disgust,disgust,egemaps,speaker_independent,emotion_original,logistic_regression,rfecv,,
egemaps_logistic_regression_emotion_original_speaker_independent_rfecv,03-01-07-02-01-02-09,1,disgust,calm,egemaps,speaker_independent,emotion_original,logistic_regression,rfecv,,
egemaps_logistic_regression_emotion_original_speaker_independent_rfecv,03-01-07-02-01-02-15,1,disgust,happy,egemaps,speaker_independent,emotion_original,logistic_regression,rfecv,,
egemaps_logistic_regression_emotion_original_speaker_independent_rfecv,03-01-07-02-02-01-01,1,disgust,disgust,egemaps,speaker_independent,emotion_original,logistic_regression,rfecv,,
egemaps_logistic_regression_emotion_original_speaker_independent_rfecv,03-01-07-02-02-01-03,1,disgust,angry,egemaps,speaker_independent,emotion_original,logistic_regression,rfecv,,
egemaps_logistic_regression_emotion_original_speaker_independent_rfecv,03-01-07-02-02-01-09,1,disgust,disgust,egemaps,speaker_independent,emotion_original,logistic_regression,rfecv,,
egemaps_logistic_regression_emotion_original_speaker_independent_rfecv,03-01-07-02-02-01-15,1,disgust,happy,egemaps,speaker_independent,emotion_original,logistic_regression,rfecv,,
egemaps_logistic_regression_emotion_original_speaker_independent_rfecv,03-01-07-02-02-02-01,1,disgust,surprised,egemaps,speaker_independent,emotion_original,logistic_regression,rfecv,,
egemaps_logistic_regression_emotion_original_speaker_independent_rfecv,03-01-07-02-02-02-03,1,disgust,angry,egemaps,speaker_independent,emotion_original,logistic_regression,rfecv,,
egemaps_logistic_regression_emotion_original_speaker_independent_rfecv,03-01-07-02-02-02-09,1,disgust,calm,egemaps,speaker_independent,emotion_original,logistic_regression,rfecv,,
egemaps_logistic_regression_emotion_original_speaker_independent_rfecv,03-01-07-02-02-02-15,1,disgust,happy,egemaps,speaker_independent,emotion_original,logistic_regression,rfecv,,
egemaps_logistic_regression_emotion_original_speaker_independent_rfecv,03-01-08-01-01-01-01,1,surprised,surprised,egemaps,speaker_independent,emotion_original,logistic_regression,rfecv,,
egemaps_logistic_regression_emotion_original_speaker_independent_rfecv,03-01-08-01-01-01-03,1,surprised,surprised,egemaps,speaker_independent,emotion_original,logistic_regression,rfecv,,
egemaps_logistic_regression_emotion_original_speaker_independent_rfecv,03-01-08-01-01-01-09,1,surprised,calm,egemaps,speaker_independent,emotion_original,logistic_regression,rfecv,,
egemaps_logistic_regression_emotion_original_speaker_independent_rfecv,03-01-08-01-01-01-15,1,surprised,happy,egemaps,speaker_independent,emotion_original,logistic_regression,rfecv,,
egemaps_logistic_regression_emotion_original_speaker_independent_rfecv,03-01-08-01-01-02-01,1,surprised,angry,egemaps,speaker_independent,emotion_original,logistic_regression,rfecv,,
egemaps_logistic_regression_emotion_original_speaker_independent_rfecv,03-01-08-01-01-02-03,1,surprised,happy,egemaps,speaker_independent,emotion_original,logistic_regression,rfecv,,
egemaps_logistic_regression_emotion_original_speaker_independent_rfecv,03-01-08-01-01-02-09,1,surprised,calm,egemaps,speaker_independent,emotion_original,logistic_regression,rfecv,,
egemaps_logistic_regression_emotion_original_speaker_independent_rfecv,03-01-08-01-01-02-15,1,surprised,happy,egemaps,speaker_independent,emotion_original,logistic_regression,rfecv,,
egemaps_logistic_regression_emotion_original_speaker_independent_rfecv,03-01-08-01-02-01-01,1,surprised,angry,egemaps,speaker_independent,emotion_original,logistic_regression,rfecv,,
egemaps_logistic_regression_emotion_original_speaker_independent_rfecv,03-01-08-01-02-01-03,1,surprised,fearful,egemaps,speaker_independent,emotion_original,logistic_regression,rfecv,,
egemaps_logistic_regression_emotion_original_speaker_independent_rfecv,03-01-08-01-02-01-09,1,surprised,sad,egemaps,speaker_independent,emotion_original,logistic_regression,rfecv,,
egemaps_logistic_regression_emotion_original_speaker_independent_rfecv,03-01-08-01-02-02-01,1,surprised,angry,egemaps,speaker_independent,emotion_original,logistic_regression,rfecv,,
egemaps_logistic_regression_emotion_original_speaker_independent_rfecv,03-01-08-01-02-02-03,1,surprised,happy,egemaps,speaker_independent,emotion_original,logistic_regression,rfecv,,
egemaps_logistic_regression_emotion_original_speaker_independent_rfecv,03-01-08-01-02-02-09,1,surprised,calm,egemaps,speaker_independent,emotion_original,logistic_regression,rfecv,,
egemaps_logistic_regression_emotion_original_speaker_independent_rfecv,03-01-08-02-01-01-01,1,surprised,angry,egemaps,speaker_independent,emotion_original,logistic_regression,rfecv,,
egemaps_logistic_regression_emotion_original_speaker_independent_rfecv,03-01-08-02-01-01-03,1,surprised,angry,egemaps,speaker_independent,emotion_original,logistic_regression,rfecv,,
egemaps_logistic_regression_emotion_original_speaker_independent_rfecv,03-01-08-02-01-01-09,1,surprised,surprised,egemaps,speaker_independent,emotion_original,logistic_regression,rfecv,,
egemaps_logistic_regression_emotion_original_speaker_independent_rfecv,03-01-08-02-01-01-15,1,surprised,happy,egemaps,speaker_independent,emotion_original,logistic_regression,rfecv,,
egemaps_logistic_regression_emotion_original_speaker_independent_rfecv,03-01-08-02-01-02-01,1,surprised,angry,egemaps,speaker_independent,emotion_original,logistic_regression,rfecv,,
egemaps_logistic_regression_emotion_original_speaker_independent_rfecv,03-01-08-02-01-02-03,1,surprised,angry,egemaps,speaker_independent,emotion_original,logistic_regression,rfecv,,
egemaps_logistic_regression_emotion_original_speaker_independent_rfecv,03-01-08-02-01-02-09,1,surprised,sad,egemaps,speaker_independent,emotion_original,logistic_regression,rfecv,,
egemaps_logistic_regression_emotion_original_speaker_independent_rfecv,03-01-08-02-01-02-15,1,surprised,happy,egemaps,speaker_independent,emotion_original,logistic_regression,rfecv,,
egemaps_logistic_regression_emotion_original_speaker_independent_rfecv,03-01-08-02-02-01-15,1,surprised,happy,egemaps,speaker_independent,emotion_original,logistic_regression,rfecv,,
egemaps_logistic_regression_emotion_original_speaker_independent_rfecv,03-01-08-02-02-02-15,1,surprised,happy,egemaps,speaker_independent,emotion_original,logistic_regression,rfecv,,
egemaps_logistic_regression_emotion_original_speaker_independent_rfecv,03-01-01-01-01-01-07,2,neutral,calm,egemaps,speaker_independent,emotion_original,logistic_regression,rfecv,,
egemaps_logistic_regression_emotion_original_speaker_independent_rfecv,03-01-01-01-01-01-10,2,neutral,happy,egemaps,speaker_independent,emotion_original,logistic_regression,rfecv,,
egemaps_logistic_regression_emotion_original_speaker_independent_rfecv,03-01-01-01-01-01-12,2,neutral,neutral,egemaps,speaker_independent,emotion_original,logistic_regression,rfecv,,
egemaps_logistic_regression_emotion_original_speaker_independent_rfecv,03-01-01-01-01-01-17,2,neutral,disgust,egemaps,speaker_independent,emotion_original,logistic_regression,rfecv,,
egemaps_logistic_regression_emotion_original_speaker_independent_rfecv,03-01-01-01-01-02-07,2,neutral,calm,egemaps,speaker_independent,emotion_original,logistic_regression,rfecv,,
egemaps_logistic_regression_emotion_original_speaker_independent_rfecv,03-01-01-01-01-02-10,2,neutral,sad,egemaps,speaker_independent,emotion_original,logistic_regression,rfecv,,
egemaps_logistic_regression_emotion_original_speaker_independent_rfecv,03-01-01-01-01-02-12,2,neutral,happy,egemaps,speaker_independent,emotion_original,logistic_regression,rfecv,,
egemaps_logistic_regression_emotion_original_speaker_independent_rfecv,03-01-01-01-01-02-17,2,neutral,happy,egemaps,speaker_independent,emotion_original,logistic_regression,rfecv,,
egemaps_logistic_regression_emotion_original_speaker_independent_rfecv,03-01-01-01-02-01-07,2,neutral,calm,egemaps,speaker_independent,emotion_original,logistic_regression,rfecv,,
egemaps_logistic_regression_emotion_original_speaker_independent_rfecv,03-01-01-01-02-02-07,2,neutral,calm,egemaps,speaker_independent,emotion_original,logistic_regression,rfecv,,
egemaps_logistic_regression_emotion_original_speaker_independent_rfecv,03-01-02-01-01-01-07,2,calm,calm,egemaps,speaker_independent,emotion_original,logistic_regression,rfecv,,
egemaps_logistic_regression_emotion_original_speaker_independent_rfecv,03-01-02-01-01-01-10,2,calm,happy,egemaps,speaker_independent,emotion_original,logistic_regression,rfecv,,
egemaps_logistic_regression_emotion_original_speaker_independent_rfecv,03-01-02-01-01-01-12,2,calm,calm,egemaps,speaker_independent,emotion_original,logistic_regression,rfecv,,
egemaps_logistic_regression_emotion_original_speaker_independent_rfecv,03-01-02-01-01-01-17,2,calm,happy,egemaps,speaker_independent,emotion_original,logistic_regression,rfecv,,
egemaps_logistic_regression_emotion_original_speaker_independent_rfecv,03-01-02-01-01-02-07,2,calm,calm,egemaps,speaker_independent,emotion_original,logistic_regression,rfecv,,
egemaps_logistic_regression_emotion_original_speaker_independent_rfecv,03-01-02-01-01-02-10,2,calm,fearful,egemaps,speaker_independent,emotion_original,logistic_regression,rfecv,,
egemaps_logistic_regression_emotion_original_speaker_independent_rfecv,03-01-02-01-01-02-12,2,calm,calm,egemaps,speaker_independent,emotion_original,logistic_regression,rfecv,,
egemaps_logistic_regression_emotion_original_speaker_independent_rfecv,03-01-02-01-01-02-17,2,calm,happy,egemaps,speaker_independent,emotion_original,logistic_regression,rfecv,,
egemaps_logistic_regression_emotion_original_speaker_independent_rfecv,03-01-02-01-02-01-07,2,calm,neutral,egemaps,speaker_independent,emotion_original,logistic_regression,rfecv,,
egemaps_logistic_regression_emotion_original_speaker_independent_rfecv,03-01-02-01-02-01-10,2,calm,happy,egemaps,speaker_independent,emotion_original,logistic_regression,rfecv,,
egemaps_logistic_regression_emotion_original_speaker_independent_rfecv,03-01-02-01-02-01-17,2,calm,calm,egemaps,speaker_independent,emotion_original,logistic_regression,rfecv,,
egemaps_logistic_regression_emotion_original_speaker_independent_rfecv,03-01-02-01-02-02-07,2,calm,neutral,egemaps,speaker_independent,emotion_original,logistic_regression,rfecv,,
egemaps_logistic_regression_emotion_original_speaker_independent_rfecv,03-01-02-01-02-02-10,2,calm,happy,egemaps,speaker_independent,emotion_original,logistic_regression,rfecv,,
egemaps_logistic_regression_emotion_original_speaker_independent_rfecv,03-01-02-01-02-02-17,2,calm,happy,egemaps,speaker_independent,emotion_original,logistic_regression,rfecv,,
egemaps_logistic_regression_emotion_original_speaker_independent_rfecv,03-01-02-02-01-01-07,2,calm,calm,egemaps,speaker_independent,emotion_original,logistic_regression,rfecv,,
egemaps_logistic_regression_emotion_original_speaker_independent_rfecv,03-01-02-02-01-01-10,2,calm,happy,egemaps,speaker_independent,emotion_original,logistic_regression,rfecv,,
egemaps_logistic_regression_emotion_original_speaker_independent_rfecv,03-01-02-02-01-01-12,2,calm,calm,egemaps,speaker_independent,emotion_original,logistic_regression,rfecv,,
egemaps_logistic_regression_emotion_original_speaker_independent_rfecv,03-01-02-02-01-02-07,2,calm,calm,egemaps,speaker_independent,emotion_original,logistic_regression,rfecv,,
egemaps_logistic_regression_emotion_original_speaker_independent_rfecv,03-01-02-02-01-02-10,2,calm,sad,egemaps,speaker_independent,emotion_original,logistic_regression,rfecv,,
egemaps_logistic_regression_emotion_original_speaker_independent_rfecv,03-01-02-02-01-02-12,2,calm,calm,egemaps,speaker_independent,emotion_original,logistic_regression,rfecv,,
egemaps_logistic_regression_emotion_original_speaker_independent_rfecv,03-01-02-02-02-01-07,2,calm,calm,egemaps,speaker_independent,emotion_original,logistic_regression,rfecv,,
egemaps_logistic_regression_emotion_original_speaker_independent_rfecv,03-01-02-02-02-01-10,2,calm,happy,egemaps,speaker_independent,emotion_original,logistic_regression,rfecv,,
egemaps_logistic_regression_emotion_original_speaker_independent_rfecv,03-01-02-02-02-01-12,2,calm,calm,egemaps,speaker_independent,emotion_original,logistic_regression,rfecv,,
egemaps_logistic_regression_emotion_original_speaker_independent_rfecv,03-01-02-02-02-01-17,2,calm,calm,egemaps,speaker_independent,emotion_original,logistic_regression,rfecv,,
egemaps_logistic_regression_emotion_original_speaker_independent_rfecv,03-01-02-02-02-02-07,2,calm,calm,egemaps,speaker_independent,emotion_original,logistic_regression,rfecv,,
egemaps_logistic_regression_emotion_original_speaker_independent_rfecv,03-01-02-02-02-02-10,2,calm,sad,egemaps,speaker_independent,emotion_original,logistic_regression,rfecv,,
egemaps_logistic_regression_emotion_original_speaker_independent_rfecv,03-01-02-02-02-02-12,2,calm,calm,egemaps,speaker_independent,emotion_original,logistic_regression,rfecv,,
egemaps_logistic_regression_emotion_original_speaker_independent_rfecv,03-01-02-02-02-02-17,2,calm,calm,egemaps,speaker_independent,emotion_original,logistic_regression,rfecv,,
egemaps_logistic_regression_emotion_original_speaker_independent_rfecv,03-01-03-01-01-01-10,2,happy,happy,egemaps,speaker_independent,emotion_original,logistic_regression,rfecv,,
egemaps_logistic_regression_emotion_original_speaker_independent_rfecv,03-01-03-01-01-01-17,2,happy,surprised,egemaps,speaker_independent,emotion_original,logistic_regression,rfecv,,
egemaps_logistic_regression_emotion_original_speaker_independent_rfecv,03-01-03-01-01-02-10,2,happy,fearful,egemaps,speaker_independent,emotion_original,logistic_regression,rfecv,,
egemaps_logistic_regression_emotion_original_speaker_independent_rfecv,03-01-03-01-01-02-17,2,happy,happy,egemaps,speaker_independent,emotion_original,logistic_regression,rfecv,,
egemaps_logistic_regression_emotion_original_speaker_independent_rfecv,03-01-03-01-02-01-07,2,happy,sad,egemaps,speaker_independent,emotion_original,logistic_regression,rfecv,,
egemaps_logistic_regression_emotion_original_speaker_independent_rfecv,03-01-03-01-02-01-10,2,happy,fearful,egemaps,speaker_independent,emotion_original,logistic_regression,rfecv,,
egemaps_logistic_regression_emotion_original_speaker_independent_rfecv,03-01-03-01-02-01-12,2,happy,happy,egemaps,speaker_independent,emotion_original,logistic_regression,rfecv,,
egemaps_logistic_regression_emotion_original_speaker_independent_rfecv,03-01-03-01-02-01-17,2,happy,happy,egemaps,speaker_independent,emotion_original,logistic_regression,rfecv,,
egemaps_logistic_regression_emotion_original_speaker_independent_rfecv,03-01-03-01-02-02-07,2,happy,sad,egemaps,speaker_independent,emotion_original,logistic_regression,rfecv,,
egemaps_logistic_regression_emotion_original_speaker_independent_rfecv,03-01-03-01-02-02-10,2,happy,happy,egemaps,speaker_independent,emotion_original,logistic_regression,rfecv,,
egemaps_logistic_regression_emotion_original_speaker_independent_rfecv,03-01-03-01-02-02-12,2,happy,happy,egemaps,speaker_independent,emotion_original,logistic_regression,rfecv,,
egemaps_logistic_regression_emotion_original_speaker_independent_rfecv,03-01-03-01-02-02-17,2,happy,fearful,egemaps,speaker_independent,emotion_original,logistic_regression,rfecv,,
egemaps_logistic_regression_emotion_original_speaker_independent_rfecv,03-01-03-02-01-01-07,2,happy,happy,egemaps,speaker_independent,emotion_original,logistic_regression,rfecv,,
egemaps_logistic_regression_emotion_original_speaker_independent_rfecv,03-01-03-02-01-01-12,2,happy,happy,egemaps,speaker_independent,emotion_original,logistic_regression,rfecv,,
egemaps_logistic_regression_emotion_original_speaker_independent_rfecv,03-01-03-02-01-01-17,2,happy,fearful,egemaps,speaker_independent,emotion_original,logistic_regression,rfecv,,
egemaps_logistic_regression_emotion_original_speaker_independent_rfecv,03-01-03-02-01-02-07,2,happy,fearful,egemaps,speaker_independent,emotion_original,logistic_regression,rfecv,,
egemaps_logistic_regression_emotion_original_speaker_independent_rfecv,03-01-03-02-01-02-12,2,happy,happy,egemaps,speaker_independent,emotion_original,logistic_regression,rfecv,,
egemaps_logistic_regression_emotion_original_speaker_independent_rfecv,03-01-03-02-01-02-17,2,happy,fearful,egemaps,speaker_independent,emotion_original,logistic_regression,rfecv,,
egemaps_logistic_regression_emotion_original_speaker_independent_rfecv,03-01-03-02-02-01-07,2,happy,happy,egemaps,speaker_independent,emotion_original,logistic_regression,rfecv,,
egemaps_logistic_regression_emotion_original_speaker_independent_rfecv,03-01-03-02-02-01-10,2,happy,fearful,egemaps,speaker_independent,emotion_original,logistic_regression,rfecv,,
egemaps_logistic_regression_emotion_original_speaker_independent_rfecv,03-01-03-02-02-01-12,2,happy,happy,egemaps,speaker_independent,emotion_original,logistic_regression,rfecv,,
egemaps_logistic_regression_emotion_original_speaker_independent_rfecv,03-01-03-02-02-01-17,2,happy,surprised,egemaps,speaker_independent,emotion_original,logistic_regression,rfecv,,
egemaps_logistic_regression_emotion_original_speaker_independent_rfecv,03-01-03-02-02-02-07,2,happy,fearful,egemaps,speaker_independent,emotion_original,logistic_regression,rfecv,,
egemaps_logistic_regression_emotion_original_speaker_independent_rfecv,03-01-03-02-02-02-10,2,happy,fearful,egemaps,speaker_independent,emotion_original,logistic_regression,rfecv,,
egemaps_logistic_regression_emotion_original_speaker_independent_rfecv,03-01-03-02-02-02-12,2,happy,happy,egemaps,speaker_independent,emotion_original,logistic_regression,rfecv,,
egemaps_logistic_regression_emotion_original_speaker_independent_rfecv,03-01-03-02-02-02-17,2,happy,happy,egemaps,speaker_independent,emotion_original,logistic_regression,rfecv,,
egemaps_logistic_regression_emotion_original_speaker_independent_rfecv,03-01-04-01-01-01-10,2,sad,sad,egemaps,speaker_independent,emotion_original,logistic_regression,rfecv,,
egemaps_logistic_regression_emotion_original_speaker_independent_rfecv,03-01-04-01-01-01-12,2,sad,happy,egemaps,speaker_independent,emotion_original,logistic_regression,rfecv,,
egemaps_logistic_regression_emotion_original_speaker_independent_rfecv,03-01-04-01-01-01-17,2,sad,angry,egemaps,speaker_independent,emotion_original,logistic_regression,rfecv,,
egemaps_logistic_regression_emotion_original_speaker_independent_rfecv,03-01-04-01-01-02-10,2,sad,sad,egemaps,speaker_independent,emotion_original,logistic_regression,rfecv,,
egemaps_logistic_regression_emotion_original_speaker_independent_rfecv,03-01-04-01-01-02-12,2,sad,sad,egemaps,speaker_independent,emotion_original,logistic_regression,rfecv,,
egemaps_logistic_regression_emotion_original_speaker_independent_rfecv,03-01-04-01-01-02-17,2,sad,disgust,egemaps,speaker_independent,emotion_original,logistic_regression,rfecv,,
egemaps_logistic_regression_emotion_original_speaker_independent_rfecv,03-01-04-01-02-01-07,2,sad,neutral,egemaps,speaker_independent,emotion_original,logistic_regression,rfecv,,
egemaps_logistic_regression_emotion_original_speaker_independent_rfecv,03-01-04-01-02-01-10,2,sad,sad,egemaps,speaker_independent,emotion_original,logistic_regression,rfecv,,
egemaps_logistic_regression_emotion_original_speaker_independent_rfecv,03-01-04-01-02-01-12,2,sad,happy,egemaps,speaker_independent,emotion_original,logistic_regression,rfecv,,
egemaps_logistic_regression_emotion_original_speaker_independent_rfecv,03-01-04-01-02-01-17,2,sad,calm,egemaps,speaker_independent,emotion_original,logistic_regression,rfecv,,
egemaps_logistic_regression_emotion_original_speaker_independent_rfecv,03-01-04-01-02-02-07,2,sad,happy,egemaps,speaker_independent,emotion_original,logistic_regression,rfecv,,
egemaps_logistic_regression_emotion_original_speaker_independent_rfecv,03-01-04-01-02-02-10,2,sad,sad,egemaps,speaker_independent,emotion_original,logistic_regression,rfecv,,
egemaps_logistic_regression_emotion_original_speaker_independent_rfecv,03-01-04-01-02-02-12,2,sad,sad,egemaps,speaker_independent,emotion_original,logistic_regression,rfecv,,
egemaps_logistic_regression_emotion_original_speaker_independent_rfecv,03-01-04-01-02-02-17,2,sad,angry,egemaps,speaker_independent,emotion_original,logistic_regression,rfecv,,
egemaps_logistic_regression_emotion_original_speaker_independent_rfecv,03-01-04-02-01-01-07,2,sad,sad,egemaps,speaker_independent,emotion_original,logistic_regression,rfecv,,
egemaps_logistic_regression_emotion_original_speaker_independent_rfecv,03-01-04-02-01-01-10,2,sad,fearful,egemaps,speaker_independent,emotion_original,logistic_regression,rfecv,,
egemaps_logistic_regression_emotion_original_speaker_independent_rfecv,03-01-04-02-01-01-12,2,sad,happy,egemaps,speaker_independent,emotion_original,logistic_regression,rfecv,,
egemaps_logistic_regression_emotion_original_speaker_independent_rfecv,03-01-04-02-01-01-17,2,sad,fearful,egemaps,speaker_independent,emotion_original,logistic_regression,rfecv,,
egemaps_logistic_regression_emotion_original_speaker_independent_rfecv,03-01-04-02-01-02-07,2,sad,sad,egemaps,speaker_independent,emotion_original,logistic_regression,rfecv,,
egemaps_logistic_regression_emotion_original_speaker_independent_rfecv,03-01-04-02-01-02-10,2,sad,fearful,egemaps,speaker_independent,emotion_original,logistic_regression,rfecv,,
egemaps_logistic_regression_emotion_original_speaker_independent_rfecv,03-01-04-02-01-02-12,2,sad,fearful,egemaps,speaker_independent,emotion_original,logistic_regression,rfecv,,
egemaps_logistic_regression_emotion_original_speaker_independent_rfecv,03-01-04-02-01-02-17,2,sad,disgust,egemaps,speaker_independent,emotion_original,logistic_regression,rfecv,,
egemaps_logistic_regression_emotion_original_speaker_independent_rfecv,03-01-04-02-02-01-07,2,sad,sad,egemaps,speaker_independent,emotion_original,logistic_regression,rfecv,,
egemaps_logistic_regression_emotion_original_speaker_independent_rfecv,03-01-04-02-02-01-12,2,sad,sad,egemaps,speaker_independent,emotion_original,logistic_regression,rfecv,,
egemaps_logistic_regression_emotion_original_speaker_independent_rfecv,03-01-04-02-02-02-07,2,sad,sad,egemaps,speaker_independent,emotion_original,logistic_regression,rfecv,,
egemaps_logistic_regression_emotion_original_speaker_independent_rfecv,03-01-04-02-02-02-12,2,sad,fearful,egemaps,speaker_independent,emotion_original,logistic_regression,rfecv,,
egemaps_logistic_regression_emotion_original_speaker_independent_rfecv,03-01-05-01-01-01-07,2,angry,happy,egemaps,speaker_independent,emotion_original,logistic_regression,rfecv,,
egemaps_logistic_regression_emotion_original_speaker_independent_rfecv,03-01-05-01-01-01-10,2,angry,fearful,egemaps,speaker_independent,emotion_original,logistic_regression,rfecv,,
egemaps_logistic_regression_emotion_original_speaker_independent_rfecv,03-01-05-01-01-01-12,2,angry,happy,egemaps,speaker_independent,emotion_original,logistic_regression,rfecv,,
egemaps_logistic_regression_emotion_original_speaker_independent_rfecv,03-01-05-01-01-01-17,2,angry,disgust,egemaps,speaker_independent,emotion_original,logistic_regression,rfecv,,
egemaps_logistic_regression_emotion_original_speaker_independent_rfecv,03-01-05-01-01-02-07,2,angry,angry,egemaps,speaker_independent,emotion_original,logistic_regression,rfecv,,
egemaps_logistic_regression_emotion_original_speaker_independent_rfecv,03-01-05-01-01-02-10,2,angry,angry,egemaps,speaker_independent,emotion_original,logistic_regression,rfecv,,
egemaps_logistic_regression_emotion_original_speaker_independent_rfecv,03-01-05-01-01-02-12,2,angry,angry,egemaps,speaker_independent,emotion_original,logistic_regression,rfecv,,
egemaps_logistic_regression_emotion_original_speaker_independent_rfecv,03-01-05-01-01-02-17,2,angry,disgust,egemaps,speaker_independent,emotion_original,logistic_regression,rfecv,,
egemaps_logistic_regression_emotion_original_speaker_independent_rfecv,03-01-05-01-02-01-07,2,angry,angry,egemaps,speaker_independent,emotion_original,logistic_regression,rfecv,,
egemaps_logistic_regression_emotion_original_speaker_independent_rfecv,03-01-05-01-02-01-10,2,angry,happy,egemaps,speaker_independent,emotion_original,logistic_regression,rfecv,,
egemaps_logistic_regression_emotion_original_speaker_independent_rfecv,03-01-05-01-02-01-12,2,angry,happy,egemaps,speaker_independent,emotion_original,logistic_regression,rfecv,,
egemaps_logistic_regression_emotion_original_speaker_independent_rfecv,03-01-05-01-02-01-17,2,angry,angry,egemaps,speaker_independent,emotion_original,logistic_regression,rfecv,,
egemaps_logistic_regression_emotion_original_speaker_independent_rfecv,03-01-05-01-02-02-07,2,angry,angry,egemaps,speaker_independent,emotion_original,logistic_regression,rfecv,,
egemaps_logistic_regression_emotion_original_speaker_independent_rfecv,03-01-05-01-02-02-10,2,angry,angry,egemaps,speaker_independent,emotion_original,logistic_regression,rfecv,,
egemaps_logistic_regression_emotion_original_speaker_independent_rfecv,03-01-05-01-02-02-12,2,angry,happy,egemaps,speaker_independent,emotion_original,logistic_regression,rfecv,,
egemaps_logistic_regression_emotion_original_speaker_independent_rfecv,03-01-05-01-02-02-17,2,angry,angry,egemaps,speaker_independent,emotion_original,logistic_regression,rfecv,,
egemaps_logistic_regression_emotion_original_speaker_independent_rfecv,03-01-05-02-01-01-12,2,angry,fearful,egemaps,speaker_independent,emotion_original,logistic_regression,rfecv,,
egemaps_logistic_regression_emotion_original_speaker_independent_rfecv,03-01-05-02-01-02-12,2,angry,fearful,egemaps,speaker_independent,emotion_original,logistic_regression,rfecv,,
egemaps_logistic_regression_emotion_original_speaker_independent_rfecv,03-01-05-02-02-01-07,2,angry,angry,egemaps,speaker_independent,emotion_original,logistic_regression,rfecv,,
egemaps_logistic_regression_emotion_original_speaker_independent_rfecv,03-01-05-02-02-01-10,2,angry,angry,egemaps,speaker_independent,emotion_original,logistic_regression,rfecv,,
egemaps_logistic_regression_emotion_original_speaker_independent_rfecv,03-01-05-02-02-01-12,2,angry,angry,egemaps,speaker_independent,emotion_original,logistic_regression,rfecv,,
egemaps_logistic_regression_emotion_original_speaker_independent_rfecv,03-01-05-02-02-01-17,2,angry,angry,egemaps,speaker_independent,emotion_original,logistic_regression,rfecv,,
egemaps_logistic_regression_emotion_original_speaker_independent_rfecv,03-01-05-02-02-02-07,2,angry,angry,egemaps,speaker_independent,emotion_original,logistic_regression,rfecv,,
egemaps_logistic_regression_emotion_original_speaker_independent_rfecv,03-01-05-02-02-02-10,2,angry,angry,egemaps,speaker_independent,emotion_original,logistic_regression,rfecv,,
egemaps_logistic_regression_emotion_original_speaker_independent_rfecv,03-01-05-02-02-02-12,2,angry,fearful,egemaps,speaker_independent,emotion_original,logistic_regression,rfecv,,
egemaps_logistic_regression_emotion_original_speaker_independent_rfecv,03-01-05-02-02-02-17,2,angry,angry,egemaps,speaker_independent,emotion_original,logistic_regression,rfecv,,
egemaps_logistic_regression_emotion_original_speaker_independent_rfecv,03-01-06-01-01-01-07,2,fearful,sad,egemaps,speaker_independent,emotion_original,logistic_regression,rfecv,,
egemaps_logistic_regression_emotion_original_speaker_independent_rfecv,03-01-06-01-01-01-10,2,fearful,fearful,egemaps,speaker_independent,emotion_original,logistic_regression,rfecv,,
egemaps_logistic_regression_emotion_original_speaker_independent_rfecv,03-01-06-01-01-01-12,2,fearful,surprised,egemaps,speaker_independent,emotion_original,logistic_regression,rfecv,,
egemaps_logistic_regression_emotion_original_speaker_independent_rfecv,03-01-06-01-01-02-07,2,fearful,sad,egemaps,speaker_independent,emotion_original,logistic_regression,rfecv,,
egemaps_logistic_regression_emotion_original_speaker_independent_rfecv,03-01-06-01-01-02-10,2,fearful,fearful,egemaps,speaker_independent,emotion_original,logistic_regression,rfecv,,
egemaps_logistic_regression_emotion_original_speaker_independent_rfecv,03-01-06-01-01-02-12,2,fearful,happy,egemaps,speaker_independent,emotion_original,logistic_regression,rfecv,,
egemaps_logistic_regression_emotion_original_speaker_independent_rfecv,03-01-06-01-02-01-07,2,fearful,happy,egemaps,speaker_independent,emotion_original,logistic_regression,rfecv,,
egemaps_logistic_regression_emotion_original_speaker_independent_rfecv,03-01-06-01-02-01-17,2,fearful,fearful,egemaps,speaker_independent,emotion_original,logistic_regression,rfecv,,
egemaps_logistic_regression_emotion_original_speaker_independent_rfecv,03-01-06-01-02-02-07,2,fearful,sad,egemaps,speaker_independent,emotion_original,logistic_regression,rfecv,,
egemaps_logistic_regression_emotion_original_speaker_independent_rfecv,03-01-06-01-02-02-17,2,fearful,fearful,egemaps,speaker_independent,emotion_original,logistic_regression,rfecv,,
egemaps_logistic_regression_emotion_original_speaker_independent_rfecv,03-01-06-02-01-01-07,2,fearful,happy,egemaps,speaker_independent,emotion_original,logistic_regression,rfecv,,
egemaps_logistic_regression_emotion_original_speaker_independent_rfecv,03-01-06-02-01-01-10,2,fearful,fearful,egemaps,speaker_independent,emotion_original,logistic_regression,rfecv,,
egemaps_logistic_regression_emotion_original_speaker_independent_rfecv,03-01-06-02-01-01-12,2,fearful,fearful,egemaps,speaker_independent,emotion_original,logistic_regression,rfecv,,
egemaps_logistic_regression_emotion_original_speaker_independent_rfecv,03-01-06-02-01-01-17,2,fearful,fearful,egemaps,speaker_independent,emotion_original,logistic_regression,rfecv,,
egemaps_logistic_regression_emotion_original_speaker_independent_rfecv,03-01-06-02-01-02-07,2,fearful,happy,egemaps,speaker_independent,emotion_original,logistic_regression,rfecv,,
egemaps_logistic_regression_emotion_original_speaker_independent_rfecv,03-01-06-02-01-02-10,2,fearful,fearful,egemaps,speaker_independent,emotion_original,logistic_regression,rfecv,,
egemaps_logistic_regression_emotion_original_speaker_independent_rfecv,03-01-06-02-01-02-12,2,fearful,fearful,egemaps,speaker_independent,emotion_original,logistic_regression,rfecv,,
egemaps_logistic_regression_emotion_original_speaker_independent_rfecv,03-01-06-02-01-02-17,2,fearful,fearful,egemaps,speaker_independent,emotion_original,logistic_regression,rfecv,,
egemaps_logistic_regression_emotion_original_speaker_independent_rfecv,03-01-06-02-02-01-07,2,fearful,angry,egemaps,speaker_independent,emotion_original,logistic_regression,rfecv,,
egemaps_logistic_regression_emotion_original_speaker_independent_rfecv,03-01-06-02-02-01-10,2,fearful,fearful,egemaps,speaker_independent,emotion_original,logistic_regression,rfecv,,
egemaps_logistic_regression_emotion_original_speaker_independent_rfecv,03-01-06-02-02-01-12,2,fearful,fearful,egemaps,speaker_independent,emotion_original,logistic_regression,rfecv,,
egemaps_logistic_regression_emotion_original_speaker_independent_rfecv,03-01-06-02-02-01-17,2,fearful,fearful,egemaps,speaker_independent,emotion_original,logistic_regression,rfecv,,
egemaps_logistic_regression_emotion_original_speaker_independent_rfecv,03-01-06-02-02-02-07,2,fearful,angry,egemaps,speaker_independent,emotion_original,logistic_regression,rfecv,,
egemaps_logistic_regression_emotion_original_speaker_independent_rfecv,03-01-06-02-02-02-10,2,fearful,happy,egemaps,speaker_independent,emotion_original,logistic_regression,rfecv,,
egemaps_logistic_regression_emotion_original_speaker_independent_rfecv,03-01-06-02-02-02-12,2,fearful,happy,egemaps,speaker_independent,emotion_original,logistic_regression,rfecv,,
egemaps_logistic_regression_emotion_original_speaker_independent_rfecv,03-01-06-02-02-02-17,2,fearful,fearful,egemaps,speaker_independent,emotion_original,logistic_regression,rfecv,,
egemaps_logistic_regression_emotion_original_speaker_independent_rfecv,03-01-07-01-01-01-10,2,disgust,happy,egemaps,speaker_independent,emotion_original,logistic_regression,rfecv,,
egemaps_logistic_regression_emotion_original_speaker_independent_rfecv,03-01-07-01-01-01-12,2,disgust,calm,egemaps,speaker_independent,emotion_original,logistic_regression,rfecv,,
egemaps_logistic_regression_emotion_original_speaker_independent_rfecv,03-01-07-01-01-01-17,2,disgust,angry,egemaps,speaker_independent,emotion_original,logistic_regression,rfecv,,
egemaps_logistic_regression_emotion_original_speaker_independent_rfecv,03-01-07-01-01-02-10,2,disgust,happy,egemaps,speaker_independent,emotion_original,logistic_regression,rfecv,,
egemaps_logistic_regression_emotion_original_speaker_independent_rfecv,03-01-07-01-01-02-12,2,disgust,happy,egemaps,speaker_independent,emotion_original,logistic_regression,rfecv,,
egemaps_logistic_regression_emotion_original_speaker_independent_rfecv,03-01-07-01-01-02-17,2,disgust,disgust,egemaps,speaker_independent,emotion_original,logistic_regression,rfecv,,
egemaps_logistic_regression_emotion_original_speaker_independent_rfecv,03-01-07-01-02-01-07,2,disgust,neutral,egemaps,speaker_independent,emotion_original,logistic_regression,rfecv,,
egemaps_logistic_regression_emotion_original_speaker_independent_rfecv,03-01-07-01-02-01-17,2,disgust,disgust,egemaps,speaker_independent,emotion_original,logistic_regression,rfecv,,
egemaps_logistic_regression_emotion_original_speaker_independent_rfecv,03-01-07-01-02-02-07,2,disgust,surprised,egemaps,speaker_independent,emotion_original,logistic_regression,rfecv,,
egemaps_logistic_regression_emotion_original_speaker_independent_rfecv,03-01-07-01-02-02-17,2,disgust,disgust,egemaps,speaker_independent,emotion_original,logistic_regression,rfecv,,
egemaps_logistic_regression_emotion_original_speaker_independent_rfecv,03-01-07-02-01-01-10,2,disgust,happy,egemaps,speaker_independent,emotion_original,logistic_regression,rfecv,,
egemaps_logistic_regression_emotion_original_speaker_independent_rfecv,03-01-07-02-01-01-12,2,disgust,calm,egemaps,speaker_independent,emotion_original,logistic_regression,rfecv,,
egemaps_logistic_regression_emotion_original_speaker_independent_rfecv,03-01-07-02-01-01-17,2,disgust,disgust,egemaps,speaker_independent,emotion_original,logistic_regression,rfecv,,
egemaps_logistic_regression_emotion_original_speaker_independent_rfecv,03-01-07-02-01-02-10,2,disgust,angry,egemaps,speaker_independent,emotion_original,logistic_regression,rfecv,,
egemaps_logistic_regression_emotion_original_speaker_independent_rfecv,03-01-07-02-01-02-12,2,disgust,happy,egemaps,speaker_independent,emotion_original,logistic_regression,rfecv,,
egemaps_logistic_regression_emotion_original_speaker_independent_rfecv,03-01-07-02-01-02-17,2,disgust,surprised,egemaps,speaker_independent,emotion_original,logistic_regression,rfecv,,
egemaps_logistic_regression_emotion_original_speaker_independent_rfecv,03-01-07-02-02-01-07,2,disgust,disgust,egemaps,speaker_independent,emotion_original,logistic_regression,rfecv,,
egemaps_logistic_regression_emotion_original_speaker_independent_rfecv,03-01-07-02-02-01-10,2,disgust,happy,egemaps,speaker_independent,emotion_original,logistic_regression,rfecv,,
egemaps_logistic_regression_emotion_original_speaker_independent_rfecv,03-01-07-02-02-01-12,2,disgust,disgust,egemaps,speaker_independent,emotion_original,logistic_regression,rfecv,,
egemaps_logistic_regression_emotion_original_speaker_independent_rfecv,03-01-07-02-02-01-17,2,disgust,disgust,egemaps,speaker_independent,emotion_original,logistic_regression,rfecv,,
egemaps_logistic_regression_emotion_original_speaker_independent_rfecv,03-01-07-02-02-02-07,2,disgust,disgust,egemaps,speaker_independent,emotion_original,logistic_regression,rfecv,,
egemaps_logistic_regression_emotion_original_speaker_independent_rfecv,03-01-07-02-02-02-10,2,disgust,happy,egemaps,speaker_independent,emotion_original,logistic_regression,rfecv,,
egemaps_logistic_regression_emotion_original_speaker_independent_rfecv,03-01-07-02-02-02-12,2,disgust,happy,egemaps,speaker_independent,emotion_original,logistic_regression,rfecv,,
egemaps_logistic_regression_emotion_original_speaker_independent_rfecv,03-01-07-02-02-02-17,2,disgust,disgust,egemaps,speaker_independent,emotion_original,logistic_regression,rfecv,,
egemaps_logistic_regression_emotion_original_speaker_independent_rfecv,03-01-08-01-01-01-07,2,surprised,surprised,egemaps,speaker_independent,emotion_original,logistic_regression,rfecv,,
egemaps_logistic_regression_emotion_original_speaker_independent_rfecv,03-01-08-01-01-01-12,2,surprised,happy,egemaps,speaker_independent,emotion_original,logistic_regression,rfecv,,
egemaps_logistic_regression_emotion_original_speaker_independent_rfecv,03-01-08-01-01-01-17,2,surprised,surprised,egemaps,speaker_independent,emotion_original,logistic_regression,rfecv,,
egemaps_logistic_regression_emotion_original_speaker_independent_rfecv,03-01-08-01-01-02-07,2,surprised,angry,egemaps,speaker_independent,emotion_original,logistic_regression,rfecv,,
egemaps_logistic_regression_emotion_original_speaker_independent_rfecv,03-01-08-01-01-02-12,2,surprised,surprised,egemaps,speaker_independent,emotion_original,logistic_regression,rfecv,,
egemaps_logistic_regression_emotion_original_speaker_independent_rfecv,03-01-08-01-01-02-17,2,surprised,surprised,egemaps,speaker_independent,emotion_original,logistic_regression,rfecv,,
egemaps_logistic_regression_emotion_original_speaker_independent_rfecv,03-01-08-01-02-01-07,2,surprised,neutral,egemaps,speaker_independent,emotion_original,logistic_regression,rfecv,,
egemaps_logistic_regression_emotion_original_speaker_independent_rfecv,03-01-08-01-02-01-10,2,surprised,fearful,egemaps,speaker_independent,emotion_original,logistic_regression,rfecv,,
egemaps_logistic_regression_emotion_original_speaker_independent_rfecv,03-01-08-01-02-01-12,2,surprised,happy,egemaps,speaker_independent,emotion_original,logistic_regression,rfecv,,
egemaps_logistic_regression_emotion_original_speaker_independent_rfecv,03-01-08-01-02-01-17,2,surprised,disgust,egemaps,speaker_independent,emotion_original,logistic_regression,rfecv,,
egemaps_logistic_regression_emotion_original_speaker_independent_rfecv,03-01-08-01-02-02-07,2,surprised,neutral,egemaps,speaker_independent,emotion_original,logistic_regression,rfecv,,
egemaps_logistic_regression_emotion_original_speaker_independent_rfecv,03-01-08-01-02-02-10,2,surprised,fearful,egemaps,speaker_independent,emotion_original,logistic_regression,rfecv,,
egemaps_logistic_regression_emotion_original_speaker_independent_rfecv,03-01-08-01-02-02-12,2,surprised,happy,egemaps,speaker_independent,emotion_original,logistic_regression,rfecv,,
egemaps_logistic_regression_emotion_original_speaker_independent_rfecv,03-01-08-01-02-02-17,2,surprised,surprised,egemaps,speaker_independent,emotion_original,logistic_regression,rfecv,,
egemaps_logistic_regression_emotion_original_speaker_independent_rfecv,03-01-08-02-01-01-07,2,surprised,surprised,egemaps,speaker_independent,emotion_original,logistic_regression,rfecv,,
egemaps_logistic_regression_emotion_original_speaker_independent_rfecv,03-01-08-02-01-01-10,2,surprised,fearful,egemaps,speaker_independent,emotion_original,logistic_regression,rfecv,,
egemaps_logistic_regression_emotion_original_speaker_independent_rfecv,03-01-08-02-01-01-12,2,surprised,surprised,egemaps,speaker_independent,emotion_original,logistic_regression,rfecv,,
egemaps_logistic_regression_emotion_original_speaker_independent_rfecv,03-01-08-02-01-02-07,2,surprised,disgust,egemaps,speaker_independent,emotion_original,logistic_regression,rfecv,,
egemaps_logistic_regression_emotion_original_speaker_independent_rfecv,03-01-08-02-01-02-10,2,surprised,fearful,egemaps,speaker_independent,emotion_original,logistic_regression,rfecv,,
egemaps_logistic_regression_emotion_original_speaker_independent_rfecv,03-01-08-02-01-02-12,2,surprised,happy,egemaps,speaker_independent,emotion_original,logistic_regression,rfecv,,
egemaps_logistic_regression_emotion_original_speaker_independent_rfecv,03-01-08-02-02-01-07,2,surprised,surprised,egemaps,speaker_independent,emotion_original,logistic_regression,rfecv,,
egemaps_logistic_regression_emotion_original_speaker_independent_rfecv,03-01-08-02-02-01-10,2,surprised,happy,egemaps,speaker_independent,emotion_original,logistic_regression,rfecv,,
egemaps_logistic_regression_emotion_original_speaker_independent_rfecv,03-01-08-02-02-01-17,2,surprised,surprised,egemaps,speaker_independent,emotion_original,logistic_regression,rfecv,,
egemaps_logistic_regression_emotion_original_speaker_independent_rfecv,03-01-08-02-02-02-07,2,surprised,happy,egemaps,speaker_independent,emotion_original,logistic_regression,rfecv,,
egemaps_logistic_regression_emotion_original_speaker_independent_rfecv,03-01-08-02-02-02-10,2,surprised,fearful,egemaps,speaker_independent,emotion_original,logistic_regression,rfecv,,
egemaps_logistic_regression_emotion_original_speaker_independent_rfecv,03-01-08-02-02-02-17,2,surprised,surprised,egemaps,speaker_independent,emotion_original,logistic_regression,rfecv,,
egemaps_logistic_regression_emotion_original_speaker_independent_rfecv,03-01-01-01-01-01-08,3,neutral,neutral,egemaps,speaker_independent,emotion_original,logistic_regression,rfecv,,
egemaps_logistic_regression_emotion_original_speaker_independent_rfecv,03-01-01-01-01-01-11,3,neutral,calm,egemaps,speaker_independent,emotion_original,logistic_regression,rfecv,,
egemaps_logistic_regression_emotion_original_speaker_independent_rfecv,03-01-01-01-01-01-20,3,neutral,neutral,egemaps,speaker_independent,emotion_original,logistic_regression,rfecv,,
egemaps_logistic_regression_emotion_original_speaker_independent_rfecv,03-01-01-01-01-02-08,3,neutral,neutral,egemaps,speaker_independent,emotion_original,logistic_regression,rfecv,,
egemaps_logistic_regression_emotion_original_speaker_independent_rfecv,03-01-01-01-01-02-11,3,neutral,fearful,egemaps,speaker_independent,emotion_original,logistic_regression,rfecv,,
egemaps_logistic_regression_emotion_original_speaker_independent_rfecv,03-01-01-01-01-02-20,3,neutral,neutral,egemaps,speaker_independent,emotion_original,logistic_regression,rfecv,,
egemaps_logistic_regression_emotion_original_speaker_independent_rfecv,03-01-01-01-02-01-08,3,neutral,neutral,egemaps,speaker_independent,emotion_original,logistic_regression,rfecv,,
egemaps_logistic_regression_emotion_original_speaker_independent_rfecv,03-01-01-01-02-01-11,3,neutral,calm,egemaps,speaker_independent,emotion_original,logistic_regression,rfecv,,
egemaps_logistic_regression_emotion_original_speaker_independent_rfecv,03-01-01-01-02-01-20,3,neutral,neutral,egemaps,speaker_independent,emotion_original,logistic_regression,rfecv,,
egemaps_logistic_regression_emotion_original_speaker_independent_rfecv,03-01-01-01-02-02-08,3,neutral,neutral,egemaps,speaker_independent,emotion_original,logistic_regression,rfecv,,
egemaps_logistic_regression_emotion_original_speaker_independent_rfecv,03-01-01-01-02-02-11,3,neutral,fearful,egemaps,speaker_independent,emotion_original,logistic_regression,rfecv,,
egemaps_logistic_regression_emotion_original_speaker_independent_rfecv,03-01-01-01-02-02-20,3,neutral,neutral,egemaps,speaker_independent,emotion_original,logistic_regression,rfecv,,
egemaps_logistic_regression_emotion_original_speaker_independent_rfecv,03-01-02-01-01-01-08,3,calm,sad,egemaps,speaker_independent,emotion_original,logistic_regression,rfecv,,
egemaps_logistic_regression_emotion_original_speaker_independent_rfecv,03-01-02-01-01-01-11,3,calm,fearful,egemaps,speaker_independent,emotion_original,logistic_regression,rfecv,,
egemaps_logistic_regression_emotion_original_speaker_independent_rfecv,03-01-02-01-01-01-20,3,calm,calm,egemaps,speaker_independent,emotion_original,logistic_regression,rfecv,,
egemaps_logistic_regression_emotion_original_speaker_independent_rfecv,03-01-02-01-01-02-08,3,calm,sad,egemaps,speaker_independent,emotion_original,logistic_regression,rfecv,,
egemaps_logistic_regression_emotion_original_speaker_independent_rfecv,03-01-02-01-01-02-11,3,calm,fearful,egemaps,speaker_independent,emotion_original,logistic_regression,rfecv,,
egemaps_logistic_regression_emotion_original_speaker_independent_rfecv,03-01-02-01-01-02-20,3,calm,calm,egemaps,speaker_independent,emotion_original,logistic_regression,rfecv,,
egemaps_logistic_regression_emotion_original_speaker_independent_rfecv,03-01-02-01-02-01-08,3,calm,calm,egemaps,speaker_independent,emotion_original,logistic_regression,rfecv,,
egemaps_logistic_regression_emotion_original_speaker_independent_rfecv,03-01-02-01-02-01-11,3,calm,neutral,egemaps,speaker_independent,emotion_original,logistic_regression,rfecv,,
egemaps_logistic_regression_emotion_original_speaker_independent_rfecv,03-01-02-01-02-01-20,3,calm,calm,egemaps,speaker_independent,emotion_original,logistic_regression,rfecv,,
egemaps_logistic_regression_emotion_original_speaker_independent_rfecv,03-01-02-01-02-02-08,3,calm,calm,egemaps,speaker_independent,emotion_original,logistic_regression,rfecv,,
egemaps_logistic_regression_emotion_original_speaker_independent_rfecv,03-01-02-01-02-02-11,3,calm,calm,egemaps,speaker_independent,emotion_original,logistic_regression,rfecv,,
egemaps_logistic_regression_emotion_original_speaker_independent_rfecv,03-01-02-01-02-02-20,3,calm,calm,egemaps,speaker_independent,emotion_original,logistic_regression,rfecv,,
egemaps_logistic_regression_emotion_original_speaker_independent_rfecv,03-01-02-02-01-01-08,3,calm,sad,egemaps,speaker_independent,emotion_original,logistic_regression,rfecv,,
egemaps_logistic_regression_emotion_original_speaker_independent_rfecv,03-01-02-02-01-01-11,3,calm,calm,egemaps,speaker_independent,emotion_original,logistic_regression,rfecv,,
egemaps_logistic_regression_emotion_original_speaker_independent_rfecv,03-01-02-02-01-01-20,3,calm,calm,egemaps,speaker_independent,emotion_original,logistic_regression,rfecv,,
egemaps_logistic_regression_emotion_original_speaker_independent_rfecv,03-01-02-02-01-02-08,3,calm,sad,egemaps,speaker_independent,emotion_original,logistic_regression,rfecv,,
egemaps_logistic_regression_emotion_original_speaker_independent_rfecv,03-01-02-02-01-02-11,3,calm,calm,egemaps,speaker_independent,emotion_original,logistic_regression,rfecv,,
egemaps_logistic_regression_emotion_original_speaker_independent_rfecv,03-01-02-02-01-02-20,3,calm,calm,egemaps,speaker_independent,emotion_original,logistic_regression,rfecv,,
egemaps_logistic_regression_emotion_original_speaker_independent_rfecv,03-01-02-02-02-01-08,3,calm,sad,egemaps,speaker_independent,emotion_original,logistic_regression,rfecv,,
egemaps_logistic_regression_emotion_original_speaker_independent_rfecv,03-01-02-02-02-01-20,3,calm,calm,egemaps,speaker_independent,emotion_original,logistic_regression,rfecv,,
egemaps_logistic_regression_emotion_original_speaker_independent_rfecv,03-01-02-02-02-02-08,3,calm,calm,egemaps,speaker_independent,emotion_original,logistic_regression,rfecv,,
egemaps_logistic_regression_emotion_original_speaker_independent_rfecv,03-01-02-02-02-02-20,3,calm,calm,egemaps,speaker_independent,emotion_original,logistic_regression,rfecv,,
egemaps_logistic_regression_emotion_original_speaker_independent_rfecv,03-01-03-01-01-01-08,3,happy,happy,egemaps,speaker_independent,emotion_original,logistic_regression,rfecv,,
egemaps_logistic_regression_emotion_original_speaker_independent_rfecv,03-01-03-01-01-01-20,3,happy,happy,egemaps,speaker_independent,emotion_original,logistic_regression,rfecv,,
egemaps_logistic_regression_emotion_original_speaker_independent_rfecv,03-01-03-01-01-02-08,3,happy,happy,egemaps,speaker_independent,emotion_original,logistic_regression,rfecv,,
egemaps_logistic_regression_emotion_original_speaker_independent_rfecv,03-01-03-01-01-02-20,3,happy,happy,egemaps,speaker_independent,emotion_original,logistic_regression,rfecv,,
egemaps_logistic_regression_emotion_original_speaker_independent_rfecv,03-01-03-01-02-01-08,3,happy,happy,egemaps,speaker_independent,emotion_original,logistic_regression,rfecv,,
egemaps_logistic_regression_emotion_original_speaker_independent_rfecv,03-01-03-01-02-01-11,3,happy,calm,egemaps,speaker_independent,emotion_original,logistic_regression,rfecv,,
egemaps_logistic_regression_emotion_original_speaker_independent_rfecv,03-01-03-01-02-01-20,3,happy,neutral,egemaps,speaker_independent,emotion_original,logistic_regression,rfecv,,
egemaps_logistic_regression_emotion_original_speaker_independent_rfecv,03-01-03-01-02-02-08,3,happy,happy,egemaps,speaker_independent,emotion_original,logistic_regression,rfecv,,
egemaps_logistic_regression_emotion_original_speaker_independent_rfecv,03-01-03-01-02-02-11,3,happy,neutral,egemaps,speaker_independent,emotion_original,logistic_regression,rfecv,,
egemaps_logistic_regression_emotion_original_speaker_independent_rfecv,03-01-03-01-02-02-20,3,happy,happy,egemaps,speaker_independent,emotion_original,logistic_regression,rfecv,,
egemaps_logistic_regression_emotion_original_speaker_independent_rfecv,03-01-03-02-01-01-08,3,happy,happy,egemaps,speaker_independent,emotion_original,logistic_regression,rfecv,,
egemaps_logistic_regression_emotion_original_speaker_independent_rfecv,03-01-03-02-01-01-11,3,happy,happy,egemaps,speaker_independent,emotion_original,logistic_regression,rfecv,,
egemaps_logistic_regression_emotion_original_speaker_independent_rfecv,03-01-03-02-01-02-08,3,happy,happy,egemaps,speaker_independent,emotion_original,logistic_regression,rfecv,,
egemaps_logistic_regression_emotion_original_speaker_independent_rfecv,03-01-03-02-01-02-11,3,happy,happy,egemaps,speaker_independent,emotion_original,logistic_regression,rfecv,,
egemaps_logistic_regression_emotion_original_speaker_independent_rfecv,03-01-03-02-02-01-11,3,happy,angry,egemaps,speaker_independent,emotion_original,logistic_regression,rfecv,,
egemaps_logistic_regression_emotion_original_speaker_independent_rfecv,03-01-03-02-02-01-20,3,happy,happy,egemaps,speaker_independent,emotion_original,logistic_regression,rfecv,,
egemaps_logistic_regression_emotion_original_speaker_independent_rfecv,03-01-03-02-02-02-11,3,happy,happy,egemaps,speaker_independent,emotion_original,logistic_regression,rfecv,,
egemaps_logistic_regression_emotion_original_speaker_independent_rfecv,03-01-03-02-02-02-20,3,happy,fearful,egemaps,speaker_independent,emotion_original,logistic_regression,rfecv,,
egemaps_logistic_regression_emotion_original_speaker_independent_rfecv,03-01-04-01-01-01-08,3,sad,sad,egemaps,speaker_independent,emotion_original,logistic_regression,rfecv,,
egemaps_logistic_regression_emotion_original_speaker_independent_rfecv,03-01-04-01-01-01-11,3,sad,fearful,egemaps,speaker_independent,emotion_original,logistic_regression,rfecv,,
egemaps_logistic_regression_emotion_original_speaker_independent_rfecv,03-01-04-01-01-02-08,3,sad,sad,egemaps,speaker_independent,emotion_original,logistic_regression,rfecv,,
egemaps_logistic_regression_emotion_original_speaker_independent_rfecv,03-01-04-01-01-02-11,3,sad,calm,egemaps,speaker_independent,emotion_original,logistic_regression,rfecv,,
egemaps_logistic_regression_emotion_original_speaker_independent_rfecv,03-01-04-01-02-01-08,3,sad,sad,egemaps,speaker_independent,emotion_original,logistic_regression,rfecv,,
egemaps_logistic_regression_emotion_original_speaker_independent_rfecv,03-01-04-01-02-01-11,3,sad,fearful,egemaps,speaker_independent,emotion_original,logistic_regression,rfecv,,
egemaps_logistic_regression_emotion_original_speaker_independent_rfecv,03-01-04-01-02-01-20,3,sad,fearful,egemaps,speaker_independent,emotion_original,logistic_regression,rfecv,,
egemaps_logistic_regression_emotion_original_speaker_independent_rfecv,03-01-04-01-02-02-08,3,sad,sad,egemaps,speaker_independent,emotion_original,logistic_regression,rfecv,,
egemaps_logistic_regression_emotion_original_speaker_independent_rfecv,03-01-04-01-02-02-11,3,sad,calm,egemaps,speaker_independent,emotion_original,logistic_regression,rfecv,,
egemaps_logistic_regression_emotion_original_speaker_independent_rfecv,03-01-04-01-02-02-20,3,sad,sad,egemaps,speaker_independent,emotion_original,logistic_regression,rfecv,,
egemaps_logistic_regression_emotion_original_speaker_independent_rfecv,03-01-04-02-01-01-08,3,sad,sad,egemaps,speaker_independent,emotion_original,logistic_regression,rfecv,,
egemaps_logistic_regression_emotion_original_speaker_independent_rfecv,03-01-04-02-01-01-20,3,sad,neutral,egemaps,speaker_independent,emotion_original,logistic_regression,rfecv,,
egemaps_logistic_regression_emotion_original_speaker_independent_rfecv,03-01-04-02-01-02-08,3,sad,sad,egemaps,speaker_independent,emotion_original,logistic_regression,rfecv,,
egemaps_logistic_regression_emotion_original_speaker_independent_rfecv,03-01-04-02-01-02-20,3,sad,sad,egemaps,speaker_independent,emotion_original,logistic_regression,rfecv,,
egemaps_logistic_regression_emotion_original_speaker_independent_rfecv,03-01-04-02-02-01-08,3,sad,sad,egemaps,speaker_independent,emotion_original,logistic_regression,rfecv,,
egemaps_logistic_regression_emotion_original_speaker_independent_rfecv,03-01-04-02-02-01-11,3,sad,fearful,egemaps,speaker_independent,emotion_original,logistic_regression,rfecv,,
egemaps_logistic_regression_emotion_original_speaker_independent_rfecv,03-01-04-02-02-01-20,3,sad,sad,egemaps,speaker_independent,emotion_original,logistic_regression,rfecv,,
egemaps_logistic_regression_emotion_original_speaker_independent_rfecv,03-01-04-02-02-02-08,3,sad,sad,egemaps,speaker_independent,emotion_original,logistic_regression,rfecv,,
egemaps_logistic_regression_emotion_original_speaker_independent_rfecv,03-01-04-02-02-02-11,3,sad,disgust,egemaps,speaker_independent,emotion_original,logistic_regression,rfecv,,
egemaps_logistic_regression_emotion_original_speaker_independent_rfecv,03-01-04-02-02-02-20,3,sad,sad,egemaps,speaker_independent,emotion_original,logistic_regression,rfecv,,
egemaps_logistic_regression_emotion_original_speaker_independent_rfecv,03-01-05-01-01-01-08,3,angry,surprised,egemaps,speaker_independent,emotion_original,logistic_regression,rfecv,,
egemaps_logistic_regression_emotion_original_speaker_independent_rfecv,03-01-05-01-01-01-11,3,angry,angry,egemaps,speaker_independent,emotion_original,logistic_regression,rfecv,,
egemaps_logistic_regression_emotion_original_speaker_independent_rfecv,03-01-05-01-01-01-20,3,angry,neutral,egemaps,speaker_independent,emotion_original,logistic_regression,rfecv,,
egemaps_logistic_regression_emotion_original_speaker_independent_rfecv,03-01-05-01-01-02-08,3,angry,fearful,egemaps,speaker_independent,emotion_original,logistic_regression,rfecv,,
egemaps_logistic_regression_emotion_original_speaker_independent_rfecv,03-01-05-01-01-02-11,3,angry,surprised,egemaps,speaker_independent,emotion_original,logistic_regression,rfecv,,
egemaps_logistic_regression_emotion_original_speaker_independent_rfecv,03-01-05-01-01-02-20,3,angry,disgust,egemaps,speaker_independent,emotion_original,logistic_regression,rfecv,,
egemaps_logistic_regression_emotion_original_speaker_independent_rfecv,03-01-05-01-02-01-11,3,angry,angry,egemaps,speaker_independent,emotion_original,logistic_regression,rfecv,,
egemaps_logistic_regression_emotion_original_speaker_independent_rfecv,03-01-05-01-02-01-20,3,angry,angry,egemaps,speaker_independent,emotion_original,logistic_regression,rfecv,,
egemaps_logistic_regression_emotion_original_speaker_independent_rfecv,03-01-05-01-02-02-11,3,angry,angry,egemaps,speaker_independent,emotion_original,logistic_regression,rfecv,,
egemaps_logistic_regression_emotion_original_speaker_independent_rfecv,03-01-05-01-02-02-20,3,angry,disgust,egemaps,speaker_independent,emotion_original,logistic_regression,rfecv,,
egemaps_logistic_regression_emotion_original_speaker_independent_rfecv,03-01-05-02-01-01-11,3,angry,fearful,egemaps,speaker_independent,emotion_original,logistic_regression,rfecv,,
egemaps_logistic_regression_emotion_original_speaker_independent_rfecv,03-01-05-02-01-02-11,3,angry,angry,egemaps,speaker_independent,emotion_original,logistic_regression,rfecv,,
egemaps_logistic_regression_emotion_original_speaker_independent_rfecv,03-01-05-02-02-01-08,3,angry,angry,egemaps,speaker_independent,emotion_original,logistic_regression,rfecv,,
egemaps_logistic_regression_emotion_original_speaker_independent_rfecv,03-01-05-02-02-01-11,3,angry,angry,egemaps,speaker_independent,emotion_original,logistic_regression,rfecv,,
egemaps_logistic_regression_emotion_original_speaker_independent_rfecv,03-01-05-02-02-01-20,3,angry,angry,egemaps,speaker_independent,emotion_original,logistic_regression,rfecv,,
egemaps_logistic_regression_emotion_original_speaker_independent_rfecv,03-01-05-02-02-02-08,3,angry,angry,egemaps,speaker_independent,emotion_original,logistic_regression,rfecv,,
egemaps_logistic_regression_emotion_original_speaker_independent_rfecv,03-01-05-02-02-02-11,3,angry,angry,egemaps,speaker_independent,emotion_original,logistic_regression,rfecv,,
egemaps_logistic_regression_emotion_original_speaker_independent_rfecv,03-01-05-02-02-02-20,3,angry,angry,egemaps,speaker_independent,emotion_original,logistic_regression,rfecv,,
egemaps_logistic_regression_emotion_original_speaker_independent_rfecv,03-01-06-01-01-01-20,3,fearful,sad,egemaps,speaker_independent,emotion_original,logistic_regression,rfecv,,
egemaps_logistic_regression_emotion_original_speaker_independent_rfecv,03-01-06-01-01-02-20,3,fearful,sad,egemaps,speaker_independent,emotion_original,logistic_regression,rfecv,,
egemaps_logistic_regression_emotion_original_speaker_independent_rfecv,03-01-06-01-02-01-08,3,fearful,sad,egemaps,speaker_independent,emotion_original,logistic_regression,rfecv,,
egemaps_logistic_regression_emotion_original_speaker_independent_rfecv,03-01-06-01-02-01-11,3,fearful,happy,egemaps,speaker_independent,emotion_original,logistic_regression,rfecv,,
egemaps_logistic_regression_emotion_original_speaker_independent_rfecv,03-01-06-01-02-02-08,3,fearful,happy,egemaps,speaker_independent,emotion_original,logistic_regression,rfecv,,
egemaps_logistic_regression_emotion_original_speaker_independent_rfecv,03-01-06-01-02-02-11,3,fearful,calm,egemaps,speaker_independent,emotion_original,logistic_regression,rfecv,,
egemaps_logistic_regression_emotion_original_speaker_independent_rfecv,03-01-06-02-01-01-08,3,fearful,happy,egemaps,speaker_independent,emotion_original,logistic_regression,rfecv,,
egemaps_logistic_regression_emotion_original_speaker_independent_rfecv,03-01-06-02-01-01-11,3,fearful,fearful,egemaps,speaker_independent,emotion_original,logistic_regression,rfecv,,
egemaps_logistic_regression_emotion_original_speaker_independent_rfecv,03-01-06-02-01-01-20,3,fearful,happy,egemaps,speaker_independent,emotion_original,logistic_regression,rfecv,,
egemaps_logistic_regression_emotion_original_speaker_independent_rfecv,03-01-06-02-01-02-08,3,fearful,happy,egemaps,speaker_independent,emotion_original,logistic_regression,rfecv,,
egemaps_logistic_regression_emotion_original_speaker_independent_rfecv,03-01-06-02-01-02-11,3,fearful,fearful,egemaps,speaker_independent,emotion_original,logistic_regression,rfecv,,
egemaps_logistic_regression_emotion_original_speaker_independent_rfecv,03-01-06-02-01-02-20,3,fearful,fearful,egemaps,speaker_independent,emotion_original,logistic_regression,rfecv,,
egemaps_logistic_regression_emotion_original_speaker_independent_rfecv,03-01-06-02-02-01-08,3,fearful,fearful,egemaps,speaker_independent,emotion_original,logistic_regression,rfecv,,
egemaps_logistic_regression_emotion_original_speaker_independent_rfecv,03-01-06-02-02-01-11,3,fearful,angry,egemaps,speaker_independent,emotion_original,logistic_regression,rfecv,,
egemaps_logistic_regression_emotion_original_speaker_independent_rfecv,03-01-06-02-02-01-20,3,fearful,angry,egemaps,speaker_independent,emotion_original,logistic_regression,rfecv,,
egemaps_logistic_regression_emotion_original_speaker_independent_rfecv,03-01-06-02-02-02-08,3,fearful,fearful,egemaps,speaker_independent,emotion_original,logistic_regression,rfecv,,
egemaps_logistic_regression_emotion_original_speaker_independent_rfecv,03-01-06-02-02-02-11,3,fearful,fearful,egemaps,speaker_independent,emotion_original,logistic_regression,rfecv,,
egemaps_logistic_regression_emotion_original_speaker_independent_rfecv,03-01-06-02-02-02-20,3,fearful,fearful,egemaps,speaker_independent,emotion_original,logistic_regression,rfecv,,
egemaps_logistic_regression_emotion_original_speaker_independent_rfecv,03-01-07-01-01-01-08,3,disgust,sad,egemaps,speaker_independent,emotion_original,logistic_regression,rfecv,,
egemaps_logistic_regression_emotion_original_speaker_independent_rfecv,03-01-07-01-01-01-11,3,disgust,calm,egemaps,speaker_independent,emotion_original,logistic_regression,rfecv,,
egemaps_logistic_regression_emotion_original_speaker_independent_rfecv,03-01-07-01-01-02-08,3,disgust,sad,egemaps,speaker_independent,emotion_original,logistic_regression,rfecv,,
egemaps_logistic_regression_emotion_original_speaker_independent_rfecv,03-01-07-01-01-02-11,3,disgust,calm,egemaps,speaker_independent,emotion_original,logistic_regression,rfecv,,
egemaps_logistic_regression_emotion_original_speaker_independent_rfecv,03-01-07-01-02-01-11,3,disgust,calm,egemaps,speaker_independent,emotion_original,logistic_regression,rfecv,,
egemaps_logistic_regression_emotion_original_speaker_independent_rfecv,03-01-07-01-02-01-20,3,disgust,sad,egemaps,speaker_independent,emotion_original,logistic_regression,rfecv,,
egemaps_logistic_regression_emotion_original_speaker_independent_rfecv,03-01-07-01-02-02-11,3,disgust,disgust,egemaps,speaker_independent,emotion_original,logistic_regression,rfecv,,
egemaps_logistic_regression_emotion_original_speaker_independent_rfecv,03-01-07-01-02-02-20,3,disgust,sad,egemaps,speaker_independent,emotion_original,logistic_regression,rfecv,,
egemaps_logistic_regression_emotion_original_speaker_independent_rfecv,03-01-07-02-01-01-08,3,disgust,sad,egemaps,speaker_independent,emotion_original,logistic_regression,rfecv,,
egemaps_logistic_regression_emotion_original_speaker_independent_rfecv,03-01-07-02-01-01-11,3,disgust,calm,egemaps,speaker_independent,emotion_original,logistic_regression,rfecv,,
egemaps_logistic_regression_emotion_original_speaker_independent_rfecv,03-01-07-02-01-01-20,3,disgust,surprised,egemaps,speaker_independent,emotion_original,logistic_regression,rfecv,,
egemaps_logistic_regression_emotion_original_speaker_independent_rfecv,03-01-07-02-01-02-08,3,disgust,sad,egemaps,speaker_independent,emotion_original,logistic_regression,rfecv,,
egemaps_logistic_regression_emotion_original_speaker_independent_rfecv,03-01-07-02-01-02-11,3,disgust,fearful,egemaps,speaker_independent,emotion_original,logistic_regression,rfecv,,
egemaps_logistic_regression_emotion_original_speaker_independent_rfecv,03-01-07-02-01-02-20,3,disgust,sad,egemaps,speaker_independent,emotion_original,logistic_regression,rfecv,,
egemaps_logistic_regression_emotion_original_speaker_independent_rfecv,03-01-07-02-02-01-08,3,disgust,sad,egemaps,speaker_independent,emotion_original,logistic_regression,rfecv,,
egemaps_logistic_regression_emotion_original_speaker_independent_rfecv,03-01-07-02-02-01-11,3,disgust,angry,egemaps,speaker_independent,emotion_original,logistic_regression,rfecv,,
egemaps_logistic_regression_emotion_original_speaker_independent_rfecv,03-01-07-02-02-01-20,3,disgust,sad,egemaps,speaker_independent,emotion_original,logistic_regression,rfecv,,
egemaps_logistic_regression_emotion_original_speaker_independent_rfecv,03-01-07-02-02-02-08,3,disgust,sad,egemaps,speaker_independent,emotion_original,logistic_regression,rfecv,,
egemaps_logistic_regression_emotion_original_speaker_independent_rfecv,03-01-07-02-02-02-11,3,disgust,angry,egemaps,speaker_independent,emotion_original,logistic_regression,rfecv,,
egemaps_logistic_regression_emotion_original_speaker_independent_rfecv,03-01-07-02-02-02-20,3,disgust,sad,egemaps,speaker_independent,emotion_original,logistic_regression,rfecv,,
egemaps_logistic_regression_emotion_original_speaker_independent_rfecv,03-01-08-01-01-01-08,3,surprised,surprised,egemaps,speaker_independent,emotion_original,logistic_regression,rfecv,,
egemaps_logistic_regression_emotion_original_speaker_independent_rfecv,03-01-08-01-01-01-11,3,surprised,surprised,egemaps,speaker_independent,emotion_original,logistic_regression,rfecv,,
egemaps_logistic_regression_emotion_original_speaker_independent_rfecv,03-01-08-01-01-01-20,3,surprised,happy,egemaps,speaker_independent,emotion_original,logistic_regression,rfecv,,
egemaps_logistic_regression_emotion_original_speaker_independent_rfecv,03-01-08-01-01-02-08,3,surprised,surprised,egemaps,speaker_independent,emotion_original,logistic_regression,rfecv,,
egemaps_logistic_regression_emotion_original_speaker_independent_rfecv,03-01-08-01-01-02-11,3,surprised,fearful,egemaps,speaker_independent,emotion_original,logistic_regression,rfecv,,
egemaps_logistic_regression_emotion_original_speaker_independent_rfecv,03-01-08-01-01-02-20,3,surprised,surprised,egemaps,speaker_independent,emotion_original,logistic_regression,rfecv,,
egemaps_logistic_regression_emotion_original_speaker_independent_rfecv,03-01-08-01-02-01-11,3,surprised,happy,egemaps,speaker_independent,emotion_original,logistic_regression,rfecv,,
egemaps_logistic_regression_emotion_original_speaker_independent_rfecv,03-01-08-01-02-01-20,3,surprised,sad,egemaps,speaker_independent,emotion_original,logistic_regression,rfecv,,
egemaps_logistic_regression_emotion_original_speaker_independent_rfecv,03-01-08-01-02-02-11,3,surprised,fearful,egemaps,speaker_independent,emotion_original,logistic_regression,rfecv,,
egemaps_logistic_regression_emotion_original_speaker_independent_rfecv,03-01-08-01-02-02-20,3,surprised,surprised,egemaps,speaker_independent,emotion_original,logistic_regression,rfecv,,
egemaps_logistic_regression_emotion_original_speaker_independent_rfecv,03-01-08-02-01-01-08,3,surprised,surprised,egemaps,speaker_independent,emotion_original,logistic_regression,rfecv,,
egemaps_logistic_regression_emotion_original_speaker_independent_rfecv,03-01-08-02-01-01-11,3,surprised,fearful,egemaps,speaker_independent,emotion_original,logistic_regression,rfecv,,
egemaps_logistic_regression_emotion_original_speaker_independent_rfecv,03-01-08-02-01-02-08,3,surprised,surprised,egemaps,speaker_independent,emotion_original,logistic_regression,rfecv,,
egemaps_logistic_regression_emotion_original_speaker_independent_rfecv,03-01-08-02-01-02-11,3,surprised,surprised,egemaps,speaker_independent,emotion_original,logistic_regression,rfecv,,
egemaps_logistic_regression_emotion_original_speaker_independent_rfecv,03-01-08-02-02-01-20,3,surprised,disgust,egemaps,speaker_independent,emotion_original,logistic_regression,rfecv,,
egemaps_logistic_regression_emotion_original_speaker_independent_rfecv,03-01-08-02-02-02-20,3,surprised,disgust,egemaps,speaker_independent,emotion_original,logistic_regression,rfecv,,
egemaps_logistic_regression_emotion_original_speaker_independent_rfecv,03-01-01-01-01-01-14,4,neutral,neutral,egemaps,speaker_independent,emotion_original,logistic_regression,rfecv,,
egemaps_logistic_regression_emotion_original_speaker_independent_rfecv,03-01-01-01-01-01-16,4,neutral,disgust,egemaps,speaker_independent,emotion_original,logistic_regression,rfecv,,
egemaps_logistic_regression_emotion_original_speaker_independent_rfecv,03-01-01-01-01-01-22,4,neutral,calm,egemaps,speaker_independent,emotion_original,logistic_regression,rfecv,,
egemaps_logistic_regression_emotion_original_speaker_independent_rfecv,03-01-01-01-01-01-24,4,neutral,neutral,egemaps,speaker_independent,emotion_original,logistic_regression,rfecv,,
egemaps_logistic_regression_emotion_original_speaker_independent_rfecv,03-01-01-01-01-02-14,4,neutral,neutral,egemaps,speaker_independent,emotion_original,logistic_regression,rfecv,,
egemaps_logistic_regression_emotion_original_speaker_independent_rfecv,03-01-01-01-01-02-16,4,neutral,disgust,egemaps,speaker_independent,emotion_original,logistic_regression,rfecv,,
egemaps_logistic_regression_emotion_original_speaker_independent_rfecv,03-01-01-01-01-02-22,4,neutral,neutral,egemaps,speaker_independent,emotion_original,logistic_regression,rfecv,,
egemaps_logistic_regression_emotion_original_speaker_independent_rfecv,03-01-01-01-01-02-24,4,neutral,neutral,egemaps,speaker_independent,emotion_original,logistic_regression,rfecv,,
egemaps_logistic_regression_emotion_original_speaker_independent_rfecv,03-01-01-01-02-01-14,4,neutral,disgust,egemaps,speaker_independent,emotion_original,logistic_regression,rfecv,,
egemaps_logistic_regression_emotion_original_speaker_independent_rfecv,03-01-01-01-02-01-16,4,neutral,neutral,egemaps,speaker_independent,emotion_original,logistic_regression,rfecv,,
egemaps_logistic_regression_emotion_original_speaker_independent_rfecv,03-01-01-01-02-01-22,4,neutral,calm,egemaps,speaker_independent,emotion_original,logistic_regression,rfecv,,
egemaps_logistic_regression_emotion_original_speaker_independent_rfecv,03-01-01-01-02-01-24,4,neutral,neutral,egemaps,speaker_independent,emotion_original,logistic_regression,rfecv,,
egemaps_logistic_regression_emotion_original_speaker_independent_rfecv,03-01-01-01-02-02-14,4,neutral,disgust,egemaps,speaker_independent,emotion_original,logistic_regression,rfecv,,
egemaps_logistic_regression_emotion_original_speaker_independent_rfecv,03-01-01-01-02-02-16,4,neutral,neutral,egemaps,speaker_independent,emotion_original,logistic_regression,rfecv,,
egemaps_logistic_regression_emotion_original_speaker_independent_rfecv,03-01-01-01-02-02-22,4,neutral,calm,egemaps,speaker_independent,emotion_original,logistic_regression,rfecv,,
egemaps_logistic_regression_emotion_original_speaker_independent_rfecv,03-01-01-01-02-02-24,4,neutral,neutral,egemaps,speaker_independent,emotion_original,logistic_regression,rfecv,,
egemaps_logistic_regression_emotion_original_speaker_independent_rfecv,03-01-02-01-01-01-14,4,calm,disgust,egemaps,speaker_independent,emotion_original,logistic_regression,rfecv,,
egemaps_logistic_regression_emotion_original_speaker_independent_rfecv,03-01-02-01-01-01-16,4,calm,disgust,egemaps,speaker_independent,emotion_original,logistic_regression,rfecv,,
egemaps_logistic_regression_emotion_original_speaker_independent_rfecv,03-01-02-01-01-01-22,4,calm,calm,egemaps,speaker_independent,emotion_original,logistic_regression,rfecv,,
egemaps_logistic_regression_emotion_original_speaker_independent_rfecv,03-01-02-01-01-01-24,4,calm,sad,egemaps,speaker_independent,emotion_original,logistic_regression,rfecv,,
egemaps_logistic_regression_emotion_original_speaker_independent_rfecv,03-01-02-01-01-02-14,4,calm,calm,egemaps,speaker_independent,emotion_original,logistic_regression,rfecv,,
egemaps_logistic_regression_emotion_original_speaker_independent_rfecv,03-01-02-01-01-02-16,4,calm,disgust,egemaps,speaker_independent,emotion_original,logistic_regression,rfecv,,
egemaps_logistic_regression_emotion_original_speaker_independent_rfecv,03-01-02-01-01-02-22,4,calm,disgust,egemaps,speaker_independent,emotion_original,logistic_regression,rfecv,,
egemaps_logistic_regression_emotion_original_speaker_independent_rfecv,03-01-02-01-01-02-24,4,calm,sad,egemaps,speaker_independent,emotion_original,logistic_regression,rfecv,,
egemaps_logistic_regression_emotion_original_speaker_independent_rfecv,03-01-02-01-02-01-14,4,calm,fearful,egemaps,speaker_independent,emotion_original,logistic_regression,rfecv,,
egemaps_logistic_regression_emotion_original_speaker_independent_rfecv,03-01-02-01-02-02-14,4,calm,calm,egemaps,speaker_independent,emotion_original,logistic_regression,rfecv,,
egemaps_logistic_regression_emotion_original_speaker_independent_rfecv,03-01-02-02-01-01-14,4,calm,disgust,egemaps,speaker_independent,emotion_original,logistic_regression,rfecv,,
egemaps_logistic_regression_emotion_original_speaker_independent_rfecv,03-01-02-02-01-01-16,4,calm,disgust,egemaps,speaker_independent,emotion_original,logistic_regression,rfecv,,
egemaps_logistic_regression_emotion_original_speaker_independent_rfecv,03-01-02-02-01-01-22,4,calm,calm,egemaps,speaker_independent,emotion_original,logistic_regression,rfecv,,
egemaps_logistic_regression_emotion_original_speaker_independent_rfecv,03-01-02-02-01-01-24,4,calm,calm,egemaps,speaker_independent,emotion_original,logistic_regression,rfecv,,
egemaps_logistic_regression_emotion_original_speaker_independent_rfecv,03-01-02-02-01-02-14,4,calm,calm,egemaps,speaker_independent,emotion_original,logistic_regression,rfecv,,
egemaps_logistic_regression_emotion_original_speaker_independent_rfecv,03-01-02-02-01-02-16,4,calm,disgust,egemaps,speaker_independent,emotion_original,logistic_regression,rfecv,,
egemaps_logistic_regression_emotion_original_speaker_independent_rfecv,03-01-02-02-01-02-22,4,calm,calm,egemaps,speaker_independent,emotion_original,logistic_regression,rfecv,,
egemaps_logistic_regression_emotion_original_speaker_independent_rfecv,03-01-02-02-01-02-24,4,calm,calm,egemaps,speaker_independent,emotion_original,logistic_regression,rfecv,,
egemaps_logistic_regression_emotion_original_speaker_independent_rfecv,03-01-02-02-02-01-14,4,calm,calm,egemaps,speaker_independent,emotion_original,logistic_regression,rfecv,,
egemaps_logistic_regression_emotion_original_speaker_independent_rfecv,03-01-02-02-02-01-16,4,calm,disgust,egemaps,speaker_independent,emotion_original,logistic_regression,rfecv,,
egemaps_logistic_regression_emotion_original_speaker_independent_rfecv,03-01-02-02-02-01-22,4,calm,calm,egemaps,speaker_independent,emotion_original,logistic_regression,rfecv,,
egemaps_logistic_regression_emotion_original_speaker_independent_rfecv,03-01-02-02-02-01-24,4,calm,calm,egemaps,speaker_independent,emotion_original,logistic_regression,rfecv,,
egemaps_logistic_regression_emotion_original_speaker_independent_rfecv,03-01-02-02-02-02-14,4,calm,disgust,egemaps,speaker_independent,emotion_original,logistic_regression,rfecv,,
egemaps_logistic_regression_emotion_original_speaker_independent_rfecv,03-01-02-02-02-02-16,4,calm,disgust,egemaps,speaker_independent,emotion_original,logistic_regression,rfecv,,
egemaps_logistic_regression_emotion_original_speaker_independent_rfecv,03-01-02-02-02-02-22,4,calm,calm,egemaps,speaker_independent,emotion_original,logistic_regression,rfecv,,
egemaps_logistic_regression_emotion_original_speaker_independent_rfecv,03-01-02-02-02-02-24,4,calm,calm,egemaps,speaker_independent,emotion_original,logistic_regression,rfecv,,
egemaps_logistic_regression_emotion_original_speaker_independent_rfecv,03-01-03-01-01-01-14,4,happy,surprised,egemaps,speaker_independent,emotion_original,logistic_regression,rfecv,,
egemaps_logistic_regression_emotion_original_speaker_independent_rfecv,03-01-03-01-01-01-16,4,happy,angry,egemaps,speaker_independent,emotion_original,logistic_regression,rfecv,,
egemaps_logistic_regression_emotion_original_speaker_independent_rfecv,03-01-03-01-01-01-22,4,happy,calm,egemaps,speaker_independent,emotion_original,logistic_regression,rfecv,,
egemaps_logistic_regression_emotion_original_speaker_independent_rfecv,03-01-03-01-01-01-24,4,happy,sad,egemaps,speaker_independent,emotion_original,logistic_regression,rfecv,,
egemaps_logistic_regression_emotion_original_speaker_independent_rfecv,03-01-03-01-01-02-14,4,happy,surprised,egemaps,speaker_independent,emotion_original,logistic_regression,rfecv,,
egemaps_logistic_regression_emotion_original_speaker_independent_rfecv,03-01-03-01-01-02-16,4,happy,happy,egemaps,speaker_independent,emotion_original,logistic_regression,rfecv,,
egemaps_logistic_regression_emotion_original_speaker_independent_rfecv,03-01-03-01-01-02-22,4,happy,happy,egemaps,speaker_independent,emotion_original,logistic_regression,rfecv,,
egemaps_logistic_regression_emotion_original_speaker_independent_rfecv,03-01-03-01-01-02-24,4,happy,neutral,egemaps,speaker_independent,emotion_original,logistic_regression,rfecv,,
egemaps_logistic_regression_emotion_original_speaker_independent_rfecv,03-01-03-01-02-01-16,4,happy,happy,egemaps,speaker_independent,emotion_original,logistic_regression,rfecv,,
egemaps_logistic_regression_emotion_original_speaker_independent_rfecv,03-01-03-01-02-01-22,4,happy,neutral,egemaps,speaker_independent,emotion_original,logistic_regression,rfecv,,
egemaps_logistic_regression_emotion_original_speaker_independent_rfecv,03-01-03-01-02-01-24,4,happy,neutral,egemaps,speaker_independent,emotion_original,logistic_regression,rfecv,,
egemaps_logistic_regression_emotion_original_speaker_independent_rfecv,03-01-03-01-02-02-16,4,happy,happy,egemaps,speaker_independent,emotion_original,logistic_regression,rfecv,,
egemaps_logistic_regression_emotion_original_speaker_independent_rfecv,03-01-03-01-02-02-22,4,happy,calm,egemaps,speaker_independent,emotion_original,logistic_regression,rfecv,,
egemaps_logistic_regression_emotion_original_speaker_independent_rfecv,03-01-03-01-02-02-24,4,happy,neutral,egemaps,speaker_independent,emotion_original,logistic_regression,rfecv,,
egemaps_logistic_regression_emotion_original_speaker_independent_rfecv,03-01-03-02-01-01-14,4,happy,fearful,egemaps,speaker_independent,emotion_original,logistic_regression,rfecv,,
egemaps_logistic_regression_emotion_original_speaker_independent_rfecv,03-01-03-02-01-01-16,4,happy,fearful,egemaps,speaker_independent,emotion_original,logistic_regression,rfecv,,
egemaps_logistic_regression_emotion_original_speaker_independent_rfecv,03-01-03-02-01-01-22,4,happy,happy,egemaps,speaker_independent,emotion_original,logistic_regression,rfecv,,
egemaps_logistic_regression_emotion_original_speaker_independent_rfecv,03-01-03-02-01-02-14,4,happy,angry,egemaps,speaker_independent,emotion_original,logistic_regression,rfecv,,
egemaps_logistic_regression_emotion_original_speaker_independent_rfecv,03-01-03-02-01-02-16,4,happy,happy,egemaps,speaker_independent,emotion_original,logistic_regression,rfecv,,
egemaps_logistic_regression_emotion_original_speaker_independent_rfecv,03-01-03-02-01-02-22,4,happy,happy,egemaps,speaker_independent,emotion_original,logistic_regression,rfecv,,
egemaps_logistic_regression_emotion_original_speaker_independent_rfecv,03-01-03-02-02-01-14,4,happy,fearful,egemaps,speaker_independent,emotion_original,logistic_regression,rfecv,,
egemaps_logistic_regression_emotion_original_speaker_independent_rfecv,03-01-03-02-02-01-24,4,happy,fearful,egemaps,speaker_independent,emotion_original,logistic_regression,rfecv,,
egemaps_logistic_regression_emotion_original_speaker_independent_rfecv,03-01-03-02-02-02-14,4,happy,fearful,egemaps,speaker_independent,emotion_original,logistic_regression,rfecv,,
egemaps_logistic_regression_emotion_original_speaker_independent_rfecv,03-01-03-02-02-02-24,4,happy,fearful,egemaps,speaker_independent,emotion_original,logistic_regression,rfecv,,
egemaps_logistic_regression_emotion_original_speaker_independent_rfecv,03-01-04-01-02-01-14,4,sad,disgust,egemaps,speaker_independent,emotion_original,logistic_regression,rfecv,,
egemaps_logistic_regression_emotion_original_speaker_independent_rfecv,03-01-04-01-02-01-16,4,sad,disgust,egemaps,speaker_independent,emotion_original,logistic_regression,rfecv,,
egemaps_logistic_regression_emotion_original_speaker_independent_rfecv,03-01-04-01-02-01-22,4,sad,calm,egemaps,speaker_independent,emotion_original,logistic_regression,rfecv,,
egemaps_logistic_regression_emotion_original_speaker_independent_rfecv,03-01-04-01-02-01-24,4,sad,neutral,egemaps,speaker_independent,emotion_original,logistic_regression,rfecv,,
egemaps_logistic_regression_emotion_original_speaker_independent_rfecv,03-01-04-01-02-02-14,4,sad,disgust,egemaps,speaker_independent,emotion_original,logistic_regression,rfecv,,
egemaps_logistic_regression_emotion_original_speaker_independent_rfecv,03-01-04-01-02-02-16,4,sad,disgust,egemaps,speaker_independent,emotion_original,logistic_regression,rfecv,,
egemaps_logistic_regression_emotion_original_speaker_independent_rfecv,03-01-04-01-02-02-22,4,sad,calm,egemaps,speaker_independent,emotion_original,logistic_regression,rfecv,,
egemaps_logistic_regression_emotion_original_speaker_independent_rfecv,03-01-04-01-02-02-24,4,sad,disgust,egemaps,speaker_independent,emotion_original,logistic_regression,rfecv,,
egemaps_logistic_regression_emotion_original_speaker_independent_rfecv,03-01-04-02-01-01-14,4,sad,disgust,egemaps,speaker_independent,emotion_original,logistic_regression,rfecv,,
egemaps_logistic_regression_emotion_original_speaker_independent_rfecv,03-01-04-02-01-01-16,4,sad,sad,egemaps,speaker_independent,emotion_original,logistic_regression,rfecv,,
egemaps_logistic_regression_emotion_original_speaker_independent_rfecv,03-01-04-02-01-01-22,4,sad,calm,egemaps,speaker_independent,emotion_original,logistic_regression,rfecv,,
egemaps_logistic_regression_emotion_original_speaker_independent_rfecv,03-01-04-02-01-01-24,4,sad,sad,egemaps,speaker_independent,emotion_original,logistic_regression,rfecv,,
egemaps_logistic_regression_emotion_original_speaker_independent_rfecv,03-01-04-02-01-02-14,4,sad,surprised,egemaps,speaker_independent,emotion_original,logistic_regression,rfecv,,
egemaps_logistic_regression_emotion_original_speaker_independent_rfecv,03-01-04-02-01-02-16,4,sad,sad,egemaps,speaker_independent,emotion_original,logistic_regression,rfecv,,
egemaps_logistic_regression_emotion_original_speaker_independent_rfecv,03-01-04-02-01-02-22,4,sad,sad,egemaps,speaker_independent,emotion_original,logistic_regression,rfecv,,
egemaps_logistic_regression_emotion_original_speaker_independent_rfecv,03-01-04-02-01-02-24,4,sad,surprised,egemaps,speaker_independent,emotion_original,logistic_regression,rfecv,,
egemaps_logistic_regression_emotion_original_speaker_independent_rfecv,03-01-04-02-02-01-14,4,sad,surprised,egemaps,speaker_independent,emotion_original,logistic_regression,rfecv,,
egemaps_logistic_regression_emotion_original_speaker_independent_rfecv,03-01-04-02-02-01-16,4,sad,sad,egemaps,speaker_independent,emotion_original,logistic_regression,rfecv,,
egemaps_logistic_regression_emotion_original_speaker_independent_rfecv,03-01-04-02-02-01-22,4,sad,sad,egemaps,speaker_independent,emotion_original,logistic_regression,rfecv,,
egemaps_logistic_regression_emotion_original_speaker_independent_rfecv,03-01-04-02-02-01-24,4,sad,surprised,egemaps,speaker_independent,emotion_original,logistic_regression,rfecv,,
egemaps_logistic_regression_emotion_original_speaker_independent_rfecv,03-01-04-02-02-02-14,4,sad,angry,egemaps,speaker_independent,emotion_original,logistic_regression,rfecv,,
egemaps_logistic_regression_emotion_original_speaker_independent_rfecv,03-01-04-02-02-02-16,4,sad,sad,egemaps,speaker_independent,emotion_original,logistic_regression,rfecv,,
egemaps_logistic_regression_emotion_original_speaker_independent_rfecv,03-01-04-02-02-02-22,4,sad,sad,egemaps,speaker_independent,emotion_original,logistic_regression,rfecv,,
egemaps_logistic_regression_emotion_original_speaker_independent_rfecv,03-01-04-02-02-02-24,4,sad,sad,egemaps,speaker_independent,emotion_original,logistic_regression,rfecv,,
egemaps_logistic_regression_emotion_original_speaker_independent_rfecv,03-01-05-01-01-01-14,4,angry,disgust,egemaps,speaker_independent,emotion_original,logistic_regression,rfecv,,
egemaps_logistic_regression_emotion_original_speaker_independent_rfecv,03-01-05-01-01-01-16,4,angry,angry,egemaps,speaker_independent,emotion_original,logistic_regression,rfecv,,
egemaps_logistic_regression_emotion_original_speaker_independent_rfecv,03-01-05-01-01-01-22,4,angry,disgust,egemaps,speaker_independent,emotion_original,logistic_regression,rfecv,,
egemaps_logistic_regression_emotion_original_speaker_independent_rfecv,03-01-05-01-01-01-24,4,angry,angry,egemaps,speaker_independent,emotion_original,logistic_regression,rfecv,,
egemaps_logistic_regression_emotion_original_speaker_independent_rfecv,03-01-05-01-01-02-14,4,angry,angry,egemaps,speaker_independent,emotion_original,logistic_regression,rfecv,,
egemaps_logistic_regression_emotion_original_speaker_independent_rfecv,03-01-05-01-01-02-16,4,angry,angry,egemaps,speaker_independent,emotion_original,logistic_regression,rfecv,,
egemaps_logistic_regression_emotion_original_speaker_independent_rfecv,03-01-05-01-01-02-22,4,angry,neutral,egemaps,speaker_independent,emotion_original,logistic_regression,rfecv,,
egemaps_logistic_regression_emotion_original_speaker_independent_rfecv,03-01-05-01-01-02-24,4,angry,fearful,egemaps,speaker_independent,emotion_original,logistic_regression,rfecv,,
egemaps_logistic_regression_emotion_original_speaker_independent_rfecv,03-01-05-01-02-01-14,4,angry,angry,egemaps,speaker_independent,emotion_original,logistic_regression,rfecv,,
egemaps_logistic_regression_emotion_original_speaker_independent_rfecv,03-01-05-01-02-01-16,4,angry,disgust,egemaps,speaker_independent,emotion_original,logistic_regression,rfecv,,
egemaps_logistic_regression_emotion_original_speaker_independent_rfecv,03-01-05-01-02-01-22,4,angry,disgust,egemaps,speaker_independent,emotion_original,logistic_regression,rfecv,,
egemaps_logistic_regression_emotion_original_speaker_independent_rfecv,03-01-05-01-02-01-24,4,angry,angry,egemaps,speaker_independent,emotion_original,logistic_regression,rfecv,,
egemaps_logistic_regression_emotion_original_speaker_independent_rfecv,03-01-05-01-02-02-14,4,angry,disgust,egemaps,speaker_independent,emotion_original,logistic_regression,rfecv,,
egemaps_logistic_regression_emotion_original_speaker_independent_rfecv,03-01-05-01-02-02-16,4,angry,angry,egemaps,speaker_independent,emotion_original,logistic_regression,rfecv,,
egemaps_logistic_regression_emotion_original_speaker_independent_rfecv,03-01-05-01-02-02-22,4,angry,sad,egemaps,speaker_independent,emotion_original,logistic_regression,rfecv,,
egemaps_logistic_regression_emotion_original_speaker_independent_rfecv,03-01-05-01-02-02-24,4,angry,fearful,egemaps,speaker_independent,emotion_original,logistic_regression,rfecv,,
egemaps_logistic_regression_emotion_original_speaker_independent_rfecv,03-01-05-02-01-01-16,4,angry,angry,egemaps,speaker_independent,emotion_original,logistic_regression,rfecv,,
egemaps_logistic_regression_emotion_original_speaker_independent_rfecv,03-01-05-02-01-01-22,4,angry,angry,egemaps,speaker_independent,emotion_original,logistic_regression,rfecv,,
egemaps_logistic_regression_emotion_original_speaker_independent_rfecv,03-01-05-02-01-01-24,4,angry,angry,egemaps,speaker_independent,emotion_original,logistic_regression,rfecv,,
egemaps_logistic_regression_emotion_original_speaker_independent_rfecv,03-01-05-02-01-02-16,4,angry,angry,egemaps,speaker_independent,emotion_original,logistic_regression,rfecv,,
egemaps_logistic_regression_emotion_original_speaker_independent_rfecv,03-01-05-02-01-02-22,4,angry,happy,egemaps,speaker_independent,emotion_original,logistic_regression,rfecv,,
egemaps_logistic_regression_emotion_original_speaker_independent_rfecv,03-01-05-02-01-02-24,4,angry,angry,egemaps,speaker_independent,emotion_original,logistic_regression,rfecv,,
egemaps_logistic_regression_emotion_original_speaker_independent_rfecv,03-01-05-02-02-01-14,4,angry,angry,egemaps,speaker_independent,emotion_original,logistic_regression,rfecv,,
egemaps_logistic_regression_emotion_original_speaker_independent_rfecv,03-01-05-02-02-01-16,4,angry,angry,egemaps,speaker_independent,emotion_original,logistic_regression,rfecv,,
egemaps_logistic_regression_emotion_original_speaker_independent_rfecv,03-01-05-02-02-01-22,4,angry,angry,egemaps,speaker_independent,emotion_original,logistic_regression,rfecv,,
egemaps_logistic_regression_emotion_original_speaker_independent_rfecv,03-01-05-02-02-01-24,4,angry,angry,egemaps,speaker_independent,emotion_original,logistic_regression,rfecv,,
egemaps_logistic_regression_emotion_original_speaker_independent_rfecv,03-01-05-02-02-02-14,4,angry,angry,egemaps,speaker_independent,emotion_original,logistic_regression,rfecv,,
egemaps_logistic_regression_emotion_original_speaker_independent_rfecv,03-01-05-02-02-02-16,4,angry,angry,egemaps,speaker_independent,emotion_original,logistic_regression,rfecv,,
egemaps_logistic_regression_emotion_original_speaker_independent_rfecv,03-01-05-02-02-02-22,4,angry,angry,egemaps,speaker_independent,emotion_original,logistic_regression,rfecv,,
egemaps_logistic_regression_emotion_original_speaker_independent_rfecv,03-01-05-02-02-02-24,4,angry,angry,egemaps,speaker_independent,emotion_original,logistic_regression,rfecv,,
egemaps_logistic_regression_emotion_original_speaker_independent_rfecv,03-01-06-01-01-01-14,4,fearful,fearful,egemaps,speaker_independent,emotion_original,logistic_regression,rfecv,,
egemaps_logistic_regression_emotion_original_speaker_independent_rfecv,03-01-06-01-01-01-16,4,fearful,disgust,egemaps,speaker_independent,emotion_original,logistic_regression,rfecv,,
egemaps_logistic_regression_emotion_original_speaker_independent_rfecv,03-01-06-01-01-01-22,4,fearful,fearful,egemaps,speaker_independent,emotion_original,logistic_regression,rfecv,,
egemaps_logistic_regression_emotion_original_speaker_independent_rfecv,03-01-06-01-01-02-14,4,fearful,fearful,egemaps,speaker_independent,emotion_original,logistic_regression,rfecv,,
egemaps_logistic_regression_emotion_original_speaker_independent_rfecv,03-01-06-01-01-02-16,4,fearful,disgust,egemaps,speaker_independent,emotion_original,logistic_regression,rfecv,,
egemaps_logistic_regression_emotion_original_speaker_independent_rfecv,03-01-06-01-01-02-22,4,fearful,neutral,egemaps,speaker_independent,emotion_original,logistic_regression,rfecv,,
egemaps_logistic_regression_emotion_original_speaker_independent_rfecv,03-01-06-01-02-01-22,4,fearful,sad,egemaps,speaker_independent,emotion_original,logistic_regression,rfecv,,
egemaps_logistic_regression_emotion_original_speaker_independent_rfecv,03-01-06-01-02-01-24,4,fearful,fearful,egemaps,speaker_independent,emotion_original,logistic_regression,rfecv,,
egemaps_logistic_regression_emotion_original_speaker_independent_rfecv,03-01-06-01-02-02-22,4,fearful,fearful,egemaps,speaker_independent,emotion_original,logistic_regression,rfecv,,
egemaps_logistic_regression_emotion_original_speaker_independent_rfecv,03-01-06-01-02-02-24,4,fearful,fearful,egemaps,speaker_independent,emotion_original,logistic_regression,rfecv,,
egemaps_logistic_regression_emotion_original_speaker_independent_rfecv,03-01-06-02-01-01-14,4,fearful,fearful,egemaps,speaker_independent,emotion_original,logistic_regression,rfecv,,
egemaps_logistic_regression_emotion_original_speaker_independent_rfecv,03-01-06-02-01-01-16,4,fearful,fearful,egemaps,speaker_independent,emotion_original,logistic_regression,rfecv,,
egemaps_logistic_regression_emotion_original_speaker_independent_rfecv,03-01-06-02-01-01-22,4,fearful,fearful,egemaps,speaker_independent,emotion_original,logistic_regression,rfecv,,
egemaps_logistic_regression_emotion_original_speaker_independent_rfecv,03-01-06-02-01-01-24,4,fearful,fearful,egemaps,speaker_independent,emotion_original,logistic_regression,rfecv,,
egemaps_logistic_regression_emotion_original_speaker_independent_rfecv,03-01-06-02-01-02-14,4,fearful,fearful,egemaps,speaker_independent,emotion_original,logistic_regression,rfecv,,
egemaps_logistic_regression_emotion_original_speaker_independent_rfecv,03-01-06-02-01-02-16,4,fearful,fearful,egemaps,speaker_independent,emotion_original,logistic_regression,rfecv,,
egemaps_logistic_regression_emotion_original_speaker_independent_rfecv,03-01-06-02-01-02-22,4,fearful,fearful,egemaps,speaker_independent,emotion_original,logistic_regression,rfecv,,
egemaps_logistic_regression_emotion_original_speaker_independent_rfecv,03-01-06-02-01-02-24,4,fearful,fearful,egemaps,speaker_independent,emotion_original,logistic_regression,rfecv,,
egemaps_logistic_regression_emotion_original_speaker_independent_rfecv,03-01-06-02-02-01-16,4,fearful,fearful,egemaps,speaker_independent,emotion_original,logistic_regression,rfecv,,
egemaps_logistic_regression_emotion_original_speaker_independent_rfecv,03-01-06-02-02-01-22,4,fearful,fearful,egemaps,speaker_independent,emotion_original,logistic_regression,rfecv,,
egemaps_logistic_regression_emotion_original_speaker_independent_rfecv,03-01-06-02-02-01-24,4,fearful,fearful,egemaps,speaker_independent,emotion_original,logistic_regression,rfecv,,
egemaps_logistic_regression_emotion_original_speaker_independent_rfecv,03-01-06-02-02-02-16,4,fearful,fearful,egemaps,speaker_independent,emotion_original,logistic_regression,rfecv,,
egemaps_logistic_regression_emotion_original_speaker_independent_rfecv,03-01-06-02-02-02-22,4,fearful,fearful,egemaps,speaker_independent,emotion_original,logistic_regression,rfecv,,
egemaps_logistic_regression_emotion_original_speaker_independent_rfecv,03-01-06-02-02-02-24,4,fearful,fearful,egemaps,speaker_independent,emotion_original,logistic_regression,rfecv,,
egemaps_logistic_regression_emotion_original_speaker_independent_rfecv,03-01-07-01-01-01-14,4,disgust,fearful,egemaps,speaker_independent,emotion_original,logistic_regression,rfecv,,
egemaps_logistic_regression_emotion_original_speaker_independent_rfecv,03-01-07-01-01-01-16,4,disgust,disgust,egemaps,speaker_independent,emotion_original,logistic_regression,rfecv,,
egemaps_logistic_regression_emotion_original_speaker_independent_rfecv,03-01-07-01-01-01-22,4,disgust,disgust,egemaps,speaker_independent,emotion_original,logistic_regression,rfecv,,
egemaps_logistic_regression_emotion_original_speaker_independent_rfecv,03-01-07-01-01-02-14,4,disgust,disgust,egemaps,speaker_independent,emotion_original,logistic_regression,rfecv,,
egemaps_logistic_regression_emotion_original_speaker_independent_rfecv,03-01-07-01-01-02-16,4,disgust,disgust,egemaps,speaker_independent,emotion_original,logistic_regression,rfecv,,
egemaps_logistic_regression_emotion_original_speaker_independent_rfecv,03-01-07-01-01-02-22,4,disgust,disgust,egemaps,speaker_independent,emotion_original,logistic_regression,rfecv,,
egemaps_logistic_regression_emotion_original_speaker_independent_rfecv,03-01-07-01-02-01-14,4,disgust,disgust,egemaps,speaker_independent,emotion_original,logistic_regression,rfecv,,
egemaps_logistic_regression_emotion_original_speaker_independent_rfecv,03-01-07-01-02-01-24,4,disgust,angry,egemaps,speaker_independent,emotion_original,logistic_regression,rfecv,,
egemaps_logistic_regression_emotion_original_speaker_independent_rfecv,03-01-07-01-02-02-14,4,disgust,disgust,egemaps,speaker_independent,emotion_original,logistic_regression,rfecv,,
egemaps_logistic_regression_emotion_original_speaker_independent_rfecv,03-01-07-01-02-02-24,4,disgust,disgust,egemaps,speaker_independent,emotion_original,logistic_regression,rfecv,,
egemaps_logistic_regression_emotion_original_speaker_independent_rfecv,03-01-07-02-01-01-14,4,disgust,disgust,egemaps,speaker_independent,emotion_original,logistic_regression,rfecv,,
egemaps_logistic_regression_emotion_original_speaker_independent_rfecv,03-01-07-02-01-01-16,4,disgust,disgust,egemaps,speaker_independent,emotion_original,logistic_regression,rfecv,,
egemaps_logistic_regression_emotion_original_speaker_independent_rfecv,03-01-07-02-01-01-22,4,disgust,calm,egemaps,speaker_independent,emotion_original,logistic_regression,rfecv,,
egemaps_logistic_regression_emotion_original_speaker_independent_rfecv,03-01-07-02-01-01-24,4,disgust,surprised,egemaps,speaker_independent,emotion_original,logistic_regression,rfecv,,
egemaps_logistic_regression_emotion_original_speaker_independent_rfecv,03-01-07-02-01-02-14,4,disgust,angry,egemaps,speaker_independent,emotion_original,logistic_regression,rfecv,,
egemaps_logistic_regression_emotion_original_speaker_independent_rfecv,03-01-07-02-01-02-16,4,disgust,disgust,egemaps,speaker_independent,emotion_original,logistic_regression,rfecv,,
egemaps_logistic_regression_emotion_original_speaker_independent_rfecv,03-01-07-02-01-02-22,4,disgust,disgust,egemaps,speaker_independent,emotion_original,logistic_regression,rfecv,,
egemaps_logistic_regression_emotion_original_speaker_independent_rfecv,03-01-07-02-01-02-24,4,disgust,disgust,egemaps,speaker_independent,emotion_original,logistic_regression,rfecv,,
egemaps_logistic_regression_emotion_original_speaker_independent_rfecv,03-01-07-02-02-01-14,4,disgust,disgust,egemaps,speaker_independent,emotion_original,logistic_regression,rfecv,,
egemaps_logistic_regression_emotion_original_speaker_independent_rfecv,03-01-07-02-02-01-16,4,disgust,disgust,egemaps,speaker_independent,emotion_original,logistic_regression,rfecv,,
egemaps_logistic_regression_emotion_original_speaker_independent_rfecv,03-01-07-02-02-01-24,4,disgust,disgust,egemaps,speaker_independent,emotion_original,logistic_regression,rfecv,,
egemaps_logistic_regression_emotion_original_speaker_independent_rfecv,03-01-07-02-02-02-14,4,disgust,disgust,egemaps,speaker_independent,emotion_original,logistic_regression,rfecv,,
egemaps_logistic_regression_emotion_original_speaker_independent_rfecv,03-01-07-02-02-02-16,4,disgust,disgust,egemaps,speaker_independent,emotion_original,logistic_regression,rfecv,,
egemaps_logistic_regression_emotion_original_speaker_independent_rfecv,03-01-07-02-02-02-24,4,disgust,sad,egemaps,speaker_independent,emotion_original,logistic_regression,rfecv,,
egemaps_logistic_regression_emotion_original_speaker_independent_rfecv,03-01-08-01-01-01-14,4,surprised,surprised,egemaps,speaker_independent,emotion_original,logistic_regression,rfecv,,
egemaps_logistic_regression_emotion_original_speaker_independent_rfecv,03-01-08-01-01-01-16,4,surprised,disgust,egemaps,speaker_independent,emotion_original,logistic_regression,rfecv,,
egemaps_logistic_regression_emotion_original_speaker_independent_rfecv,03-01-08-01-01-01-24,4,surprised,surprised,egemaps,speaker_independent,emotion_original,logistic_regression,rfecv,,
egemaps_logistic_regression_emotion_original_speaker_independent_rfecv,03-01-08-01-01-02-14,4,surprised,disgust,egemaps,speaker_independent,emotion_original,logistic_regression,rfecv,,
egemaps_logistic_regression_emotion_original_speaker_independent_rfecv,03-01-08-01-01-02-16,4,surprised,surprised,egemaps,speaker_independent,emotion_original,logistic_regression,rfecv,,
egemaps_logistic_regression_emotion_original_speaker_independent_rfecv,03-01-08-01-01-02-24,4,surprised,disgust,egemaps,speaker_independent,emotion_original,logistic_regression,rfecv,,
egemaps_logistic_regression_emotion_original_speaker_independent_rfecv,03-01-08-01-02-01-14,4,surprised,surprised,egemaps,speaker_independent,emotion_original,logistic_regression,rfecv,,
egemaps_logistic_regression_emotion_original_speaker_independent_rfecv,03-01-08-01-02-01-22,4,surprised,surprised,egemaps,speaker_independent,emotion_original,logistic_regression,rfecv,,
egemaps_logistic_regression_emotion_original_speaker_independent_rfecv,03-01-08-01-02-01-24,4,surprised,surprised,egemaps,speaker_independent,emotion_original,logistic_regression,rfecv,,
egemaps_logistic_regression_emotion_original_speaker_independent_rfecv,03-01-08-01-02-02-14,4,surprised,surprised,egemaps,speaker_independent,emotion_original,logistic_regression,rfecv,,
egemaps_logistic_regression_emotion_original_speaker_independent_rfecv,03-01-08-01-02-02-22,4,surprised,surprised,egemaps,speaker_independent,emotion_original,logistic_regression,rfecv,,
egemaps_logistic_regression_emotion_original_speaker_independent_rfecv,03-01-08-01-02-02-24,4,surprised,disgust,egemaps,speaker_independent,emotion_original,logistic_regression,rfecv,,
egemaps_logistic_regression_emotion_original_speaker_independent_rfecv,03-01-08-02-01-01-16,4,surprised,disgust,egemaps,speaker_independent,emotion_original,logistic_regression,rfecv,,
egemaps_logistic_regression_emotion_original_speaker_independent_rfecv,03-01-08-02-01-01-22,4,surprised,surprised,egemaps,speaker_independent,emotion_original,logistic_regression,rfecv,,
egemaps_logistic_regression_emotion_original_speaker_independent_rfecv,03-01-08-02-01-01-24,4,surprised,disgust,egemaps,speaker_independent,emotion_original,logistic_regression,rfecv,,
egemaps_logistic_regression_emotion_original_speaker_independent_rfecv,03-01-08-02-01-02-16,4,surprised,disgust,egemaps,speaker_independent,emotion_original,logistic_regression,rfecv,,
egemaps_logistic_regression_emotion_original_speaker_independent_rfecv,03-01-08-02-01-02-22,4,surprised,surprised,egemaps,speaker_independent,emotion_original,logistic_regression,rfecv,,
egemaps_logistic_regression_emotion_original_speaker_independent_rfecv,03-01-08-02-01-02-24,4,surprised,disgust,egemaps,speaker_independent,emotion_original,logistic_regression,rfecv,,
egemaps_logistic_regression_emotion_original_speaker_independent_rfecv,03-01-08-02-02-01-14,4,surprised,disgust,egemaps,speaker_independent,emotion_original,logistic_regression,rfecv,,
egemaps_logistic_regression_emotion_original_speaker_independent_rfecv,03-01-08-02-02-01-16,4,surprised,surprised,egemaps,speaker_independent,emotion_original,logistic_regression,rfecv,,
egemaps_logistic_regression_emotion_original_speaker_independent_rfecv,03-01-08-02-02-01-22,4,surprised,surprised,egemaps,speaker_independent,emotion_original,logistic_regression,rfecv,,
egemaps_logistic_regression_emotion_original_speaker_independent_rfecv,03-01-08-02-02-02-14,4,surprised,disgust,egemaps,speaker_independent,emotion_original,logistic_regression,rfecv,,
egemaps_logistic_regression_emotion_original_speaker_independent_rfecv,03-01-08-02-02-02-16,4,surprised,surprised,egemaps,speaker_independent,emotion_original,logistic_regression,rfecv,,
egemaps_logistic_regression_emotion_original_speaker_independent_rfecv,03-01-08-02-02-02-22,4,surprised,surprised,egemaps,speaker_independent,emotion_original,logistic_regression,rfecv,,
wav2vec_logistic_regression_emotion_original_speaker_independent_pca_95,03-01-01-01-01-01-05,0,neutral,neutral,wav2vec,speaker_independent,emotion_original,logistic_regression,pca_95,,
wav2vec_logistic_regression_emotion_original_speaker_independent_pca_95,03-01-01-01-01-01-13,0,neutral,neutral,wav2vec,speaker_independent,emotion_original,logistic_regression,pca_95,,
wav2vec_logistic_regression_emotion_original_speaker_independent_pca_95,03-01-01-01-01-01-18,0,neutral,neutral,wav2vec,speaker_independent,emotion_original,logistic_regression,pca_95,,
wav2vec_logistic_regression_emotion_original_speaker_independent_pca_95,03-01-01-01-01-02-05,0,neutral,neutral,wav2vec,speaker_independent,emotion_original,logistic_regression,pca_95,,
wav2vec_logistic_regression_emotion_original_speaker_independent_pca_95,03-01-01-01-01-02-13,0,neutral,neutral,wav2vec,speaker_independent,emotion_original,logistic_regression,pca_95,,
wav2vec_logistic_regression_emotion_original_speaker_independent_pca_95,03-01-01-01-01-02-18,0,neutral,sad,wav2vec,speaker_independent,emotion_original,logistic_regression,pca_95,,
wav2vec_logistic_regression_emotion_original_speaker_independent_pca_95,03-01-01-01-02-01-05,0,neutral,neutral,wav2vec,speaker_independent,emotion_original,logistic_regression,pca_95,,
wav2vec_logistic_regression_emotion_original_speaker_independent_pca_95,03-01-01-01-02-01-13,0,neutral,neutral,wav2vec,speaker_independent,emotion_original,logistic_regression,pca_95,,
wav2vec_logistic_regression_emotion_original_speaker_independent_pca_95,03-01-01-01-02-01-18,0,neutral,calm,wav2vec,speaker_independent,emotion_original,logistic_regression,pca_95,,
wav2vec_logistic_regression_emotion_original_speaker_independent_pca_95,03-01-01-01-02-02-05,0,neutral,sad,wav2vec,speaker_independent,emotion_original,logistic_regression,pca_95,,
wav2vec_logistic_regression_emotion_original_speaker_independent_pca_95,03-01-01-01-02-02-13,0,neutral,happy,wav2vec,speaker_independent,emotion_original,logistic_regression,pca_95,,
wav2vec_logistic_regression_emotion_original_speaker_independent_pca_95,03-01-01-01-02-02-18,0,neutral,neutral,wav2vec,speaker_independent,emotion_original,logistic_regression,pca_95,,
wav2vec_logistic_regression_emotion_original_speaker_independent_pca_95,03-01-02-01-01-01-05,0,calm,calm,wav2vec,speaker_independent,emotion_original,logistic_regression,pca_95,,
wav2vec_logistic_regression_emotion_original_speaker_independent_pca_95,03-01-02-01-01-01-18,0,calm,calm,wav2vec,speaker_independent,emotion_original,logistic_regression,pca_95,,
wav2vec_logistic_regression_emotion_original_speaker_independent_pca_95,03-01-02-01-01-02-05,0,calm,calm,wav2vec,speaker_independent,emotion_original,logistic_regression,pca_95,,
wav2vec_logistic_regression_emotion_original_speaker_independent_pca_95,03-01-02-01-01-02-18,0,calm,calm,wav2vec,speaker_independent,emotion_original,logistic_regression,pca_95,,
wav2vec_logistic_regression_emotion_original_speaker_independent_pca_95,03-01-02-01-02-01-05,0,calm,calm,wav2vec,speaker_independent,emotion_original,logistic_regression,pca_95,,
wav2vec_logistic_regression_emotion_original_speaker_independent_pca_95,03-01-02-01-02-01-13,0,calm,neutral,wav2vec,speaker_independent,emotion_original,logistic_regression,pca_95,,
wav2vec_logistic_regression_emotion_original_speaker_independent_pca_95,03-01-02-01-02-01-18,0,calm,calm,wav2vec,speaker_independent,emotion_original,logistic_regression,pca_95,,
wav2vec_logistic_regression_emotion_original_speaker_independent_pca_95,03-01-02-01-02-02-05,0,calm,disgust,wav2vec,speaker_independent,emotion_original,logistic_regression,pca_95,,
wav2vec_logistic_regression_emotion_original_speaker_independent_pca_95,03-01-02-01-02-02-13,0,calm,neutral,wav2vec,speaker_independent,emotion_original,logistic_regression,pca_95,,
wav2vec_logistic_regression_emotion_original_speaker_independent_pca_95,03-01-02-01-02-02-18,0,calm,calm,wav2vec,speaker_independent,emotion_original,logistic_regression,pca_95,,
wav2vec_logistic_regression_emotion_original_speaker_independent_pca_95,03-01-02-02-01-01-05,0,calm,disgust,wav2vec,speaker_independent,emotion_original,logistic_regression,pca_95,,
wav2vec_logistic_regression_emotion_original_speaker_independent_pca_95,03-01-02-02-01-01-13,0,calm,neutral,wav2vec,speaker_independent,emotion_original,logistic_regression,pca_95,,
wav2vec_logistic_regression_emotion_original_speaker_independent_pca_95,03-01-02-02-01-01-18,0,calm,neutral,wav2vec,speaker_independent,emotion_original,logistic_regression,pca_95,,
wav2vec_logistic_regression_emotion_original_speaker_independent_pca_95,03-01-02-02-01-02-05,0,calm,calm,wav2vec,speaker_independent,emotion_original,logistic_regression,pca_95,,
wav2vec_logistic_regression_emotion_original_speaker_independent_pca_95,03-01-02-02-01-02-13,0,calm,angry,wav2vec,speaker_independent,emotion_original,logistic_regression,pca_95,,
wav2vec_logistic_regression_emotion_original_speaker_independent_pca_95,03-01-02-02-01-02-18,0,calm,calm,wav2vec,speaker_independent,emotion_original,logistic_regression,pca_95,,
wav2vec_logistic_regression_emotion_original_speaker_independent_pca_95,03-01-02-02-02-01-05,0,calm,calm,wav2vec,speaker_independent,emotion_original,logistic_regression,pca_95,,
wav2vec_logistic_regression_emotion_original_speaker_independent_pca_95,03-01-02-02-02-01-13,0,calm,neutral,wav2vec,speaker_independent,emotion_original,logistic_regression,pca_95,,
wav2vec_logistic_regression_emotion_original_speaker_independent_pca_95,03-01-02-02-02-01-18,0,calm,calm,wav2vec,speaker_independent,emotion_original,logistic_regression,pca_95,,
wav2vec_logistic_regression_emotion_original_speaker_independent_pca_95,03-01-02-02-02-02-05,0,calm,calm,wav2vec,speaker_independent,emotion_original,logistic_regression,pca_95,,
wav2vec_logistic_regression_emotion_original_speaker_independent_pca_95,03-01-02-02-02-02-13,0,calm,happy,wav2vec,speaker_independent,emotion_original,logistic_regression,pca_95,,
wav2vec_logistic_regression_emotion_original_speaker_independent_pca_95,03-01-02-02-02-02-18,0,calm,calm,wav2vec,speaker_independent,emotion_original,logistic_regression,pca_95,,
wav2vec_logistic_regression_emotion_original_speaker_independent_pca_95,03-01-03-01-01-01-05,0,happy,sad,wav2vec,speaker_independent,emotion_original,logistic_regression,pca_95,,
wav2vec_logistic_regression_emotion_original_speaker_independent_pca_95,03-01-03-01-01-01-13,0,happy,surprised,wav2vec,speaker_independent,emotion_original,logistic_regression,pca_95,,
wav2vec_logistic_regression_emotion_original_speaker_independent_pca_95,03-01-03-01-01-01-18,0,happy,neutral,wav2vec,speaker_independent,emotion_original,logistic_regression,pca_95,,
wav2vec_logistic_regression_emotion_original_speaker_independent_pca_95,03-01-03-01-01-02-05,0,happy,neutral,wav2vec,speaker_independent,emotion_original,logistic_regression,pca_95,,
wav2vec_logistic_regression_emotion_original_speaker_independent_pca_95,03-01-03-01-01-02-13,0,happy,surprised,wav2vec,speaker_independent,emotion_original,logistic_regression,pca_95,,
wav2vec_logistic_regression_emotion_original_speaker_independent_pca_95,03-01-03-01-01-02-18,0,happy,neutral,wav2vec,speaker_independent,emotion_original,logistic_regression,pca_95,,
wav2vec_logistic_regression_emotion_original_speaker_independent_pca_95,03-01-03-01-02-01-05,0,happy,sad,wav2vec,speaker_independent,emotion_original,logistic_regression,pca_95,,
wav2vec_logistic_regression_emotion_original_speaker_independent_pca_95,03-01-03-01-02-01-13,0,happy,happy,wav2vec,speaker_independent,emotion_original,logistic_regression,pca_95,,
wav2vec_logistic_regression_emotion_original_speaker_independent_pca_95,03-01-03-01-02-01-18,0,happy,calm,wav2vec,speaker_independent,emotion_original,logistic_regression,pca_95,,
wav2vec_logistic_regression_emotion_original_speaker_independent_pca_95,03-01-03-01-02-02-05,0,happy,angry,wav2vec,speaker_independent,emotion_original,logistic_regression,pca_95,,
wav2vec_logistic_regression_emotion_original_speaker_independent_pca_95,03-01-03-01-02-02-13,0,happy,happy,wav2vec,speaker_independent,emotion_original,logistic_regression,pca_95,,
wav2vec_logistic_regression_emotion_original_speaker_independent_pca_95,03-01-03-01-02-02-18,0,happy,surprised,wav2vec,speaker_independent,emotion_original,logistic_regression,pca_95,,
wav2vec_logistic_regression_emotion_original_speaker_independent_pca_95,03-01-03-02-01-01-05,0,happy,sad,wav2vec,speaker_independent,emotion_original,logistic_regression,pca_95,,
wav2vec_logistic_regression_emotion_original_speaker_independent_pca_95,03-01-03-02-01-01-18,0,happy,fearful,wav2vec,speaker_independent,emotion_original,logistic_regression,pca_95,,
wav2vec_logistic_regression_emotion_original_speaker_independent_pca_95,03-01-03-02-01-02-05,0,happy,surprised,wav2vec,speaker_independent,emotion_original,logistic_regression,pca_95,,
wav2vec_logistic_regression_emotion_original_speaker_independent_pca_95,03-01-03-02-01-02-18,0,happy,fearful,wav2vec,speaker_independent,emotion_original,logistic_regression,pca_95,,
wav2vec_logistic_regression_emotion_original_speaker_independent_pca_95,03-01-03-02-02-01-05,0,happy,angry,wav2vec,speaker_independent,emotion_original,logistic_regression,pca_95,,
wav2vec_logistic_regression_emotion_original_speaker_independent_pca_95,03-01-03-02-02-01-13,0,happy,surprised,wav2vec,speaker_independent,emotion_original,logistic_regression,pca_95,,
wav2vec_logistic_regression_emotion_original_speaker_independent_pca_95,03-01-03-02-02-01-18,0,happy,surprised,wav2vec,speaker_independent,emotion_original,logistic_regression,pca_95,,
wav2vec_logistic_regression_emotion_original_speaker_independent_pca_95,03-01-03-02-02-02-05,0,happy,happy,wav2vec,speaker_independent,emotion_original,logistic_regression,pca_95,,
wav2vec_logistic_regression_emotion_original_speaker_independent_pca_95,03-01-03-02-02-02-13,0,happy,surprised,wav2vec,speaker_independent,emotion_original,logistic_regression,pca_95,,
wav2vec_logistic_regression_emotion_original_speaker_independent_pca_95,03-01-03-02-02-02-18,0,happy,fearful,wav2vec,speaker_independent,emotion_original,logistic_regression,pca_95,,
wav2vec_logistic_regression_emotion_original_speaker_independent_pca_95,03-01-04-01-01-01-05,0,sad,fearful,wav2vec,speaker_independent,emotion_original,logistic_regression,pca_95,,
wav2vec_logistic_regression_emotion_original_speaker_independent_pca_95,03-01-04-01-01-01-13,0,sad,calm,wav2vec,speaker_independent,emotion_original,logistic_regression,pca_95,,
wav2vec_logistic_regression_emotion_original_speaker_independent_pca_95,03-01-04-01-01-02-05,0,sad,calm,wav2vec,speaker_independent,emotion_original,logistic_regression,pca_95,,
wav2vec_logistic_regression_emotion_original_speaker_independent_pca_95,03-01-04-01-01-02-13,0,sad,neutral,wav2vec,speaker_independent,emotion_original,logistic_regression,pca_95,,
wav2vec_logistic_regression_emotion_original_speaker_independent_pca_95,03-01-04-01-02-01-05,0,sad,fearful,wav2vec,speaker_independent,emotion_original,logistic_regression,pca_95,,
wav2vec_logistic_regression_emotion_original_speaker_independent_pca_95,03-01-04-01-02-01-13,0,sad,neutral,wav2vec,speaker_independent,emotion_original,logistic_regression,pca_95,,
wav2vec_logistic_regression_emotion_original_speaker_independent_pca_95,03-01-04-01-02-01-18,0,sad,sad,wav2vec,speaker_independent,emotion_original,logistic_regression,pca_95,,
wav2vec_logistic_regression_emotion_original_speaker_independent_pca_95,03-01-04-01-02-02-05,0,sad,calm,wav2vec,speaker_independent,emotion_original,logistic_regression,pca_95,,
wav2vec_logistic_regression_emotion_original_speaker_independent_pca_95,03-01-04-01-02-02-13,0,sad,neutral,wav2vec,speaker_independent,emotion_original,logistic_regression,pca_95,,
wav2vec_logistic_regression_emotion_original_speaker_independent_pca_95,03-01-04-01-02-02-18,0,sad,neutral,wav2vec,speaker_independent,emotion_original,logistic_regression,pca_95,,
wav2vec_logistic_regression_emotion_original_speaker_independent_pca_95,03-01-04-02-01-01-13,0,sad,angry,wav2vec,speaker_independent,emotion_original,logistic_regression,pca_95,,
wav2vec_logistic_regression_emotion_original_speaker_independent_pca_95,03-01-04-02-01-01-18,0,sad,sad,wav2vec,speaker_independent,emotion_original,logistic_regression,pca_95,,
wav2vec_logistic_regression_emotion_original_speaker_independent_pca_95,03-01-04-02-01-02-13,0,sad,neutral,wav2vec,speaker_independent,emotion_original,logistic_regression,pca_95,,
wav2vec_logistic_regression_emotion_original_speaker_independent_pca_95,03-01-04-02-01-02-18,0,sad,fearful,wav2vec,speaker_independent,emotion_original,logistic_regression,pca_95,,
wav2vec_logistic_regression_emotion_original_speaker_independent_pca_95,03-01-04-02-02-01-05,0,sad,sad,wav2vec,speaker_independent,emotion_original,logistic_regression,pca_95,,
wav2vec_logistic_regression_emotion_original_speaker_independent_pca_95,03-01-04-02-02-01-18,0,sad,fearful,wav2vec,speaker_independent,emotion_original,logistic_regression,pca_95,,
wav2vec_logistic_regression_emotion_original_speaker_independent_pca_95,03-01-04-02-02-02-05,0,sad,neutral,wav2vec,speaker_independent,emotion_original,logistic_regression,pca_95,,
wav2vec_logistic_regression_emotion_original_speaker_independent_pca_95,03-01-04-02-02-02-18,0,sad,surprised,wav2vec,speaker_independent,emotion_original,logistic_regression,pca_95,,
wav2vec_logistic_regression_emotion_original_speaker_independent_pca_95,03-01-05-01-01-01-05,0,angry,angry,wav2vec,speaker_independent,emotion_original,logistic_regression,pca_95,,
wav2vec_logistic_regression_emotion_original_speaker_independent_pca_95,03-01-05-01-01-01-13,0,angry,angry,wav2vec,speaker_independent,emotion_original,logistic_regression,pca_95,,
wav2vec_logistic_regression_emotion_original_speaker_independent_pca_95,03-01-05-01-01-01-18,0,angry,angry,wav2vec,speaker_independent,emotion_original,logistic_regression,pca_95,,
wav2vec_logistic_regression_emotion_original_speaker_independent_pca_95,03-01-05-01-01-02-05,0,angry,angry,wav2vec,speaker_independent,emotion_original,logistic_regression,pca_95,,
wav2vec_logistic_regression_emotion_original_speaker_independent_pca_95,03-01-05-01-01-02-13,0,angry,angry,wav2vec,speaker_independent,emotion_original,logistic_regression,pca_95,,
wav2vec_logistic_regression_emotion_original_speaker_independent_pca_95,03-01-05-01-01-02-18,0,angry,angry,wav2vec,speaker_independent,emotion_original,logistic_regression,pca_95,,
wav2vec_logistic_regression_emotion_original_speaker_independent_pca_95,03-01-05-01-02-01-05,0,angry,angry,wav2vec,speaker_independent,emotion_original,logistic_regression,pca_95,,
wav2vec_logistic_regression_emotion_original_speaker_independent_pca_95,03-01-05-01-02-01-13,0,angry,angry,wav2vec,speaker_independent,emotion_original,logistic_regression,pca_95,,
wav2vec_logistic_regression_emotion_original_speaker_independent_pca_95,03-01-05-01-02-01-18,0,angry,disgust,wav2vec,speaker_independent,emotion_original,logistic_regression,pca_95,,
wav2vec_logistic_regression_emotion_original_speaker_independent_pca_95,03-01-05-01-02-02-05,0,angry,angry,wav2vec,speaker_independent,emotion_original,logistic_regression,pca_95,,
wav2vec_logistic_regression_emotion_original_speaker_independent_pca_95,03-01-05-01-02-02-13,0,angry,happy,wav2vec,speaker_independent,emotion_original,logistic_regression,pca_95,,
wav2vec_logistic_regression_emotion_original_speaker_independent_pca_95,03-01-05-01-02-02-18,0,angry,disgust,wav2vec,speaker_independent,emotion_original,logistic_regression,pca_95,,
wav2vec_logistic_regression_emotion_original_speaker_independent_pca_95,03-01-05-02-01-01-13,0,angry,angry,wav2vec,speaker_independent,emotion_original,logistic_regression,pca_95,,
wav2vec_logistic_regression_emotion_original_speaker_independent_pca_95,03-01-05-02-01-02-13,0,angry,angry,wav2vec,speaker_independent,emotion_original,logistic_regression,pca_95,,
wav2vec_logistic_regression_emotion_original_speaker_independent_pca_95,03-01-05-02-02-01-05,0,angry,angry,wav2vec,speaker_independent,emotion_original,logistic_regression,pca_95,,
wav2vec_logistic_regression_emotion_original_speaker_independent_pca_95,03-01-05-02-02-01-13,0,angry,angry,wav2vec,speaker_independent,emotion_original,logistic_regression,pca_95,,
wav2vec_logistic_regression_emotion_original_speaker_independent_pca_95,03-01-05-02-02-01-18,0,angry,fearful,wav2vec,speaker_independent,emotion_original,logistic_regression,pca_95,,
wav2vec_logistic_regression_emotion_original_speaker_independent_pca_95,03-01-05-02-02-02-05,0,angry,angry,wav2vec,speaker_independent,emotion_original,logistic_regression,pca_95,,
wav2vec_logistic_regression_emotion_original_speaker_independent_pca_95,03-01-05-02-02-02-13,0,angry,angry,wav2vec,speaker_independent,emotion_original,logistic_regression,pca_95,,
wav2vec_logistic_regression_emotion_original_speaker_independent_pca_95,03-01-05-02-02-02-18,0,angry,disgust,wav2vec,speaker_independent,emotion_original,logistic_regression,pca_95,,
wav2vec_logistic_regression_emotion_original_speaker_independent_pca_95,03-01-06-01-01-01-13,0,fearful,surprised,wav2vec,speaker_independent,emotion_original,logistic_regression,pca_95,,
wav2vec_logistic_regression_emotion_original_speaker_independent_pca_95,03-01-06-01-01-01-18,0,fearful,surprised,wav2vec,speaker_independent,emotion_original,logistic_regression,pca_95,,
wav2vec_logistic_regression_emotion_original_speaker_independent_pca_95,03-01-06-01-01-02-13,0,fearful,surprised,wav2vec,speaker_independent,emotion_original,logistic_regression,pca_95,,
wav2vec_logistic_regression_emotion_original_speaker_independent_pca_95,03-01-06-01-01-02-18,0,fearful,fearful,wav2vec,speaker_independent,emotion_original,logistic_regression,pca_95,,
wav2vec_logistic_regression_emotion_original_speaker_independent_pca_95,03-01-06-01-02-01-05,0,fearful,surprised,wav2vec,speaker_independent,emotion_original,logistic_regression,pca_95,,
wav2vec_logistic_regression_emotion_original_speaker_independent_pca_95,03-01-06-01-02-02-05,0,fearful,fearful,wav2vec,speaker_independent,emotion_original,logistic_regression,pca_95,,
wav2vec_logistic_regression_emotion_original_speaker_independent_pca_95,03-01-06-02-01-01-13,0,fearful,surprised,wav2vec,speaker_independent,emotion_original,logistic_regression,pca_95,,
wav2vec_logistic_regression_emotion_original_speaker_independent_pca_95,03-01-06-02-01-01-18,0,fearful,fearful,wav2vec,speaker_independent,emotion_original,logistic_regression,pca_95,,
wav2vec_logistic_regression_emotion_original_speaker_independent_pca_95,03-01-06-02-01-02-13,0,fearful,surprised,wav2vec,speaker_independent,emotion_original,logistic_regression,pca_95,,
wav2vec_logistic_regression_emotion_original_speaker_independent_pca_95,03-01-06-02-01-02-18,0,fearful,fearful,wav2vec,speaker_independent,emotion_original,logistic_regression,pca_95,,
wav2vec_logistic_regression_emotion_original_speaker_independent_pca_95,03-01-06-02-02-01-05,0,fearful,fearful,wav2vec,speaker_independent,emotion_original,logistic_regression,pca_95,,
wav2vec_logistic_regression_emotion_original_speaker_independent_pca_95,03-01-06-02-02-01-13,0,fearful,happy,wav2vec,speaker_independent,emotion_original,logistic_regression,pca_95,,
wav2vec_logistic_regression_emotion_original_speaker_independent_pca_95,03-01-06-02-02-02-05,0,fearful,fearful,wav2vec,speaker_independent,emotion_original,logistic_regression,pca_95,,
wav2vec_logistic_regression_emotion_original_speaker_independent_pca_95,03-01-06-02-02-02-13,0,fearful,surprised,wav2vec,speaker_independent,emotion_original,logistic_regression,pca_95,,
wav2vec_logistic_regression_emotion_original_speaker_independent_pca_95,03-01-07-01-01-01-05,0,disgust,disgust,wav2vec,speaker_independent,emotion_original,logistic_regression,pca_95,,
wav2vec_logistic_regression_emotion_original_speaker_independent_pca_95,03-01-07-01-01-01-13,0,disgust,neutral,wav2vec,speaker_independent,emotion_original,logistic_regression,pca_95,,
wav2vec_logistic_regression_emotion_original_speaker_independent_pca_95,03-01-07-01-01-01-18,0,disgust,disgust,wav2vec,speaker_independent,emotion_original,logistic_regression,pca_95,,
wav2vec_logistic_regression_emotion_original_speaker_independent_pca_95,03-01-07-01-01-02-05,0,disgust,disgust,wav2vec,speaker_independent,emotion_original,logistic_regression,pca_95,,
wav2vec_logistic_regression_emotion_original_speaker_independent_pca_95,03-01-07-01-01-02-13,0,disgust,angry,wav2vec,speaker_independent,emotion_original,logistic_regression,pca_95,,
wav2vec_logistic_regression_emotion_original_speaker_independent_pca_95,03-01-07-01-01-02-18,0,disgust,disgust,wav2vec,speaker_independent,emotion_original,logistic_regression,pca_95,,
wav2vec_logistic_regression_emotion_original_speaker_independent_pca_95,03-01-07-02-01-01-05,0,disgust,disgust,wav2vec,speaker_independent,emotion_original,logistic_regression,pca_95,,
wav2vec_logistic_regression_emotion_original_speaker_independent_pca_95,03-01-07-02-01-01-13,0,disgust,angry,wav2vec,speaker_independent,emotion_original,logistic_regression,pca_95,,
wav2vec_logistic_regression_emotion_original_speaker_independent_pca_95,03-01-07-02-01-01-18,0,disgust,disgust,wav2vec,speaker_independent,emotion_original,logistic_regression,pca_95,,
wav2vec_logistic_regression_emotion_original_speaker_independent_pca_95,03-01-07-02-01-02-05,0,disgust,angry,wav2vec,speaker_independent,emotion_original,logistic_regression,pca_95,,
wav2vec_logistic_regression_emotion_original_speaker_independent_pca_95,03-01-07-02-01-02-13,0,disgust,angry,wav2vec,speaker_independent,emotion_original,logistic_regression,pca_95,,
wav2vec_logistic_regression_emotion_original_speaker_independent_pca_95,03-01-07-02-01-02-18,0,disgust,angry,wav2vec,speaker_independent,emotion_original,logistic_regression,pca_95,,
wav2vec_logistic_regression_emotion_original_speaker_independent_pca_95,03-01-07-02-02-01-05,0,disgust,disgust,wav2vec,speaker_independent,emotion_original,logistic_regression,pca_95,,
wav2vec_logistic_regression_emotion_original_speaker_independent_pca_95,03-01-07-02-02-01-13,0,disgust,angry,wav2vec,speaker_independent,emotion_original,logistic_regression,pca_95,,
wav2vec_logistic_regression_emotion_original_speaker_independent_pca_95,03-01-07-02-02-01-18,0,disgust,disgust,wav2vec,speaker_independent,emotion_original,logistic_regression,pca_95,,
wav2vec_logistic_regression_emotion_original_speaker_independent_pca_95,03-01-07-02-02-02-05,0,disgust,disgust,wav2vec,speaker_independent,emotion_original,logistic_regression,pca_95,,
wav2vec_logistic_regression_emotion_original_speaker_independent_pca_95,03-01-07-02-02-02-13,0,disgust,angry,wav2vec,speaker_independent,emotion_original,logistic_regression,pca_95,,
wav2vec_logistic_regression_emotion_original_speaker_independent_pca_95,03-01-07-02-02-02-18,0,disgust,angry,wav2vec,speaker_independent,emotion_original,logistic_regression,pca_95,,
wav2vec_logistic_regression_emotion_original_speaker_independent_pca_95,03-01-08-01-01-01-05,0,surprised,surprised,wav2vec,speaker_independent,emotion_original,logistic_regression,pca_95,,
wav2vec_logistic_regression_emotion_original_speaker_independent_pca_95,03-01-08-01-01-01-18,0,surprised,neutral,wav2vec,speaker_independent,emotion_original,logistic_regression,pca_95,,
wav2vec_logistic_regression_emotion_original_speaker_independent_pca_95,03-01-08-01-01-02-05,0,surprised,angry,wav2vec,speaker_independent,emotion_original,logistic_regression,pca_95,,
wav2vec_logistic_regression_emotion_original_speaker_independent_pca_95,03-01-08-01-01-02-18,0,surprised,sad,wav2vec,speaker_independent,emotion_original,logistic_regression,pca_95,,
wav2vec_logistic_regression_emotion_original_speaker_independent_pca_95,03-01-08-01-02-01-05,0,surprised,surprised,wav2vec,speaker_independent,emotion_original,logistic_regression,pca_95,,
wav2vec_logistic_regression_emotion_original_speaker_independent_pca_95,03-01-08-01-02-01-13,0,surprised,surprised,wav2vec,speaker_independent,emotion_original,logistic_regression,pca_95,,
wav2vec_logistic_regression_emotion_original_speaker_independent_pca_95,03-01-08-01-02-01-18,0,surprised,surprised,wav2vec,speaker_independent,emotion_original,logistic_regression,pca_95,,
wav2vec_logistic_regression_emotion_original_speaker_independent_pca_95,03-01-08-01-02-02-05,0,surprised,disgust,wav2vec,speaker_independent,emotion_original,logistic_regression,pca_95,,
wav2vec_logistic_regression_emotion_original_speaker_independent_pca_95,03-01-08-01-02-02-13,0,surprised,surprised,wav2vec,speaker_independent,emotion_original,logistic_regression,pca_95,,
wav2vec_logistic_regression_emotion_original_speaker_independent_pca_95,03-01-08-01-02-02-18,0,surprised,sad,wav2vec,speaker_independent,emotion_original,logistic_regression,pca_95,,
wav2vec_logistic_regression_emotion_original_speaker_independent_pca_95,03-01-08-02-01-01-13,0,surprised,surprised,wav2vec,speaker_independent,emotion_original,logistic_regression,pca_95,,
wav2vec_logistic_regression_emotion_original_speaker_independent_pca_95,03-01-08-02-01-01-18,0,surprised,surprised,wav2vec,speaker_independent,emotion_original,logistic_regression,pca_95,,
wav2vec_logistic_regression_emotion_original_speaker_independent_pca_95,03-01-08-02-01-02-13,0,surprised,surprised,wav2vec,speaker_independent,emotion_original,logistic_regression,pca_95,,
wav2vec_logistic_regression_emotion_original_speaker_independent_pca_95,03-01-08-02-01-02-18,0,surprised,surprised,wav2vec,speaker_independent,emotion_original,logistic_regression,pca_95,,
wav2vec_logistic_regression_emotion_original_speaker_independent_pca_95,03-01-08-02-02-01-05,0,surprised,surprised,wav2vec,speaker_independent,emotion_original,logistic_regression,pca_95,,
wav2vec_logistic_regression_emotion_original_speaker_independent_pca_95,03-01-08-02-02-01-13,0,surprised,happy,wav2vec,speaker_independent,emotion_original,logistic_regression,pca_95,,
wav2vec_logistic_regression_emotion_original_speaker_independent_pca_95,03-01-08-02-02-02-05,0,surprised,surprised,wav2vec,speaker_independent,emotion_original,logistic_regression,pca_95,,
wav2vec_logistic_regression_emotion_original_speaker_independent_pca_95,03-01-08-02-02-02-13,0,surprised,surprised,wav2vec,speaker_independent,emotion_original,logistic_regression,pca_95,,
wav2vec_logistic_regression_emotion_original_speaker_independent_pca_95,03-01-01-01-01-01-01,1,neutral,neutral,wav2vec,speaker_independent,emotion_original,logistic_regression,pca_95,,
wav2vec_logistic_regression_emotion_original_speaker_independent_pca_95,03-01-01-01-01-01-03,1,neutral,happy,wav2vec,speaker_independent,emotion_original,logistic_regression,pca_95,,
wav2vec_logistic_regression_emotion_original_speaker_independent_pca_95,03-01-01-01-01-01-09,1,neutral,sad,wav2vec,speaker_independent,emotion_original,logistic_regression,pca_95,,
wav2vec_logistic_regression_emotion_original_speaker_independent_pca_95,03-01-01-01-01-02-01,1,neutral,sad,wav2vec,speaker_independent,emotion_original,logistic_regression,pca_95,,
wav2vec_logistic_regression_emotion_original_speaker_independent_pca_95,03-01-01-01-01-02-03,1,neutral,happy,wav2vec,speaker_independent,emotion_original,logistic_regression,pca_95,,
wav2vec_logistic_regression_emotion_original_speaker_independent_pca_95,03-01-01-01-01-02-09,1,neutral,calm,wav2vec,speaker_independent,emotion_original,logistic_regression,pca_95,,
wav2vec_logistic_regression_emotion_original_speaker_independent_pca_95,03-01-01-01-02-01-01,1,neutral,sad,wav2vec,speaker_independent,emotion_original,logistic_regression,pca_95,,
wav2vec_logistic_regression_emotion_original_speaker_independent_pca_95,03-01-01-01-02-01-03,1,neutral,neutral,wav2vec,speaker_independent,emotion_original,logistic_regression,pca_95,,
wav2vec_logistic_regression_emotion_original_speaker_independent_pca_95,03-01-01-01-02-01-09,1,neutral,sad,wav2vec,speaker_independent,emotion_original,logistic_regression,pca_95,,
wav2vec_logistic_regression_emotion_original_speaker_independent_pca_95,03-01-01-01-02-01-15,1,neutral,neutral,wav2vec,speaker_independent,emotion_original,logistic_regression,pca_95,,
wav2vec_logistic_regression_emotion_original_speaker_independent_pca_95,03-01-01-01-02-02-01,1,neutral,neutral,wav2vec,speaker_independent,emotion_original,logistic_regression,pca_95,,
wav2vec_logistic_regression_emotion_original_speaker_independent_pca_95,03-01-01-01-02-02-03,1,neutral,sad,wav2vec,speaker_independent,emotion_original,logistic_regression,pca_95,,
wav2vec_logistic_regression_emotion_original_speaker_independent_pca_95,03-01-01-01-02-02-09,1,neutral,neutral,wav2vec,speaker_independent,emotion_original,logistic_regression,pca_95,,
wav2vec_logistic_regression_emotion_original_speaker_independent_pca_95,03-01-01-01-02-02-15,1,neutral,neutral,wav2vec,speaker_independent,emotion_original,logistic_regression,pca_95,,
wav2vec_logistic_regression_emotion_original_speaker_independent_pca_95,03-01-02-01-01-01-01,1,calm,neutral,wav2vec,speaker_independent,emotion_original,logistic_regression,pca_95,,
wav2vec_logistic_regression_emotion_original_speaker_independent_pca_95,03-01-02-01-01-01-03,1,calm,neutral,wav2vec,speaker_independent,emotion_original,logistic_regression,pca_95,,
wav2vec_logistic_regression_emotion_original_speaker_independent_pca_95,03-01-02-01-01-01-09,1,calm,surprised,wav2vec,speaker_independent,emotion_original,logistic_regression,pca_95,,
wav2vec_logistic_regression_emotion_original_speaker_independent_pca_95,03-01-02-01-01-01-15,1,calm,calm,wav2vec,speaker_independent,emotion_original,logistic_regression,pca_95,,
wav2vec_logistic_regression_emotion_original_speaker_independent_pca_95,03-01-02-01-01-02-01,1,calm,neutral,wav2vec,speaker_independent,emotion_original,logistic_regression,pca_95,,
wav2vec_logistic_regression_emotion_original_speaker_independent_pca_95,03-01-02-01-01-02-03,1,calm,happy,wav2vec,speaker_independent,emotion_original,logistic_regression,pca_95,,
wav2vec_logistic_regression_emotion_original_speaker_independent_pca_95,03-01-02-01-01-02-09,1,calm,disgust,wav2vec,speaker_independent,emotion_original,logistic_regression,pca_95,,
wav2vec_logistic_regression_emotion_original_speaker_independent_pca_95,03-01-02-01-01-02-15,1,calm,neutral,wav2vec,speaker_independent,emotion_original,logistic_regression,pca_95,,
wav2vec_logistic_regression_emotion_original_speaker_independent_pca_95,03-01-02-01-02-01-01,1,calm,calm,wav2vec,speaker_independent,emotion_original,logistic_regression,pca_95,,
wav2vec_logistic_regression_emotion_original_speaker_independent_pca_95,03-01-02-01-02-01-03,1,calm,calm,wav2vec,speaker_independent,emotion_original,logistic_regression,pca_95,,
wav2vec_logistic_regression_emotion_original_speaker_independent_pca_95,03-01-02-01-02-01-09,1,calm,calm,wav2vec,speaker_independent,emotion_original,logistic_regression,pca_95,,
wav2vec_logistic_regression_emotion_original_speaker_independent_pca_95,03-01-02-01-02-01-15,1,calm,disgust,wav2vec,speaker_independent,emotion_original,logistic_regression,pca_95,,
wav2vec_logistic_regression_emotion_original_speaker_independent_pca_95,03-01-02-01-02-02-01,1,calm,calm,wav2vec,speaker_independent,emotion_original,logistic_regression,pca_95,,
wav2vec_logistic_regression_emotion_original_speaker_independent_pca_95,03-01-02-01-02-02-03,1,calm,happy,wav2vec,speaker_independent,emotion_original,logistic_regression,pca_95,,
wav2vec_logistic_regression_emotion_original_speaker_independent_pca_95,03-01-02-01-02-02-09,1,calm,sad,wav2vec,speaker_independent,emotion_original,logistic_regression,pca_95,,
wav2vec_logistic_regression_emotion_original_speaker_independent_pca_95,03-01-02-01-02-02-15,1,calm,calm,wav2vec,speaker_independent,emotion_original,logistic_regression,pca_95,,
wav2vec_logistic_regression_emotion_original_speaker_independent_pca_95,03-01-02-02-01-01-01,1,calm,calm,wav2vec,speaker_independent,emotion_original,logistic_regression,pca_95,,
wav2vec_logistic_regression_emotion_original_speaker_independent_pca_95,03-01-02-02-01-01-03,1,calm,neutral,wav2vec,speaker_independent,emotion_original,logistic_regression,pca_95,,
wav2vec_logistic_regression_emotion_original_speaker_independent_pca_95,03-01-02-02-01-02-01,1,calm,calm,wav2vec,speaker_independent,emotion_original,logistic_regression,pca_95,,
wav2vec_logistic_regression_emotion_original_speaker_independent_pca_95,03-01-02-02-01-02-03,1,calm,happy,wav2vec,speaker_independent,emotion_original,logistic_regression,pca_95,,
wav2vec_logistic_regression_emotion_original_speaker_independent_pca_95,03-01-02-02-02-01-01,1,calm,neutral,wav2vec,speaker_independent,emotion_original,logistic_regression,pca_95,,
wav2vec_logistic_regression_emotion_original_speaker_independent_pca_95,03-01-02-02-02-01-03,1,calm,disgust,wav2vec,speaker_independent,emotion_original,logistic_regression,pca_95,,
wav2vec_logistic_regression_emotion_original_speaker_independent_pca_95,03-01-02-02-02-01-09,1,calm,sad,wav2vec,speaker_independent,emotion_original,logistic_regression,pca_95,,
wav2vec_logistic_regression_emotion_original_speaker_independent_pca_95,03-01-02-02-02-01-15,1,calm,disgust,wav2vec,speaker_independent,emotion_original,logistic_regression,pca_95,,
wav2vec_logistic_regression_emotion_original_speaker_independent_pca_95,03-01-02-02-02-02-01,1,calm,neutral,wav2vec,speaker_independent,emotion_original,logistic_regression,pca_95,,
wav2vec_logistic_regression_emotion_original_speaker_independent_pca_95,03-01-02-02-02-02-03,1,calm,disgust,wav2vec,speaker_independent,emotion_original,logistic_regression,pca_95,,
wav2vec_logistic_regression_emotion_original_speaker_independent_pca_95,03-01-02-02-02-02-09,1,calm,sad,wav2vec,speaker_independent,emotion_original,logistic_regression,pca_95,,
wav2vec_logistic_regression_emotion_original_speaker_independent_pca_95,03-01-02-02-02-02-15,1,calm,sad,wav2vec,speaker_independent,emotion_original,logistic_regression,pca_95,,
wav2vec_logistic_regression_emotion_original_speaker_independent_pca_95,03-01-03-01-01-01-01,1,happy,happy,wav2vec,speaker_independent,emotion_original,logistic_regression,pca_95,,
wav2vec_logistic_regression_emotion_original_speaker_independent_pca_95,03-01-03-01-01-01-09,1,happy,sad,wav2vec,speaker_independent,emotion_original,logistic_regression,pca_95,,
wav2vec_logistic_regression_emotion_original_speaker_independent_pca_95,03-01-03-01-01-01-15,1,happy,neutral,wav2vec,speaker_independent,emotion_original,logistic_regression,pca_95,,
wav2vec_logistic_regression_emotion_original_speaker_independent_pca_95,03-01-03-01-01-02-01,1,happy,fearful,wav2vec,speaker_independent,emotion_original,logistic_regression,pca_95,,
wav2vec_logistic_regression_emotion_original_speaker_independent_pca_95,03-01-03-01-01-02-09,1,happy,neutral,wav2vec,speaker_independent,emotion_original,logistic_regression,pca_95,,
wav2vec_logistic_regression_emotion_original_speaker_independent_pca_95,03-01-03-01-01-02-15,1,happy,angry,wav2vec,speaker_independent,emotion_original,logistic_regression,pca_95,,
wav2vec_logistic_regression_emotion_original_speaker_independent_pca_95,03-01-03-01-02-01-01,1,happy,happy,wav2vec,speaker_independent,emotion_original,logistic_regression,pca_95,,
wav2vec_logistic_regression_emotion_original_speaker_independent_pca_95,03-01-03-01-02-01-03,1,happy,happy,wav2vec,speaker_independent,emotion_original,logistic_regression,pca_95,,
wav2vec_logistic_regression_emotion_original_speaker_independent_pca_95,03-01-03-01-02-01-09,1,happy,neutral,wav2vec,speaker_independent,emotion_original,logistic_regression,pca_95,,
wav2vec_logistic_regression_emotion_original_speaker_independent_pca_95,03-01-03-01-02-01-15,1,happy,neutral,wav2vec,speaker_independent,emotion_original,logistic_regression,pca_95,,
wav2vec_logistic_regression_emotion_original_speaker_independent_pca_95,03-01-03-01-02-02-01,1,happy,angry,wav2vec,speaker_independent,emotion_original,logistic_regression,pca_95,,
wav2vec_logistic_regression_emotion_original_speaker_independent_pca_95,03-01-03-01-02-02-03,1,happy,disgust,wav2vec,speaker_independent,emotion_original,logistic_regression,pca_95,,
wav2vec_logistic_regression_emotion_original_speaker_independent_pca_95,03-01-03-01-02-02-09,1,happy,neutral,wav2vec,speaker_independent,emotion_original,logistic_regression,pca_95,,
wav2vec_logistic_regression_emotion_original_speaker_independent_pca_95,03-01-03-01-02-02-15,1,happy,happy,wav2vec,speaker_independent,emotion_original,logistic_regression,pca_95,,
wav2vec_logistic_regression_emotion_original_speaker_independent_pca_95,03-01-03-02-01-01-01,1,happy,sad,wav2vec,speaker_independent,emotion_original,logistic_regression,pca_95,,
wav2vec_logistic_regression_emotion_original_speaker_independent_pca_95,03-01-03-02-01-01-03,1,happy,happy,wav2vec,speaker_independent,emotion_original,logistic_regression,pca_95,,
wav2vec_logistic_regression_emotion_original_speaker_independent_pca_95,03-01-03-02-01-01-15,1,happy,disgust,wav2vec,speaker_independent,emotion_original,logistic_regression,pca_95,,
wav2vec_logistic_regression_emotion_original_speaker_independent_pca_95,03-01-03-02-01-02-01,1,happy,sad,wav2vec,speaker_independent,emotion_original,logistic_regression,pca_95,,
wav2vec_logistic_regression_emotion_original_speaker_independent_pca_95,03-01-03-02-01-02-03,1,happy,disgust,wav2vec,speaker_independent,emotion_original,logistic_regression,pca_95,,
wav2vec_logistic_regression_emotion_original_speaker_independent_pca_95,03-01-03-02-01-02-15,1,happy,happy,wav2vec,speaker_independent,emotion_original,logistic_regression,pca_95,,
wav2vec_logistic_regression_emotion_original_speaker_independent_pca_95,03-01-03-02-02-01-09,1,happy,surprised,wav2vec,speaker_independent,emotion_original,logistic_regression,pca_95,,
wav2vec_logistic_regression_emotion_original_speaker_independent_pca_95,03-01-03-02-02-02-09,1,happy,sad,wav2vec,speaker_independent,emotion_original,logistic_regression,pca_95,,
wav2vec_logistic_regression_emotion_original_speaker_independent_pca_95,03-01-04-01-01-01-01,1,sad,sad,wav2vec,speaker_independent,emotion_original,logistic_regression,pca_95,,
wav2vec_logistic_regression_emotion_original_speaker_independent_pca_95,03-01-04-01-01-01-03,1,sad,neutral,wav2vec,speaker_independent,emotion_original,logistic_regression,pca_95,,
wav2vec_logistic_regression_emotion_original_speaker_independent_pca_95,03-01-04-01-01-01-09,1,sad,sad,wav2vec,speaker_independent,emotion_original,logistic_regression,pca_95,,
wav2vec_logistic_regression_emotion_original_speaker_independent_pca_95,03-01-04-01-01-01-15,1,sad,neutral,wav2vec,speaker_independent,emotion_original,logistic_regression,pca_95,,
wav2vec_logistic_regression_emotion_original_speaker_independent_pca_95,03-01-04-01-01-02-01,1,sad,neutral,wav2vec,speaker_independent,emotion_original,logistic_regression,pca_95,,
wav2vec_logistic_regression_emotion_original_speaker_independent_pca_95,03-01-04-01-01-02-03,1,sad,calm,wav2vec,speaker_independent,emotion_original,logistic_regression,pca_95,,
wav2vec_logistic_regression_emotion_original_speaker_independent_pca_95,03-01-04-01-01-02-09,1,sad,sad,wav2vec,speaker_independent,emotion_original,logistic_regression,pca_95,,
wav2vec_logistic_regression_emotion_original_speaker_independent_pca_95,03-01-04-01-01-02-15,1,sad,angry,wav2vec,speaker_independent,emotion_original,logistic_regression,pca_95,,
wav2vec_logistic_regression_emotion_original_speaker_independent_pca_95,03-01-04-01-02-01-01,1,sad,neutral,wav2vec,speaker_independent,emotion_original,logistic_regression,pca_95,,
wav2vec_logistic_regression_emotion_original_speaker_independent_pca_95,03-01-04-01-02-01-03,1,sad,sad,wav2vec,speaker_independent,emotion_original,logistic_regression,pca_95,,
wav2vec_logistic_regression_emotion_original_speaker_independent_pca_95,03-01-04-01-02-01-15,1,sad,neutral,wav2vec,speaker_independent,emotion_original,logistic_regression,pca_95,,
wav2vec_logistic_regression_emotion_original_speaker_independent_pca_95,03-01-04-01-02-02-01,1,sad,neutral,wav2vec,speaker_independent,emotion_original,logistic_regression,pca_95,,
wav2vec_logistic_regression_emotion_original_speaker_independent_pca_95,03-01-04-01-02-02-03,1,sad,sad,wav2vec,speaker_independent,emotion_original,logistic_regression,pca_95,,
wav2vec_logistic_regression_emotion_original_speaker_independent_pca_95,03-01-04-01-02-02-15,1,sad,sad,wav2vec,speaker_independent,emotion_original,logistic_regression,pca_95,,
wav2vec_logistic_regression_emotion_original_speaker_independent_pca_95,03-01-04-02-01-01-01,1,sad,sad,wav2vec,speaker_independent,emotion_original,logistic_regression,pca_95,,
wav2vec_logistic_regression_emotion_original_speaker_independent_pca_95,03-01-04-02-01-01-03,1,sad,sad,wav2vec,speaker_independent,emotion_original,logistic_regression,pca_95,,
wav2vec_logistic_regression_emotion_original_speaker_independent_pca_95,03-01-04-02-01-01-09,1,sad,sad,wav2vec,speaker_independent,emotion_original,logistic_regression,pca_95,,
wav2vec_logistic_regression_emotion_original_speaker_independent_pca_95,03-01-04-02-01-01-15,1,sad,sad,wav2vec,speaker_independent,emotion_original,logistic_regression,pca_95,,
wav2vec_logistic_regression_emotion_original_speaker_independent_pca_95,03-01-04-02-01-02-01,1,sad,sad,wav2vec,speaker_independent,emotion_original,logistic_regression,pca_95,,
wav2vec_logistic_regression_emotion_original_speaker_independent_pca_95,03-01-04-02-01-02-03,1,sad,sad,wav2vec,speaker_independent,emotion_original,logistic_regression,pca_95,,
wav2vec_logistic_regression_emotion_original_speaker_independent_pca_95,03-01-04-02-01-02-09,1,sad,fearful,wav2vec,speaker_independent,emotion_original,logistic_regression,pca_95,,
wav2vec_logistic_regression_emotion_original_speaker_independent_pca_95,03-01-04-02-01-02-15,1,sad,disgust,wav2vec,speaker_independent,emotion_original,logistic_regression,pca_95,,
wav2vec_logistic_regression_emotion_original_speaker_independent_pca_95,03-01-04-02-02-01-03,1,sad,fearful,wav2vec,speaker_independent,emotion_original,logistic_regression,pca_95,,
wav2vec_logistic_regression_emotion_original_speaker_independent_pca_95,03-01-04-02-02-01-09,1,sad,sad,wav2vec,speaker_independent,emotion_original,logistic_regression,pca_95,,
wav2vec_logistic_regression_emotion_original_speaker_independent_pca_95,03-01-04-02-02-01-15,1,sad,happy,wav2vec,speaker_independent,emotion_original,logistic_regression,pca_95,,
wav2vec_logistic_regression_emotion_original_speaker_independent_pca_95,03-01-04-02-02-02-03,1,sad,surprised,wav2vec,speaker_independent,emotion_original,logistic_regression,pca_95,,
wav2vec_logistic_regression_emotion_original_speaker_independent_pca_95,03-01-04-02-02-02-09,1,sad,sad,wav2vec,speaker_independent,emotion_original,logistic_regression,pca_95,,
wav2vec_logistic_regression_emotion_original_speaker_independent_pca_95,03-01-04-02-02-02-15,1,sad,happy,wav2vec,speaker_independent,emotion_original,logistic_regression,pca_95,,
wav2vec_logistic_regression_emotion_original_speaker_independent_pca_95,03-01-05-01-01-01-01,1,angry,angry,wav2vec,speaker_independent,emotion_original,logistic_regression,pca_95,,
wav2vec_logistic_regression_emotion_original_speaker_independent_pca_95,03-01-05-01-01-01-03,1,angry,disgust,wav2vec,speaker_independent,emotion_original,logistic_regression,pca_95,,
wav2vec_logistic_regression_emotion_original_speaker_independent_pca_95,03-01-05-01-01-01-15,1,angry,angry,wav2vec,speaker_independent,emotion_original,logistic_regression,pca_95,,
wav2vec_logistic_regression_emotion_original_speaker_independent_pca_95,03-01-05-01-01-02-01,1,angry,angry,wav2vec,speaker_independent,emotion_original,logistic_regression,pca_95,,
wav2vec_logistic_regression_emotion_original_speaker_independent_pca_95,03-01-05-01-01-02-03,1,angry,angry,wav2vec,speaker_independent,emotion_original,logistic_regression,pca_95,,
wav2vec_logistic_regression_emotion_original_speaker_independent_pca_95,03-01-05-01-01-02-15,1,angry,angry,wav2vec,speaker_independent,emotion_original,logistic_regression,pca_95,,
wav2vec_logistic_regression_emotion_original_speaker_independent_pca_95,03-01-05-01-02-01-01,1,angry,fearful,wav2vec,speaker_independent,emotion_original,logistic_regression,pca_95,,
wav2vec_logistic_regression_emotion_original_speaker_independent_pca_95,03-01-05-01-02-01-03,1,angry,angry,wav2vec,speaker_independent,emotion_original,logistic_regression,pca_95,,
wav2vec_logistic_regression_emotion_original_speaker_independent_pca_95,03-01-05-01-02-01-09,1,angry,disgust,wav2vec,speaker_independent,emotion_original,logistic_regression,pca_95,,
wav2vec_logistic_regression_emotion_original_speaker_independent_pca_95,03-01-05-01-02-01-15,1,angry,angry,wav2vec,speaker_independent,emotion_original,logistic_regression,pca_95,,
wav2vec_logistic_regression_emotion_original_speaker_independent_pca_95,03-01-05-01-02-02-01,1,angry,fearful,wav2vec,speaker_independent,emotion_original,logistic_regression,pca_95,,
wav2vec_logistic_regression_emotion_original_speaker_independent_pca_95,03-01-05-01-02-02-03,1,angry,disgust,wav2vec,speaker_independent,emotion_original,logistic_regression,pca_95,,
wav2vec_logistic_regression_emotion_original_speaker_independent_pca_95,03-01-05-01-02-02-09,1,angry,disgust,wav2vec,speaker_independent,emotion_original,logistic_regression,pca_95,,
wav2vec_logistic_regression_emotion_original_speaker_independent_pca_95,03-01-05-01-02-02-15,1,angry,angry,wav2vec,speaker_independent,emotion_original,logistic_regression,pca_95,,
wav2vec_logistic_regression_emotion_original_speaker_independent_pca_95,03-01-05-02-01-01-09,1,angry,angry,wav2vec,speaker_independent,emotion_original,logistic_regression,pca_95,,
wav2vec_logistic_regression_emotion_original_speaker_independent_pca_95,03-01-05-02-01-01-15,1,angry,angry,wav2vec,speaker_independent,emotion_original,logistic_regression,pca_95,,
wav2vec_logistic_regression_emotion_original_speaker_independent_pca_95,03-01-05-02-01-02-09,1,angry,fearful,wav2vec,speaker_independent,emotion_original,logistic_regression,pca_95,,
wav2vec_logistic_regression_emotion_original_speaker_independent_pca_95,03-01-05-02-01-02-15,1,angry,angry,wav2vec,speaker_independent,emotion_original,logistic_regression,pca_95,,
wav2vec_logistic_regression_emotion_original_speaker_independent_pca_95,03-01-05-02-02-01-01,1,angry,angry,wav2vec,speaker_independent,emotion_original,logistic_regression,pca_95,,
wav2vec_logistic_regression_emotion_original_speaker_independent_pca_95,03-01-05-02-02-01-03,1,angry,angry,wav2vec,speaker_independent,emotion_original,logistic_regression,pca_95,,
wav2vec_logistic_regression_emotion_original_speaker_independent_pca_95,03-01-05-02-02-01-09,1,angry,happy,wav2vec,speaker_independent,emotion_original,logistic_regression,pca_95,,
wav2vec_logistic_regression_emotion_original_speaker_independent_pca_95,03-01-05-02-02-02-01,1,angry,happy,wav2vec,speaker_independent,emotion_original,logistic_regression,pca_95,,
wav2vec_logistic_regression_emotion_original_speaker_independent_pca_95,03-01-05-02-02-02-03,1,angry,angry,wav2vec,speaker_independent,emotion_original,logistic_regression,pca_95,,
wav2vec_logistic_regression_emotion_original_speaker_independent_pca_95,03-01-05-02-02-02-09,1,angry,angry,wav2vec,speaker_independent,emotion_original,logistic_regression,pca_95,,
wav2vec_logistic_regression_emotion_original_speaker_independent_pca_95,03-01-06-01-01-01-01,1,fearful,happy,wav2vec,speaker_independent,emotion_original,logistic_regression,pca_95,,
wav2vec_logistic_regression_emotion_original_speaker_independent_pca_95,03-01-06-01-01-01-03,1,fearful,fearful,wav2vec,speaker_independent,emotion_original,logistic_regression,pca_95,,
wav2vec_logistic_regression_emotion_original_speaker_independent_pca_95,03-01-06-01-01-01-09,1,fearful,neutral,wav2vec,speaker_independent,emotion_original,logistic_regression,pca_95,,
wav2vec_logistic_regression_emotion_original_speaker_independent_pca_95,03-01-06-01-01-02-01,1,fearful,happy,wav2vec,speaker_independent,emotion_original,logistic_regression,pca_95,,
wav2vec_logistic_regression_emotion_original_speaker_independent_pca_95,03-01-06-01-01-02-03,1,fearful,happy,wav2vec,speaker_independent,emotion_original,logistic_regression,pca_95,,
wav2vec_logistic_regression_emotion_original_speaker_independent_pca_95,03-01-06-01-01-02-09,1,fearful,sad,wav2vec,speaker_independent,emotion_original,logistic_regression,pca_95,,
wav2vec_logistic_regression_emotion_original_speaker_independent_pca_95,03-01-06-01-02-01-01,1,fearful,neutral,wav2vec,speaker_independent,emotion_original,logistic_regression,pca_95,,
wav2vec_logistic_regression_emotion_original_speaker_independent_pca_95,03-01-06-01-02-01-09,1,fearful,calm,wav2vec,speaker_independent,emotion_original,logistic_regression,pca_95,,
wav2vec_logistic_regression_emotion_original_speaker_independent_pca_95,03-01-06-01-02-01-15,1,fearful,sad,wav2vec,speaker_independent,emotion_original,logistic_regression,pca_95,,
wav2vec_logistic_regression_emotion_original_speaker_independent_pca_95,03-01-06-01-02-02-01,1,fearful,sad,wav2vec,speaker_independent,emotion_original,logistic_regression,pca_95,,
wav2vec_logistic_regression_emotion_original_speaker_independent_pca_95,03-01-06-01-02-02-09,1,fearful,sad,wav2vec,speaker_independent,emotion_original,logistic_regression,pca_95,,
wav2vec_logistic_regression_emotion_original_speaker_independent_pca_95,03-01-06-01-02-02-15,1,fearful,fearful,wav2vec,speaker_independent,emotion_original,logistic_regression,pca_95,,
wav2vec_logistic_regression_emotion_original_speaker_independent_pca_95,03-01-06-02-01-01-01,1,fearful,fearful,wav2vec,speaker_independent,emotion_original,logistic_regression,pca_95,,
wav2vec_logistic_regression_emotion_original_speaker_independent_pca_95,03-01-06-02-01-01-03,1,fearful,fearful,wav2vec,speaker_independent,emotion_original,logistic_regression,pca_95,,
wav2vec_logistic_regression_emotion_original_speaker_independent_pca_95,03-01-06-02-01-01-09,1,fearful,fearful,wav2vec,speaker_independent,emotion_original,logistic_regression,pca_95,,
wav2vec_logistic_regression_emotion_original_speaker_independent_pca_95,03-01-06-02-01-01-15,1,fearful,fearful,wav2vec,speaker_independent,emotion_original,logistic_regression,pca_95,,
wav2vec_logistic_regression_emotion_original_speaker_independent_pca_95,03-01-06-02-01-02-01,1,fearful,fearful,wav2vec,speaker_independent,emotion_original,logistic_regression,pca_95,,
wav2vec_logistic_regression_emotion_original_speaker_independent_pca_95,03-01-06-02-01-02-03,1,fearful,fearful,wav2vec,speaker_independent,emotion_original,logistic_regression,pca_95,,
wav2vec_logistic_regression_emotion_original_speaker_independent_pca_95,03-01-06-02-01-02-09,1,fearful,disgust,wav2vec,speaker_independent,emotion_original,logistic_regression,pca_95,,
wav2vec_logistic_regression_emotion_original_speaker_independent_pca_95,03-01-06-02-01-02-15,1,fearful,fearful,wav2vec,speaker_independent,emotion_original,logistic_regression,pca_95,,
wav2vec_logistic_regression_emotion_original_speaker_independent_pca_95,03-01-06-02-02-01-03,1,fearful,fearful,wav2vec,speaker_independent,emotion_original,logistic_regression,pca_95,,
wav2vec_logistic_regression_emotion_original_speaker_independent_pca_95,03-01-06-02-02-01-15,1,fearful,happy,wav2vec,speaker_independent,emotion_original,logistic_regression,pca_95,,
wav2vec_logistic_regression_emotion_original_speaker_independent_pca_95,03-01-06-02-02-02-03,1,fearful,fearful,wav2vec,speaker_independent,emotion_original,logistic_regression,pca_95,,
wav2vec_logistic_regression_emotion_original_speaker_independent_pca_95,03-01-06-02-02-02-15,1,fearful,fearful,wav2vec,speaker_independent,emotion_original,logistic_regression,pca_95,,
wav2vec_logistic_regression_emotion_original_speaker_independent_pca_95,03-01-07-01-01-01-01,1,disgust,disgust,wav2vec,speaker_independent,emotion_original,logistic_regression,pca_95,,
wav2vec_logistic_regression_emotion_original_speaker_independent_pca_95,03-01-07-01-01-01-03,1,disgust,disgust,wav2vec,speaker_independent,emotion_original,logistic_regression,pca_95,,
wav2vec_logistic_regression_emotion_original_speaker_independent_pca_95,03-01-07-01-01-01-09,1,disgust,sad,wav2vec,speaker_independent,emotion_original,logistic_regression,pca_95,,
wav2vec_logistic_regression_emotion_original_speaker_independent_pca_95,03-01-07-01-01-01-15,1,disgust,disgust,wav2vec,speaker_independent,emotion_original,logistic_regression,pca_95,,
wav2vec_logistic_regression_emotion_original_speaker_independent_pca_95,03-01-07-01-01-02-01,1,disgust,disgust,wav2vec,speaker_independent,emotion_original,logistic_regression,pca_95,,
wav2vec_logistic_regression_emotion_original_speaker_independent_pca_95,03-01-07-01-01-02-03,1,disgust,disgust,wav2vec,speaker_independent,emotion_original,logistic_regression,pca_95,,
wav2vec_logistic_regression_emotion_original_speaker_independent_pca_95,03-01-07-01-01-02-09,1,disgust,calm,wav2vec,speaker_independent,emotion_original,logistic_regression,pca_95,,
wav2vec_logistic_regression_emotion_original_speaker_independent_pca_95,03-01-07-01-01-02-15,1,disgust,disgust,wav2vec,speaker_independent,emotion_original,logistic_regression,pca_95,,
wav2vec_logistic_regression_emotion_original_speaker_independent_pca_95,03-01-07-01-02-01-09,1,disgust,sad,wav2vec,speaker_independent,emotion_original,logistic_regression,pca_95,,
wav2vec_logistic_regression_emotion_original_speaker_independent_pca_95,03-01-07-01-02-01-15,1,disgust,sad,wav2vec,speaker_independent,emotion_original,logistic_regression,pca_95,,
wav2vec_logistic_regression_emotion_original_speaker_independent_pca_95,03-01-07-01-02-02-09,1,disgust,sad,wav2vec,speaker_independent,emotion_original,logistic_regression,pca_95,,
wav2vec_logistic_regression_emotion_original_speaker_independent_pca_95,03-01-07-01-02-02-15,1,disgust,angry,wav2vec,speaker_independent,emotion_original,logistic_regression,pca_95,,
wav2vec_logistic_regression_emotion_original_speaker_independent_pca_95,03-01-07-02-01-01-01,1,disgust,disgust,wav2vec,speaker_independent,emotion_original,logistic_regression,pca_95,,
wav2vec_logistic_regression_emotion_original_speaker_independent_pca_95,03-01-07-02-01-01-03,1,disgust,disgust,wav2vec,speaker_independent,emotion_original,logistic_regression,pca_95,,
wav2vec_logistic_regression_emotion_original_speaker_independent_pca_95,03-01-07-02-01-01-09,1,disgust,fearful,wav2vec,speaker_independent,emotion_original,logistic_regression,pca_95,,
wav2vec_logistic_regression_emotion_original_speaker_independent_pca_95,03-01-07-02-01-01-15,1,disgust,disgust,wav2vec,speaker_independent,emotion_original,logistic_regression,pca_95,,
wav2vec_logistic_regression_emotion_original_speaker_independent_pca_95,03-01-07-02-01-02-01,1,disgust,disgust,wav2vec,speaker_independent,emotion_original,logistic_regression,pca_95,,
wav2vec_logistic_regression_emotion_original_speaker_independent_pca_95,03-01-07-02-01-02-03,1,disgust,disgust,wav2vec,speaker_independent,emotion_original,logistic_regression,pca_95,,
wav2vec_logistic_regression_emotion_original_speaker_independent_pca_95,03-01-07-02-01-02-09,1,disgust,neutral,wav2vec,speaker_independent,emotion_original,logistic_regression,pca_95,,
wav2vec_logistic_regression_emotion_original_speaker_independent_pca_95,03-01-07-02-01-02-15,1,disgust,sad,wav2vec,speaker_independent,emotion_original,logistic_regression,pca_95,,
wav2vec_logistic_regression_emotion_original_speaker_independent_pca_95,03-01-07-02-02-01-01,1,disgust,disgust,wav2vec,speaker_independent,emotion_original,logistic_regression,pca_95,,
wav2vec_logistic_regression_emotion_original_speaker_independent_pca_95,03-01-07-02-02-01-03,1,disgust,disgust,wav2vec,speaker_independent,emotion_original,logistic_regression,pca_95,,
wav2vec_logistic_regression_emotion_original_speaker_independent_pca_95,03-01-07-02-02-01-09,1,disgust,sad,wav2vec,speaker_independent,emotion_original,logistic_regression,pca_95,,
wav2vec_logistic_regression_emotion_original_speaker_independent_pca_95,03-01-07-02-02-01-15,1,disgust,happy,wav2vec,speaker_independent,emotion_original,logistic_regression,pca_95,,
wav2vec_logistic_regression_emotion_original_speaker_independent_pca_95,03-01-07-02-02-02-01,1,disgust,surprised,wav2vec,speaker_independent,emotion_original,logistic_regression,pca_95,,
wav2vec_logistic_regression_emotion_original_speaker_independent_pca_95,03-01-07-02-02-02-03,1,disgust,disgust,wav2vec,speaker_independent,emotion_original,logistic_regression,pca_95,,
wav2vec_logistic_regression_emotion_original_speaker_independent_pca_95,03-01-07-02-02-02-09,1,disgust,sad,wav2vec,speaker_independent,emotion_original,logistic_regression,pca_95,,
wav2vec_logistic_regression_emotion_original_speaker_independent_pca_95,03-01-07-02-02-02-15,1,disgust,happy,wav2vec,speaker_independent,emotion_original,logistic_regression,pca_95,,
wav2vec_logistic_regression_emotion_original_speaker_independent_pca_95,03-01-08-01-01-01-01,1,surprised,sad,wav2vec,speaker_independent,emotion_original,logistic_regression,pca_95,,
wav2vec_logistic_regression_emotion_original_speaker_independent_pca_95,03-01-08-01-01-01-03,1,surprised,happy,wav2vec,speaker_independent,emotion_original,logistic_regression,pca_95,,
wav2vec_logistic_regression_emotion_original_speaker_independent_pca_95,03-01-08-01-01-01-09,1,surprised,sad,wav2vec,speaker_independent,emotion_original,logistic_regression,pca_95,,
wav2vec_logistic_regression_emotion_original_speaker_independent_pca_95,03-01-08-01-01-01-15,1,surprised,sad,wav2vec,speaker_independent,emotion_original,logistic_regression,pca_95,,
wav2vec_logistic_regression_emotion_original_speaker_independent_pca_95,03-01-08-01-01-02-01,1,surprised,neutral,wav2vec,speaker_independent,emotion_original,logistic_regression,pca_95,,
wav2vec_logistic_regression_emotion_original_speaker_independent_pca_95,03-01-08-01-01-02-03,1,surprised,surprised,wav2vec,speaker_independent,emotion_original,logistic_regression,pca_95,,
wav2vec_logistic_regression_emotion_original_speaker_independent_pca_95,03-01-08-01-01-02-09,1,surprised,neutral,wav2vec,speaker_independent,emotion_original,logistic_regression,pca_95,,
wav2vec_logistic_regression_emotion_original_speaker_independent_pca_95,03-01-08-01-01-02-15,1,surprised,happy,wav2vec,speaker_independent,emotion_original,logistic_regression,pca_95,,
wav2vec_logistic_regression_emotion_original_speaker_independent_pca_95,03-01-08-01-02-01-01,1,surprised,sad,wav2vec,speaker_independent,emotion_original,logistic_regression,pca_95,,
wav2vec_logistic_regression_emotion_original_speaker_independent_pca_95,03-01-08-01-02-01-03,1,surprised,surprised,wav2vec,speaker_independent,emotion_original,logistic_regression,pca_95,,
wav2vec_logistic_regression_emotion_original_speaker_independent_pca_95,03-01-08-01-02-01-09,1,surprised,sad,wav2vec,speaker_independent,emotion_original,logistic_regression,pca_95,,
wav2vec_logistic_regression_emotion_original_speaker_independent_pca_95,03-01-08-01-02-02-01,1,surprised,fearful,wav2vec,speaker_independent,emotion_original,logistic_regression,pca_95,,
wav2vec_logistic_regression_emotion_original_speaker_independent_pca_95,03-01-08-01-02-02-03,1,surprised,happy,wav2vec,speaker_independent,emotion_original,logistic_regression,pca_95,,
wav2vec_logistic_regression_emotion_original_speaker_independent_pca_95,03-01-08-01-02-02-09,1,surprised,neutral,wav2vec,speaker_independent,emotion_original,logistic_regression,pca_95,,
wav2vec_logistic_regression_emotion_original_speaker_independent_pca_95,03-01-08-02-01-01-01,1,surprised,fearful,wav2vec,speaker_independent,emotion_original,logistic_regression,pca_95,,
wav2vec_logistic_regression_emotion_original_speaker_independent_pca_95,03-01-08-02-01-01-03,1,surprised,surprised,wav2vec,speaker_independent,emotion_original,logistic_regression,pca_95,,
wav2vec_logistic_regression_emotion_original_speaker_independent_pca_95,03-01-08-02-01-01-09,1,surprised,sad,wav2vec,speaker_independent,emotion_original,logistic_regression,pca_95,,
wav2vec_logistic_regression_emotion_original_speaker_independent_pca_95,03-01-08-02-01-01-15,1,surprised,surprised,wav2vec,speaker_independent,emotion_original,logistic_regression,pca_95,,
wav2vec_logistic_regression_emotion_original_speaker_independent_pca_95,03-01-08-02-01-02-01,1,surprised,fearful,wav2vec,speaker_independent,emotion_original,logistic_regression,pca_95,,
wav2vec_logistic_regression_emotion_original_speaker_independent_pca_95,03-01-08-02-01-02-03,1,surprised,happy,wav2vec,speaker_independent,emotion_original,logistic_regression,pca_95,,
wav2vec_logistic_regression_emotion_original_speaker_independent_pca_95,03-01-08-02-01-02-09,1,surprised,happy,wav2vec,speaker_independent,emotion_original,logistic_regression,pca_95,,
wav2vec_logistic_regression_emotion_original_speaker_independent_pca_95,03-01-08-02-01-02-15,1,surprised,happy,wav2vec,speaker_independent,emotion_original,logistic_regression,pca_95,,
wav2vec_logistic_regression_emotion_original_speaker_independent_pca_95,03-01-08-02-02-01-15,1,surprised,neutral,wav2vec,speaker_independent,emotion_original,logistic_regression,pca_95,,
wav2vec_logistic_regression_emotion_original_speaker_independent_pca_95,03-01-08-02-02-02-15,1,surprised,happy,wav2vec,speaker_independent,emotion_original,logistic_regression,pca_95,,
wav2vec_logistic_regression_emotion_original_speaker_independent_pca_95,03-01-01-01-01-01-07,2,neutral,sad,wav2vec,speaker_independent,emotion_original,logistic_regression,pca_95,,
wav2vec_logistic_regression_emotion_original_speaker_independent_pca_95,03-01-01-01-01-01-10,2,neutral,happy,wav2vec,speaker_independent,emotion_original,logistic_regression,pca_95,,
wav2vec_logistic_regression_emotion_original_speaker_independent_pca_95,03-01-01-01-01-01-12,2,neutral,neutral,wav2vec,speaker_independent,emotion_original,logistic_regression,pca_95,,
wav2vec_logistic_regression_emotion_original_speaker_independent_pca_95,03-01-01-01-01-01-17,2,neutral,calm,wav2vec,speaker_independent,emotion_original,logistic_regression,pca_95,,
wav2vec_logistic_regression_emotion_original_speaker_independent_pca_95,03-01-01-01-01-02-07,2,neutral,calm,wav2vec,speaker_independent,emotion_original,logistic_regression,pca_95,,
wav2vec_logistic_regression_emotion_original_speaker_independent_pca_95,03-01-01-01-01-02-10,2,neutral,disgust,wav2vec,speaker_independent,emotion_original,logistic_regression,pca_95,,
wav2vec_logistic_regression_emotion_original_speaker_independent_pca_95,03-01-01-01-01-02-12,2,neutral,sad,wav2vec,speaker_independent,emotion_original,logistic_regression,pca_95,,
wav2vec_logistic_regression_emotion_original_speaker_independent_pca_95,03-01-01-01-01-02-17,2,neutral,sad,wav2vec,speaker_independent,emotion_original,logistic_regression,pca_95,,
wav2vec_logistic_regression_emotion_original_speaker_independent_pca_95,03-01-01-01-02-01-07,2,neutral,calm,wav2vec,speaker_independent,emotion_original,logistic_regression,pca_95,,
wav2vec_logistic_regression_emotion_original_speaker_independent_pca_95,03-01-01-01-02-02-07,2,neutral,calm,wav2vec,speaker_independent,emotion_original,logistic_regression,pca_95,,
wav2vec_logistic_regression_emotion_original_speaker_independent_pca_95,03-01-02-01-01-01-07,2,calm,calm,wav2vec,speaker_independent,emotion_original,logistic_regression,pca_95,,
wav2vec_logistic_regression_emotion_original_speaker_independent_pca_95,03-01-02-01-01-01-10,2,calm,sad,wav2vec,speaker_independent,emotion_original,logistic_regression,pca_95,,
wav2vec_logistic_regression_emotion_original_speaker_independent_pca_95,03-01-02-01-01-01-12,2,calm,calm,wav2vec,speaker_independent,emotion_original,logistic_regression,pca_95,,
wav2vec_logistic_regression_emotion_original_speaker_independent_pca_95,03-01-02-01-01-01-17,2,calm,calm,wav2vec,speaker_independent,emotion_original,logistic_regression,pca_95,,
wav2vec_logistic_regression_emotion_original_speaker_independent_pca_95,03-01-02-01-01-02-07,2,calm,calm,wav2vec,speaker_independent,emotion_original,logistic_regression,pca_95,,
wav2vec_logistic_regression_emotion_original_speaker_independent_pca_95,03-01-02-01-01-02-10,2,calm,disgust,wav2vec,speaker_independent,emotion_original,logistic_regression,pca_95,,
wav2vec_logistic_regression_emotion_original_speaker_independent_pca_95,03-01-02-01-01-02-12,2,calm,calm,wav2vec,speaker_independent,emotion_original,logistic_regression,pca_95,,
wav2vec_logistic_regression_emotion_original_speaker_independent_pca_95,03-01-02-01-01-02-17,2,calm,sad,wav2vec,speaker_independent,emotion_original,logistic_regression,pca_95,,
wav2vec_logistic_regression_emotion_original_speaker_independent_pca_95,03-01-02-01-02-01-07,2,calm,neutral,wav2vec,speaker_independent,emotion_original,logistic_regression,pca_95,,
wav2vec_logistic_regression_emotion_original_speaker_independent_pca_95,03-01-02-01-02-01-10,2,calm,fearful,wav2vec,speaker_independent,emotion_original,logistic_regression,pca_95,,
wav2vec_logistic_regression_emotion_original_speaker_independent_pca_95,03-01-02-01-02-01-17,2,calm,neutral,wav2vec,speaker_independent,emotion_original,logistic_regression,pca_95,,
wav2vec_logistic_regression_emotion_original_speaker_independent_pca_95,03-01-02-01-02-02-07,2,calm,neutral,wav2vec,speaker_independent,emotion_original,logistic_regression,pca_95,,
wav2vec_logistic_regression_emotion_original_speaker_independent_pca_95,03-01-02-01-02-02-10,2,calm,sad,wav2vec,speaker_independent,emotion_original,logistic_regression,pca_95,,
wav2vec_logistic_regression_emotion_original_speaker_independent_pca_95,03-01-02-01-02-02-17,2,calm,sad,wav2vec,speaker_independent,emotion_original,logistic_regression,pca_95,,
wav2vec_logistic_regression_emotion_original_speaker_independent_pca_95,03-01-02-02-01-01-07,2,calm,sad,wav2vec,speaker_independent,emotion_original,logistic_regression,pca_95,,
wav2vec_logistic_regression_emotion_original_speaker_independent_pca_95,03-01-02-02-01-01-10,2,calm,fearful,wav2vec,speaker_independent,emotion_original,logistic_regression,pca_95,,
wav2vec_logistic_regression_emotion_original_speaker_independent_pca_95,03-01-02-02-01-01-12,2,calm,calm,wav2vec,speaker_independent,emotion_original,logistic_regression,pca_95,,
wav2vec_logistic_regression_emotion_original_speaker_independent_pca_95,03-01-02-02-01-02-07,2,calm,calm,wav2vec,speaker_independent,emotion_original,logistic_regression,pca_95,,
wav2vec_logistic_regression_emotion_original_speaker_independent_pca_95,03-01-02-02-01-02-10,2,calm,sad,wav2vec,speaker_independent,emotion_original,logistic_regression,pca_95,,
wav2vec_logistic_regression_emotion_original_speaker_independent_pca_95,03-01-02-02-01-02-12,2,calm,calm,wav2vec,speaker_independent,emotion_original,logistic_regression,pca_95,,
wav2vec_logistic_regression_emotion_original_speaker_independent_pca_95,03-01-02-02-02-01-07,2,calm,calm,wav2vec,speaker_independent,emotion_original,logistic_regression,pca_95,,
wav2vec_logistic_regression_emotion_original_speaker_independent_pca_95,03-01-02-02-02-01-10,2,calm,sad,wav2vec,speaker_independent,emotion_original,logistic_regression,pca_95,,
wav2vec_logistic_regression_emotion_original_speaker_independent_pca_95,03-01-02-02-02-01-12,2,calm,calm,wav2vec,speaker_independent,emotion_original,logistic_regression,pca_95,,
wav2vec_logistic_regression_emotion_original_speaker_independent_pca_95,03-01-02-02-02-01-17,2,calm,sad,wav2vec,speaker_independent,emotion_original,logistic_regression,pca_95,,
wav2vec_logistic_regression_emotion_original_speaker_independent_pca_95,03-01-02-02-02-02-07,2,calm,calm,wav2vec,speaker_independent,emotion_original,logistic_regression,pca_95,,
wav2vec_logistic_regression_emotion_original_speaker_independent_pca_95,03-01-02-02-02-02-10,2,calm,sad,wav2vec,speaker_independent,emotion_original,logistic_regression,pca_95,,
wav2vec_logistic_regression_emotion_original_speaker_independent_pca_95,03-01-02-02-02-02-12,2,calm,calm,wav2vec,speaker_independent,emotion_original,logistic_regression,pca_95,,
wav2vec_logistic_regression_emotion_original_speaker_independent_pca_95,03-01-02-02-02-02-17,2,calm,sad,wav2vec,speaker_independent,emotion_original,logistic_regression,pca_95,,
wav2vec_logistic_regression_emotion_original_speaker_independent_pca_95,03-01-03-01-01-01-10,2,happy,happy,wav2vec,speaker_independent,emotion_original,logistic_regression,pca_95,,
wav2vec_logistic_regression_emotion_original_speaker_independent_pca_95,03-01-03-01-01-01-17,2,happy,sad,wav2vec,speaker_independent,emotion_original,logistic_regression,pca_95,,
wav2vec_logistic_regression_emotion_original_speaker_independent_pca_95,03-01-03-01-01-02-10,2,happy,happy,wav2vec,speaker_independent,emotion_original,logistic_regression,pca_95,,
wav2vec_logistic_regression_emotion_original_speaker_independent_pca_95,03-01-03-01-01-02-17,2,happy,fearful,wav2vec,speaker_independent,emotion_original,logistic_regression,pca_95,,
wav2vec_logistic_regression_emotion_original_speaker_independent_pca_95,03-01-03-01-02-01-07,2,happy,sad,wav2vec,speaker_independent,emotion_original,logistic_regression,pca_95,,
wav2vec_logistic_regression_emotion_original_speaker_independent_pca_95,03-01-03-01-02-01-10,2,happy,surprised,wav2vec,speaker_independent,emotion_original,logistic_regression,pca_95,,
wav2vec_logistic_regression_emotion_original_speaker_independent_pca_95,03-01-03-01-02-01-12,2,happy,happy,wav2vec,speaker_independent,emotion_original,logistic_regression,pca_95,,
wav2vec_logistic_regression_emotion_original_speaker_independent_pca_95,03-01-03-01-02-01-17,2,happy,surprised,wav2vec,speaker_independent,emotion_original,logistic_regression,pca_95,,
wav2vec_logistic_regression_emotion_original_speaker_independent_pca_95,03-01-03-01-02-02-07,2,happy,sad,wav2vec,speaker_independent,emotion_original,logistic_regression,pca_95,,
wav2vec_logistic_regression_emotion_original_speaker_independent_pca_95,03-01-03-01-02-02-10,2,happy,surprised,wav2vec,speaker_independent,emotion_original,logistic_regression,pca_95,,
wav2vec_logistic_regression_emotion_original_speaker_independent_pca_95,03-01-03-01-02-02-12,2,happy,happy,wav2vec,speaker_independent,emotion_original,logistic_regression,pca_95,,
wav2vec_logistic_regression_emotion_original_speaker_independent_pca_95,03-01-03-01-02-02-17,2,happy,fearful,wav2vec,speaker_independent,emotion_original,logistic_regression,pca_95,,
wav2vec_logistic_regression_emotion_original_speaker_independent_pca_95,03-01-03-02-01-01-07,2,happy,fearful,wav2vec,speaker_independent,emotion_original,logistic_regression,pca_95,,
wav2vec_logistic_regression_emotion_original_speaker_independent_pca_95,03-01-03-02-01-01-12,2,happy,surprised,wav2vec,speaker_independent,emotion_original,logistic_regression,pca_95,,
wav2vec_logistic_regression_emotion_original_speaker_independent_pca_95,03-01-03-02-01-01-17,2,happy,fearful,wav2vec,speaker_independent,emotion_original,logistic_regression,pca_95,,
wav2vec_logistic_regression_emotion_original_speaker_independent_pca_95,03-01-03-02-01-02-07,2,happy,disgust,wav2vec,speaker_independent,emotion_original,logistic_regression,pca_95,,
wav2vec_logistic_regression_emotion_original_speaker_independent_pca_95,03-01-03-02-01-02-12,2,happy,happy,wav2vec,speaker_independent,emotion_original,logistic_regression,pca_95,,
wav2vec_logistic_regression_emotion_original_speaker_independent_pca_95,03-01-03-02-01-02-17,2,happy,fearful,wav2vec,speaker_independent,emotion_original,logistic_regression,pca_95,,
wav2vec_logistic_regression_emotion_original_speaker_independent_pca_95,03-01-03-02-02-01-07,2,happy,fearful,wav2vec,speaker_independent,emotion_original,logistic_regression,pca_95,,
wav2vec_logistic_regression_emotion_original_speaker_independent_pca_95,03-01-03-02-02-01-10,2,happy,surprised,wav2vec,speaker_independent,emotion_original,logistic_regression,pca_95,,
wav2vec_logistic_regression_emotion_original_speaker_independent_pca_95,03-01-03-02-02-01-12,2,happy,happy,wav2vec,speaker_independent,emotion_original,logistic_regression,pca_95,,
wav2vec_logistic_regression_emotion_original_speaker_independent_pca_95,03-01-03-02-02-01-17,2,happy,disgust,wav2vec,speaker_independent,emotion_original,logistic_regression,pca_95,,
wav2vec_logistic_regression_emotion_original_speaker_independent_pca_95,03-01-03-02-02-02-07,2,happy,fearful,wav2vec,speaker_independent,emotion_original,logistic_regression,pca_95,,
wav2vec_logistic_regression_emotion_original_speaker_independent_pca_95,03-01-03-02-02-02-10,2,happy,surprised,wav2vec,speaker_independent,emotion_original,logistic_regression,pca_95,,
wav2vec_logistic_regression_emotion_original_speaker_independent_pca_95,03-01-03-02-02-02-12,2,happy,fearful,wav2vec,speaker_independent,emotion_original,logistic_regression,pca_95,,
wav2vec_logistic_regression_emotion_original_speaker_independent_pca_95,03-01-03-02-02-02-17,2,happy,surprised,wav2vec,speaker_independent,emotion_original,logistic_regression,pca_95,,
wav2vec_logistic_regression_emotion_original_speaker_independent_pca_95,03-01-04-01-01-01-10,2,sad,sad,wav2vec,speaker_independent,emotion_original,logistic_regression,pca_95,,
wav2vec_logistic_regression_emotion_original_speaker_independent_pca_95,03-01-04-01-01-01-12,2,sad,happy,wav2vec,speaker_independent,emotion_original,logistic_regression,pca_95,,
wav2vec_logistic_regression_emotion_original_speaker_independent_pca_95,03-01-04-01-01-01-17,2,sad,fearful,wav2vec,speaker_independent,emotion_original,logistic_regression,pca_95,,
wav2vec_logistic_regression_emotion_original_speaker_independent_pca_95,03-01-04-01-01-02-10,2,sad,sad,wav2vec,speaker_independent,emotion_original,logistic_regression,pca_95,,
wav2vec_logistic_regression_emotion_original_speaker_independent_pca_95,03-01-04-01-01-02-12,2,sad,sad,wav2vec,speaker_independent,emotion_original,logistic_regression,pca_95,,
wav2vec_logistic_regression_emotion_original_speaker_independent_pca_95,03-01-04-01-01-02-17,2,sad,fearful,wav2vec,speaker_independent,emotion_original,logistic_regression,pca_95,,
wav2vec_logistic_regression_emotion_original_speaker_independent_pca_95,03-01-04-01-02-01-07,2,sad,neutral,wav2vec,speaker_independent,emotion_original,logistic_regression,pca_95,,
wav2vec_logistic_regression_emotion_original_speaker_independent_pca_95,03-01-04-01-02-01-10,2,sad,sad,wav2vec,speaker_independent,emotion_original,logistic_regression,pca_95,,
wav2vec_logistic_regression_emotion_original_speaker_independent_pca_95,03-01-04-01-02-01-12,2,sad,happy,wav2vec,speaker_independent,emotion_original,logistic_regression,pca_95,,
wav2vec_logistic_regression_emotion_original_speaker_independent_pca_95,03-01-04-01-02-01-17,2,sad,sad,wav2vec,speaker_independent,emotion_original,logistic_regression,pca_95,,
wav2vec_logistic_regression_emotion_original_speaker_independent_pca_95,03-01-04-01-02-02-07,2,sad,neutral,wav2vec,speaker_independent,emotion_original,logistic_regression,pca_95,,
wav2vec_logistic_regression_emotion_original_speaker_independent_pca_95,03-01-04-01-02-02-10,2,sad,calm,wav2vec,speaker_independent,emotion_original,logistic_regression,pca_95,,
wav2vec_logistic_regression_emotion_original_speaker_independent_pca_95,03-01-04-01-02-02-12,2,sad,sad,wav2vec,speaker_independent,emotion_original,logistic_regression,pca_95,,
wav2vec_logistic_regression_emotion_original_speaker_independent_pca_95,03-01-04-01-02-02-17,2,sad,calm,wav2vec,speaker_independent,emotion_original,logistic_regression,pca_95,,
wav2vec_logistic_regression_emotion_original_speaker_independent_pca_95,03-01-04-02-01-01-07,2,sad,sad,wav2vec,speaker_independent,emotion_original,logistic_regression,pca_95,,
wav2vec_logistic_regression_emotion_original_speaker_independent_pca_95,03-01-04-02-01-01-10,2,sad,sad,wav2vec,speaker_independent,emotion_original,logistic_regression,pca_95,,
wav2vec_logistic_regression_emotion_original_speaker_independent_pca_95,03-01-04-02-01-01-12,2,sad,fearful,wav2vec,speaker_independent,emotion_original,logistic_regression,pca_95,,
wav2vec_logistic_regression_emotion_original_speaker_independent_pca_95,03-01-04-02-01-01-17,2,sad,sad,wav2vec,speaker_independent,emotion_original,logistic_regression,pca_95,,
wav2vec_logistic_regression_emotion_original_speaker_independent_pca_95,03-01-04-02-01-02-07,2,sad,fearful,wav2vec,speaker_independent,emotion_original,logistic_regression,pca_95,,
wav2vec_logistic_regression_emotion_original_speaker_independent_pca_95,03-01-04-02-01-02-10,2,sad,sad,wav2vec,speaker_independent,emotion_original,logistic_regression,pca_95,,
wav2vec_logistic_regression_emotion_original_speaker_independent_pca_95,03-01-04-02-01-02-12,2,sad,surprised,wav2vec,speaker_independent,emotion_original,logistic_regression,pca_95,,
wav2vec_logistic_regression_emotion_original_speaker_independent_pca_95,03-01-04-02-01-02-17,2,sad,angry,wav2vec,speaker_independent,emotion_original,logistic_regression,pca_95,,
wav2vec_logistic_regression_emotion_original_speaker_independent_pca_95,03-01-04-02-02-01-07,2,sad,sad,wav2vec,speaker_independent,emotion_original,logistic_regression,pca_95,,
wav2vec_logistic_regression_emotion_original_speaker_independent_pca_95,03-01-04-02-02-01-12,2,sad,sad,wav2vec,speaker_independent,emotion_original,logistic_regression,pca_95,,
wav2vec_logistic_regression_emotion_original_speaker_independent_pca_95,03-01-04-02-02-02-07,2,sad,sad,wav2vec,speaker_independent,emotion_original,logistic_regression,pca_95,,
wav2vec_logistic_regression_emotion_original_speaker_independent_pca_95,03-01-04-02-02-02-12,2,sad,surprised,wav2vec,speaker_independent,emotion_original,logistic_regression,pca_95,,
wav2vec_logistic_regression_emotion_original_speaker_independent_pca_95,03-01-05-01-01-01-07,2,angry,angry,wav2vec,speaker_independent,emotion_original,logistic_regression,pca_95,,
wav2vec_logistic_regression_emotion_original_speaker_independent_pca_95,03-01-05-01-01-01-10,2,angry,disgust,wav2vec,speaker_independent,emotion_original,logistic_regression,pca_95,,
wav2vec_logistic_regression_emotion_original_speaker_independent_pca_95,03-01-05-01-01-01-12,2,angry,angry,wav2vec,speaker_independent,emotion_original,logistic_regression,pca_95,,
wav2vec_logistic_regression_emotion_original_speaker_independent_pca_95,03-01-05-01-01-01-17,2,angry,calm,wav2vec,speaker_independent,emotion_original,logistic_regression,pca_95,,
wav2vec_logistic_regression_emotion_original_speaker_independent_pca_95,03-01-05-01-01-02-07,2,angry,angry,wav2vec,speaker_independent,emotion_original,logistic_regression,pca_95,,
wav2vec_logistic_regression_emotion_original_speaker_independent_pca_95,03-01-05-01-01-02-10,2,angry,angry,wav2vec,speaker_independent,emotion_original,logistic_regression,pca_95,,
wav2vec_logistic_regression_emotion_original_speaker_independent_pca_95,03-01-05-01-01-02-12,2,angry,angry,wav2vec,speaker_independent,emotion_original,logistic_regression,pca_95,,
wav2vec_logistic_regression_emotion_original_speaker_independent_pca_95,03-01-05-01-01-02-17,2,angry,calm,wav2vec,speaker_independent,emotion_original,logistic_regression,pca_95,,
wav2vec_logistic_regression_emotion_original_speaker_independent_pca_95,03-01-05-01-02-01-07,2,angry,disgust,wav2vec,speaker_independent,emotion_original,logistic_regression,pca_95,,
wav2vec_logistic_regression_emotion_original_speaker_independent_pca_95,03-01-05-01-02-01-10,2,angry,surprised,wav2vec,speaker_independent,emotion_original,logistic_regression,pca_95,,
wav2vec_logistic_regression_emotion_original_speaker_independent_pca_95,03-01-05-01-02-01-12,2,angry,happy,wav2vec,speaker_independent,emotion_original,logistic_regression,pca_95,,
wav2vec_logistic_regression_emotion_original_speaker_independent_pca_95,03-01-05-01-02-01-17,2,angry,angry,wav2vec,speaker_independent,emotion_original,logistic_regression,pca_95,,
wav2vec_logistic_regression_emotion_original_speaker_independent_pca_95,03-01-05-01-02-02-07,2,angry,angry,wav2vec,speaker_independent,emotion_original,logistic_regression,pca_95,,
wav2vec_logistic_regression_emotion_original_speaker_independent_pca_95,03-01-05-01-02-02-10,2,angry,disgust,wav2vec,speaker_independent,emotion_original,logistic_regression,pca_95,,
wav2vec_logistic_regression_emotion_original_speaker_independent_pca_95,03-01-05-01-02-02-12,2,angry,angry,wav2vec,speaker_independent,emotion_original,logistic_regression,pca_95,,
wav2vec_logistic_regression_emotion_original_speaker_independent_pca_95,03-01-05-01-02-02-17,2,angry,happy,wav2vec,speaker_independent,emotion_original,logistic_regression,pca_95,,
wav2vec_logistic_regression_emotion_original_speaker_independent_pca_95,03-01-05-02-01-01-12,2,angry,angry,wav2vec,speaker_independent,emotion_original,logistic_regression,pca_95,,
wav2vec_logistic_regression_emotion_original_speaker_independent_pca_95,03-01-05-02-01-02-12,2,angry,angry,wav2vec,speaker_independent,emotion_original,logistic_regression,pca_95,,
wav2vec_logistic_regression_emotion_original_speaker_independent_pca_95,03-01-05-02-02-01-07,2,angry,angry,wav2vec,speaker_independent,emotion_original,logistic_regression,pca_95,,
wav2vec_logistic_regression_emotion_original_speaker_independent_pca_95,03-01-05-02-02-01-10,2,angry,angry,wav2vec,speaker_independent,emotion_original,logistic_regression,pca_95,,
wav2vec_logistic_regression_emotion_original_speaker_independent_pca_95,03-01-05-02-02-01-12,2,angry,angry,wav2vec,speaker_independent,emotion_original,logistic_regression,pca_95,,
wav2vec_logistic_regression_emotion_original_speaker_independent_pca_95,03-01-05-02-02-01-17,2,angry,angry,wav2vec,speaker_independent,emotion_original,logistic_regression,pca_95,,
wav2vec_logistic_regression_emotion_original_speaker_independent_pca_95,03-01-05-02-02-02-07,2,angry,angry,wav2vec,speaker_independent,emotion_original,logistic_regression,pca_95,,
wav2vec_logistic_regression_emotion_original_speaker_independent_pca_95,03-01-05-02-02-02-10,2,angry,angry,wav2vec,speaker_independent,emotion_original,logistic_regression,pca_95,,
wav2vec_logistic_regression_emotion_original_speaker_independent_pca_95,03-01-05-02-02-02-12,2,angry,angry,wav2vec,speaker_independent,emotion_original,logistic_regression,pca_95,,
wav2vec_logistic_regression_emotion_original_speaker_independent_pca_95,03-01-05-02-02-02-17,2,angry,fearful,wav2vec,speaker_independent,emotion_original,logistic_regression,pca_95,,
wav2vec_logistic_regression_emotion_original_speaker_independent_pca_95,03-01-06-01-01-01-07,2,fearful,disgust,wav2vec,speaker_independent,emotion_original,logistic_regression,pca_95,,
wav2vec_logistic_regression_emotion_original_speaker_independent_pca_95,03-01-06-01-01-01-10,2,fearful,fearful,wav2vec,speaker_independent,emotion_original,logistic_regression,pca_95,,
wav2vec_logistic_regression_emotion_original_speaker_independent_pca_95,03-01-06-01-01-01-12,2,fearful,surprised,wav2vec,speaker_independent,emotion_original,logistic_regression,pca_95,,
wav2vec_logistic_regression_emotion_original_speaker_independent_pca_95,03-01-06-01-01-02-07,2,fearful,disgust,wav2vec,speaker_independent,emotion_original,logistic_regression,pca_95,,
wav2vec_logistic_regression_emotion_original_speaker_independent_pca_95,03-01-06-01-01-02-10,2,fearful,fearful,wav2vec,speaker_independent,emotion_original,logistic_regression,pca_95,,
wav2vec_logistic_regression_emotion_original_speaker_independent_pca_95,03-01-06-01-01-02-12,2,fearful,surprised,wav2vec,speaker_independent,emotion_original,logistic_regression,pca_95,,
wav2vec_logistic_regression_emotion_original_speaker_independent_pca_95,03-01-06-01-02-01-07,2,fearful,sad,wav2vec,speaker_independent,emotion_original,logistic_regression,pca_95,,
wav2vec_logistic_regression_emotion_original_speaker_independent_pca_95,03-01-06-01-02-01-17,2,fearful,fearful,wav2vec,speaker_independent,emotion_original,logistic_regression,pca_95,,
wav2vec_logistic_regression_emotion_original_speaker_independent_pca_95,03-01-06-01-02-02-07,2,fearful,fearful,wav2vec,speaker_independent,emotion_original,logistic_regression,pca_95,,
wav2vec_logistic_regression_emotion_original_speaker_independent_pca_95,03-01-06-01-02-02-17,2,fearful,fearful,wav2vec,speaker_independent,emotion_original,logistic_regression,pca_95,,
wav2vec_logistic_regression_emotion_original_speaker_independent_pca_95,03-01-06-02-01-01-07,2,fearful,fearful,wav2vec,speaker_independent,emotion_original,logistic_regression,pca_95,,
wav2vec_logistic_regression_emotion_original_speaker_independent_pca_95,03-01-06-02-01-01-10,2,fearful,fearful,wav2vec,speaker_independent,emotion_original,logistic_regression,pca_95,,
wav2vec_logistic_regression_emotion_original_speaker_independent_pca_95,03-01-06-02-01-01-12,2,fearful,fearful,wav2vec,speaker_independent,emotion_original,logistic_regression,pca_95,,
wav2vec_logistic_regression_emotion_original_speaker_independent_pca_95,03-01-06-02-01-01-17,2,fearful,fearful,wav2vec,speaker_independent,emotion_original,logistic_regression,pca_95,,
wav2vec_logistic_regression_emotion_original_speaker_independent_pca_95,03-01-06-02-01-02-07,2,fearful,fearful,wav2vec,speaker_independent,emotion_original,logistic_regression,pca_95,,
wav2vec_logistic_regression_emotion_original_speaker_independent_pca_95,03-01-06-02-01-02-10,2,fearful,fearful,wav2vec,speaker_independent,emotion_original,logistic_regression,pca_95,,
wav2vec_logistic_regression_emotion_original_speaker_independent_pca_95,03-01-06-02-01-02-12,2,fearful,fearful,wav2vec,speaker_independent,emotion_original,logistic_regression,pca_95,,
wav2vec_logistic_regression_emotion_original_speaker_independent_pca_95,03-01-06-02-01-02-17,2,fearful,fearful,wav2vec,speaker_independent,emotion_original,logistic_regression,pca_95,,
wav2vec_logistic_regression_emotion_original_speaker_independent_pca_95,03-01-06-02-02-01-07,2,fearful,fearful,wav2vec,speaker_independent,emotion_original,logistic_regression,pca_95,,
wav2vec_logistic_regression_emotion_original_speaker_independent_pca_95,03-01-06-02-02-01-10,2,fearful,sad,wav2vec,speaker_independent,emotion_original,logistic_regression,pca_95,,
wav2vec_logistic_regression_emotion_original_speaker_independent_pca_95,03-01-06-02-02-01-12,2,fearful,surprised,wav2vec,speaker_independent,emotion_original,logistic_regression,pca_95,,
wav2vec_logistic_regression_emotion_original_speaker_independent_pca_95,03-01-06-02-02-01-17,2,fearful,fearful,wav2vec,speaker_independent,emotion_original,logistic_regression,pca_95,,
wav2vec_logistic_regression_emotion_original_speaker_independent_pca_95,03-01-06-02-02-02-07,2,fearful,happy,wav2vec,speaker_independent,emotion_original,logistic_regression,pca_95,,
wav2vec_logistic_regression_emotion_original_speaker_independent_pca_95,03-01-06-02-02-02-10,2,fearful,happy,wav2vec,speaker_independent,emotion_original,logistic_regression,pca_95,,
wav2vec_logistic_regression_emotion_original_speaker_independent_pca_95,03-01-06-02-02-02-12,2,fearful,fearful,wav2vec,speaker_independent,emotion_original,logistic_regression,pca_95,,
wav2vec_logistic_regression_emotion_original_speaker_independent_pca_95,03-01-06-02-02-02-17,2,fearful,angry,wav2vec,speaker_independent,emotion_original,logistic_regression,pca_95,,
wav2vec_logistic_regression_emotion_original_speaker_independent_pca_95,03-01-07-01-01-01-10,2,disgust,happy,wav2vec,speaker_independent,emotion_original,logistic_regression,pca_95,,
wav2vec_logistic_regression_emotion_original_speaker_independent_pca_95,03-01-07-01-01-01-12,2,disgust,sad,wav2vec,speaker_independent,emotion_original,logistic_regression,pca_95,,
wav2vec_logistic_regression_emotion_original_speaker_independent_pca_95,03-01-07-01-01-01-17,2,disgust,disgust,wav2vec,speaker_independent,emotion_original,logistic_regression,pca_95,,
wav2vec_logistic_regression_emotion_original_speaker_independent_pca_95,03-01-07-01-01-02-10,2,disgust,happy,wav2vec,speaker_independent,emotion_original,logistic_regression,pca_95,,
wav2vec_logistic_regression_emotion_original_speaker_independent_pca_95,03-01-07-01-01-02-12,2,disgust,disgust,wav2vec,speaker_independent,emotion_original,logistic_regression,pca_95,,
wav2vec_logistic_regression_emotion_original_speaker_independent_pca_95,03-01-07-01-01-02-17,2,disgust,disgust,wav2vec,speaker_independent,emotion_original,logistic_regression,pca_95,,
wav2vec_logistic_regression_emotion_original_speaker_independent_pca_95,03-01-07-01-02-01-07,2,disgust,disgust,wav2vec,speaker_independent,emotion_original,logistic_regression,pca_95,,
wav2vec_logistic_regression_emotion_original_speaker_independent_pca_95,03-01-07-01-02-01-17,2,disgust,calm,wav2vec,speaker_independent,emotion_original,logistic_regression,pca_95,,
wav2vec_logistic_regression_emotion_original_speaker_independent_pca_95,03-01-07-01-02-02-07,2,disgust,happy,wav2vec,speaker_independent,emotion_original,logistic_regression,pca_95,,
wav2vec_logistic_regression_emotion_original_speaker_independent_pca_95,03-01-07-01-02-02-17,2,disgust,sad,wav2vec,speaker_independent,emotion_original,logistic_regression,pca_95,,
wav2vec_logistic_regression_emotion_original_speaker_independent_pca_95,03-01-07-02-01-01-10,2,disgust,disgust,wav2vec,speaker_independent,emotion_original,logistic_regression,pca_95,,
wav2vec_logistic_regression_emotion_original_speaker_independent_pca_95,03-01-07-02-01-01-12,2,disgust,surprised,wav2vec,speaker_independent,emotion_original,logistic_regression,pca_95,,
wav2vec_logistic_regression_emotion_original_speaker_independent_pca_95,03-01-07-02-01-01-17,2,disgust,disgust,wav2vec,speaker_independent,emotion_original,logistic_regression,pca_95,,
wav2vec_logistic_regression_emotion_original_speaker_independent_pca_95,03-01-07-02-01-02-10,2,disgust,happy,wav2vec,speaker_independent,emotion_original,logistic_regression,pca_95,,
wav2vec_logistic_regression_emotion_original_speaker_independent_pca_95,03-01-07-02-01-02-12,2,disgust,angry,wav2vec,speaker_independent,emotion_original,logistic_regression,pca_95,,
wav2vec_logistic_regression_emotion_original_speaker_independent_pca_95,03-01-07-02-01-02-17,2,disgust,disgust,wav2vec,speaker_independent,emotion_original,logistic_regression,pca_95,,
wav2vec_logistic_regression_emotion_original_speaker_independent_pca_95,03-01-07-02-02-01-07,2,disgust,angry,wav2vec,speaker_independent,emotion_original,logistic_regression,pca_95,,
wav2vec_logistic_regression_emotion_original_speaker_independent_pca_95,03-01-07-02-02-01-10,2,disgust,surprised,wav2vec,speaker_independent,emotion_original,logistic_regression,pca_95,,
wav2vec_logistic_regression_emotion_original_speaker_independent_pca_95,03-01-07-02-02-01-12,2,disgust,angry,wav2vec,speaker_independent,emotion_original,logistic_regression,pca_95,,
wav2vec_logistic_regression_emotion_original_speaker_independent_pca_95,03-01-07-02-02-01-17,2,disgust,disgust,wav2vec,speaker_independent,emotion_original,logistic_regression,pca_95,,
wav2vec_logistic_regression_emotion_original_speaker_independent_pca_95,03-01-07-02-02-02-07,2,disgust,disgust,wav2vec,speaker_independent,emotion_original,logistic_regression,pca_95,,
wav2vec_logistic_regression_emotion_original_speaker_independent_pca_95,03-01-07-02-02-02-10,2,disgust,disgust,wav2vec,speaker_independent,emotion_original,logistic_regression,pca_95,,
wav2vec_logistic_regression_emotion_original_speaker_independent_pca_95,03-01-07-02-02-02-12,2,disgust,surprised,wav2vec,speaker_independent,emotion_original,logistic_regression,pca_95,,
wav2vec_logistic_regression_emotion_original_speaker_independent_pca_95,03-01-07-02-02-02-17,2,disgust,disgust,wav2vec,speaker_independent,emotion_original,logistic_regression,pca_95,,
wav2vec_logistic_regression_emotion_original_speaker_independent_pca_95,03-01-08-01-01-01-07,2,surprised,angry,wav2vec,speaker_independent,emotion_original,logistic_regression,pca_95,,
wav2vec_logistic_regression_emotion_original_speaker_independent_pca_95,03-01-08-01-01-01-12,2,surprised,surprised,wav2vec,speaker_independent,emotion_original,logistic_regression,pca_95,,
wav2vec_logistic_regression_emotion_original_speaker_independent_pca_95,03-01-08-01-01-01-17,2,surprised,surprised,wav2vec,speaker_independent,emotion_original,logistic_regression,pca_95,,
wav2vec_logistic_regression_emotion_original_speaker_independent_pca_95,03-01-08-01-01-02-07,2,surprised,angry,wav2vec,speaker_independent,emotion_original,logistic_regression,pca_95,,
wav2vec_logistic_regression_emotion_original_speaker_independent_pca_95,03-01-08-01-01-02-12,2,surprised,happy,wav2vec,speaker_independent,emotion_original,logistic_regression,pca_95,,
wav2vec_logistic_regression_emotion_original_speaker_independent_pca_95,03-01-08-01-01-02-17,2,surprised,fearful,wav2vec,speaker_independent,emotion_original,logistic_regression,pca_95,,
wav2vec_logistic_regression_emotion_original_speaker_independent_pca_95,03-01-08-01-02-01-07,2,surprised,calm,wav2vec,speaker_independent,emotion_original,logistic_regression,pca_95,,
wav2vec_logistic_regression_emotion_original_speaker_independent_pca_95,03-01-08-01-02-01-10,2,surprised,surprised,wav2vec,speaker_independent,emotion_original,logistic_regression,pca_95,,
wav2vec_logistic_regression_emotion_original_speaker_independent_pca_95,03-01-08-01-02-01-12,2,surprised,surprised,wav2vec,speaker_independent,emotion_original,logistic_regression,pca_95,,
wav2vec_logistic_regression_emotion_original_speaker_independent_pca_95,03-01-08-01-02-01-17,2,surprised,fearful,wav2vec,speaker_independent,emotion_original,logistic_regression,pca_95,,
wav2vec_logistic_regression_emotion_original_speaker_independent_pca_95,03-01-08-01-02-02-07,2,surprised,happy,wav2vec,speaker_independent,emotion_original,logistic_regression,pca_95,,
wav2vec_logistic_regression_emotion_original_speaker_independent_pca_95,03-01-08-01-02-02-10,2,surprised,surprised,wav2vec,speaker_independent,emotion_original,logistic_regression,pca_95,,
wav2vec_logistic_regression_emotion_original_speaker_independent_pca_95,03-01-08-01-02-02-12,2,surprised,happy,wav2vec,speaker_independent,emotion_original,logistic_regression,pca_95,,
wav2vec_logistic_regression_emotion_original_speaker_independent_pca_95,03-01-08-01-02-02-17,2,surprised,disgust,wav2vec,speaker_independent,emotion_original,logistic_regression,pca_95,,
wav2vec_logistic_regression_emotion_original_speaker_independent_pca_95,03-01-08-02-01-01-07,2,surprised,happy,wav2vec,speaker_independent,emotion_original,logistic_regression,pca_95,,
wav2vec_logistic_regression_emotion_original_speaker_independent_pca_95,03-01-08-02-01-01-10,2,surprised,surprised,wav2vec,speaker_independent,emotion_original,logistic_regression,pca_95,,
wav2vec_logistic_regression_emotion_original_speaker_independent_pca_95,03-01-08-02-01-01-12,2,surprised,surprised,wav2vec,speaker_independent,emotion_original,logistic_regression,pca_95,,
wav2vec_logistic_regression_emotion_original_speaker_independent_pca_95,03-01-08-02-01-02-07,2,surprised,disgust,wav2vec,speaker_independent,emotion_original,logistic_regression,pca_95,,
wav2vec_logistic_regression_emotion_original_speaker_independent_pca_95,03-01-08-02-01-02-10,2,surprised,surprised,wav2vec,speaker_independent,emotion_original,logistic_regression,pca_95,,
wav2vec_logistic_regression_emotion_original_speaker_independent_pca_95,03-01-08-02-01-02-12,2,surprised,fearful,wav2vec,speaker_independent,emotion_original,logistic_regression,pca_95,,
wav2vec_logistic_regression_emotion_original_speaker_independent_pca_95,03-01-08-02-02-01-07,2,surprised,fearful,wav2vec,speaker_independent,emotion_original,logistic_regression,pca_95,,
wav2vec_logistic_regression_emotion_original_speaker_independent_pca_95,03-01-08-02-02-01-10,2,surprised,surprised,wav2vec,speaker_independent,emotion_original,logistic_regression,pca_95,,
wav2vec_logistic_regression_emotion_original_speaker_independent_pca_95,03-01-08-02-02-01-17,2,surprised,fearful,wav2vec,speaker_independent,emotion_original,logistic_regression,pca_95,,
wav2vec_logistic_regression_emotion_original_speaker_independent_pca_95,03-01-08-02-02-02-07,2,surprised,fearful,wav2vec,speaker_independent,emotion_original,logistic_regression,pca_95,,
wav2vec_logistic_regression_emotion_original_speaker_independent_pca_95,03-01-08-02-02-02-10,2,surprised,surprised,wav2vec,speaker_independent,emotion_original,logistic_regression,pca_95,,
wav2vec_logistic_regression_emotion_original_speaker_independent_pca_95,03-01-08-02-02-02-17,2,surprised,fearful,wav2vec,speaker_independent,emotion_original,logistic_regression,pca_95,,
wav2vec_logistic_regression_emotion_original_speaker_independent_pca_95,03-01-01-01-01-01-08,3,neutral,neutral,wav2vec,speaker_independent,emotion_original,logistic_regression,pca_95,,
wav2vec_logistic_regression_emotion_original_speaker_independent_pca_95,03-01-01-01-01-01-11,3,neutral,sad,wav2vec,speaker_independent,emotion_original,logistic_regression,pca_95,,
wav2vec_logistic_regression_emotion_original_speaker_independent_pca_95,03-01-01-01-01-01-20,3,neutral,surprised,wav2vec,speaker_independent,emotion_original,logistic_regression,pca_95,,
wav2vec_logistic_regression_emotion_original_speaker_independent_pca_95,03-01-01-01-01-02-08,3,neutral,neutral,wav2vec,speaker_independent,emotion_original,logistic_regression,pca_95,,
wav2vec_logistic_regression_emotion_original_speaker_independent_pca_95,03-01-01-01-01-02-11,3,neutral,calm,wav2vec,speaker_independent,emotion_original,logistic_regression,pca_95,,
wav2vec_logistic_regression_emotion_original_speaker_independent_pca_95,03-01-01-01-01-02-20,3,neutral,surprised,wav2vec,speaker_independent,emotion_original,logistic_regression,pca_95,,
wav2vec_logistic_regression_emotion_original_speaker_independent_pca_95,03-01-01-01-02-01-08,3,neutral,happy,wav2vec,speaker_independent,emotion_original,logistic_regression,pca_95,,
wav2vec_logistic_regression_emotion_original_speaker_independent_pca_95,03-01-01-01-02-01-11,3,neutral,calm,wav2vec,speaker_independent,emotion_original,logistic_regression,pca_95,,
wav2vec_logistic_regression_emotion_original_speaker_independent_pca_95,03-01-01-01-02-01-20,3,neutral,surprised,wav2vec,speaker_independent,emotion_original,logistic_regression,pca_95,,
wav2vec_logistic_regression_emotion_original_speaker_independent_pca_95,03-01-01-01-02-02-08,3,neutral,calm,wav2vec,speaker_independent,emotion_original,logistic_regression,pca_95,,
wav2vec_logistic_regression_emotion_original_speaker_independent_pca_95,03-01-01-01-02-02-11,3,neutral,fearful,wav2vec,speaker_independent,emotion_original,logistic_regression,pca_95,,
wav2vec_logistic_regression_emotion_original_speaker_independent_pca_95,03-01-01-01-02-02-20,3,neutral,calm,wav2vec,speaker_independent,emotion_original,logistic_regression,pca_95,,
wav2vec_logistic_regression_emotion_original_speaker_independent_pca_95,03-01-02-01-01-01-08,3,calm,calm,wav2vec,speaker_independent,emotion_original,logistic_regression,pca_95,,
wav2vec_logistic_regression_emotion_original_speaker_independent_pca_95,03-01-02-01-01-01-11,3,calm,fearful,wav2vec,speaker_independent,emotion_original,logistic_regression,pca_95,,
wav2vec_logistic_regression_emotion_original_speaker_independent_pca_95,03-01-02-01-01-01-20,3,calm,calm,wav2vec,speaker_independent,emotion_original,logistic_regression,pca_95,,
wav2vec_logistic_regression_emotion_original_speaker_independent_pca_95,03-01-02-01-01-02-08,3,calm,calm,wav2vec,speaker_independent,emotion_original,logistic_regression,pca_95,,
wav2vec_logistic_regression_emotion_original_speaker_independent_pca_95,03-01-02-01-01-02-11,3,calm,calm,wav2vec,speaker_independent,emotion_original,logistic_regression,pca_95,,
wav2vec_logistic_regression_emotion_original_speaker_independent_pca_95,03-01-02-01-01-02-20,3,calm,calm,wav2vec,speaker_independent,emotion_original,logistic_regression,pca_95,,
wav2vec_logistic_regression_emotion_original_speaker_independent_pca_95,03-01-02-01-02-01-08,3,calm,calm,wav2vec,speaker_independent,emotion_original,logistic_regression,pca_95,,
wav2vec_logistic_regression_emotion_original_speaker_independent_pca_95,03-01-02-01-02-01-11,3,calm,neutral,wav2vec,speaker_independent,emotion_original,logistic_regression,pca_95,,
wav2vec_logistic_regression_emotion_original_speaker_independent_pca_95,03-01-02-01-02-01-20,3,calm,calm,wav2vec,speaker_independent,emotion_original,logistic_regression,pca_95,,
wav2vec_logistic_regression_emotion_original_speaker_independent_pca_95,03-01-02-01-02-02-08,3,calm,calm,wav2vec,speaker_independent,emotion_original,logistic_regression,pca_95,,
wav2vec_logistic_regression_emotion_original_speaker_independent_pca_95,03-01-02-01-02-02-11,3,calm,disgust,wav2vec,speaker_independent,emotion_original,logistic_regression,pca_95,,
wav2vec_logistic_regression_emotion_original_speaker_independent_pca_95,03-01-02-01-02-02-20,3,calm,calm,wav2vec,speaker_independent,emotion_original,logistic_regression,pca_95,,
wav2vec_logistic_regression_emotion_original_speaker_independent_pca_95,03-01-02-02-01-01-08,3,calm,calm,wav2vec,speaker_independent,emotion_original,logistic_regression,pca_95,,
wav2vec_logistic_regression_emotion_original_speaker_independent_pca_95,03-01-02-02-01-01-11,3,calm,calm,wav2vec,speaker_independent,emotion_original,logistic_regression,pca_95,,
wav2vec_logistic_regression_emotion_original_speaker_independent_pca_95,03-01-02-02-01-01-20,3,calm,calm,wav2vec,speaker_independent,emotion_original,logistic_regression,pca_95,,
wav2vec_logistic_regression_emotion_original_speaker_independent_pca_95,03-01-02-02-01-02-08,3,calm,calm,wav2vec,speaker_independent,emotion_original,logistic_regression,pca_95,,
wav2vec_logistic_regression_emotion_original_speaker_independent_pca_95,03-01-02-02-01-02-11,3,calm,calm,wav2vec,speaker_independent,emotion_original,logistic_regression,pca_95,,
wav2vec_logistic_regression_emotion_original_speaker_independent_pca_95,03-01-02-02-01-02-20,3,calm,calm,wav2vec,speaker_independent,emotion_original,logistic_regression,pca_95,,
wav2vec_logistic_regression_emotion_original_speaker_independent_pca_95,03-01-02-02-02-01-08,3,calm,calm,wav2vec,speaker_independent,emotion_original,logistic_regression,pca_95,,
wav2vec_logistic_regression_emotion_original_speaker_independent_pca_95,03-01-02-02-02-01-20,3,calm,calm,wav2vec,speaker_independent,emotion_original,logistic_regression,pca_95,,
wav2vec_logistic_regression_emotion_original_speaker_independent_pca_95,03-01-02-02-02-02-08,3,calm,calm,wav2vec,speaker_independent,emotion_original,logistic_regression,pca_95,,
wav2vec_logistic_regression_emotion_original_speaker_independent_pca_95,03-01-02-02-02-02-20,3,calm,calm,wav2vec,speaker_independent,emotion_original,logistic_regression,pca_95,,
wav2vec_logistic_regression_emotion_original_speaker_independent_pca_95,03-01-03-01-01-01-08,3,happy,happy,wav2vec,speaker_independent,emotion_original,logistic_regression,pca_95,,
wav2vec_logistic_regression_emotion_original_speaker_independent_pca_95,03-01-03-01-01-01-20,3,happy,happy,wav2vec,speaker_independent,emotion_original,logistic_regression,pca_95,,
wav2vec_logistic_regression_emotion_original_speaker_independent_pca_95,03-01-03-01-01-02-08,3,happy,calm,wav2vec,speaker_independent,emotion_original,logistic_regression,pca_95,,
wav2vec_logistic_regression_emotion_original_speaker_independent_pca_95,03-01-03-01-01-02-20,3,happy,happy,wav2vec,speaker_independent,emotion_original,logistic_regression,pca_95,,
wav2vec_logistic_regression_emotion_original_speaker_independent_pca_95,03-01-03-01-02-01-08,3,happy,happy,wav2vec,speaker_independent,emotion_original,logistic_regression,pca_95,,
wav2vec_logistic_regression_emotion_original_speaker_independent_pca_95,03-01-03-01-02-01-11,3,happy,happy,wav2vec,speaker_independent,emotion_original,logistic_regression,pca_95,,
wav2vec_logistic_regression_emotion_original_speaker_independent_pca_95,03-01-03-01-02-01-20,3,happy,disgust,wav2vec,speaker_independent,emotion_original,logistic_regression,pca_95,,
wav2vec_logistic_regression_emotion_original_speaker_independent_pca_95,03-01-03-01-02-02-08,3,happy,happy,wav2vec,speaker_independent,emotion_original,logistic_regression,pca_95,,
wav2vec_logistic_regression_emotion_original_speaker_independent_pca_95,03-01-03-01-02-02-11,3,happy,surprised,wav2vec,speaker_independent,emotion_original,logistic_regression,pca_95,,
wav2vec_logistic_regression_emotion_original_speaker_independent_pca_95,03-01-03-01-02-02-20,3,happy,happy,wav2vec,speaker_independent,emotion_original,logistic_regression,pca_95,,
wav2vec_logistic_regression_emotion_original_speaker_independent_pca_95,03-01-03-02-01-01-08,3,happy,happy,wav2vec,speaker_independent,emotion_original,logistic_regression,pca_95,,
wav2vec_logistic_regression_emotion_original_speaker_independent_pca_95,03-01-03-02-01-01-11,3,happy,happy,wav2vec,speaker_independent,emotion_original,logistic_regression,pca_95,,
wav2vec_logistic_regression_emotion_original_speaker_independent_pca_95,03-01-03-02-01-02-08,3,happy,happy,wav2vec,speaker_independent,emotion_original,logistic_regression,pca_95,,
wav2vec_logistic_regression_emotion_original_speaker_independent_pca_95,03-01-03-02-01-02-11,3,happy,surprised,wav2vec,speaker_independent,emotion_original,logistic_regression,pca_95,,
wav2vec_logistic_regression_emotion_original_speaker_independent_pca_95,03-01-03-02-02-01-11,3,happy,happy,wav2vec,speaker_independent,emotion_original,logistic_regression,pca_95,,
wav2vec_logistic_regression_emotion_original_speaker_independent_pca_95,03-01-03-02-02-01-20,3,happy,happy,wav2vec,speaker_independent,emotion_original,logistic_regression,pca_95,,
wav2vec_logistic_regression_emotion_original_speaker_independent_pca_95,03-01-03-02-02-02-11,3,happy,happy,wav2vec,speaker_independent,emotion_original,logistic_regression,pca_95,,
wav2vec_logistic_regression_emotion_original_speaker_independent_pca_95,03-01-03-02-02-02-20,3,happy,fearful,wav2vec,speaker_independent,emotion_original,logistic_regression,pca_95,,
wav2vec_logistic_regression_emotion_original_speaker_independent_pca_95,03-01-04-01-01-01-08,3,sad,calm,wav2vec,speaker_independent,emotion_original,logistic_regression,pca_95,,
wav2vec_logistic_regression_emotion_original_speaker_independent_pca_95,03-01-04-01-01-01-11,3,sad,surprised,wav2vec,speaker_independent,emotion_original,logistic_regression,pca_95,,
wav2vec_logistic_regression_emotion_original_speaker_independent_pca_95,03-01-04-01-01-02-08,3,sad,calm,wav2vec,speaker_independent,emotion_original,logistic_regression,pca_95,,
wav2vec_logistic_regression_emotion_original_speaker_independent_pca_95,03-01-04-01-01-02-11,3,sad,disgust,wav2vec,speaker_independent,emotion_original,logistic_regression,pca_95,,
wav2vec_logistic_regression_emotion_original_speaker_independent_pca_95,03-01-04-01-02-01-08,3,sad,calm,wav2vec,speaker_independent,emotion_original,logistic_regression,pca_95,,
wav2vec_logistic_regression_emotion_original_speaker_independent_pca_95,03-01-04-01-02-01-11,3,sad,disgust,wav2vec,speaker_independent,emotion_original,logistic_regression,pca_95,,
wav2vec_logistic_regression_emotion_original_speaker_independent_pca_95,03-01-04-01-02-01-20,3,sad,calm,wav2vec,speaker_independent,emotion_original,logistic_regression,pca_95,,
wav2vec_logistic_regression_emotion_original_speaker_independent_pca_95,03-01-04-01-02-02-08,3,sad,sad,wav2vec,speaker_independent,emotion_original,logistic_regression,pca_95,,
wav2vec_logistic_regression_emotion_original_speaker_independent_pca_95,03-01-04-01-02-02-11,3,sad,calm,wav2vec,speaker_independent,emotion_original,logistic_regression,pca_95,,
wav2vec_logistic_regression_emotion_original_speaker_independent_pca_95,03-01-04-01-02-02-20,3,sad,sad,wav2vec,speaker_independent,emotion_original,logistic_regression,pca_95,,
wav2vec_logistic_regression_emotion_original_speaker_independent_pca_95,03-01-04-02-01-01-08,3,sad,sad,wav2vec,speaker_independent,emotion_original,logistic_regression,pca_95,,
wav2vec_logistic_regression_emotion_original_speaker_independent_pca_95,03-01-04-02-01-01-20,3,sad,sad,wav2vec,speaker_independent,emotion_original,logistic_regression,pca_95,,
wav2vec_logistic_regression_emotion_original_speaker_independent_pca_95,03-01-04-02-01-02-08,3,sad,sad,wav2vec,speaker_independent,emotion_original,logistic_regression,pca_95,,
wav2vec_logistic_regression_emotion_original_speaker_independent_pca_95,03-01-04-02-01-02-20,3,sad,happy,wav2vec,speaker_independent,emotion_original,logistic_regression,pca_95,,
wav2vec_logistic_regression_emotion_original_speaker_independent_pca_95,03-01-04-02-02-01-08,3,sad,sad,wav2vec,speaker_independent,emotion_original,logistic_regression,pca_95,,
wav2vec_logistic_regression_emotion_original_speaker_independent_pca_95,03-01-04-02-02-01-11,3,sad,happy,wav2vec,speaker_independent,emotion_original,logistic_regression,pca_95,,
wav2vec_logistic_regression_emotion_original_speaker_independent_pca_95,03-01-04-02-02-01-20,3,sad,sad,wav2vec,speaker_independent,emotion_original,logistic_regression,pca_95,,
wav2vec_logistic_regression_emotion_original_speaker_independent_pca_95,03-01-04-02-02-02-08,3,sad,sad,wav2vec,speaker_independent,emotion_original,logistic_regression,pca_95,,
wav2vec_logistic_regression_emotion_original_speaker_independent_pca_95,03-01-04-02-02-02-11,3,sad,happy,wav2vec,speaker_independent,emotion_original,logistic_regression,pca_95,,
wav2vec_logistic_regression_emotion_original_speaker_independent_pca_95,03-01-04-02-02-02-20,3,sad,sad,wav2vec,speaker_independent,emotion_original,logistic_regression,pca_95,,
wav2vec_logistic_regression_emotion_original_speaker_independent_pca_95,03-01-05-01-01-01-08,3,angry,surprised,wav2vec,speaker_independent,emotion_original,logistic_regression,pca_95,,
wav2vec_logistic_regression_emotion_original_speaker_independent_pca_95,03-01-05-01-01-01-11,3,angry,happy,wav2vec,speaker_independent,emotion_original,logistic_regression,pca_95,,
wav2vec_logistic_regression_emotion_original_speaker_independent_pca_95,03-01-05-01-01-01-20,3,angry,surprised,wav2vec,speaker_independent,emotion_original,logistic_regression,pca_95,,
wav2vec_logistic_regression_emotion_original_speaker_independent_pca_95,03-01-05-01-01-02-08,3,angry,sad,wav2vec,speaker_independent,emotion_original,logistic_regression,pca_95,,
wav2vec_logistic_regression_emotion_original_speaker_independent_pca_95,03-01-05-01-01-02-11,3,angry,disgust,wav2vec,speaker_independent,emotion_original,logistic_regression,pca_95,,
wav2vec_logistic_regression_emotion_original_speaker_independent_pca_95,03-01-05-01-01-02-20,3,angry,surprised,wav2vec,speaker_independent,emotion_original,logistic_regression,pca_95,,
wav2vec_logistic_regression_emotion_original_speaker_independent_pca_95,03-01-05-01-02-01-11,3,angry,fearful,wav2vec,speaker_independent,emotion_original,logistic_regression,pca_95,,
wav2vec_logistic_regression_emotion_original_speaker_independent_pca_95,03-01-05-01-02-01-20,3,angry,disgust,wav2vec,speaker_independent,emotion_original,logistic_regression,pca_95,,
wav2vec_logistic_regression_emotion_original_speaker_independent_pca_95,03-01-05-01-02-02-11,3,angry,disgust,wav2vec,speaker_independent,emotion_original,logistic_regression,pca_95,,
wav2vec_logistic_regression_emotion_original_speaker_independent_pca_95,03-01-05-01-02-02-20,3,angry,disgust,wav2vec,speaker_independent,emotion_original,logistic_regression,pca_95,,
wav2vec_logistic_regression_emotion_original_speaker_independent_pca_95,03-01-05-02-01-01-11,3,angry,fearful,wav2vec,speaker_independent,emotion_original,logistic_regression,pca_95,,
wav2vec_logistic_regression_emotion_original_speaker_independent_pca_95,03-01-05-02-01-02-11,3,angry,fearful,wav2vec,speaker_independent,emotion_original,logistic_regression,pca_95,,
wav2vec_logistic_regression_emotion_original_speaker_independent_pca_95,03-01-05-02-02-01-08,3,angry,angry,wav2vec,speaker_independent,emotion_original,logistic_regression,pca_95,,
wav2vec_logistic_regression_emotion_original_speaker_independent_pca_95,03-01-05-02-02-01-11,3,angry,angry,wav2vec,speaker_independent,emotion_original,logistic_regression,pca_95,,
wav2vec_logistic_regression_emotion_original_speaker_independent_pca_95,03-01-05-02-02-01-20,3,angry,happy,wav2vec,speaker_independent,emotion_original,logistic_regression,pca_95,,
wav2vec_logistic_regression_emotion_original_speaker_independent_pca_95,03-01-05-02-02-02-08,3,angry,angry,wav2vec,speaker_independent,emotion_original,logistic_regression,pca_95,,
wav2vec_logistic_regression_emotion_original_speaker_independent_pca_95,03-01-05-02-02-02-11,3,angry,fearful,wav2vec,speaker_independent,emotion_original,logistic_regression,pca_95,,
wav2vec_logistic_regression_emotion_original_speaker_independent_pca_95,03-01-05-02-02-02-20,3,angry,disgust,wav2vec,speaker_independent,emotion_original,logistic_regression,pca_95,,
wav2vec_logistic_regression_emotion_original_speaker_independent_pca_95,03-01-06-01-01-01-20,3,fearful,sad,wav2vec,speaker_independent,emotion_original,logistic_regression,pca_95,,
wav2vec_logistic_regression_emotion_original_speaker_independent_pca_95,03-01-06-01-01-02-20,3,fearful,sad,wav2vec,speaker_independent,emotion_original,logistic_regression,pca_95,,
wav2vec_logistic_regression_emotion_original_speaker_independent_pca_95,03-01-06-01-02-01-08,3,fearful,happy,wav2vec,speaker_independent,emotion_original,logistic_regression,pca_95,,
wav2vec_logistic_regression_emotion_original_speaker_independent_pca_95,03-01-06-01-02-01-11,3,fearful,fearful,wav2vec,speaker_independent,emotion_original,logistic_regression,pca_95,,
wav2vec_logistic_regression_emotion_original_speaker_independent_pca_95,03-01-06-01-02-02-08,3,fearful,fearful,wav2vec,speaker_independent,emotion_original,logistic_regression,pca_95,,
wav2vec_logistic_regression_emotion_original_speaker_independent_pca_95,03-01-06-01-02-02-11,3,fearful,fearful,wav2vec,speaker_independent,emotion_original,logistic_regression,pca_95,,
wav2vec_logistic_regression_emotion_original_speaker_independent_pca_95,03-01-06-02-01-01-08,3,fearful,fearful,wav2vec,speaker_independent,emotion_original,logistic_regression,pca_95,,
wav2vec_logistic_regression_emotion_original_speaker_independent_pca_95,03-01-06-02-01-01-11,3,fearful,fearful,wav2vec,speaker_independent,emotion_original,logistic_regression,pca_95,,
wav2vec_logistic_regression_emotion_original_speaker_independent_pca_95,03-01-06-02-01-01-20,3,fearful,happy,wav2vec,speaker_independent,emotion_original,logistic_regression,pca_95,,
wav2vec_logistic_regression_emotion_original_speaker_independent_pca_95,03-01-06-02-01-02-08,3,fearful,fearful,wav2vec,speaker_independent,emotion_original,logistic_regression,pca_95,,
wav2vec_logistic_regression_emotion_original_speaker_independent_pca_95,03-01-06-02-01-02-11,3,fearful,fearful,wav2vec,speaker_independent,emotion_original,logistic_regression,pca_95,,
wav2vec_logistic_regression_emotion_original_speaker_independent_pca_95,03-01-06-02-01-02-20,3,fearful,fearful,wav2vec,speaker_independent,emotion_original,logistic_regression,pca_95,,
wav2vec_logistic_regression_emotion_original_speaker_independent_pca_95,03-01-06-02-02-01-08,3,fearful,fearful,wav2vec,speaker_independent,emotion_original,logistic_regression,pca_95,,
wav2vec_logistic_regression_emotion_original_speaker_independent_pca_95,03-01-06-02-02-01-11,3,fearful,fearful,wav2vec,speaker_independent,emotion_original,logistic_regression,pca_95,,
wav2vec_logistic_regression_emotion_original_speaker_independent_pca_95,03-01-06-02-02-01-20,3,fearful,happy,wav2vec,speaker_independent,emotion_original,logistic_regression,pca_95,,
wav2vec_logistic_regression_emotion_original_speaker_independent_pca_95,03-01-06-02-02-02-08,3,fearful,happy,wav2vec,speaker_independent,emotion_original,logistic_regression,pca_95,,
wav2vec_logistic_regression_emotion_original_speaker_independent_pca_95,03-01-06-02-02-02-11,3,fearful,fearful,wav2vec,speaker_independent,emotion_original,logistic_regression,pca_95,,
wav2vec_logistic_regression_emotion_original_speaker_independent_pca_95,03-01-06-02-02-02-20,3,fearful,fearful,wav2vec,speaker_independent,emotion_original,logistic_regression,pca_95,,
wav2vec_logistic_regression_emotion_original_speaker_independent_pca_95,03-01-07-01-01-01-08,3,disgust,sad,wav2vec,speaker_independent,emotion_original,logistic_regression,pca_95,,
wav2vec_logistic_regression_emotion_original_speaker_independent_pca_95,03-01-07-01-01-01-11,3,disgust,disgust,wav2vec,speaker_independent,emotion_original,logistic_regression,pca_95,,
wav2vec_logistic_regression_emotion_original_speaker_independent_pca_95,03-01-07-01-01-02-08,3,disgust,sad,wav2vec,speaker_independent,emotion_original,logistic_regression,pca_95,,
wav2vec_logistic_regression_emotion_original_speaker_independent_pca_95,03-01-07-01-01-02-11,3,disgust,surprised,wav2vec,speaker_independent,emotion_original,logistic_regression,pca_95,,
wav2vec_logistic_regression_emotion_original_speaker_independent_pca_95,03-01-07-01-02-01-11,3,disgust,happy,wav2vec,speaker_independent,emotion_original,logistic_regression,pca_95,,
wav2vec_logistic_regression_emotion_original_speaker_independent_pca_95,03-01-07-01-02-01-20,3,disgust,sad,wav2vec,speaker_independent,emotion_original,logistic_regression,pca_95,,
wav2vec_logistic_regression_emotion_original_speaker_independent_pca_95,03-01-07-01-02-02-11,3,disgust,angry,wav2vec,speaker_independent,emotion_original,logistic_regression,pca_95,,
wav2vec_logistic_regression_emotion_original_speaker_independent_pca_95,03-01-07-01-02-02-20,3,disgust,disgust,wav2vec,speaker_independent,emotion_original,logistic_regression,pca_95,,
wav2vec_logistic_regression_emotion_original_speaker_independent_pca_95,03-01-07-02-01-01-08,3,disgust,disgust,wav2vec,speaker_independent,emotion_original,logistic_regression,pca_95,,
wav2vec_logistic_regression_emotion_original_speaker_independent_pca_95,03-01-07-02-01-01-11,3,disgust,surprised,wav2vec,speaker_independent,emotion_original,logistic_regression,pca_95,,
wav2vec_logistic_regression_emotion_original_speaker_independent_pca_95,03-01-07-02-01-01-20,3,disgust,disgust,wav2vec,speaker_independent,emotion_original,logistic_regression,pca_95,,
wav2vec_logistic_regression_emotion_original_speaker_independent_pca_95,03-01-07-02-01-02-08,3,disgust,disgust,wav2vec,speaker_independent,emotion_original,logistic_regression,pca_95,,
wav2vec_logistic_regression_emotion_original_speaker_independent_pca_95,03-01-07-02-01-02-11,3,disgust,disgust,wav2vec,speaker_independent,emotion_original,logistic_regression,pca_95,,
wav2vec_logistic_regression_emotion_original_speaker_independent_pca_95,03-01-07-02-01-02-20,3,disgust,disgust,wav2vec,speaker_independent,emotion_original,logistic_regression,pca_95,,
wav2vec_logistic_regression_emotion_original_speaker_independent_pca_95,03-01-07-02-02-01-08,3,disgust,disgust,wav2vec,speaker_independent,emotion_original,logistic_regression,pca_95,,
wav2vec_logistic_regression_emotion_original_speaker_independent_pca_95,03-01-07-02-02-01-11,3,disgust,disgust,wav2vec,speaker_independent,emotion_original,logistic_regression,pca_95,,
wav2vec_logistic_regression_emotion_original_speaker_independent_pca_95,03-01-07-02-02-01-20,3,disgust,disgust,wav2vec,speaker_independent,emotion_original,logistic_regression,pca_95,,
wav2vec_logistic_regression_emotion_original_speaker_independent_pca_95,03-01-07-02-02-02-08,3,disgust,disgust,wav2vec,speaker_independent,emotion_original,logistic_regression,pca_95,,
wav2vec_logistic_regression_emotion_original_speaker_independent_pca_95,03-01-07-02-02-02-11,3,disgust,disgust,wav2vec,speaker_independent,emotion_original,logistic_regression,pca_95,,
wav2vec_logistic_regression_emotion_original_speaker_independent_pca_95,03-01-07-02-02-02-20,3,disgust,disgust,wav2vec,speaker_independent,emotion_original,logistic_regression,pca_95,,
wav2vec_logistic_regression_emotion_original_speaker_independent_pca_95,03-01-08-01-01-01-08,3,surprised,fearful,wav2vec,speaker_independent,emotion_original,logistic_regression,pca_95,,
wav2vec_logistic_regression_emotion_original_speaker_independent_pca_95,03-01-08-01-01-01-11,3,surprised,surprised,wav2vec,speaker_independent,emotion_original,logistic_regression,pca_95,,
wav2vec_logistic_regression_emotion_original_speaker_independent_pca_95,03-01-08-01-01-01-20,3,surprised,happy,wav2vec,speaker_independent,emotion_original,logistic_regression,pca_95,,
wav2vec_logistic_regression_emotion_original_speaker_independent_pca_95,03-01-08-01-01-02-08,3,surprised,disgust,wav2vec,speaker_independent,emotion_original,logistic_regression,pca_95,,
wav2vec_logistic_regression_emotion_original_speaker_independent_pca_95,03-01-08-01-01-02-11,3,surprised,surprised,wav2vec,speaker_independent,emotion_original,logistic_regression,pca_95,,
wav2vec_logistic_regression_emotion_original_speaker_independent_pca_95,03-01-08-01-01-02-20,3,surprised,happy,wav2vec,speaker_independent,emotion_original,logistic_regression,pca_95,,
wav2vec_logistic_regression_emotion_original_speaker_independent_pca_95,03-01-08-01-02-01-11,3,surprised,fearful,wav2vec,speaker_independent,emotion_original,logistic_regression,pca_95,,
wav2vec_logistic_regression_emotion_original_speaker_independent_pca_95,03-01-08-01-02-01-20,3,surprised,happy,wav2vec,speaker_independent,emotion_original,logistic_regression,pca_95,,
wav2vec_logistic_regression_emotion_original_speaker_independent_pca_95,03-01-08-01-02-02-11,3,surprised,surprised,wav2vec,speaker_independent,emotion_original,logistic_regression,pca_95,,
wav2vec_logistic_regression_emotion_original_speaker_independent_pca_95,03-01-08-01-02-02-20,3,surprised,surprised,wav2vec,speaker_independent,emotion_original,logistic_regression,pca_95,,
wav2vec_logistic_regression_emotion_original_speaker_independent_pca_95,03-01-08-02-01-01-08,3,surprised,fearful,wav2vec,speaker_independent,emotion_original,logistic_regression,pca_95,,
wav2vec_logistic_regression_emotion_original_speaker_independent_pca_95,03-01-08-02-01-01-11,3,surprised,surprised,wav2vec,speaker_independent,emotion_original,logistic_regression,pca_95,,
wav2vec_logistic_regression_emotion_original_speaker_independent_pca_95,03-01-08-02-01-02-08,3,surprised,surprised,wav2vec,speaker_independent,emotion_original,logistic_regression,pca_95,,
wav2vec_logistic_regression_emotion_original_speaker_independent_pca_95,03-01-08-02-01-02-11,3,surprised,surprised,wav2vec,speaker_independent,emotion_original,logistic_regression,pca_95,,
wav2vec_logistic_regression_emotion_original_speaker_independent_pca_95,03-01-08-02-02-01-20,3,surprised,happy,wav2vec,speaker_independent,emotion_original,logistic_regression,pca_95,,
wav2vec_logistic_regression_emotion_original_speaker_independent_pca_95,03-01-08-02-02-02-20,3,surprised,fearful,wav2vec,speaker_independent,emotion_original,logistic_regression,pca_95,,
wav2vec_logistic_regression_emotion_original_speaker_independent_pca_95,03-01-01-01-01-01-14,4,neutral,neutral,wav2vec,speaker_independent,emotion_original,logistic_regression,pca_95,,
wav2vec_logistic_regression_emotion_original_speaker_independent_pca_95,03-01-01-01-01-01-16,4,neutral,angry,wav2vec,speaker_independent,emotion_original,logistic_regression,pca_95,,
wav2vec_logistic_regression_emotion_original_speaker_independent_pca_95,03-01-01-01-01-01-22,4,neutral,neutral,wav2vec,speaker_independent,emotion_original,logistic_regression,pca_95,,
wav2vec_logistic_regression_emotion_original_speaker_independent_pca_95,03-01-01-01-01-01-24,4,neutral,neutral,wav2vec,speaker_independent,emotion_original,logistic_regression,pca_95,,
wav2vec_logistic_regression_emotion_original_speaker_independent_pca_95,03-01-01-01-01-02-14,4,neutral,neutral,wav2vec,speaker_independent,emotion_original,logistic_regression,pca_95,,
wav2vec_logistic_regression_emotion_original_speaker_independent_pca_95,03-01-01-01-01-02-16,4,neutral,angry,wav2vec,speaker_independent,emotion_original,logistic_regression,pca_95,,
wav2vec_logistic_regression_emotion_original_speaker_independent_pca_95,03-01-01-01-01-02-22,4,neutral,neutral,wav2vec,speaker_independent,emotion_original,logistic_regression,pca_95,,
wav2vec_logistic_regression_emotion_original_speaker_independent_pca_95,03-01-01-01-01-02-24,4,neutral,angry,wav2vec,speaker_independent,emotion_original,logistic_regression,pca_95,,
wav2vec_logistic_regression_emotion_original_speaker_independent_pca_95,03-01-01-01-02-01-14,4,neutral,neutral,wav2vec,speaker_independent,emotion_original,logistic_regression,pca_95,,
wav2vec_logistic_regression_emotion_original_speaker_independent_pca_95,03-01-01-01-02-01-16,4,neutral,angry,wav2vec,speaker_independent,emotion_original,logistic_regression,pca_95,,
wav2vec_logistic_regression_emotion_original_speaker_independent_pca_95,03-01-01-01-02-01-22,4,neutral,neutral,wav2vec,speaker_independent,emotion_original,logistic_regression,pca_95,,
wav2vec_logistic_regression_emotion_original_speaker_independent_pca_95,03-01-01-01-02-01-24,4,neutral,neutral,wav2vec,speaker_independent,emotion_original,logistic_regression,pca_95,,
wav2vec_logistic_regression_emotion_original_speaker_independent_pca_95,03-01-01-01-02-02-14,4,neutral,neutral,wav2vec,speaker_independent,emotion_original,logistic_regression,pca_95,,
wav2vec_logistic_regression_emotion_original_speaker_independent_pca_95,03-01-01-01-02-02-16,4,neutral,angry,wav2vec,speaker_independent,emotion_original,logistic_regression,pca_95,,
wav2vec_logistic_regression_emotion_original_speaker_independent_pca_95,03-01-01-01-02-02-22,4,neutral,calm,wav2vec,speaker_independent,emotion_original,logistic_regression,pca_95,,
wav2vec_logistic_regression_emotion_original_speaker_independent_pca_95,03-01-01-01-02-02-24,4,neutral,angry,wav2vec,speaker_independent,emotion_original,logistic_regression,pca_95,,
wav2vec_logistic_regression_emotion_original_speaker_independent_pca_95,03-01-02-01-01-01-14,4,calm,calm,wav2vec,speaker_independent,emotion_original,logistic_regression,pca_95,,
wav2vec_logistic_regression_emotion_original_speaker_independent_pca_95,03-01-02-01-01-01-16,4,calm,angry,wav2vec,speaker_independent,emotion_original,logistic_regression,pca_95,,
wav2vec_logistic_regression_emotion_original_speaker_independent_pca_95,03-01-02-01-01-01-22,4,calm,calm,wav2vec,speaker_independent,emotion_original,logistic_regression,pca_95,,
wav2vec_logistic_regression_emotion_original_speaker_independent_pca_95,03-01-02-01-01-01-24,4,calm,neutral,wav2vec,speaker_independent,emotion_original,logistic_regression,pca_95,,
wav2vec_logistic_regression_emotion_original_speaker_independent_pca_95,03-01-02-01-01-02-14,4,calm,neutral,wav2vec,speaker_independent,emotion_original,logistic_regression,pca_95,,
wav2vec_logistic_regression_emotion_original_speaker_independent_pca_95,03-01-02-01-01-02-16,4,calm,neutral,wav2vec,speaker_independent,emotion_original,logistic_regression,pca_95,,
wav2vec_logistic_regression_emotion_original_speaker_independent_pca_95,03-01-02-01-01-02-22,4,calm,calm,wav2vec,speaker_independent,emotion_original,logistic_regression,pca_95,,
wav2vec_logistic_regression_emotion_original_speaker_independent_pca_95,03-01-02-01-01-02-24,4,calm,calm,wav2vec,speaker_independent,emotion_original,logistic_regression,pca_95,,
wav2vec_logistic_regression_emotion_original_speaker_independent_pca_95,03-01-02-01-02-01-14,4,calm,calm,wav2vec,speaker_independent,emotion_original,logistic_regression,pca_95,,
wav2vec_logistic_regression_emotion_original_speaker_independent_pca_95,03-01-02-01-02-02-14,4,calm,neutral,wav2vec,speaker_independent,emotion_original,logistic_regression,pca_95,,
wav2vec_logistic_regression_emotion_original_speaker_independent_pca_95,03-01-02-02-01-01-14,4,calm,neutral,wav2vec,speaker_independent,emotion_original,logistic_regression,pca_95,,
wav2vec_logistic_regression_emotion_original_speaker_independent_pca_95,03-01-02-02-01-01-16,4,calm,neutral,wav2vec,speaker_independent,emotion_original,logistic_regression,pca_95,,
wav2vec_logistic_regression_emotion_original_speaker_independent_pca_95,03-01-02-02-01-01-22,4,calm,calm,wav2vec,speaker_independent,emotion_original,logistic_regression,pca_95,,
wav2vec_logistic_regression_emotion_original_speaker_independent_pca_95,03-01-02-02-01-01-24,4,calm,calm,wav2vec,speaker_independent,emotion_original,logistic_regression,pca_95,,
wav2vec_logistic_regression_emotion_original_speaker_independent_pca_95,03-01-02-02-01-02-14,4,calm,calm,wav2vec,speaker_independent,emotion_original,logistic_regression,pca_95,,
wav2vec_logistic_regression_emotion_original_speaker_independent_pca_95,03-01-02-02-01-02-16,4,calm,angry,wav2vec,speaker_independent,emotion_original,logistic_regression,pca_95,,
wav2vec_logistic_regression_emotion_original_speaker_independent_pca_95,03-01-02-02-01-02-22,4,calm,neutral,wav2vec,speaker_independent,emotion_original,logistic_regression,pca_95,,
wav2vec_logistic_regression_emotion_original_speaker_independent_pca_95,03-01-02-02-01-02-24,4,calm,neutral,wav2vec,speaker_independent,emotion_original,logistic_regression,pca_95,,
wav2vec_logistic_regression_emotion_original_speaker_independent_pca_95,03-01-02-02-02-01-14,4,calm,calm,wav2vec,speaker_independent,emotion_original,logistic_regression,pca_95,,
wav2vec_logistic_regression_emotion_original_speaker_independent_pca_95,03-01-02-02-02-01-16,4,calm,angry,wav2vec,speaker_independent,emotion_original,logistic_regression,pca_95,,
wav2vec_logistic_regression_emotion_original_speaker_independent_pca_95,03-01-02-02-02-01-22,4,calm,calm,wav2vec,speaker_independent,emotion_original,logistic_regression,pca_95,,
wav2vec_logistic_regression_emotion_original_speaker_independent_pca_95,03-01-02-02-02-01-24,4,calm,calm,wav2vec,speaker_independent,emotion_original,logistic_regression,pca_95,,
wav2vec_logistic_regression_emotion_original_speaker_independent_pca_95,03-01-02-02-02-02-14,4,calm,calm,wav2vec,speaker_independent,emotion_original,logistic_regression,pca_95,,
wav2vec_logistic_regression_emotion_original_speaker_independent_pca_95,03-01-02-02-02-02-16,4,calm,angry,wav2vec,speaker_independent,emotion_original,logistic_regression,pca_95,,
wav2vec_logistic_regression_emotion_original_speaker_independent_pca_95,03-01-02-02-02-02-22,4,calm,calm,wav2vec,speaker_independent,emotion_original,logistic_regression,pca_95,,
wav2vec_logistic_regression_emotion_original_speaker_independent_pca_95,03-01-02-02-02-02-24,4,calm,calm,wav2vec,speaker_independent,emotion_original,logistic_regression,pca_95,,
wav2vec_logistic_regression_emotion_original_speaker_independent_pca_95,03-01-03-01-01-01-14,4,happy,angry,wav2vec,speaker_independent,emotion_original,logistic_regression,pca_95,,
wav2vec_logistic_regression_emotion_original_speaker_independent_pca_95,03-01-03-01-01-01-16,4,happy,angry,wav2vec,speaker_independent,emotion_original,logistic_regression,pca_95,,
wav2vec_logistic_regression_emotion_original_speaker_independent_pca_95,03-01-03-01-01-01-22,4,happy,happy,wav2vec,speaker_independent,emotion_original,logistic_regression,pca_95,,
wav2vec_logistic_regression_emotion_original_speaker_independent_pca_95,03-01-03-01-01-01-24,4,happy,neutral,wav2vec,speaker_independent,emotion_original,logistic_regression,pca_95,,
wav2vec_logistic_regression_emotion_original_speaker_independent_pca_95,03-01-03-01-01-02-14,4,happy,angry,wav2vec,speaker_independent,emotion_original,logistic_regression,pca_95,,
wav2vec_logistic_regression_emotion_original_speaker_independent_pca_95,03-01-03-01-01-02-16,4,happy,angry,wav2vec,speaker_independent,emotion_original,logistic_regression,pca_95,,
wav2vec_logistic_regression_emotion_original_speaker_independent_pca_95,03-01-03-01-01-02-22,4,happy,happy,wav2vec,speaker_independent,emotion_original,logistic_regression,pca_95,,
wav2vec_logistic_regression_emotion_original_speaker_independent_pca_95,03-01-03-01-01-02-24,4,happy,happy,wav2vec,speaker_independent,emotion_original,logistic_regression,pca_95,,
wav2vec_logistic_regression_emotion_original_speaker_independent_pca_95,03-01-03-01-02-01-16,4,happy,angry,wav2vec,speaker_independent,emotion_original,logistic_regression,pca_95,,
wav2vec_logistic_regression_emotion_original_speaker_independent_pca_95,03-01-03-01-02-01-22,4,happy,neutral,wav2vec,speaker_independent,emotion_original,logistic_regression,pca_95,,
wav2vec_logistic_regression_emotion_original_speaker_independent_pca_95,03-01-03-01-02-01-24,4,happy,neutral,wav2vec,speaker_independent,emotion_original,logistic_regression,pca_95,,
wav2vec_logistic_regression_emotion_original_speaker_independent_pca_95,03-01-03-01-02-02-16,4,happy,angry,wav2vec,speaker_independent,emotion_original,logistic_regression,pca_95,,
wav2vec_logistic_regression_emotion_original_speaker_independent_pca_95,03-01-03-01-02-02-22,4,happy,neutral,wav2vec,speaker_independent,emotion_original,logistic_regression,pca_95,,
wav2vec_logistic_regression_emotion_original_speaker_independent_pca_95,03-01-03-01-02-02-24,4,happy,angry,wav2vec,speaker_independent,emotion_original,logistic_regression,pca_95,,
wav2vec_logistic_regression_emotion_original_speaker_independent_pca_95,03-01-03-02-01-01-14,4,happy,angry,wav2vec,speaker_independent,emotion_original,logistic_regression,pca_95,,
wav2vec_logistic_regression_emotion_original_speaker_independent_pca_95,03-01-03-02-01-01-16,4,happy,angry,wav2vec,speaker_independent,emotion_original,logistic_regression,pca_95,,
wav2vec_logistic_regression_emotion_original_speaker_independent_pca_95,03-01-03-02-01-01-22,4,happy,happy,wav2vec,speaker_independent,emotion_original,logistic_regression,pca_95,,
wav2vec_logistic_regression_emotion_original_speaker_independent_pca_95,03-01-03-02-01-02-14,4,happy,happy,wav2vec,speaker_independent,emotion_original,logistic_regression,pca_95,,
wav2vec_logistic_regression_emotion_original_speaker_independent_pca_95,03-01-03-02-01-02-16,4,happy,angry,wav2vec,speaker_independent,emotion_original,logistic_regression,pca_95,,
wav2vec_logistic_regression_emotion_original_speaker_independent_pca_95,03-01-03-02-01-02-22,4,happy,fearful,wav2vec,speaker_independent,emotion_original,logistic_regression,pca_95,,
wav2vec_logistic_regression_emotion_original_speaker_independent_pca_95,03-01-03-02-02-01-14,4,happy,angry,wav2vec,speaker_independent,emotion_original,logistic_regression,pca_95,,
wav2vec_logistic_regression_emotion_original_speaker_independent_pca_95,03-01-03-02-02-01-24,4,happy,angry,wav2vec,speaker_independent,emotion_original,logistic_regression,pca_95,,
wav2vec_logistic_regression_emotion_original_speaker_independent_pca_95,03-01-03-02-02-02-14,4,happy,happy,wav2vec,speaker_independent,emotion_original,logistic_regression,pca_95,,
wav2vec_logistic_regression_emotion_original_speaker_independent_pca_95,03-01-03-02-02-02-24,4,happy,angry,wav2vec,speaker_independent,emotion_original,logistic_regression,pca_95,,
wav2vec_logistic_regression_emotion_original_speaker_independent_pca_95,03-01-04-01-02-01-14,4,sad,surprised,wav2vec,speaker_independent,emotion_original,logistic_regression,pca_95,,
wav2vec_logistic_regression_emotion_original_speaker_independent_pca_95,03-01-04-01-02-01-16,4,sad,angry,wav2vec,speaker_independent,emotion_original,logistic_regression,pca_95,,
wav2vec_logistic_regression_emotion_original_speaker_independent_pca_95,03-01-04-01-02-01-22,4,sad,disgust,wav2vec,speaker_independent,emotion_original,logistic_regression,pca_95,,
wav2vec_logistic_regression_emotion_original_speaker_independent_pca_95,03-01-04-01-02-01-24,4,sad,neutral,wav2vec,speaker_independent,emotion_original,logistic_regression,pca_95,,
wav2vec_logistic_regression_emotion_original_speaker_independent_pca_95,03-01-04-01-02-02-14,4,sad,neutral,wav2vec,speaker_independent,emotion_original,logistic_regression,pca_95,,
wav2vec_logistic_regression_emotion_original_speaker_independent_pca_95,03-01-04-01-02-02-16,4,sad,angry,wav2vec,speaker_independent,emotion_original,logistic_regression,pca_95,,
wav2vec_logistic_regression_emotion_original_speaker_independent_pca_95,03-01-04-01-02-02-22,4,sad,angry,wav2vec,speaker_independent,emotion_original,logistic_regression,pca_95,,
wav2vec_logistic_regression_emotion_original_speaker_independent_pca_95,03-01-04-01-02-02-24,4,sad,calm,wav2vec,speaker_independent,emotion_original,logistic_regression,pca_95,,
wav2vec_logistic_regression_emotion_original_speaker_independent_pca_95,03-01-04-02-01-01-14,4,sad,surprised,wav2vec,speaker_independent,emotion_original,logistic_regression,pca_95,,
wav2vec_logistic_regression_emotion_original_speaker_independent_pca_95,03-01-04-02-01-01-16,4,sad,angry,wav2vec,speaker_independent,emotion_original,logistic_regression,pca_95,,
wav2vec_logistic_regression_emotion_original_speaker_independent_pca_95,03-01-04-02-01-01-22,4,sad,calm,wav2vec,speaker_independent,emotion_original,logistic_regression,pca_95,,
wav2vec_logistic_regression_emotion_original_speaker_independent_pca_95,03-01-04-02-01-01-24,4,sad,sad,wav2vec,speaker_independent,emotion_original,logistic_regression,pca_95,,
wav2vec_logistic_regression_emotion_original_speaker_independent_pca_95,03-01-04-02-01-02-14,4,sad,disgust,wav2vec,speaker_independent,emotion_original,logistic_regression,pca_95,,
wav2vec_logistic_regression_emotion_original_speaker_independent_pca_95,03-01-04-02-01-02-16,4,sad,sad,wav2vec,speaker_independent,emotion_original,logistic_regression,pca_95,,
wav2vec_logistic_regression_emotion_original_speaker_independent_pca_95,03-01-04-02-01-02-22,4,sad,happy,wav2vec,speaker_independent,emotion_original,logistic_regression,pca_95,,
wav2vec_logistic_regression_emotion_original_speaker_independent_pca_95,03-01-04-02-01-02-24,4,sad,happy,wav2vec,speaker_independent,emotion_original,logistic_regression,pca_95,,
wav2vec_logistic_regression_emotion_original_speaker_independent_pca_95,03-01-04-02-02-01-14,4,sad,angry,wav2vec,speaker_independent,emotion_original,logistic_regression,pca_95,,
wav2vec_logistic_regression_emotion_original_speaker_independent_pca_95,03-01-04-02-02-01-16,4,sad,angry,wav2vec,speaker_independent,emotion_original,logistic_regression,pca_95,,
wav2vec_logistic_regression_emotion_original_speaker_independent_pca_95,03-01-04-02-02-01-22,4,sad,sad,wav2vec,speaker_independent,emotion_original,logistic_regression,pca_95,,
wav2vec_logistic_regression_emotion_original_speaker_independent_pca_95,03-01-04-02-02-01-24,4,sad,angry,wav2vec,speaker_independent,emotion_original,logistic_regression,pca_95,,
wav2vec_logistic_regression_emotion_original_speaker_independent_pca_95,03-01-04-02-02-02-14,4,sad,angry,wav2vec,speaker_independent,emotion_original,logistic_regression,pca_95,,
wav2vec_logistic_regression_emotion_original_speaker_independent_pca_95,03-01-04-02-02-02-16,4,sad,surprised,wav2vec,speaker_independent,emotion_original,logistic_regression,pca_95,,
wav2vec_logistic_regression_emotion_original_speaker_independent_pca_95,03-01-04-02-02-02-22,4,sad,happy,wav2vec,speaker_independent,emotion_original,logistic_regression,pca_95,,
wav2vec_logistic_regression_emotion_original_speaker_independent_pca_95,03-01-04-02-02-02-24,4,sad,disgust,wav2vec,speaker_independent,emotion_original,logistic_regression,pca_95,,
wav2vec_logistic_regression_emotion_original_speaker_independent_pca_95,03-01-05-01-01-01-14,4,angry,angry,wav2vec,speaker_independent,emotion_original,logistic_regression,pca_95,,
wav2vec_logistic_regression_emotion_original_speaker_independent_pca_95,03-01-05-01-01-01-16,4,angry,angry,wav2vec,speaker_independent,emotion_original,logistic_regression,pca_95,,
wav2vec_logistic_regression_emotion_original_speaker_independent_pca_95,03-01-05-01-01-01-22,4,angry,angry,wav2vec,speaker_independent,emotion_original,logistic_regression,pca_95,,
wav2vec_logistic_regression_emotion_original_speaker_independent_pca_95,03-01-05-01-01-01-24,4,angry,angry,wav2vec,speaker_independent,emotion_original,logistic_regression,pca_95,,
wav2vec_logistic_regression_emotion_original_speaker_independent_pca_95,03-01-05-01-01-02-14,4,angry,angry,wav2vec,speaker_independent,emotion_original,logistic_regression,pca_95,,
wav2vec_logistic_regression_emotion_original_speaker_independent_pca_95,03-01-05-01-01-02-16,4,angry,angry,wav2vec,speaker_independent,emotion_original,logistic_regression,pca_95,,
wav2vec_logistic_regression_emotion_original_speaker_independent_pca_95,03-01-05-01-01-02-22,4,angry,angry,wav2vec,speaker_independent,emotion_original,logistic_regression,pca_95,,
wav2vec_logistic_regression_emotion_original_speaker_independent_pca_95,03-01-05-01-01-02-24,4,angry,angry,wav2vec,speaker_independent,emotion_original,logistic_regression,pca_95,,
wav2vec_logistic_regression_emotion_original_speaker_independent_pca_95,03-01-05-01-02-01-14,4,angry,angry,wav2vec,speaker_independent,emotion_original,logistic_regression,pca_95,,
wav2vec_logistic_regression_emotion_original_speaker_independent_pca_95,03-01-05-01-02-01-16,4,angry,angry,wav2vec,speaker_independent,emotion_original,logistic_regression,pca_95,,
wav2vec_logistic_regression_emotion_original_speaker_independent_pca_95,03-01-05-01-02-01-22,4,angry,angry,wav2vec,speaker_independent,emotion_original,logistic_regression,pca_95,,
wav2vec_logistic_regression_emotion_original_speaker_independent_pca_95,03-01-05-01-02-01-24,4,angry,angry,wav2vec,speaker_independent,emotion_original,logistic_regression,pca_95,,
wav2vec_logistic_regression_emotion_original_speaker_independent_pca_95,03-01-05-01-02-02-14,4,angry,angry,wav2vec,speaker_independent,emotion_original,logistic_regression,pca_95,,
wav2vec_logistic_regression_emotion_original_speaker_independent_pca_95,03-01-05-01-02-02-16,4,angry,angry,wav2vec,speaker_independent,emotion_original,logistic_regression,pca_95,,
wav2vec_logistic_regression_emotion_original_speaker_independent_pca_95,03-01-05-01-02-02-22,4,angry,angry,wav2vec,speaker_independent,emotion_original,logistic_regression,pca_95,,
wav2vec_logistic_regression_emotion_original_speaker_independent_pca_95,03-01-05-01-02-02-24,4,angry,angry,wav2vec,speaker_independent,emotion_original,logistic_regression,pca_95,,
wav2vec_logistic_regression_emotion_original_speaker_independent_pca_95,03-01-05-02-01-01-16,4,angry,angry,wav2vec,speaker_independent,emotion_original,logistic_regression,pca_95,,
wav2vec_logistic_regression_emotion_original_speaker_independent_pca_95,03-01-05-02-01-01-22,4,angry,angry,wav2vec,speaker_independent,emotion_original,logistic_regression,pca_95,,
wav2vec_logistic_regression_emotion_original_speaker_independent_pca_95,03-01-05-02-01-01-24,4,angry,angry,wav2vec,speaker_independent,emotion_original,logistic_regression,pca_95,,
wav2vec_logistic_regression_emotion_original_speaker_independent_pca_95,03-01-05-02-01-02-16,4,angry,angry,wav2vec,speaker_independent,emotion_original,logistic_regression,pca_95,,
wav2vec_logistic_regression_emotion_original_speaker_independent_pca_95,03-01-05-02-01-02-22,4,angry,angry,wav2vec,speaker_independent,emotion_original,logistic_regression,pca_95,,
wav2vec_logistic_regression_emotion_original_speaker_independent_pca_95,03-01-05-02-01-02-24,4,angry,angry,wav2vec,speaker_independent,emotion_original,logistic_regression,pca_95,,
wav2vec_logistic_regression_emotion_original_speaker_independent_pca_95,03-01-05-02-02-01-14,4,angry,angry,wav2vec,speaker_independent,emotion_original,logistic_regression,pca_95,,
wav2vec_logistic_regression_emotion_original_speaker_independent_pca_95,03-01-05-02-02-01-16,4,angry,angry,wav2vec,speaker_independent,emotion_original,logistic_regression,pca_95,,
wav2vec_logistic_regression_emotion_original_speaker_independent_pca_95,03-01-05-02-02-01-22,4,angry,angry,wav2vec,speaker_independent,emotion_original,logistic_regression,pca_95,,
wav2vec_logistic_regression_emotion_original_speaker_independent_pca_95,03-01-05-02-02-01-24,4,angry,angry,wav2vec,speaker_independent,emotion_original,logistic_regression,pca_95,,
wav2vec_logistic_regression_emotion_original_speaker_independent_pca_95,03-01-05-02-02-02-14,4,angry,angry,wav2vec,speaker_independent,emotion_original,logistic_regression,pca_95,,
wav2vec_logistic_regression_emotion_original_speaker_independent_pca_95,03-01-05-02-02-02-16,4,angry,angry,wav2vec,speaker_independent,emotion_original,logistic_regression,pca_95,,
wav2vec_logistic_regression_emotion_original_speaker_independent_pca_95,03-01-05-02-02-02-22,4,angry,angry,wav2vec,speaker_independent,emotion_original,logistic_regression,pca_95,,
wav2vec_logistic_regression_emotion_original_speaker_independent_pca_95,03-01-05-02-02-02-24,4,angry,angry,wav2vec,speaker_independent,emotion_original,logistic_regression,pca_95,,
wav2vec_logistic_regression_emotion_original_speaker_independent_pca_95,03-01-06-01-01-01-14,4,fearful,fearful,wav2vec,speaker_independent,emotion_original,logistic_regression,pca_95,,
wav2vec_logistic_regression_emotion_original_speaker_independent_pca_95,03-01-06-01-01-01-16,4,fearful,surprised,wav2vec,speaker_independent,emotion_original,logistic_regression,pca_95,,
wav2vec_logistic_regression_emotion_original_speaker_independent_pca_95,03-01-06-01-01-01-22,4,fearful,angry,wav2vec,speaker_independent,emotion_original,logistic_regression,pca_95,,
wav2vec_logistic_regression_emotion_original_speaker_independent_pca_95,03-01-06-01-01-02-14,4,fearful,surprised,wav2vec,speaker_independent,emotion_original,logistic_regression,pca_95,,
wav2vec_logistic_regression_emotion_original_speaker_independent_pca_95,03-01-06-01-01-02-16,4,fearful,angry,wav2vec,speaker_independent,emotion_original,logistic_regression,pca_95,,
wav2vec_logistic_regression_emotion_original_speaker_independent_pca_95,03-01-06-01-01-02-22,4,fearful,angry,wav2vec,speaker_independent,emotion_original,logistic_regression,pca_95,,
wav2vec_logistic_regression_emotion_original_speaker_independent_pca_95,03-01-06-01-02-01-22,4,fearful,happy,wav2vec,speaker_independent,emotion_original,logistic_regression,pca_95,,
wav2vec_logistic_regression_emotion_original_speaker_independent_pca_95,03-01-06-01-02-01-24,4,fearful,fearful,wav2vec,speaker_independent,emotion_original,logistic_regression,pca_95,,
wav2vec_logistic_regression_emotion_original_speaker_independent_pca_95,03-01-06-01-02-02-22,4,fearful,angry,wav2vec,speaker_independent,emotion_original,logistic_regression,pca_95,,
wav2vec_logistic_regression_emotion_original_speaker_independent_pca_95,03-01-06-01-02-02-24,4,fearful,surprised,wav2vec,speaker_independent,emotion_original,logistic_regression,pca_95,,
wav2vec_logistic_regression_emotion_original_speaker_independent_pca_95,03-01-06-02-01-01-14,4,fearful,angry,wav2vec,speaker_independent,emotion_original,logistic_regression,pca_95,,
wav2vec_logistic_regression_emotion_original_speaker_independent_pca_95,03-01-06-02-01-01-16,4,fearful,sad,wav2vec,speaker_independent,emotion_original,logistic_regression,pca_95,,
wav2vec_logistic_regression_emotion_original_speaker_independent_pca_95,03-01-06-02-01-01-22,4,fearful,fearful,wav2vec,speaker_independent,emotion_original,logistic_regression,pca_95,,
wav2vec_logistic_regression_emotion_original_speaker_independent_pca_95,03-01-06-02-01-01-24,4,fearful,happy,wav2vec,speaker_independent,emotion_original,logistic_regression,pca_95,,
wav2vec_logistic_regression_emotion_original_speaker_independent_pca_95,03-01-06-02-01-02-14,4,fearful,angry,wav2vec,speaker_independent,emotion_original,logistic_regression,pca_95,,
wav2vec_logistic_regression_emotion_original_speaker_independent_pca_95,03-01-06-02-01-02-16,4,fearful,angry,wav2vec,speaker_independent,emotion_original,logistic_regression,pca_95,,
wav2vec_logistic_regression_emotion_original_speaker_independent_pca_95,03-01-06-02-01-02-22,4,fearful,fearful,wav2vec,speaker_independent,emotion_original,logistic_regression,pca_95,,
wav2vec_logistic_regression_emotion_original_speaker_independent_pca_95,03-01-06-02-01-02-24,4,fearful,surprised,wav2vec,speaker_independent,emotion_original,logistic_regression,pca_95,,
wav2vec_logistic_regression_emotion_original_speaker_independent_pca_95,03-01-06-02-02-01-16,4,fearful,angry,wav2vec,speaker_independent,emotion_original,logistic_regression,pca_95,,
wav2vec_logistic_regression_emotion_original_speaker_independent_pca_95,03-01-06-02-02-01-22,4,fearful,surprised,wav2vec,speaker_independent,emotion_original,logistic_regression,pca_95,,
wav2vec_logistic_regression_emotion_original_speaker_independent_pca_95,03-01-06-02-02-01-24,4,fearful,happy,wav2vec,speaker_independent,emotion_original,logistic_regression,pca_95,,
wav2vec_logistic_regression_emotion_original_speaker_independent_pca_95,03-01-06-02-02-02-16,4,fearful,angry,wav2vec,speaker_independent,emotion_original,logistic_regression,pca_95,,
wav2vec_logistic_regression_emotion_original_speaker_independent_pca_95,03-01-06-02-02-02-22,4,fearful,happy,wav2vec,speaker_independent,emotion_original,logistic_regression,pca_95,,
wav2vec_logistic_regression_emotion_original_speaker_independent_pca_95,03-01-06-02-02-02-24,4,fearful,disgust,wav2vec,speaker_independent,emotion_original,logistic_regression,pca_95,,
wav2vec_logistic_regression_emotion_original_speaker_independent_pca_95,03-01-07-01-01-01-14,4,disgust,disgust,wav2vec,speaker_independent,emotion_original,logistic_regression,pca_95,,
wav2vec_logistic_regression_emotion_original_speaker_independent_pca_95,03-01-07-01-01-01-16,4,disgust,angry,wav2vec,speaker_independent,emotion_original,logistic_regression,pca_95,,
wav2vec_logistic_regression_emotion_original_speaker_independent_pca_95,03-01-07-01-01-01-22,4,disgust,angry,wav2vec,speaker_independent,emotion_original,logistic_regression,pca_95,,
wav2vec_logistic_regression_emotion_original_speaker_independent_pca_95,03-01-07-01-01-02-14,4,disgust,disgust,wav2vec,speaker_independent,emotion_original,logistic_regression,pca_95,,
wav2vec_logistic_regression_emotion_original_speaker_independent_pca_95,03-01-07-01-01-02-16,4,disgust,angry,wav2vec,speaker_independent,emotion_original,logistic_regression,pca_95,,
wav2vec_logistic_regression_emotion_original_speaker_independent_pca_95,03-01-07-01-01-02-22,4,disgust,disgust,wav2vec,speaker_independent,emotion_original,logistic_regression,pca_95,,
wav2vec_logistic_regression_emotion_original_speaker_independent_pca_95,03-01-07-01-02-01-14,4,disgust,disgust,wav2vec,speaker_independent,emotion_original,logistic_regression,pca_95,,
wav2vec_logistic_regression_emotion_original_speaker_independent_pca_95,03-01-07-01-02-01-24,4,disgust,angry,wav2vec,speaker_independent,emotion_original,logistic_regression,pca_95,,
wav2vec_logistic_regression_emotion_original_speaker_independent_pca_95,03-01-07-01-02-02-14,4,disgust,angry,wav2vec,speaker_independent,emotion_original,logistic_regression,pca_95,,
wav2vec_logistic_regression_emotion_original_speaker_independent_pca_95,03-01-07-01-02-02-24,4,disgust,angry,wav2vec,speaker_independent,emotion_original,logistic_regression,pca_95,,
wav2vec_logistic_regression_emotion_original_speaker_independent_pca_95,03-01-07-02-01-01-14,4,disgust,angry,wav2vec,speaker_independent,emotion_original,logistic_regression,pca_95,,
wav2vec_logistic_regression_emotion_original_speaker_independent_pca_95,03-01-07-02-01-01-16,4,disgust,angry,wav2vec,speaker_independent,emotion_original,logistic_regression,pca_95,,
wav2vec_logistic_regression_emotion_original_speaker_independent_pca_95,03-01-07-02-01-01-22,4,disgust,disgust,wav2vec,speaker_independent,emotion_original,logistic_regression,pca_95,,
wav2vec_logistic_regression_emotion_original_speaker_independent_pca_95,03-01-07-02-01-01-24,4,disgust,disgust,wav2vec,speaker_independent,emotion_original,logistic_regression,pca_95,,
wav2vec_logistic_regression_emotion_original_speaker_independent_pca_95,03-01-07-02-01-02-14,4,disgust,disgust,wav2vec,speaker_independent,emotion_original,logistic_regression,pca_95,,
wav2vec_logistic_regression_emotion_original_speaker_independent_pca_95,03-01-07-02-01-02-16,4,disgust,angry,wav2vec,speaker_independent,emotion_original,logistic_regression,pca_95,,
wav2vec_logistic_regression_emotion_original_speaker_independent_pca_95,03-01-07-02-01-02-22,4,disgust,angry,wav2vec,speaker_independent,emotion_original,logistic_regression,pca_95,,
wav2vec_logistic_regression_emotion_original_speaker_independent_pca_95,03-01-07-02-01-02-24,4,disgust,angry,wav2vec,speaker_independent,emotion_original,logistic_regression,pca_95,,
wav2vec_logistic_regression_emotion_original_speaker_independent_pca_95,03-01-07-02-02-01-14,4,disgust,disgust,wav2vec,speaker_independent,emotion_original,logistic_regression,pca_95,,
wav2vec_logistic_regression_emotion_original_speaker_independent_pca_95,03-01-07-02-02-01-16,4,disgust,angry,wav2vec,speaker_independent,emotion_original,logistic_regression,pca_95,,
wav2vec_logistic_regression_emotion_original_speaker_independent_pca_95,03-01-07-02-02-01-24,4,disgust,disgust,wav2vec,speaker_independent,emotion_original,logistic_regression,pca_95,,
wav2vec_logistic_regression_emotion_original_speaker_independent_pca_95,03-01-07-02-02-02-14,4,disgust,angry,wav2vec,speaker_independent,emotion_original,logistic_regression,pca_95,,
wav2vec_logistic_regression_emotion_original_speaker_independent_pca_95,03-01-07-02-02-02-16,4,disgust,angry,wav2vec,speaker_independent,emotion_original,logistic_regression,pca_95,,
wav2vec_logistic_regression_emotion_original_speaker_independent_pca_95,03-01-07-02-02-02-24,4,disgust,angry,wav2vec,speaker_independent,emotion_original,logistic_regression,pca_95,,
wav2vec_logistic_regression_emotion_original_speaker_independent_pca_95,03-01-08-01-01-01-14,4,surprised,angry,wav2vec,speaker_independent,emotion_original,logistic_regression,pca_95,,
wav2vec_logistic_regression_emotion_original_speaker_independent_pca_95,03-01-08-01-01-01-16,4,surprised,happy,wav2vec,speaker_independent,emotion_original,logistic_regression,pca_95,,
wav2vec_logistic_regression_emotion_original_speaker_independent_pca_95,03-01-08-01-01-01-24,4,surprised,surprised,wav2vec,speaker_independent,emotion_original,logistic_regression,pca_95,,
wav2vec_logistic_regression_emotion_original_speaker_independent_pca_95,03-01-08-01-01-02-14,4,surprised,angry,wav2vec,speaker_independent,emotion_original,logistic_regression,pca_95,,
wav2vec_logistic_regression_emotion_original_speaker_independent_pca_95,03-01-08-01-01-02-16,4,surprised,surprised,wav2vec,speaker_independent,emotion_original,logistic_regression,pca_95,,
wav2vec_logistic_regression_emotion_original_speaker_independent_pca_95,03-01-08-01-01-02-24,4,surprised,angry,wav2vec,speaker_independent,emotion_original,logistic_regression,pca_95,,
wav2vec_logistic_regression_emotion_original_speaker_independent_pca_95,03-01-08-01-02-01-14,4,surprised,angry,wav2vec,speaker_independent,emotion_original,logistic_regression,pca_95,,
wav2vec_logistic_regression_emotion_original_speaker_independent_pca_95,03-01-08-01-02-01-22,4,surprised,happy,wav2vec,speaker_independent,emotion_original,logistic_regression,pca_95,,
wav2vec_logistic_regression_emotion_original_speaker_independent_pca_95,03-01-08-01-02-01-24,4,surprised,angry,wav2vec,speaker_independent,emotion_original,logistic_regression,pca_95,,
wav2vec_logistic_regression_emotion_original_speaker_independent_pca_95,03-01-08-01-02-02-14,4,surprised,angry,wav2vec,speaker_independent,emotion_original,logistic_regression,pca_95,,
wav2vec_logistic_regression_emotion_original_speaker_independent_pca_95,03-01-08-01-02-02-22,4,surprised,angry,wav2vec,speaker_independent,emotion_original,logistic_regression,pca_95,,
wav2vec_logistic_regression_emotion_original_speaker_independent_pca_95,03-01-08-01-02-02-24,4,surprised,surprised,wav2vec,speaker_independent,emotion_original,logistic_regression,pca_95,,
wav2vec_logistic_regression_emotion_original_speaker_independent_pca_95,03-01-08-02-01-01-16,4,surprised,angry,wav2vec,speaker_independent,emotion_original,logistic_regression,pca_95,,
wav2vec_logistic_regression_emotion_original_speaker_independent_pca_95,03-01-08-02-01-01-22,4,surprised,surprised,wav2vec,speaker_independent,emotion_original,logistic_regression,pca_95,,
wav2vec_logistic_regression_emotion_original_speaker_independent_pca_95,03-01-08-02-01-01-24,4,surprised,angry,wav2vec,speaker_independent,emotion_original,logistic_regression,pca_95,,
wav2vec_logistic_regression_emotion_original_speaker_independent_pca_95,03-01-08-02-01-02-16,4,surprised,surprised,wav2vec,speaker_independent,emotion_original,logistic_regression,pca_95,,
wav2vec_logistic_regression_emotion_original_speaker_independent_pca_95,03-01-08-02-01-02-22,4,surprised,angry,wav2vec,speaker_independent,emotion_original,logistic_regression,pca_95,,
wav2vec_logistic_regression_emotion_original_speaker_independent_pca_95,03-01-08-02-01-02-24,4,surprised,angry,wav2vec,speaker_independent,emotion_original,logistic_regression,pca_95,,
wav2vec_logistic_regression_emotion_original_speaker_independent_pca_95,03-01-08-02-02-01-14,4,surprised,angry,wav2vec,speaker_independent,emotion_original,logistic_regression,pca_95,,
wav2vec_logistic_regression_emotion_original_speaker_independent_pca_95,03-01-08-02-02-01-16,4,surprised,angry,wav2vec,speaker_independent,emotion_original,logistic_regression,pca_95,,
wav2vec_logistic_regression_emotion_original_speaker_independent_pca_95,03-01-08-02-02-01-22,4,surprised,angry,wav2vec,speaker_independent,emotion_original,logistic_regression,pca_95,,
wav2vec_logistic_regression_emotion_original_speaker_independent_pca_95,03-01-08-02-02-02-14,4,surprised,angry,wav2vec,speaker_independent,emotion_original,logistic_regression,pca_95,,
wav2vec_logistic_regression_emotion_original_speaker_independent_pca_95,03-01-08-02-02-02-16,4,surprised,surprised,wav2vec,speaker_independent,emotion_original,logistic_regression,pca_95,,
wav2vec_logistic_regression_emotion_original_speaker_independent_pca_95,03-01-08-02-02-02-22,4,surprised,angry,wav2vec,speaker_independent,emotion_original,logistic_regression,pca_95,,
