representation,protocol,target,model,refinement,fold,n_input_features,n_features,n_train,n_validation,train_seconds,macro_f1,balanced_accuracy,uar,weighted_f1,accuracy,seed,result_type,best_epoch,seed_macro_f1_std,best_C,best_l1_ratio,original_macro_f1,original_balanced_accuracy,original_uar,original_weighted_f1,original_accuracy
wav2vec_temporal,speaker_independent,emotion_original,logistic_regression,last_mean,0,768,768,676.0,188.0,0.33038050000050134,0.42638259479987456,0.4238584332334332,0.4238584332334332,0.43718719616702073,0.425531914893617,-1,deterministic,,,,,,,,,
wav2vec_temporal,speaker_independent,emotion_original,logistic_regression,last_mean,1,768,768,686.0,178.0,0.1313538000003973,0.5152608325480665,0.5039335664335665,0.5039335664335665,0.5193340566517712,0.5168539325842697,-1,deterministic,,,,,,,,,
wav2vec_temporal,speaker_independent,emotion_original,logistic_regression,last_mean,2,768,768,712.0,152.0,0.14941409999937605,0.5745160234858566,0.5952020202020203,0.5952020202020203,0.5746780383696809,0.5855263157894737,-1,deterministic,,,,,,,,,
wav2vec_temporal,speaker_independent,emotion_original,logistic_regression,last_mean,3,768,768,710.0,154.0,0.1325127000000066,0.4683229256574686,0.4871843434343434,0.4871843434343434,0.48394273612900085,0.5064935064935064,-1,deterministic,,,,,,,,,
wav2vec_temporal,speaker_independent,emotion_original,logistic_regression,last_mean,4,768,768,672.0,192.0,0.6045137000000977,0.40662137984505986,0.3969624125874126,0.3969624125874126,0.42386038953166033,0.40625,-1,deterministic,,,,,,,,,
wav2vec_temporal,speaker_independent,emotion_quadrant,logistic_regression,last_mean,0,768,768,676.0,188.0,0.19416399999954592,0.5366301767949492,0.5337710084033613,0.5337710084033613,0.5800374664548003,0.5638297872340425,-1,deterministic,,,,,,,,,
wav2vec_temporal,speaker_independent,emotion_quadrant,logistic_regression,last_mean,1,768,768,686.0,178.0,0.17806519999976445,0.6063181533027255,0.6019570707070707,0.6019570707070707,0.6311858351980009,0.6348314606741573,-1,deterministic,,,,,,,,,
wav2vec_temporal,speaker_independent,emotion_quadrant,logistic_regression,last_mean,2,768,768,712.0,152.0,0.1955313999997088,0.6921124532643083,0.6947916666666667,0.6947916666666667,0.72609478830813,0.7236842105263158,-1,deterministic,,,,,,,,,
wav2vec_temporal,speaker_independent,emotion_quadrant,logistic_regression,last_mean,3,768,768,710.0,154.0,0.20906409999952302,0.5159234234234235,0.5088151096215612,0.5088151096215612,0.572975312975313,0.5974025974025974,-1,deterministic,,,,,,,,,
wav2vec_temporal,speaker_independent,emotion_quadrant,logistic_regression,last_mean,4,768,768,672.0,192.0,0.15968400000019756,0.5680655554583693,0.5810855263157895,0.5810855263157895,0.5980274658779963,0.5885416666666666,-1,deterministic,,,,,,,,,
wav2vec_temporal,speaker_independent,emotion_original_eval_quadrant,logistic_regression,last_mean,0,768,768,676.0,188.0,0.3027799999999843,0.5453195451442091,0.557563025210084,0.557563025210084,0.5847862984165009,0.574468085106383,-1,deterministic,,,,,0.42638259479987456,0.4238584332334332,0.4238584332334332,0.43718719616702073,0.425531914893617
wav2vec_temporal,speaker_independent,emotion_original_eval_quadrant,logistic_regression,last_mean,1,768,768,686.0,178.0,0.28302179999991495,0.6099010305348707,0.6051136363636364,0.6051136363636364,0.6339903357050742,0.6348314606741573,-1,deterministic,,,,,0.5152608325480665,0.5039335664335665,0.5039335664335665,0.5193340566517712,0.5168539325842697
wav2vec_temporal,speaker_independent,emotion_original_eval_quadrant,logistic_regression,last_mean,2,768,768,712.0,152.0,0.3163299999996525,0.7018996415770609,0.7010416666666667,0.7010416666666667,0.7435173956396368,0.743421052631579,-1,deterministic,,,,,0.5745160234858566,0.5952020202020203,0.5952020202020203,0.5746780383696809,0.5855263157894737
wav2vec_temporal,speaker_independent,emotion_original_eval_quadrant,logistic_regression,last_mean,3,768,768,710.0,154.0,0.20986339999944903,0.49892629143420286,0.4928780896522832,0.4928780896522832,0.5529538511083346,0.577922077922078,-1,deterministic,,,,,0.4683229256574686,0.4871843434343434,0.4871843434343434,0.48394273612900085,0.5064935064935064
wav2vec_temporal,speaker_independent,emotion_original_eval_quadrant,logistic_regression,last_mean,4,768,768,672.0,192.0,0.2065030999992814,0.53119653620759,0.5333114035087719,0.5333114035087719,0.5779774951569351,0.5625,-1,deterministic,,,,,0.40662137984505986,0.3969624125874126,0.3969624125874126,0.42386038953166033,0.40625
wav2vec_temporal,speaker_dependent,emotion_original,logistic_regression,last_mean,0,768,768,690.0,174.0,0.21231660000012198,0.4774076538496108,0.4758522727272727,0.4758522727272727,0.49794185008201713,0.4942528735632184,-1,deterministic,,,,,,,,,
wav2vec_temporal,speaker_dependent,emotion_original,logistic_regression,last_mean,1,768,768,690.0,174.0,0.23014379999949597,0.5818172141458803,0.584280303030303,0.584280303030303,0.5908174623525423,0.5977011494252874,-1,deterministic,,,,,,,,,
wav2vec_temporal,speaker_dependent,emotion_original,logistic_regression,last_mean,2,768,768,692.0,172.0,0.190383600000132,0.5016863743473067,0.5080492424242424,0.5080492424242424,0.5160937792966805,0.5232558139534884,-1,deterministic,,,,,,,,,
wav2vec_temporal,speaker_dependent,emotion_original,logistic_regression,last_mean,3,768,768,692.0,172.0,0.5611632999998619,0.6095834776177732,0.6178030303030303,0.6178030303030303,0.6117866304063092,0.6104651162790697,-1,deterministic,,,,,,,,,
wav2vec_temporal,speaker_dependent,emotion_original,logistic_regression,last_mean,4,768,768,692.0,172.0,0.24932300000000396,0.5800682023285153,0.5804924242424243,0.5804924242424243,0.585420345234307,0.5872093023255814,-1,deterministic,,,,,,,,,
wav2vec_temporal,speaker_dependent,emotion_quadrant,logistic_regression,last_mean,0,768,768,690.0,174.0,0.16908090000015363,0.6275912866867956,0.6497233363042186,0.6497233363042186,0.644478444351962,0.6379310344827587,-1,deterministic,,,,,,,,,
wav2vec_temporal,speaker_dependent,emotion_quadrant,logistic_regression,last_mean,1,768,768,690.0,174.0,0.1951379000001907,0.6501332231802863,0.6414730747371412,0.6414730747371412,0.6912642856436125,0.6954022988505747,-1,deterministic,,,,,,,,,
wav2vec_temporal,speaker_dependent,emotion_quadrant,logistic_regression,last_mean,2,768,768,692.0,172.0,0.16521690000081435,0.565182651151959,0.5789375532821824,0.5789375532821824,0.621993343742956,0.627906976744186,-1,deterministic,,,,,,,,,
wav2vec_temporal,speaker_dependent,emotion_quadrant,logistic_regression,last_mean,3,768,768,692.0,172.0,0.5254746000000523,0.6978160225442833,0.7106244671781756,0.7106244671781756,0.7127499719132682,0.7151162790697675,-1,deterministic,,,,,,,,,
wav2vec_temporal,speaker_dependent,emotion_quadrant,logistic_regression,last_mean,4,768,768,692.0,172.0,0.16986459999952785,0.666817496229261,0.6634520211246554,0.6634520211246554,0.7069837595145393,0.7093023255813954,-1,deterministic,,,,,,,,,
wav2vec_temporal,speaker_dependent,emotion_original_eval_quadrant,logistic_regression,last_mean,0,768,768,690.0,174.0,0.21072910000020784,0.5828825324199667,0.5921438651218063,0.5921438651218063,0.617806868286011,0.6091954022988506,-1,deterministic,,,,,0.4774076538496108,0.4758522727272727,0.4758522727272727,0.49794185008201713,0.4942528735632184
wav2vec_temporal,speaker_dependent,emotion_original_eval_quadrant,logistic_regression,last_mean,1,768,768,690.0,174.0,0.21171380000032514,0.6071666583049034,0.5980036942313156,0.5980036942313156,0.6580740610028118,0.6666666666666666,-1,deterministic,,,,,0.5818172141458803,0.584280303030303,0.584280303030303,0.5908174623525423,0.5977011494252874
wav2vec_temporal,speaker_dependent,emotion_original_eval_quadrant,logistic_regression,last_mean,2,768,768,692.0,172.0,0.19690099999934318,0.5651220561934848,0.5733429241261722,0.5733429241261722,0.626050328708136,0.6337209302325582,-1,deterministic,,,,,0.5016863743473067,0.5080492424242424,0.5080492424242424,0.5160937792966805,0.5232558139534884
wav2vec_temporal,speaker_dependent,emotion_original_eval_quadrant,logistic_regression,last_mean,3,768,768,692.0,172.0,0.1793587000001935,0.7086511382945481,0.7188832054560955,0.7188832054560955,0.7245681614862168,0.7267441860465116,-1,deterministic,,,,,0.6095834776177732,0.6178030303030303,0.6178030303030303,0.6117866304063092,0.6104651162790697
wav2vec_temporal,speaker_dependent,emotion_original_eval_quadrant,logistic_regression,last_mean,4,768,768,692.0,172.0,0.27253470000050584,0.650287873132218,0.6450194306971802,0.6450194306971802,0.6930430900846797,0.6976744186046512,-1,deterministic,,,,,0.5800682023285153,0.5804924242424243,0.5804924242424243,0.585420345234307,0.5872093023255814
wav2vec_temporal,speaker_independent,emotion_original,logistic_regression,last_mean_std,0,1536,1536,676.0,188.0,0.30347619999974995,0.45776056952183375,0.46366029803529807,0.46366029803529807,0.4657125099952873,0.46808510638297873,-1,deterministic,,,,,,,,,
wav2vec_temporal,speaker_independent,emotion_original,logistic_regression,last_mean_std,1,1536,1536,686.0,178.0,0.32186319999982516,0.5295219217916587,0.5278263403263403,0.5278263403263403,0.5272774272182905,0.5280898876404494,-1,deterministic,,,,,,,,,
wav2vec_temporal,speaker_independent,emotion_original,logistic_regression,last_mean_std,2,1536,1536,712.0,152.0,0.2919045999997252,0.6297690695876064,0.642361111111111,0.642361111111111,0.6340384097459837,0.6447368421052632,-1,deterministic,,,,,,,,,
wav2vec_temporal,speaker_independent,emotion_original,logistic_regression,last_mean_std,3,1536,1536,710.0,154.0,0.2552904000003764,0.5242331457585223,0.5411616161616162,0.5411616161616162,0.5202468094932331,0.5454545454545454,-1,deterministic,,,,,,,,,
wav2vec_temporal,speaker_independent,emotion_original,logistic_regression,last_mean_std,4,1536,1536,672.0,192.0,0.35009720000016387,0.48144281312111803,0.47795433732933734,0.47795433732933734,0.49484828575607986,0.484375,-1,deterministic,,,,,,,,,
wav2vec_temporal,speaker_independent,emotion_quadrant,logistic_regression,last_mean_std,0,1536,1536,676.0,188.0,0.19692850000046747,0.5217809760970188,0.5187149859943978,0.5187149859943978,0.5752139737834409,0.5638297872340425,-1,deterministic,,,,,,,,,
wav2vec_temporal,speaker_independent,emotion_quadrant,logistic_regression,last_mean_std,1,1536,1536,686.0,178.0,0.22027410000009695,0.6256385281385282,0.6198280885780886,0.6198280885780886,0.6542482611021937,0.6573033707865169,-1,deterministic,,,,,,,,,
wav2vec_temporal,speaker_independent,emotion_quadrant,logistic_regression,last_mean_std,2,1536,1536,712.0,152.0,0.30765299999984563,0.7015982651228553,0.6927083333333334,0.6927083333333334,0.725250949797973,0.7302631578947368,-1,deterministic,,,,,,,,,
wav2vec_temporal,speaker_independent,emotion_quadrant,logistic_regression,last_mean_std,3,1536,1536,710.0,154.0,0.33808680000038294,0.49431207523312787,0.49320101941069683,0.49320101941069683,0.5371917714022977,0.564935064935065,-1,deterministic,,,,,,,,,
wav2vec_temporal,speaker_independent,emotion_quadrant,logistic_regression,last_mean_std,4,1536,1536,672.0,192.0,0.3097492000006241,0.5731262939958592,0.5835526315789473,0.5835526315789473,0.6112129054520359,0.6041666666666666,-1,deterministic,,,,,,,,,
wav2vec_temporal,speaker_independent,emotion_original_eval_quadrant,logistic_regression,last_mean_std,0,1536,1536,676.0,188.0,0.27567210000052,0.5608537077615038,0.5632352941176471,0.5632352941176471,0.6113096479583449,0.5904255319148937,-1,deterministic,,,,,0.45776056952183375,0.46366029803529807,0.46366029803529807,0.4657125099952873,0.46808510638297873
wav2vec_temporal,speaker_independent,emotion_original_eval_quadrant,logistic_regression,last_mean_std,1,1536,1536,686.0,178.0,0.432499700000335,0.6229093427080005,0.6208721833721833,0.6208721833721833,0.6395636805862279,0.6404494382022472,-1,deterministic,,,,,0.5295219217916587,0.5278263403263403,0.5278263403263403,0.5272774272182905,0.5280898876404494
wav2vec_temporal,speaker_independent,emotion_original_eval_quadrant,logistic_regression,last_mean_std,2,1536,1536,712.0,152.0,0.25893599999926664,0.7636996955099501,0.7739583333333333,0.7739583333333333,0.790667680145036,0.7894736842105263,-1,deterministic,,,,,0.6297690695876064,0.642361111111111,0.642361111111111,0.6340384097459837,0.6447368421052632
wav2vec_temporal,speaker_independent,emotion_original_eval_quadrant,logistic_regression,last_mean_std,3,1536,1536,710.0,154.0,0.37767489999987447,0.5153875394381724,0.5119833123865382,0.5119833123865382,0.569587078447838,0.6038961038961039,-1,deterministic,,,,,0.5242331457585223,0.5411616161616162,0.5411616161616162,0.5202468094932331,0.5454545454545454
wav2vec_temporal,speaker_independent,emotion_original_eval_quadrant,logistic_regression,last_mean_std,4,1536,1536,672.0,192.0,0.2609917999998288,0.5922858037754356,0.6028399122807018,0.6028399122807018,0.63535507178387,0.6302083333333334,-1,deterministic,,,,,0.48144281312111803,0.47795433732933734,0.47795433732933734,0.49484828575607986,0.484375
wav2vec_temporal,speaker_dependent,emotion_original,logistic_regression,last_mean_std,0,1536,1536,690.0,174.0,0.27987970000049245,0.582393682811616,0.5833333333333333,0.5833333333333333,0.600941051402219,0.5977011494252874,-1,deterministic,,,,,,,,,
wav2vec_temporal,speaker_dependent,emotion_original,logistic_regression,last_mean_std,1,1536,1536,690.0,174.0,0.258037499999773,0.5973661754911754,0.6055871212121212,0.6055871212121212,0.5948591638246811,0.603448275862069,-1,deterministic,,,,,,,,,
wav2vec_temporal,speaker_dependent,emotion_original,logistic_regression,last_mean_std,2,1536,1536,692.0,172.0,0.2922149999994872,0.5558298327490931,0.5568181818181818,0.5568181818181818,0.574091620537088,0.5755813953488372,-1,deterministic,,,,,,,,,
wav2vec_temporal,speaker_dependent,emotion_original,logistic_regression,last_mean_std,3,1536,1536,692.0,172.0,0.27094360000046436,0.63534548825674,0.6443181818181818,0.6443181818181818,0.6430712068401757,0.6395348837209303,-1,deterministic,,,,,,,,,
wav2vec_temporal,speaker_dependent,emotion_original,logistic_regression,last_mean_std,4,1536,1536,692.0,172.0,0.25632320000022446,0.6023103801248211,0.5984848484848484,0.5984848484848484,0.6175406607986413,0.6162790697674418,-1,deterministic,,,,,,,,,
wav2vec_temporal,speaker_dependent,emotion_quadrant,logistic_regression,last_mean_std,0,1536,1536,690.0,174.0,0.5389660999999251,0.6665832828320127,0.6795157456922163,0.6795157456922163,0.6853750867263539,0.6839080459770115,-1,deterministic,,,,,,,,,
wav2vec_temporal,speaker_dependent,emotion_quadrant,logistic_regression,last_mean_std,1,1536,1536,690.0,174.0,0.20736889999989216,0.6146332346195164,0.6134910485933504,0.6134910485933504,0.6699085712493171,0.6781609195402298,-1,deterministic,,,,,,,,,
wav2vec_temporal,speaker_dependent,emotion_quadrant,logistic_regression,last_mean_std,2,1536,1536,692.0,172.0,0.4720188999999664,0.6061720246966149,0.6167679028132993,0.6167679028132993,0.6460696832713608,0.6453488372093024,-1,deterministic,,,,,,,,,
wav2vec_temporal,speaker_dependent,emotion_quadrant,logistic_regression,last_mean_std,3,1536,1536,692.0,172.0,0.30767720000039844,0.7098048619927588,0.7121430093776641,0.7121430093776641,0.7345325709336771,0.7383720930232558,-1,deterministic,,,,,,,,,
wav2vec_temporal,speaker_dependent,emotion_quadrant,logistic_regression,last_mean_std,4,1536,1536,692.0,172.0,0.5823740000005273,0.7108393604872478,0.6986016541003753,0.6986016541003753,0.7412155522702525,0.7441860465116279,-1,deterministic,,,,,,,,,
wav2vec_temporal,speaker_dependent,emotion_original_eval_quadrant,logistic_regression,last_mean_std,0,1536,1536,690.0,174.0,0.4827720000002955,0.6990109576099698,0.7217487373737372,0.7217487373737372,0.7219332711428154,0.7183908045977011,-1,deterministic,,,,,0.582393682811616,0.5833333333333333,0.5833333333333333,0.600941051402219,0.5977011494252874
wav2vec_temporal,speaker_dependent,emotion_original_eval_quadrant,logistic_regression,last_mean_std,1,1536,1536,690.0,174.0,0.26041559999976016,0.5982727029214303,0.595428388746803,0.595428388746803,0.6488835320402742,0.6609195402298851,-1,deterministic,,,,,0.5973661754911754,0.6055871212121212,0.6055871212121212,0.5948591638246811,0.603448275862069
wav2vec_temporal,speaker_dependent,emotion_original_eval_quadrant,logistic_regression,last_mean_std,2,1536,1536,692.0,172.0,0.5013957000001028,0.6314681463087122,0.6351502557544757,0.6351502557544757,0.6789704395191897,0.6802325581395349,-1,deterministic,,,,,0.5558298327490931,0.5568181818181818,0.5568181818181818,0.574091620537088,0.5755813953488372
wav2vec_temporal,speaker_dependent,emotion_original_eval_quadrant,logistic_regression,last_mean_std,3,1536,1536,692.0,172.0,0.21371079999971698,0.7411610129001434,0.7449115515771525,0.7449115515771525,0.7648223869154103,0.7674418604651163,-1,deterministic,,,,,0.63534548825674,0.6443181818181818,0.6443181818181818,0.6430712068401757,0.6395348837209303
wav2vec_temporal,speaker_dependent,emotion_original_eval_quadrant,logistic_regression,last_mean_std,4,1536,1536,692.0,172.0,0.22861729999931413,0.6892179574798825,0.6807636097917429,0.6807636097917429,0.7208408964941992,0.7209302325581395,-1,deterministic,,,,,0.6023103801248211,0.5984848484848484,0.5984848484848484,0.6175406607986413,0.6162790697674418
wav2vec_temporal,speaker_independent,emotion_original,logistic_regression,average_mean,0,768,768,676.0,188.0,0.17725160000009055,0.5452788600875457,0.5299773143523143,0.5299773143523143,0.5530570971766404,0.5372340425531915,-1,deterministic,,,,,,,,,
wav2vec_temporal,speaker_independent,emotion_original,logistic_regression,average_mean,1,768,768,686.0,178.0,0.07575039999937871,0.7053553570213911,0.7197698135198134,0.7197698135198134,0.7045116431045005,0.7134831460674157,-1,deterministic,,,,,,,,,
wav2vec_temporal,speaker_independent,emotion_original,logistic_regression,average_mean,2,768,768,712.0,152.0,0.08224430000063876,0.7372613014060383,0.7403409090909091,0.7403409090909091,0.7483789170077259,0.75,-1,deterministic,,,,,,,,,
wav2vec_temporal,speaker_independent,emotion_original,logistic_regression,average_mean,3,768,768,710.0,154.0,0.1558341999998447,0.6433710682686092,0.6736111111111112,0.6736111111111112,0.6468599168833361,0.6753246753246753,-1,deterministic,,,,,,,,,
wav2vec_temporal,speaker_independent,emotion_original,logistic_regression,average_mean,4,768,768,672.0,192.0,0.08717969999997877,0.6704988328758821,0.6560002497502497,0.6560002497502497,0.6857017993083567,0.671875,-1,deterministic,,,,,,,,,
wav2vec_temporal,speaker_independent,emotion_quadrant,logistic_regression,average_mean,0,768,768,676.0,188.0,0.06212549999963812,0.5845470110175992,0.5826330532212886,0.5826330532212886,0.6424017074830592,0.6276595744680851,-1,deterministic,,,,,,,,,
wav2vec_temporal,speaker_independent,emotion_quadrant,logistic_regression,average_mean,1,768,768,686.0,178.0,0.07141469999987748,0.7294920859910229,0.7220765345765346,0.7220765345765346,0.7523860942779711,0.7584269662921348,-1,deterministic,,,,,,,,,
wav2vec_temporal,speaker_independent,emotion_quadrant,logistic_regression,average_mean,2,768,768,712.0,152.0,0.0881478999999672,0.838298762333604,0.8526041666666666,0.8526041666666666,0.841918777899943,0.8421052631578947,-1,deterministic,,,,,,,,,
wav2vec_temporal,speaker_independent,emotion_quadrant,logistic_regression,average_mean,3,768,768,710.0,154.0,0.10234939999918424,0.6005675219089853,0.5947493366848206,0.5947493366848206,0.6157955865272939,0.6558441558441559,-1,deterministic,,,,,,,,,
wav2vec_temporal,speaker_independent,emotion_quadrant,logistic_regression,average_mean,4,768,768,672.0,192.0,0.11931469999944966,0.6454982247774014,0.6730263157894737,0.6730263157894737,0.6794656374682453,0.6666666666666666,-1,deterministic,,,,,,,,,
wav2vec_temporal,speaker_independent,emotion_original_eval_quadrant,logistic_regression,average_mean,0,768,768,676.0,188.0,0.10437229999934061,0.5992038774289332,0.5983718487394958,0.5983718487394958,0.6587234706046196,0.6329787234042553,-1,deterministic,,,,,0.5452788600875457,0.5299773143523143,0.5299773143523143,0.5530570971766404,0.5372340425531915
wav2vec_temporal,speaker_independent,emotion_original_eval_quadrant,logistic_regression,average_mean,1,768,768,686.0,178.0,0.2893519999997807,0.7248285237246452,0.7342657342657343,0.7342657342657343,0.7699895730053145,0.7808988764044944,-1,deterministic,,,,,0.7053553570213911,0.7197698135198134,0.7197698135198134,0.7045116431045005,0.7134831460674157
wav2vec_temporal,speaker_independent,emotion_original_eval_quadrant,logistic_regression,average_mean,2,768,768,712.0,152.0,0.09279070000047795,0.8377735247525467,0.8536458333333333,0.8536458333333333,0.8582400566193581,0.8552631578947368,-1,deterministic,,,,,0.7372613014060383,0.7403409090909091,0.7403409090909091,0.7483789170077259,0.75
wav2vec_temporal,speaker_independent,emotion_original_eval_quadrant,logistic_regression,average_mean,3,768,768,710.0,154.0,0.12243489999946178,0.691958041958042,0.6845761765116604,0.6845761765116604,0.7248751248751248,0.7467532467532467,-1,deterministic,,,,,0.6433710682686092,0.6736111111111112,0.6736111111111112,0.6468599168833361,0.6753246753246753
wav2vec_temporal,speaker_independent,emotion_original_eval_quadrant,logistic_regression,average_mean,4,768,768,672.0,192.0,0.11832430000049499,0.6909046051198968,0.6992982456140351,0.6992982456140351,0.7421104458642184,0.7239583333333334,-1,deterministic,,,,,0.6704988328758821,0.6560002497502497,0.6560002497502497,0.6857017993083567,0.671875
wav2vec_temporal,speaker_dependent,emotion_original,logistic_regression,average_mean,0,768,768,690.0,174.0,0.08644660000027216,0.6898563563163227,0.6884469696969697,0.6884469696969697,0.7113749279042556,0.7126436781609196,-1,deterministic,,,,,,,,,
wav2vec_temporal,speaker_dependent,emotion_original,logistic_regression,average_mean,1,768,768,690.0,174.0,0.13653140000042185,0.7968505163397459,0.796875,0.796875,0.7971101292601637,0.7988505747126436,-1,deterministic,,,,,,,,,
wav2vec_temporal,speaker_dependent,emotion_original,logistic_regression,average_mean,2,768,768,692.0,172.0,0.07929599999988568,0.7066872912445553,0.7069128787878788,0.7069128787878788,0.7209662142341123,0.7209302325581395,-1,deterministic,,,,,,,,,
wav2vec_temporal,speaker_dependent,emotion_original,logistic_regression,average_mean,3,768,768,692.0,172.0,0.18069700000069133,0.7711443121171018,0.7822916666666667,0.7822916666666667,0.7808301346908391,0.7790697674418605,-1,deterministic,,,,,,,,,
wav2vec_temporal,speaker_dependent,emotion_original,logistic_regression,average_mean,4,768,768,692.0,172.0,0.1125662000004013,0.740847806129757,0.743844696969697,0.743844696969697,0.7493038108565236,0.75,-1,deterministic,,,,,,,,,
wav2vec_temporal,speaker_dependent,emotion_quadrant,logistic_regression,average_mean,0,768,768,690.0,174.0,0.0741729999999734,0.7381453560901041,0.7480410724896018,0.7480410724896018,0.771527864780999,0.764367816091954,-1,deterministic,,,,,,,,,
wav2vec_temporal,speaker_dependent,emotion_quadrant,logistic_regression,average_mean,1,768,768,690.0,174.0,0.07310190000043804,0.7776295675691566,0.7691016624040921,0.7691016624040921,0.8093452259671381,0.8103448275862069,-1,deterministic,,,,,,,,,
wav2vec_temporal,speaker_dependent,emotion_quadrant,logistic_regression,average_mean,2,768,768,692.0,172.0,0.09569100000044273,0.7486096042681992,0.7471227621483376,0.7471227621483376,0.7872199830074081,0.7906976744186046,-1,deterministic,,,,,,,,,
wav2vec_temporal,speaker_dependent,emotion_quadrant,logistic_regression,average_mean,3,768,768,692.0,172.0,0.20957029999954102,0.8194987328562909,0.8239290281329923,0.8239290281329923,0.8342692689048827,0.8372093023255814,-1,deterministic,,,,,,,,,
wav2vec_temporal,speaker_dependent,emotion_quadrant,logistic_regression,average_mean,4,768,768,692.0,172.0,0.15781739999965794,0.8054115853658537,0.8094189059022818,0.8094189059022818,0.8289315087918321,0.8313953488372093,-1,deterministic,,,,,,,,,
wav2vec_temporal,speaker_dependent,emotion_original_eval_quadrant,logistic_regression,average_mean,0,768,768,690.0,174.0,0.10613740000007965,0.7889054235768713,0.8150716726084373,0.8150716726084373,0.8105596411416285,0.8045977011494253,-1,deterministic,,,,,0.6898563563163227,0.6884469696969697,0.6884469696969697,0.7113749279042556,0.7126436781609196
wav2vec_temporal,speaker_dependent,emotion_original_eval_quadrant,logistic_regression,average_mean,1,768,768,690.0,174.0,0.10934410000027128,0.7841843632777954,0.7780086672350099,0.7780086672350099,0.8150184123899392,0.8160919540229885,-1,deterministic,,,,,0.7968505163397459,0.796875,0.796875,0.7971101292601637,0.7988505747126436
wav2vec_temporal,speaker_dependent,emotion_original_eval_quadrant,logistic_regression,average_mean,2,768,768,692.0,172.0,0.2090440000001763,0.7733329535961114,0.7719256180733162,0.7719256180733162,0.8115795125587048,0.813953488372093,-1,deterministic,,,,,0.7066872912445553,0.7069128787878788,0.7069128787878788,0.7209662142341123,0.7209302325581395
wav2vec_temporal,speaker_dependent,emotion_original_eval_quadrant,logistic_regression,average_mean,3,768,768,692.0,172.0,0.07670659999985219,0.8106212728820913,0.8208653026427963,0.8208653026427963,0.8423370309932325,0.8430232558139535,-1,deterministic,,,,,0.7711443121171018,0.7822916666666667,0.7822916666666667,0.7808301346908391,0.7790697674418605
wav2vec_temporal,speaker_dependent,emotion_original_eval_quadrant,logistic_regression,average_mean,4,768,768,692.0,172.0,0.08501319999959378,0.8437021263443126,0.8422659182249975,0.8422659182249975,0.8699734598448998,0.872093023255814,-1,deterministic,,,,,0.740847806129757,0.743844696969697,0.743844696969697,0.7493038108565236,0.75
wav2vec_temporal,speaker_independent,emotion_original,logistic_regression,average_mean_std,0,1536,1536,676.0,188.0,0.18587470000056783,0.6250629956544821,0.6108807858807859,0.6108807858807859,0.6288663082359699,0.6117021276595744,-1,deterministic,,,,,,,,,
wav2vec_temporal,speaker_independent,emotion_original,logistic_regression,average_mean_std,1,1536,1536,686.0,178.0,0.27500770000006014,0.7088571321125046,0.7254516317016316,0.7254516317016316,0.7092706517220101,0.7191011235955056,-1,deterministic,,,,,,,,,
wav2vec_temporal,speaker_independent,emotion_original,logistic_regression,average_mean_std,2,1536,1536,712.0,152.0,0.245506999999634,0.7403132649456179,0.740909090909091,0.740909090909091,0.7472810271571881,0.75,-1,deterministic,,,,,,,,,
wav2vec_temporal,speaker_independent,emotion_original,logistic_regression,average_mean_std,3,1536,1536,710.0,154.0,0.19834869999976945,0.6338289569907217,0.6797348484848484,0.6797348484848484,0.6302549203618723,0.6688311688311688,-1,deterministic,,,,,,,,,
wav2vec_temporal,speaker_independent,emotion_original,logistic_regression,average_mean_std,4,1536,1536,672.0,192.0,0.29639570000017557,0.6883415847280403,0.679148976023976,0.679148976023976,0.7041656139379073,0.6979166666666666,-1,deterministic,,,,,,,,,
wav2vec_temporal,speaker_independent,emotion_quadrant,logistic_regression,average_mean_std,0,1536,1536,676.0,188.0,0.10701739999967685,0.5802583867724713,0.5731967787114846,0.5731967787114846,0.6408149995503907,0.6223404255319149,-1,deterministic,,,,,,,,,
wav2vec_temporal,speaker_independent,emotion_quadrant,logistic_regression,average_mean_std,1,1536,1536,686.0,178.0,0.31144289999974717,0.7042089047903001,0.699713480963481,0.699713480963481,0.7363425414117862,0.7528089887640449,-1,deterministic,,,,,,,,,
wav2vec_temporal,speaker_independent,emotion_quadrant,logistic_regression,average_mean_std,2,1536,1536,712.0,152.0,0.12458989999959158,0.8018640350877193,0.8145833333333333,0.8145833333333333,0.824988457987073,0.8223684210526315,-1,deterministic,,,,,,,,,
wav2vec_temporal,speaker_independent,emotion_quadrant,logistic_regression,average_mean_std,3,1536,1536,710.0,154.0,0.11130379999940487,0.6499755620723363,0.6462086300795977,0.6462086300795977,0.6645021645021646,0.6948051948051948,-1,deterministic,,,,,,,,,
wav2vec_temporal,speaker_independent,emotion_quadrant,logistic_regression,average_mean_std,4,1536,1536,672.0,192.0,0.1228599000005488,0.6558967589868558,0.6733223684210526,0.6733223684210526,0.6914595399842981,0.6822916666666666,-1,deterministic,,,,,,,,,
wav2vec_temporal,speaker_independent,emotion_original_eval_quadrant,logistic_regression,average_mean_std,0,1536,1536,676.0,188.0,0.22282859999995708,0.6535754640208511,0.6592086834733895,0.6592086834733895,0.7023037814310575,0.6808510638297872,-1,deterministic,,,,,0.6250629956544821,0.6108807858807859,0.6108807858807859,0.6288663082359699,0.6117021276595744
wav2vec_temporal,speaker_independent,emotion_original_eval_quadrant,logistic_regression,average_mean_std,1,1536,1536,686.0,178.0,0.22275279999939812,0.7096931461338916,0.7150106837606838,0.7150106837606838,0.7523457286956362,0.7640449438202247,-1,deterministic,,,,,0.7088571321125046,0.7254516317016316,0.7254516317016316,0.7092706517220101,0.7191011235955056
wav2vec_temporal,speaker_independent,emotion_original_eval_quadrant,logistic_regression,average_mean_std,2,1536,1536,712.0,152.0,0.20964060000005702,0.8069725187372248,0.825,0.825,0.8272421913288787,0.8223684210526315,-1,deterministic,,,,,0.7403132649456179,0.740909090909091,0.740909090909091,0.7472810271571881,0.75
wav2vec_temporal,speaker_independent,emotion_original_eval_quadrant,logistic_regression,average_mean_std,3,1536,1536,710.0,154.0,0.3602289999998902,0.681131273597027,0.6805439184471442,0.6805439184471442,0.7178833343216905,0.7402597402597403,-1,deterministic,,,,,0.6338289569907217,0.6797348484848484,0.6797348484848484,0.6302549203618723,0.6688311688311688
wav2vec_temporal,speaker_independent,emotion_original_eval_quadrant,logistic_regression,average_mean_std,4,1536,1536,672.0,192.0,0.3333818999999494,0.7312130962259008,0.7359429824561403,0.7359429824561403,0.7717203587520088,0.765625,-1,deterministic,,,,,0.6883415847280403,0.679148976023976,0.679148976023976,0.7041656139379073,0.6979166666666666
wav2vec_temporal,speaker_dependent,emotion_original,logistic_regression,average_mean_std,0,1536,1536,690.0,174.0,0.2070480000002135,0.7079144713414142,0.7045454545454546,0.7045454545454546,0.7259534719721001,0.7241379310344828,-1,deterministic,,,,,,,,,
wav2vec_temporal,speaker_dependent,emotion_original,logistic_regression,average_mean_std,1,1536,1536,690.0,174.0,0.21339050000005955,0.7463808146123689,0.7443181818181819,0.7443181818181819,0.7544317489121446,0.7586206896551724,-1,deterministic,,,,,,,,,
wav2vec_temporal,speaker_dependent,emotion_original,logistic_regression,average_mean_std,2,1536,1536,692.0,172.0,0.23028549999980896,0.7331019707939899,0.7348484848484849,0.7348484848484849,0.7430679416260206,0.7441860465116279,-1,deterministic,,,,,,,,,
wav2vec_temporal,speaker_dependent,emotion_original,logistic_regression,average_mean_std,3,1536,1536,692.0,172.0,0.190742699999646,0.801070487483531,0.8076704545454545,0.8076704545454545,0.8138901655585173,0.813953488372093,-1,deterministic,,,,,,,,,
wav2vec_temporal,speaker_dependent,emotion_original,logistic_regression,average_mean_std,4,1536,1536,692.0,172.0,0.30055150000043795,0.7860843358626081,0.787405303030303,0.787405303030303,0.7907144414427066,0.7906976744186046,-1,deterministic,,,,,,,,,
wav2vec_temporal,speaker_dependent,emotion_quadrant,logistic_regression,average_mean_std,0,1536,1536,690.0,174.0,0.10542570000052365,0.7570304775947103,0.7686701574569221,0.7686701574569221,0.7866871325996839,0.7816091954022989,-1,deterministic,,,,,,,,,
wav2vec_temporal,speaker_dependent,emotion_quadrant,logistic_regression,average_mean_std,1,1536,1536,690.0,174.0,0.14564900000004855,0.7745532836451055,0.7636668797953964,0.7636668797953964,0.804197319844072,0.8103448275862069,-1,deterministic,,,,,,,,,
wav2vec_temporal,speaker_dependent,emotion_quadrant,logistic_regression,average_mean_std,2,1536,1536,692.0,172.0,0.11256529999991471,0.7130784388507501,0.7139546035805626,0.7139546035805626,0.7669218124515872,0.7732558139534884,-1,deterministic,,,,,,,,,
wav2vec_temporal,speaker_dependent,emotion_quadrant,logistic_regression,average_mean_std,3,1536,1536,692.0,172.0,0.1447705999999016,0.8099045911708082,0.8117540494458654,0.8117540494458654,0.8277849239097596,0.8313953488372093,-1,deterministic,,,,,,,,,
wav2vec_temporal,speaker_dependent,emotion_quadrant,logistic_regression,average_mean_std,4,1536,1536,692.0,172.0,0.10237640000013926,0.8077073688064126,0.8094189059022818,0.8094189059022818,0.8287938673053215,0.8313953488372093,-1,deterministic,,,,,,,,,
wav2vec_temporal,speaker_dependent,emotion_original_eval_quadrant,logistic_regression,average_mean_std,0,1536,1536,690.0,174.0,0.2882423999999446,0.7880901171815615,0.8108567290552585,0.8108567290552585,0.8112131327584962,0.8045977011494253,-1,deterministic,,,,,0.7079144713414142,0.7045454545454546,0.7045454545454546,0.7259534719721001,0.7241379310344828
wav2vec_temporal,speaker_dependent,emotion_original_eval_quadrant,logistic_regression,average_mean_std,1,1536,1536,690.0,174.0,0.3010116999994352,0.755362399728597,0.7478154305200342,0.7478154305200342,0.7891103913444857,0.7931034482758621,-1,deterministic,,,,,0.7463808146123689,0.7443181818181819,0.7443181818181819,0.7544317489121446,0.7586206896551724
wav2vec_temporal,speaker_dependent,emotion_original_eval_quadrant,logistic_regression,average_mean_std,2,1536,1536,692.0,172.0,0.22003250000034313,0.7632153472157994,0.7634271099744245,0.7634271099744245,0.8052478501381742,0.8081395348837209,-1,deterministic,,,,,0.7331019707939899,0.7348484848484849,0.7348484848484849,0.7430679416260206,0.7441860465116279
wav2vec_temporal,speaker_dependent,emotion_original_eval_quadrant,logistic_regression,average_mean_std,3,1536,1536,692.0,172.0,0.19315850000020873,0.8338516093835243,0.8390878090366582,0.8390878090366582,0.8638221748563164,0.8662790697674418,-1,deterministic,,,,,0.801070487483531,0.8076704545454545,0.8076704545454545,0.8138901655585173,0.813953488372093
wav2vec_temporal,speaker_dependent,emotion_original_eval_quadrant,logistic_regression,average_mean_std,4,1536,1536,692.0,172.0,0.20008830000006128,0.8488290762738646,0.8519214800544723,0.8519214800544723,0.8712234647111948,0.872093023255814,-1,deterministic,,,,,0.7860843358626081,0.787405303030303,0.787405303030303,0.7907144414427066,0.7906976744186046
wav2vec_layer_statistics,speaker_independent,emotion_original,layer_mixture,learned_layers_mean,0,9984,768,,,1.6571528999993461,0.5703088199117544,0.562174284049284,0.562174284049284,0.5789094737596522,0.5691489361702128,13,seed,63.0,,,,,,,,
wav2vec_layer_statistics,speaker_independent,emotion_original,layer_mixture,learned_layers_mean,0,9984,768,,,1.006015799999659,0.5288844520741072,0.5259969197469198,0.5259969197469198,0.5439335322974355,0.5425531914893617,42,seed,34.0,,,,,,,,
wav2vec_layer_statistics,speaker_independent,emotion_original,layer_mixture,learned_layers_mean,0,9984,768,,,0.14711700000043493,0.5600665309317174,0.5526150932400933,0.5526150932400933,0.5679375720812168,0.5585106382978723,73,seed,6.0,,,,,,,,
wav2vec_layer_statistics,speaker_independent,emotion_original,layer_mixture,learned_layers_mean,0,9984,768,,,,0.5680432229735237,0.5613001581751582,0.5613001581751582,0.5766355565849797,0.5691489361702128,-1,ensemble,,0.017616926129219893,,,,,,,
wav2vec_layer_statistics,speaker_independent,emotion_original,layer_mixture,learned_layers_mean,1,9984,768,,,0.3585999000006268,0.7095830602721497,0.7151806526806526,0.7151806526806526,0.7113847443150335,0.7191011235955056,13,seed,15.0,,,,,,,,
wav2vec_layer_statistics,speaker_independent,emotion_original,layer_mixture,learned_layers_mean,1,9984,768,,,0.410262800000055,0.6750185402320386,0.6765005827505828,0.6765005827505828,0.6868224939635438,0.6910112359550562,42,seed,11.0,,,,,,,,
wav2vec_layer_statistics,speaker_independent,emotion_original,layer_mixture,learned_layers_mean,1,9984,768,,,0.32166159999997035,0.6585333507499327,0.6638986013986015,0.6638986013986015,0.6703352247070334,0.6797752808988764,73,seed,12.0,,,,,,,,
wav2vec_layer_statistics,speaker_independent,emotion_original,layer_mixture,learned_layers_mean,1,9984,768,,,,0.6791158974511377,0.6843312937062938,0.6843312937062938,0.6879064139008089,0.6966292134831461,-1,ensemble,,0.021272152793334997,,,,,,,
wav2vec_layer_statistics,speaker_independent,emotion_original,layer_mixture,learned_layers_mean,2,9984,768,,,0.23626830000011978,0.7071231836638813,0.7102272727272727,0.7102272727272727,0.721366091408931,0.7236842105263158,13,seed,8.0,,,,,,,,
wav2vec_layer_statistics,speaker_independent,emotion_original,layer_mixture,learned_layers_mean,2,9984,768,,,0.19941589999962162,0.7308003098885054,0.7318181818181819,0.7318181818181819,0.7506082392401289,0.75,42,seed,8.0,,,,,,,,
wav2vec_layer_statistics,speaker_independent,emotion_original,layer_mixture,learned_layers_mean,2,9984,768,,,0.1884501000004093,0.6819075021312873,0.6857954545454545,0.6857954545454545,0.6994021178265356,0.7039473684210527,73,seed,8.0,,,,,,,,
wav2vec_layer_statistics,speaker_independent,emotion_original,layer_mixture,learned_layers_mean,2,9984,768,,,,0.7059430240627719,0.7090909090909091,0.7090909090909091,0.7268185338176492,0.7302631578947368,-1,ensemble,,0.01996369914451472,,,,,,,
wav2vec_layer_statistics,speaker_independent,emotion_original,layer_mixture,learned_layers_mean,3,9984,768,,,0.15289529999972729,0.6610001765098803,0.6830176767676768,0.6830176767676768,0.6578414136925917,0.6818181818181818,13,seed,5.0,,,,,,,,
wav2vec_layer_statistics,speaker_independent,emotion_original,layer_mixture,learned_layers_mean,3,9984,768,,,0.1690280000002531,0.6261948129301838,0.6602904040404041,0.6602904040404041,0.6152758292025556,0.6428571428571429,42,seed,7.0,,,,,,,,
wav2vec_layer_statistics,speaker_independent,emotion_original,layer_mixture,learned_layers_mean,3,9984,768,,,0.6951459000001705,0.6342877227751633,0.6522095959595959,0.6522095959595959,0.6380187894514526,0.6558441558441559,73,seed,25.0,,,,,,,,
wav2vec_layer_statistics,speaker_independent,emotion_original,layer_mixture,learned_layers_mean,3,9984,768,,,,0.654451554365742,0.6847222222222222,0.6847222222222222,0.6453525869348034,0.6688311688311688,-1,ensemble,,0.014871537722939187,,,,,,,
wav2vec_layer_statistics,speaker_independent,emotion_original,layer_mixture,learned_layers_mean,4,9984,768,,,1.4608946999996988,0.6708385199367803,0.6599910506160507,0.6599910506160507,0.6786254424169217,0.6666666666666666,13,seed,59.0,,,,,,,,
wav2vec_layer_statistics,speaker_independent,emotion_original,layer_mixture,learned_layers_mean,4,9984,768,,,0.7234427000003052,0.6492312961532556,0.6321907259407259,0.6321907259407259,0.6597215111659862,0.6458333333333334,42,seed,33.0,,,,,,,,
wav2vec_layer_statistics,speaker_independent,emotion_original,layer_mixture,learned_layers_mean,4,9984,768,,,0.8759927999999491,0.6724377224618304,0.6603344572094572,0.6603344572094572,0.6816286045733971,0.671875,73,seed,40.0,,,,,,,,
wav2vec_layer_statistics,speaker_independent,emotion_original,layer_mixture,learned_layers_mean,4,9984,768,,,,0.6470434079642877,0.6309731934731935,0.6309731934731935,0.6585489219004795,0.6458333333333334,-1,ensemble,,0.010582836158205305,,,,,,,
wav2vec_layer_statistics,speaker_independent,emotion_quadrant,layer_mixture,learned_layers_mean,0,9984,768,,,0.6916396999995413,0.6158730158730159,0.6124124649859944,0.6124124649859944,0.6739614994934144,0.6595744680851063,13,seed,28.0,,,,,,,,
wav2vec_layer_statistics,speaker_independent,emotion_quadrant,layer_mixture,learned_layers_mean,0,9984,768,,,1.3192786999998134,0.5878494760126192,0.5821428571428572,0.5821428571428572,0.6515138656249928,0.6329787234042553,42,seed,59.0,,,,,,,,
wav2vec_layer_statistics,speaker_independent,emotion_quadrant,layer_mixture,learned_layers_mean,0,9984,768,,,1.1064075000003868,0.5903596403596403,0.5847163865546219,0.5847163865546219,0.6525899632282611,0.6329787234042553,73,seed,46.0,,,,,,,,
wav2vec_layer_statistics,speaker_independent,emotion_quadrant,layer_mixture,learned_layers_mean,0,9984,768,,,,0.5958512983696768,0.5909663865546219,0.5909663865546219,0.655663824442662,0.6382978723404256,-1,ensemble,,0.012660314378415445,,,,,,,
wav2vec_layer_statistics,speaker_independent,emotion_quadrant,layer_mixture,learned_layers_mean,1,9984,768,,,0.17553510000016104,0.7079894802352429,0.7087703962703962,0.7087703962703962,0.7280234910210153,0.7247191011235955,13,seed,7.0,,,,,,,,
wav2vec_layer_statistics,speaker_independent,emotion_quadrant,layer_mixture,learned_layers_mean,1,9984,768,,,0.2157153999996808,0.7370404311193784,0.7343385780885782,0.7343385780885782,0.755130192741074,0.7584269662921348,42,seed,8.0,,,,,,,,
wav2vec_layer_statistics,speaker_independent,emotion_quadrant,layer_mixture,learned_layers_mean,1,9984,768,,,0.1939319000002797,0.6974971795752195,0.7008789821289821,0.7008789821289821,0.7143415362180019,0.7134831460674157,73,seed,7.0,,,,,,,,
wav2vec_layer_statistics,speaker_independent,emotion_quadrant,layer_mixture,learned_layers_mean,1,9984,768,,,,0.7134619081951454,0.7135052447552448,0.7135052447552448,0.7312847765095362,0.7303370786516854,-1,ensemble,,0.01672561197384755,,,,,,,
wav2vec_layer_statistics,speaker_independent,emotion_quadrant,layer_mixture,learned_layers_mean,2,9984,768,,,0.8697593999995661,0.8116606309175793,0.8114583333333334,0.8114583333333334,0.8303595499941442,0.8289473684210527,13,seed,34.0,,,,,,,,
wav2vec_layer_statistics,speaker_independent,emotion_quadrant,layer_mixture,learned_layers_mean,2,9984,768,,,0.7589963000000353,0.8206161331732162,0.8171875,0.8171875,0.8353729804655744,0.8355263157894737,42,seed,32.0,,,,,,,,
wav2vec_layer_statistics,speaker_independent,emotion_quadrant,layer_mixture,learned_layers_mean,2,9984,768,,,0.8244467000004079,0.82954908569943,0.8338541666666667,0.8338541666666667,0.843691823455264,0.8421052631578947,73,seed,36.0,,,,,,,,
wav2vec_layer_statistics,speaker_independent,emotion_quadrant,layer_mixture,learned_layers_mean,2,9984,768,,,,0.8140759777856552,0.8114583333333334,0.8114583333333334,0.8298018619750368,0.8289473684210527,-1,ensemble,,0.0073029330178483835,,,,,,,
wav2vec_layer_statistics,speaker_independent,emotion_quadrant,layer_mixture,learned_layers_mean,3,9984,768,,,0.559937699999864,0.6921398994380361,0.6794616673648932,0.6794616673648932,0.7164540576253088,0.7337662337662337,13,seed,21.0,,,,,,,,
wav2vec_layer_statistics,speaker_independent,emotion_quadrant,layer_mixture,learned_layers_mean,3,9984,768,,,0.5543492999995578,0.677081571833911,0.6675569054601314,0.6675569054601314,0.6878858439008032,0.7142857142857143,42,seed,19.0,,,,,,,,
wav2vec_layer_statistics,speaker_independent,emotion_quadrant,layer_mixture,learned_layers_mean,3,9984,768,,,0.5067509000000427,0.6743888596227172,0.6710742214774473,0.6710742214774473,0.6923993363148992,0.7207792207792207,73,seed,20.0,,,,,,,,
wav2vec_layer_statistics,speaker_independent,emotion_quadrant,layer_mixture,learned_layers_mean,3,9984,768,,,,0.6598287574552328,0.6561932690964949,0.6561932690964949,0.6787358447860812,0.7077922077922078,-1,ensemble,,0.007810984742374775,,,,,,,
wav2vec_layer_statistics,speaker_independent,emotion_quadrant,layer_mixture,learned_layers_mean,4,9984,768,,,0.3916314999996757,0.6423479957988306,0.6770394736842105,0.6770394736842105,0.6638378018789987,0.6510416666666666,13,seed,17.0,,,,,,,,
wav2vec_layer_statistics,speaker_independent,emotion_quadrant,layer_mixture,learned_layers_mean,4,9984,768,,,0.314411199999995,0.6271862023661008,0.6607565789473684,0.6607565789473684,0.6514151680156535,0.6354166666666666,42,seed,14.0,,,,,,,,
wav2vec_layer_statistics,speaker_independent,emotion_quadrant,layer_mixture,learned_layers_mean,4,9984,768,,,0.26252649999969435,0.6468754081232859,0.6733223684210526,0.6733223684210526,0.6745890198511165,0.6666666666666666,73,seed,12.0,,,,,,,,
wav2vec_layer_statistics,speaker_independent,emotion_quadrant,layer_mixture,learned_layers_mean,4,9984,768,,,,0.6345262466477948,0.6647478070175439,0.6647478070175439,0.6594604246747421,0.6458333333333334,-1,ensemble,,0.008419832842106727,,,,,,,
wav2vec_layer_statistics,speaker_independent,emotion_original_eval_quadrant,layer_mixture,learned_layers_mean,0,9984,768,,,0.11695289999988745,0.5980066060108797,0.5991596638655463,0.5991596638655463,0.652246379688183,0.6329787234042553,13,seed,5.0,,,,0.5359966209169974,0.5303779553779553,0.5303779553779553,0.5449738003026814,0.5372340425531915
wav2vec_layer_statistics,speaker_independent,emotion_original_eval_quadrant,layer_mixture,learned_layers_mean,0,9984,768,,,0.16391350000048988,0.6129948704278972,0.618312324929972,0.618312324929972,0.662529299973046,0.648936170212766,42,seed,7.0,,,,0.5655401269280991,0.5584373959373959,0.5584373959373959,0.5739696350386473,0.5691489361702128
wav2vec_layer_statistics,speaker_independent,emotion_original_eval_quadrant,layer_mixture,learned_layers_mean,0,9984,768,,,0.1244963999997708,0.5906810794537818,0.5959733893557423,0.5959733893557423,0.6409110857500183,0.6223404255319149,73,seed,5.0,,,,0.539995732680403,0.5306401931401932,0.5306401931401932,0.5505293657660992,0.5425531914893617
wav2vec_layer_statistics,speaker_independent,emotion_original_eval_quadrant,layer_mixture,learned_layers_mean,0,9984,768,,,,0.5958786053647713,0.600437675070028,0.600437675070028,0.6439861934942247,0.6276595744680851,-1,ensemble,,0.009286888470728184,,,0.541687939031694,0.5329639110889111,0.5329639110889111,0.5490555609145681,0.5425531914893617
wav2vec_layer_statistics,speaker_independent,emotion_original_eval_quadrant,layer_mixture,learned_layers_mean,1,9984,768,,,1.512247199999365,0.6990656539536416,0.6900495337995338,0.6900495337995338,0.7340794054150811,0.7415730337078652,13,seed,42.0,,,,0.6919897599738332,0.6938738344988344,0.6938738344988344,0.6986941431605099,0.7078651685393258
wav2vec_layer_statistics,speaker_independent,emotion_original_eval_quadrant,layer_mixture,learned_layers_mean,1,9984,768,,,0.40012899999965157,0.6858016308278778,0.6812354312354313,0.6812354312354313,0.7310689687505189,0.7415730337078652,42,seed,17.0,,,,0.676108907944095,0.6842584498834499,0.6842584498834499,0.6809870706277246,0.6910112359550562
wav2vec_layer_statistics,speaker_independent,emotion_original_eval_quadrant,layer_mixture,learned_layers_mean,1,9984,768,,,0.3127442000004521,0.7191960387054253,0.7157634032634033,0.7157634032634033,0.7539691206945718,0.7584269662921348,73,seed,13.0,,,,0.7055784960791504,0.7094988344988344,0.7094988344988344,0.7074339907049614,0.7134831460674157
wav2vec_layer_statistics,speaker_independent,emotion_original_eval_quadrant,layer_mixture,learned_layers_mean,1,9984,768,,,,0.709163176764431,0.7026757964257965,0.7026757964257965,0.7458153286329785,0.7528089887640449,-1,ensemble,,0.013728936097113533,,,0.6951806683326276,0.6995556526806527,0.6995556526806527,0.7046854107883819,0.7134831460674157
wav2vec_layer_statistics,speaker_independent,emotion_original_eval_quadrant,layer_mixture,learned_layers_mean,2,9984,768,,,0.17215680000026623,0.7779435886464128,0.7848958333333333,0.7848958333333333,0.8027676433274028,0.8026315789473685,13,seed,7.0,,,,0.6631274463317808,0.6664772727272728,0.6664772727272728,0.6818381625066487,0.6842105263157895
wav2vec_layer_statistics,speaker_independent,emotion_original_eval_quadrant,layer_mixture,learned_layers_mean,2,9984,768,,,0.18035000000054424,0.7889694083970759,0.7932291666666667,0.7932291666666667,0.8146559265869622,0.8157894736842105,42,seed,7.0,,,,0.6939855419397847,0.696590909090909,0.696590909090909,0.7141774002705924,0.7171052631578947
wav2vec_layer_statistics,speaker_independent,emotion_original_eval_quadrant,layer_mixture,learned_layers_mean,2,9984,768,,,0.12015080000037415,0.696602047011883,0.6973958333333334,0.6973958333333334,0.7377539933622763,0.7368421052631579,73,seed,5.0,,,,0.6240028050554817,0.6312500000000001,0.6312500000000001,0.6401648304927027,0.6447368421052632
wav2vec_layer_statistics,speaker_independent,emotion_original_eval_quadrant,layer_mixture,learned_layers_mean,2,9984,768,,,,0.78871129117058,0.7963541666666667,0.7963541666666667,0.8106137356981317,0.8092105263157895,-1,ensemble,,0.041190269274185065,,,0.6810944197498819,0.6852272727272728,0.6852272727272728,0.6997502652080273,0.7039473684210527
wav2vec_layer_statistics,speaker_independent,emotion_original_eval_quadrant,layer_mixture,learned_layers_mean,3,9984,768,,,0.12997019999966142,0.7042373342030877,0.6889313643345902,0.6889313643345902,0.7408270572654134,0.7532467532467533,13,seed,5.0,,,,0.6610001765098803,0.6830176767676768,0.6830176767676768,0.6578414136925917,0.6818181818181818
wav2vec_layer_statistics,speaker_independent,emotion_original_eval_quadrant,layer_mixture,learned_layers_mean,3,9984,768,,,0.17424229999960517,0.6660947406789253,0.6562194525904204,0.6562194525904204,0.698446312112106,0.7207792207792207,42,seed,7.0,,,,0.6261948129301838,0.6602904040404041,0.6602904040404041,0.6152758292025556,0.6428571428571429
wav2vec_layer_statistics,speaker_independent,emotion_original_eval_quadrant,layer_mixture,learned_layers_mean,3,9984,768,,,0.6144518000000971,0.6446373871185901,0.6329248708280967,0.6329248708280967,0.6923033206599264,0.7077922077922078,73,seed,25.0,,,,0.6342877227751633,0.6522095959595959,0.6522095959595959,0.6380187894514526,0.6558441558441559
wav2vec_layer_statistics,speaker_independent,emotion_original_eval_quadrant,layer_mixture,learned_layers_mean,3,9984,768,,,,0.665101679929266,0.6567343946376204,0.6567343946376204,0.7005468095123267,0.7207792207792207,-1,ensemble,,0.024647355402507436,,,0.654451554365742,0.6847222222222222,0.6847222222222222,0.6453525869348034,0.6688311688311688
wav2vec_layer_statistics,speaker_independent,emotion_original_eval_quadrant,layer_mixture,learned_layers_mean,4,9984,768,,,1.3077682000002824,0.6680734580734581,0.6738815789473684,0.6738815789473684,0.7211350773850774,0.703125,13,seed,59.0,,,,0.6708385199367803,0.6599910506160507,0.6599910506160507,0.6786254424169217,0.6666666666666666
wav2vec_layer_statistics,speaker_independent,emotion_original_eval_quadrant,layer_mixture,learned_layers_mean,4,9984,768,,,0.7317041000005702,0.6527117524995284,0.6508442982456141,0.6508442982456141,0.7140702619002705,0.6979166666666666,42,seed,33.0,,,,0.6492312961532556,0.6321907259407259,0.6321907259407259,0.6597215111659862,0.6458333333333334
wav2vec_layer_statistics,speaker_independent,emotion_original_eval_quadrant,layer_mixture,learned_layers_mean,4,9984,768,,,0.9323933000005127,0.6797066794768366,0.6892982456140351,0.6892982456140351,0.7275529663251462,0.7135416666666666,73,seed,40.0,,,,0.6724377224618304,0.6603344572094572,0.6603344572094572,0.6816286045733971,0.671875
wav2vec_layer_statistics,speaker_independent,emotion_original_eval_quadrant,layer_mixture,learned_layers_mean,4,9984,768,,,,0.6571797063262277,0.6623026315789473,0.6623026315789473,0.7100747587273964,0.6927083333333334,-1,ensemble,,0.011055616575952741,,,0.6470434079642877,0.6309731934731935,0.6309731934731935,0.6585489219004795,0.6458333333333334
wav2vec_layer_statistics,speaker_dependent,emotion_original,layer_mixture,learned_layers_mean,0,9984,768,,,0.3539504999998826,0.6487139154625298,0.6453598484848484,0.6453598484848484,0.6738170026430598,0.6724137931034483,13,seed,15.0,,,,,,,,
wav2vec_layer_statistics,speaker_dependent,emotion_original,layer_mixture,learned_layers_mean,0,9984,768,,,0.8027591999998549,0.6758353221043516,0.6732954545454546,0.6732954545454546,0.6962013346652891,0.6954022988505747,42,seed,32.0,,,,,,,,
wav2vec_layer_statistics,speaker_dependent,emotion_original,layer_mixture,learned_layers_mean,0,9984,768,,,0.43176540000058594,0.68449453930989,0.6832386363636364,0.6832386363636364,0.7122862571520655,0.7126436781609196,73,seed,18.0,,,,,,,,
wav2vec_layer_statistics,speaker_dependent,emotion_original,layer_mixture,learned_layers_mean,0,9984,768,,,,0.6640706040581408,0.6619318181818181,0.6619318181818181,0.6904949536753936,0.6896551724137931,-1,ensemble,,0.015241776594282042,,,,,,,
wav2vec_layer_statistics,speaker_dependent,emotion_original,layer_mixture,learned_layers_mean,1,9984,768,,,0.47245550000025105,0.7594831943182696,0.7542613636363636,0.7542613636363636,0.7671069456861056,0.7701149425287356,13,seed,20.0,,,,,,,,
wav2vec_layer_statistics,speaker_dependent,emotion_original,layer_mixture,learned_layers_mean,1,9984,768,,,0.5975309000004927,0.7744727713256845,0.7698863636363635,0.7698863636363635,0.7836670398752857,0.7873563218390804,42,seed,25.0,,,,,,,,
wav2vec_layer_statistics,speaker_dependent,emotion_original,layer_mixture,learned_layers_mean,1,9984,768,,,0.491092899999785,0.7675113168918508,0.7646780303030304,0.7646780303030304,0.773184790342321,0.7758620689655172,73,seed,21.0,,,,,,,,
wav2vec_layer_statistics,speaker_dependent,emotion_original,layer_mixture,learned_layers_mean,1,9984,768,,,,0.7894578787894578,0.7855113636363636,0.7855113636363636,0.7953308267690858,0.7988505747126436,-1,ensemble,,0.006124631678286253,,,,,,,
wav2vec_layer_statistics,speaker_dependent,emotion_original,layer_mixture,learned_layers_mean,2,9984,768,,,0.4288550999999643,0.7106208146649323,0.7163825757575758,0.7163825757575758,0.7134099900173771,0.7151162790697675,13,seed,19.0,,,,,,,,
wav2vec_layer_statistics,speaker_dependent,emotion_original,layer_mixture,learned_layers_mean,2,9984,768,,,0.46720060000006924,0.7022505076691553,0.7059659090909092,0.7059659090909092,0.7032493173540988,0.7034883720930233,42,seed,20.0,,,,,,,,
wav2vec_layer_statistics,speaker_dependent,emotion_original,layer_mixture,learned_layers_mean,2,9984,768,,,0.6006764000003386,0.7411888451108439,0.743844696969697,0.743844696969697,0.7438929684440801,0.7441860465116279,73,seed,24.0,,,,,,,,
wav2vec_layer_statistics,speaker_dependent,emotion_original,layer_mixture,learned_layers_mean,2,9984,768,,,,0.704562199332801,0.7111742424242424,0.7111742424242424,0.706480359306799,0.7093023255813954,-1,ensemble,,0.016735393788377382,,,,,,,
wav2vec_layer_statistics,speaker_dependent,emotion_original,layer_mixture,learned_layers_mean,3,9984,768,,,0.18455309999990277,0.7501027537974693,0.765719696969697,0.765719696969697,0.7662146588432216,0.7616279069767442,13,seed,7.0,,,,,,,,
wav2vec_layer_statistics,speaker_dependent,emotion_original,layer_mixture,learned_layers_mean,3,9984,768,,,0.6138195000003179,0.7840966764830486,0.7899621212121213,0.7899621212121213,0.8055772844292104,0.8023255813953488,42,seed,27.0,,,,,,,,
wav2vec_layer_statistics,speaker_dependent,emotion_original,layer_mixture,learned_layers_mean,3,9984,768,,,0.7544624000001932,0.7518528126143591,0.7593749999999999,0.7593749999999999,0.7654805353493517,0.7616279069767442,73,seed,34.0,,,,,,,,
wav2vec_layer_statistics,speaker_dependent,emotion_original,layer_mixture,learned_layers_mean,3,9984,768,,,,0.7735451443496588,0.7879734848484848,0.7879734848484848,0.7870521427691991,0.7848837209302325,-1,ensemble,,0.015628735082811398,,,,,,,
wav2vec_layer_statistics,speaker_dependent,emotion_original,layer_mixture,learned_layers_mean,4,9984,768,,,1.315225699999246,0.7267966298775899,0.7272727272727273,0.7272727272727273,0.7352295422657674,0.7383720930232558,13,seed,59.0,,,,,,,,
wav2vec_layer_statistics,speaker_dependent,emotion_original,layer_mixture,learned_layers_mean,4,9984,768,,,0.6547982000001866,0.7477121692533324,0.7490530303030303,0.7490530303030303,0.7536286891789739,0.7558139534883721,42,seed,29.0,,,,,,,,
wav2vec_layer_statistics,speaker_dependent,emotion_original,layer_mixture,learned_layers_mean,4,9984,768,,,0.6958289000003788,0.7401140276358047,0.7433712121212122,0.7433712121212122,0.7433618113242941,0.7441860465116279,73,seed,31.0,,,,,,,,
wav2vec_layer_statistics,speaker_dependent,emotion_original,layer_mixture,learned_layers_mean,4,9984,768,,,,0.739163392041091,0.7391098484848484,0.7391098484848484,0.7477324160562091,0.75,-1,ensemble,,0.00864448845905585,,,,,,,
wav2vec_layer_statistics,speaker_dependent,emotion_quadrant,layer_mixture,learned_layers_mean,0,9984,768,,,0.46994160000031115,0.7385160129725347,0.7501114081996435,0.7501114081996435,0.761972618419395,0.7528735632183908,13,seed,20.0,,,,,,,,
wav2vec_layer_statistics,speaker_dependent,emotion_quadrant,layer_mixture,learned_layers_mean,0,9984,768,,,0.32459749999998166,0.7009950766243672,0.7080826648841355,0.7080826648841355,0.7301622713364211,0.7241379310344828,42,seed,14.0,,,,,,,,
wav2vec_layer_statistics,speaker_dependent,emotion_quadrant,layer_mixture,learned_layers_mean,0,9984,768,,,0.39211880000038946,0.737024980211223,0.7395647653000593,0.7395647653000593,0.765121375674308,0.7586206896551724,73,seed,17.0,,,,,,,,
wav2vec_layer_statistics,speaker_dependent,emotion_quadrant,layer_mixture,learned_layers_mean,0,9984,768,,,,0.7342894342061933,0.7391562685680333,0.7391562685680333,0.7603824473586042,0.7528735632183908,-1,ensemble,,0.017346782588700094,,,,,,,
wav2vec_layer_statistics,speaker_dependent,emotion_quadrant,layer_mixture,learned_layers_mean,1,9984,768,,,0.7887857999994594,0.7681473807309058,0.7671835038363172,0.7671835038363172,0.8046831466007286,0.8045977011494253,13,seed,34.0,,,,,,,,
wav2vec_layer_statistics,speaker_dependent,emotion_quadrant,layer_mixture,learned_layers_mean,1,9984,768,,,0.932631699999547,0.7674667286736253,0.7604433077578858,0.7604433077578858,0.8051953331382582,0.8045977011494253,42,seed,40.0,,,,,,,,
wav2vec_layer_statistics,speaker_dependent,emotion_quadrant,layer_mixture,learned_layers_mean,1,9984,768,,,0.5121788000005836,0.768944076489881,0.7650166950838306,0.7650166950838306,0.7984002149620171,0.7988505747126436,73,seed,22.0,,,,,,,,
wav2vec_layer_statistics,speaker_dependent,emotion_quadrant,layer_mixture,learned_layers_mean,1,9984,768,,,,0.75888376234418,0.7534988633134414,0.7534988633134414,0.7991790085206708,0.7988505747126436,-1,ensemble,,0.0006037446043600113,,,,,,,
wav2vec_layer_statistics,speaker_dependent,emotion_quadrant,layer_mixture,learned_layers_mean,2,9984,768,,,0.44850960000076157,0.7545107366413796,0.7585251491901108,0.7585251491901108,0.7862030253863678,0.7848837209302325,13,seed,20.0,,,,,,,,
wav2vec_layer_statistics,speaker_dependent,emotion_quadrant,layer_mixture,learned_layers_mean,2,9984,768,,,0.5836845999992875,0.7309466138187511,0.7347080136402387,0.7347080136402387,0.7648526653830222,0.7616279069767442,42,seed,25.0,,,,,,,,
wav2vec_layer_statistics,speaker_dependent,emotion_quadrant,layer_mixture,learned_layers_mean,2,9984,768,,,0.855157699999836,0.7364698325681589,0.7365462489343564,0.7365462489343564,0.7754130997063992,0.7790697674418605,73,seed,38.0,,,,,,,,
wav2vec_layer_statistics,speaker_dependent,emotion_quadrant,layer_mixture,learned_layers_mean,2,9984,768,,,,0.7240485667951391,0.7268222506393862,0.7268222506393862,0.7631008584584384,0.7616279069767442,-1,ensemble,,0.010062295129911011,,,,,,,
wav2vec_layer_statistics,speaker_dependent,emotion_quadrant,layer_mixture,learned_layers_mean,3,9984,768,,,0.8906066999998075,0.7827717133364974,0.789002557544757,0.789002557544757,0.8079237536009536,0.813953488372093,13,seed,40.0,,,,,,,,
wav2vec_layer_statistics,speaker_dependent,emotion_quadrant,layer_mixture,learned_layers_mean,3,9984,768,,,0.8058443999998417,0.7747785160575859,0.7835677749360614,0.7835677749360614,0.8030273764454403,0.8081395348837209,42,seed,35.0,,,,,,,,
wav2vec_layer_statistics,speaker_dependent,emotion_quadrant,layer_mixture,learned_layers_mean,3,9984,768,,,0.7496901999993497,0.7860182370820669,0.7891624040920716,0.7891624040920716,0.813946419735633,0.8197674418604651,73,seed,34.0,,,,,,,,
wav2vec_layer_statistics,speaker_dependent,emotion_quadrant,layer_mixture,learned_layers_mean,3,9984,768,,,,0.7915678389676482,0.7963554987212276,0.7963554987212276,0.8196042348237004,0.8255813953488372,-1,ensemble,,0.004723022194860522,,,,,,,
wav2vec_layer_statistics,speaker_dependent,emotion_quadrant,layer_mixture,learned_layers_mean,4,9984,768,,,0.3947392999998556,0.7699887281914123,0.7743431760055801,0.7743431760055801,0.8026655993879677,0.8023255813953488,13,seed,17.0,,,,,,,,
wav2vec_layer_statistics,speaker_dependent,emotion_quadrant,layer_mixture,learned_layers_mean,4,9984,768,,,0.416565300000002,0.7771155455706796,0.7793934965290463,0.7793934965290463,0.8117460249164311,0.813953488372093,42,seed,18.0,,,,,,,,
wav2vec_layer_statistics,speaker_dependent,emotion_quadrant,layer_mixture,learned_layers_mean,4,9984,768,,,0.4154171000000133,0.788694433008935,0.794923107582954,0.794923107582954,0.8138268071322112,0.813953488372093,73,seed,18.0,,,,,,,,
wav2vec_layer_statistics,speaker_dependent,emotion_quadrant,layer_mixture,learned_layers_mean,4,9984,768,,,,0.7772094214140087,0.7816961171820507,0.7816961171820507,0.8074899854642642,0.8081395348837209,-1,ensemble,,0.007708332814309968,,,,,,,
wav2vec_layer_statistics,speaker_dependent,emotion_original_eval_quadrant,layer_mixture,learned_layers_mean,0,9984,768,,,0.3813826000005065,0.7453066404404848,0.763211155674391,0.763211155674391,0.7699695995450248,0.764367816091954,13,seed,16.0,,,,0.6646585791474924,0.6614583333333333,0.6614583333333333,0.6865149303058683,0.6839080459770115
wav2vec_layer_statistics,speaker_dependent,emotion_original_eval_quadrant,layer_mixture,learned_layers_mean,0,9984,768,,,0.5382595000000947,0.7674636710987423,0.7856042038027331,0.7856042038027331,0.7928274383639401,0.7873563218390804,42,seed,23.0,,,,0.675157632315566,0.6728219696969697,0.6728219696969697,0.694860919973978,0.6954022988505747
wav2vec_layer_statistics,speaker_dependent,emotion_original_eval_quadrant,layer_mixture,learned_layers_mean,0,9984,768,,,0.433325999999397,0.7743010207389704,0.7940805109922757,0.7940805109922757,0.797861037586973,0.7931034482758621,73,seed,18.0,,,,0.68449453930989,0.6832386363636364,0.6832386363636364,0.7122862571520655,0.7126436781609196
wav2vec_layer_statistics,speaker_dependent,emotion_original_eval_quadrant,layer_mixture,learned_layers_mean,0,9984,768,,,,0.7676482487811089,0.7871360665478313,0.7871360665478313,0.7927083759719177,0.7873563218390804,-1,ensemble,,0.012375412211257646,,,0.6744051543779805,0.6723484848484849,0.6723484848484849,0.6966588534704476,0.6954022988505747
wav2vec_layer_statistics,speaker_dependent,emotion_original_eval_quadrant,layer_mixture,learned_layers_mean,1,9984,768,,,0.5829186000000846,0.765857100415924,0.7584363455527139,0.7584363455527139,0.7976639279884716,0.7988505747126436,13,seed,20.0,,,,0.7594831943182696,0.7542613636363636,0.7542613636363636,0.7671069456861056,0.7701149425287356
wav2vec_layer_statistics,speaker_dependent,emotion_original_eval_quadrant,layer_mixture,learned_layers_mean,1,9984,768,,,0.6609404999999242,0.7823549644576931,0.7793140807047456,0.7793140807047456,0.8106629556123108,0.8103448275862069,42,seed,25.0,,,,0.7744727713256845,0.7698863636363635,0.7698863636363635,0.7836670398752857,0.7873563218390804
wav2vec_layer_statistics,speaker_dependent,emotion_original_eval_quadrant,layer_mixture,learned_layers_mean,1,9984,768,,,0.5326243999998042,0.7696659216161341,0.7621128161409492,0.7621128161409492,0.8024677469997449,0.8045977011494253,73,seed,21.0,,,,0.7675113168918508,0.7646780303030304,0.7646780303030304,0.773184790342321,0.7758620689655172
wav2vec_layer_statistics,speaker_dependent,emotion_original_eval_quadrant,layer_mixture,learned_layers_mean,1,9984,768,,,,0.7838997168082626,0.7762503552145497,0.7762503552145497,0.8157635741516216,0.8160919540229885,-1,ensemble,,0.00705296190823235,,,0.7894578787894578,0.7855113636363636,0.7855113636363636,0.7953308267690858,0.7988505747126436
wav2vec_layer_statistics,speaker_dependent,emotion_original_eval_quadrant,layer_mixture,learned_layers_mean,2,9984,768,,,0.44076680000034685,0.7701201967717825,0.7738437766410913,0.7738437766410913,0.8149435166691705,0.813953488372093,13,seed,19.0,,,,0.7106208146649323,0.7163825757575758,0.7163825757575758,0.7134099900173771,0.7151162790697675
wav2vec_layer_statistics,speaker_dependent,emotion_original_eval_quadrant,layer_mixture,learned_layers_mean,2,9984,768,,,0.45133910000004107,0.7622300431930891,0.7647325234441602,0.7647325234441602,0.8023192568258846,0.8023255813953488,42,seed,20.0,,,,0.7022505076691553,0.7059659090909092,0.7059659090909092,0.7032493173540988,0.7034883720930233
wav2vec_layer_statistics,speaker_dependent,emotion_original_eval_quadrant,layer_mixture,learned_layers_mean,2,9984,768,,,0.539680099999714,0.7951276396424529,0.7965952685421995,0.7965952685421995,0.8336765409393646,0.8313953488372093,73,seed,24.0,,,,0.7411888451108439,0.743844696969697,0.743844696969697,0.7438929684440801,0.7441860465116279
wav2vec_layer_statistics,speaker_dependent,emotion_original_eval_quadrant,layer_mixture,learned_layers_mean,2,9984,768,,,,0.76590957243227,0.7666506820119352,0.7666506820119352,0.8081507880045546,0.8081395348837209,-1,ensemble,,0.014023308274165125,,,0.704562199332801,0.7111742424242424,0.7111742424242424,0.706480359306799,0.7093023255813954
wav2vec_layer_statistics,speaker_dependent,emotion_original_eval_quadrant,layer_mixture,learned_layers_mean,3,9984,768,,,0.16880480000054376,0.8075501917723331,0.8152706734867861,0.8152706734867861,0.8354139693016516,0.8372093023255814,13,seed,7.0,,,,0.7501027537974693,0.765719696969697,0.765719696969697,0.7662146588432216,0.7616279069767442
wav2vec_layer_statistics,speaker_dependent,emotion_original_eval_quadrant,layer_mixture,learned_layers_mean,3,9984,768,,,0.7032263000000967,0.8461915119928307,0.8495044757033249,0.8495044757033249,0.8697442734445713,0.872093023255814,42,seed,27.0,,,,0.7840966764830486,0.7899621212121213,0.7899621212121213,0.8055772844292104,0.8023255813953488
wav2vec_layer_statistics,speaker_dependent,emotion_original_eval_quadrant,layer_mixture,learned_layers_mean,3,9984,768,,,0.9146294000001944,0.8008411877977095,0.80807757885763,0.80807757885763,0.8302379790751885,0.8313953488372093,73,seed,34.0,,,,0.7518528126143591,0.7593749999999999,0.7593749999999999,0.7654805353493517,0.7616279069767442
wav2vec_layer_statistics,speaker_dependent,emotion_original_eval_quadrant,layer_mixture,learned_layers_mean,3,9984,768,,,,0.8113787625227985,0.821318201193521,0.821318201193521,0.8464052710201457,0.8488372093023255,-1,ensemble,,0.019985589995786538,,,0.7735451443496588,0.7879734848484848,0.7879734848484848,0.7870521427691991,0.7848837209302325
wav2vec_layer_statistics,speaker_dependent,emotion_original_eval_quadrant,layer_mixture,learned_layers_mean,4,9984,768,,,1.706150500000149,0.8099917939203654,0.8011060550702495,0.8011060550702495,0.8441378389052806,0.8488372093023255,13,seed,59.0,,,,0.7267966298775899,0.7272727272727273,0.7272727272727273,0.7352295422657674,0.7383720930232558
wav2vec_layer_statistics,speaker_dependent,emotion_original_eval_quadrant,layer_mixture,learned_layers_mean,4,9984,768,,,1.0028762000001734,0.8016468133052219,0.8038836483209885,0.8038836483209885,0.8288518207519381,0.8313953488372093,42,seed,29.0,,,,0.7477121692533324,0.7490530303030303,0.7490530303030303,0.7536286891789739,0.7558139534883721
wav2vec_layer_statistics,speaker_dependent,emotion_original_eval_quadrant,layer_mixture,learned_layers_mean,4,9984,768,,,0.8649854999994204,0.8023039291331974,0.7981839771481715,0.7981839771481715,0.8289943496976963,0.8313953488372093,73,seed,31.0,,,,0.7401140276358047,0.7433712121212122,0.7433712121212122,0.7433618113242941,0.7441860465116279
wav2vec_layer_statistics,speaker_dependent,emotion_original_eval_quadrant,layer_mixture,learned_layers_mean,4,9984,768,,,,0.8017519906502245,0.7963206231109045,0.7963206231109045,0.8286596224984943,0.8313953488372093,-1,ensemble,,0.003788487937368403,,,0.739163392041091,0.7391098484848484,0.7391098484848484,0.7477324160562091,0.75
wav2vec_layer_statistics,speaker_independent,emotion_original,layer_mixture,learned_layers_mean_std,0,19968,1536,,,0.40204259999973146,0.6039210019588752,0.5931037712287712,0.5931037712287712,0.6150974695007504,0.601063829787234,13,seed,8.0,,,,,,,,
wav2vec_layer_statistics,speaker_independent,emotion_original,layer_mixture,learned_layers_mean_std,0,19968,1536,,,3.50535039999977,0.6116821435902016,0.5969572094572095,0.5969572094572095,0.6215243261962012,0.6063829787234043,42,seed,70.0,,,,,,,,
wav2vec_layer_statistics,speaker_independent,emotion_original,layer_mixture,learned_layers_mean_std,0,19968,1536,,,0.19468159999996715,0.5488645078839343,0.5540417915417916,0.5540417915417916,0.555301887519889,0.5425531914893617,73,seed,4.0,,,,,,,,
wav2vec_layer_statistics,speaker_independent,emotion_original,layer_mixture,learned_layers_mean_std,0,19968,1536,,,,0.6049170084270122,0.5916083916083916,0.5916083916083916,0.6101183972357206,0.5957446808510638,-1,ensemble,,0.027963285880221237,,,,,,,
wav2vec_layer_statistics,speaker_independent,emotion_original,layer_mixture,learned_layers_mean_std,1,19968,1536,,,0.8120605000003707,0.7190343848694987,0.7345935314685315,0.7345935314685315,0.7227809461317223,0.7303370786516854,13,seed,14.0,,,,,,,,
wav2vec_layer_statistics,speaker_independent,emotion_original,layer_mixture,learned_layers_mean_std,1,19968,1536,,,0.6532884999996895,0.7154102360973927,0.7293851981351981,0.7293851981351981,0.7165264617682763,0.7247191011235955,42,seed,12.0,,,,,,,,
wav2vec_layer_statistics,speaker_independent,emotion_original,layer_mixture,learned_layers_mean_std,1,19968,1536,,,2.0580292000004192,0.6747317939704134,0.6889204545454546,0.6889204545454546,0.677062495523153,0.6910112359550562,73,seed,35.0,,,,,,,,
wav2vec_layer_statistics,speaker_independent,emotion_original,layer_mixture,learned_layers_mean_std,1,19968,1536,,,,0.7094799329791855,0.7254516317016317,0.7254516317016317,0.7085278930455287,0.7191011235955056,-1,ensemble,,0.02008479156136713,,,,,,,
wav2vec_layer_statistics,speaker_independent,emotion_original,layer_mixture,learned_layers_mean_std,2,19968,1536,,,0.29405450000012934,0.6347081550928813,0.6414772727272727,0.6414772727272727,0.6610819097494873,0.6644736842105263,13,seed,5.0,,,,,,,,
wav2vec_layer_statistics,speaker_independent,emotion_original,layer_mixture,learned_layers_mean_std,2,19968,1536,,,0.29823169999963284,0.6627201052949068,0.6732954545454545,0.6732954545454545,0.6869496960400623,0.6973684210526315,42,seed,5.0,,,,,,,,
wav2vec_layer_statistics,speaker_independent,emotion_original,layer_mixture,learned_layers_mean_std,2,19968,1536,,,0.45691699999952107,0.6814652738565783,0.6852272727272728,0.6852272727272728,0.6971678207376147,0.7039473684210527,73,seed,8.0,,,,,,,,
wav2vec_layer_statistics,speaker_independent,emotion_original,layer_mixture,learned_layers_mean_std,2,19968,1536,,,,0.6839104694760552,0.6903409090909091,0.6903409090909091,0.7104562615106113,0.7171052631578947,-1,ensemble,,0.019213070937396024,,,,,,,
wav2vec_layer_statistics,speaker_independent,emotion_original,layer_mixture,learned_layers_mean_std,3,19968,1536,,,0.3346395999997185,0.5748524508010808,0.6438131313131312,0.6438131313131312,0.5574230848850685,0.6168831168831169,13,seed,5.0,,,,,,,,
wav2vec_layer_statistics,speaker_independent,emotion_original,layer_mixture,learned_layers_mean_std,3,19968,1536,,,0.31945489999998244,0.5747969530272458,0.6313131313131313,0.6313131313131313,0.5600381871362922,0.6103896103896104,42,seed,5.0,,,,,,,,
wav2vec_layer_statistics,speaker_independent,emotion_original,layer_mixture,learned_layers_mean_std,3,19968,1536,,,0.3979288999998971,0.574572291503813,0.6368686868686868,0.6368686868686868,0.5678681032380672,0.6168831168831169,73,seed,6.0,,,,,,,,
wav2vec_layer_statistics,speaker_independent,emotion_original,layer_mixture,learned_layers_mean_std,3,19968,1536,,,,0.5638844172396804,0.638699494949495,0.638699494949495,0.5520845292273864,0.6168831168831169,-1,ensemble,,0.00012112529548521784,,,,,,,
wav2vec_layer_statistics,speaker_independent,emotion_original,layer_mixture,learned_layers_mean_std,4,19968,1536,,,1.6360673999997744,0.6264594683816382,0.6161026473526473,0.6161026473526473,0.6530857519949501,0.6458333333333334,13,seed,27.0,,,,,,,,
wav2vec_layer_statistics,speaker_independent,emotion_original,layer_mixture,learned_layers_mean_std,4,19968,1536,,,0.389533699999447,0.6522718606353624,0.6477688977688978,0.6477688977688978,0.6687440262871153,0.671875,42,seed,8.0,,,,,,,,
wav2vec_layer_statistics,speaker_independent,emotion_original,layer_mixture,learned_layers_mean_std,4,19968,1536,,,0.41537220000009256,0.6161109519565402,0.5944264069264069,0.5944264069264069,0.6324820774269304,0.6197916666666666,73,seed,9.0,,,,,,,,
wav2vec_layer_statistics,speaker_independent,emotion_original,layer_mixture,learned_layers_mean_std,4,19968,1536,,,,0.6539568756754301,0.6427478771228772,0.6427478771228772,0.6756431153587755,0.671875,-1,ensemble,,0.015205929773679874,,,,,,,
wav2vec_layer_statistics,speaker_independent,emotion_quadrant,layer_mixture,learned_layers_mean_std,0,19968,1536,,,1.3757394999993267,0.6198776699183406,0.6175595238095238,0.6175595238095238,0.6733680591611189,0.6595744680851063,13,seed,29.0,,,,,,,,
wav2vec_layer_statistics,speaker_independent,emotion_quadrant,layer_mixture,learned_layers_mean_std,0,19968,1536,,,2.971286599999985,0.6024891774891775,0.5972163865546218,0.5972163865546218,0.6567928525375334,0.6436170212765957,42,seed,65.0,,,,,,,,
wav2vec_layer_statistics,speaker_independent,emotion_quadrant,layer_mixture,learned_layers_mean_std,0,19968,1536,,,0.889070800000809,0.5966760727157607,0.5935399159663866,0.5935399159663866,0.6502406337175805,0.6382978723404256,73,seed,20.0,,,,,,,,
wav2vec_layer_statistics,speaker_independent,emotion_quadrant,layer_mixture,learned_layers_mean_std,0,19968,1536,,,,0.6050498834014881,0.6008928571428571,0.6008928571428571,0.660248667239924,0.648936170212766,-1,ensemble,,0.009857123587744066,,,,,,,
wav2vec_layer_statistics,speaker_independent,emotion_quadrant,layer_mixture,learned_layers_mean_std,1,19968,1536,,,3.5140597999998135,0.7700880426689011,0.7604166666666667,0.7604166666666667,0.7857149448669593,0.7921348314606742,13,seed,74.0,,,,,,,,
wav2vec_layer_statistics,speaker_independent,emotion_quadrant,layer_mixture,learned_layers_mean_std,1,19968,1536,,,0.6327688000001217,0.6658434681889633,0.6778117715617715,0.6778117715617715,0.7153654729800705,0.7415730337078652,42,seed,13.0,,,,,,,,
wav2vec_layer_statistics,speaker_independent,emotion_quadrant,layer_mixture,learned_layers_mean_std,1,19968,1536,,,0.34765340000012657,0.6923318819545234,0.6933275058275058,0.6933275058275058,0.7156234677625392,0.7191011235955056,73,seed,7.0,,,,,,,,
wav2vec_layer_statistics,speaker_independent,emotion_quadrant,layer_mixture,learned_layers_mean_std,1,19968,1536,,,,0.7427494272353513,0.7367667055167055,0.7367667055167055,0.7647084057553987,0.7752808988764045,-1,ensemble,,0.04423998681605053,,,,,,,
wav2vec_layer_statistics,speaker_independent,emotion_quadrant,layer_mixture,learned_layers_mean_std,2,19968,1536,,,1.4180258000005779,0.8402854476901398,0.846875,0.846875,0.8561361080654181,0.8552631578947368,13,seed,29.0,,,,,,,,
wav2vec_layer_statistics,speaker_independent,emotion_quadrant,layer_mixture,learned_layers_mean_std,2,19968,1536,,,1.2034577999993417,0.8164205344585092,0.8250000000000001,0.8250000000000001,0.8362906210674366,0.8355263157894737,42,seed,25.0,,,,,,,,
wav2vec_layer_statistics,speaker_independent,emotion_quadrant,layer_mixture,learned_layers_mean_std,2,19968,1536,,,1.704521499999828,0.8168025133196691,0.8213541666666667,0.8213541666666667,0.8347549171236646,0.8355263157894737,73,seed,36.0,,,,,,,,
wav2vec_layer_statistics,speaker_independent,emotion_quadrant,layer_mixture,learned_layers_mean_std,2,19968,1536,,,,0.8256447128750839,0.8328125000000001,0.8328125000000001,0.8430235785033477,0.8421052631578947,-1,ensemble,,0.011161084167028584,,,,,,,
wav2vec_layer_statistics,speaker_independent,emotion_quadrant,layer_mixture,learned_layers_mean_std,3,19968,1536,,,1.1855278999992152,0.6033266129032259,0.6129555927943025,0.6129555927943025,0.6225125680770842,0.6623376623376623,13,seed,24.0,,,,,,,,
wav2vec_layer_statistics,speaker_independent,emotion_quadrant,layer_mixture,learned_layers_mean_std,3,19968,1536,,,0.9854257999995752,0.6493734335839598,0.6432324396034074,0.6432324396034074,0.6684047781792143,0.6948051948051948,42,seed,20.0,,,,,,,,
wav2vec_layer_statistics,speaker_independent,emotion_quadrant,layer_mixture,learned_layers_mean_std,3,19968,1536,,,1.2850212000003012,0.6357962269563672,0.6383361262393521,0.6383361262393521,0.6523385133972093,0.6883116883116883,73,seed,26.0,,,,,,,,
wav2vec_layer_statistics,speaker_independent,emotion_quadrant,layer_mixture,learned_layers_mean_std,3,19968,1536,,,,0.6359218650202257,0.6392001815388912,0.6392001815388912,0.6464263364199494,0.6818181818181818,-1,ensemble,,0.019318747576647366,,,,,,,
wav2vec_layer_statistics,speaker_independent,emotion_quadrant,layer_mixture,learned_layers_mean_std,4,19968,1536,,,0.40705890000026557,0.6163269991595433,0.6318859649122807,0.6318859649122807,0.653718815980977,0.6302083333333334,13,seed,9.0,,,,,,,,
wav2vec_layer_statistics,speaker_independent,emotion_quadrant,layer_mixture,learned_layers_mean_std,4,19968,1536,,,0.38174699999945005,0.642039182039182,0.6552741228070176,0.6552741228070176,0.6860262643595978,0.6614583333333334,42,seed,8.0,,,,,,,,
wav2vec_layer_statistics,speaker_independent,emotion_quadrant,layer_mixture,learned_layers_mean_std,4,19968,1536,,,0.3686366000001726,0.6165755139129391,0.6276535087719298,0.6276535087719298,0.6688426171984386,0.6458333333333334,73,seed,8.0,,,,,,,,
wav2vec_layer_statistics,speaker_independent,emotion_quadrant,layer_mixture,learned_layers_mean_std,4,19968,1536,,,,0.6337079427167787,0.6468530701754387,0.6468530701754387,0.67653761699094,0.6510416666666666,-1,ensemble,,0.012062690424344168,,,,,,,
wav2vec_layer_statistics,speaker_independent,emotion_original_eval_quadrant,layer_mixture,learned_layers_mean_std,0,19968,1536,,,0.5686092999994798,0.6407147483618072,0.6497724089635855,0.6497724089635855,0.6917017929783887,0.6648936170212766,13,seed,12.0,,,,0.6220456572858509,0.6005099067599068,0.6005099067599068,0.6274354698736685,0.6063829787234043
wav2vec_layer_statistics,speaker_independent,emotion_original_eval_quadrant,layer_mixture,learned_layers_mean_std,0,19968,1536,,,0.8164798999996492,0.6243227667324941,0.6321953781512605,0.6321953781512605,0.6700874903731643,0.648936170212766,42,seed,17.0,,,,0.5818272214611728,0.5678394522144522,0.5678394522144522,0.5902282070665104,0.574468085106383
wav2vec_layer_statistics,speaker_independent,emotion_original_eval_quadrant,layer_mixture,learned_layers_mean_std,0,19968,1536,,,1.3026056999997309,0.6441751138918989,0.6544467787114846,0.6544467787114846,0.6876137276644332,0.6702127659574468,73,seed,26.0,,,,0.5991905049458363,0.5868953962703962,0.5868953962703962,0.6039473118315405,0.5904255319148937
wav2vec_layer_statistics,speaker_independent,emotion_original_eval_quadrant,layer_mixture,learned_layers_mean_std,0,19968,1536,,,,0.6419186921475251,0.653343837535014,0.653343837535014,0.6842332911810491,0.6648936170212766,-1,ensemble,,0.008658886758540879,,,0.599943514302232,0.5864947552447553,0.5864947552447553,0.6053250435245958,0.5904255319148937
wav2vec_layer_statistics,speaker_independent,emotion_original_eval_quadrant,layer_mixture,learned_layers_mean_std,1,19968,1536,,,2.522397199999432,0.7219567206233399,0.7211538461538461,0.7211538461538461,0.7532783215090622,0.7640449438202247,13,seed,51.0,,,,0.7065741215893191,0.7197698135198135,0.7197698135198135,0.7031507777083407,0.7134831460674157
wav2vec_layer_statistics,speaker_independent,emotion_original_eval_quadrant,layer_mixture,learned_layers_mean_std,1,19968,1536,,,0.9408840000005512,0.7047118849480615,0.7118783993783994,0.7118783993783994,0.7508856267192237,0.7696629213483146,42,seed,19.0,,,,0.7286461916216183,0.7579763986013986,0.7579763986013986,0.7170162058960987,0.7359550561797753
wav2vec_layer_statistics,speaker_independent,emotion_original_eval_quadrant,layer_mixture,learned_layers_mean_std,1,19968,1536,,,0.8865086000005249,0.692529019384847,0.7036713286713286,0.7036713286713286,0.7414995385799111,0.7584269662921348,73,seed,18.0,,,,0.6966185813370636,0.7153627622377623,0.7153627622377623,0.6907108115205703,0.7078651685393258
wav2vec_layer_statistics,speaker_independent,emotion_original_eval_quadrant,layer_mixture,learned_layers_mean_std,1,19968,1536,,,,0.7110358271156819,0.7145493395493395,0.7145493395493395,0.7538848671465569,0.7696629213483146,-1,ensemble,,0.012072908933184575,,,0.7089334042470518,0.7258522727272727,0.7258522727272727,0.7040488775287229,0.7191011235955056
wav2vec_layer_statistics,speaker_independent,emotion_original_eval_quadrant,layer_mixture,learned_layers_mean_std,2,19968,1536,,,0.15327069999966625,0.6874748950732669,0.6875,0.6875,0.7228684096498137,0.7236842105263158,13,seed,3.0,,,,0.5772294888275462,0.5862373737373737,0.5862373737373737,0.6007203659414089,0.6052631578947368
wav2vec_layer_statistics,speaker_independent,emotion_original_eval_quadrant,layer_mixture,learned_layers_mean_std,2,19968,1536,,,0.2047720999999001,0.746543169175776,0.7421875,0.7421875,0.7688535071454216,0.7697368421052632,42,seed,4.0,,,,0.6327028275078148,0.6420454545454546,0.6420454545454546,0.6561716913379317,0.6644736842105263
wav2vec_layer_statistics,speaker_independent,emotion_original_eval_quadrant,layer_mixture,learned_layers_mean_std,2,19968,1536,,,0.26233289999981935,0.7312710955246763,0.7229166666666667,0.7229166666666667,0.7599818592309667,0.7631578947368421,73,seed,5.0,,,,0.6403885229208042,0.6482954545454545,0.6482954545454545,0.6650739849410845,0.6710526315789473
wav2vec_layer_statistics,speaker_independent,emotion_original_eval_quadrant,layer_mixture,learned_layers_mean_std,2,19968,1536,,,,0.7301698642887167,0.7270833333333333,0.7270833333333333,0.7621271811306324,0.7631578947368421,-1,ensemble,,0.025034208624364385,,,0.6112000234242881,0.6238636363636363,0.6238636363636363,0.6337208865266141,0.6447368421052632
wav2vec_layer_statistics,speaker_independent,emotion_original_eval_quadrant,layer_mixture,learned_layers_mean_std,3,19968,1536,,,0.25727550000010524,0.5820425016853588,0.6132261555648653,0.6132261555648653,0.6526984843311372,0.7012987012987013,13,seed,5.0,,,,0.5748524508010808,0.6438131313131312,0.6438131313131312,0.5574230848850685,0.6168831168831169
wav2vec_layer_statistics,speaker_independent,emotion_original_eval_quadrant,layer_mixture,learned_layers_mean_std,3,19968,1536,,,0.26976620000004914,0.6186825002954035,0.6273477866219802,0.6273477866219802,0.664406929476054,0.6948051948051948,42,seed,5.0,,,,0.5747969530272458,0.6313131313131313,0.6313131313131313,0.5600381871362922,0.6103896103896104
wav2vec_layer_statistics,speaker_independent,emotion_original_eval_quadrant,layer_mixture,learned_layers_mean_std,3,19968,1536,,,0.31824909999977535,0.6062754474570601,0.6210724759111856,0.6210724759111856,0.6556053786087394,0.6948051948051948,73,seed,6.0,,,,0.574572291503813,0.6368686868686868,0.6368686868686868,0.5678681032380672,0.6168831168831169
wav2vec_layer_statistics,speaker_independent,emotion_original_eval_quadrant,layer_mixture,learned_layers_mean_std,3,19968,1536,,,,0.5877450980392157,0.6137410976120654,0.6137410976120654,0.6481028775146422,0.6948051948051948,-1,ensemble,,0.015215708692195355,,,0.5638844172396804,0.638699494949495,0.638699494949495,0.5520845292273864,0.6168831168831169
wav2vec_layer_statistics,speaker_independent,emotion_original_eval_quadrant,layer_mixture,learned_layers_mean_std,4,19968,1536,,,1.246732300000076,0.6674455588687088,0.6732894736842105,0.6732894736842105,0.7178841751754464,0.703125,13,seed,27.0,,,,0.6264594683816382,0.6161026473526473,0.6161026473526473,0.6530857519949501,0.6458333333333334
wav2vec_layer_statistics,speaker_independent,emotion_original_eval_quadrant,layer_mixture,learned_layers_mean_std,4,19968,1536,,,0.3828968999996505,0.6962321387885299,0.693234649122807,0.693234649122807,0.734215218782888,0.734375,42,seed,8.0,,,,0.6522718606353624,0.6477688977688978,0.6477688977688978,0.6687440262871153,0.671875
wav2vec_layer_statistics,speaker_independent,emotion_original_eval_quadrant,layer_mixture,learned_layers_mean_std,4,19968,1536,,,0.4603224999991653,0.6245855937311634,0.620625,0.620625,0.6852468228852723,0.6666666666666666,73,seed,9.0,,,,0.6161109519565402,0.5944264069264069,0.5944264069264069,0.6324820774269304,0.6197916666666666
wav2vec_layer_statistics,speaker_independent,emotion_original_eval_quadrant,layer_mixture,learned_layers_mean_std,4,19968,1536,,,,0.6881960335621663,0.6880482456140351,0.6880482456140351,0.7342772692601068,0.7239583333333334,-1,ensemble,,0.029437072646068246,,,0.6539568756754301,0.6427478771228772,0.6427478771228772,0.6756431153587755,0.671875
wav2vec_layer_statistics,speaker_dependent,emotion_original,layer_mixture,learned_layers_mean_std,0,19968,1536,,,0.8143757999996524,0.7101499044433828,0.709280303030303,0.709280303030303,0.7239168877099912,0.7241379310344828,13,seed,16.0,,,,,,,,
wav2vec_layer_statistics,speaker_dependent,emotion_original,layer_mixture,learned_layers_mean_std,0,19968,1536,,,0.9532898999996178,0.6876195697577276,0.6879734848484849,0.6879734848484849,0.7093446259326477,0.7126436781609196,42,seed,19.0,,,,,,,,
wav2vec_layer_statistics,speaker_dependent,emotion_original,layer_mixture,learned_layers_mean_std,0,19968,1536,,,0.594498399999793,0.7143411789325889,0.7111742424242424,0.7111742424242424,0.7388339744222991,0.7413793103448276,73,seed,12.0,,,,,,,,
wav2vec_layer_statistics,speaker_dependent,emotion_original,layer_mixture,learned_layers_mean_std,0,19968,1536,,,,0.6936313617691495,0.6931818181818182,0.6931818181818182,0.7155742028296929,0.7183908045977011,-1,ensemble,,0.011734219473098193,,,,,,,
wav2vec_layer_statistics,speaker_dependent,emotion_original,layer_mixture,learned_layers_mean_std,1,19968,1536,,,2.4562958999995317,0.755293063160859,0.7556818181818181,0.7556818181818181,0.7701402897665232,0.7758620689655172,13,seed,49.0,,,,,,,,
wav2vec_layer_statistics,speaker_dependent,emotion_original,layer_mixture,learned_layers_mean_std,1,19968,1536,,,1.0623390999999174,0.7687035246077799,0.7665719696969697,0.7665719696969697,0.7752970275017229,0.7758620689655172,42,seed,21.0,,,,,,,,
wav2vec_layer_statistics,speaker_dependent,emotion_original,layer_mixture,learned_layers_mean_std,1,19968,1536,,,1.4645831999996517,0.7402221217012872,0.7400568181818181,0.7400568181818181,0.7588643730630266,0.764367816091954,73,seed,29.0,,,,,,,,
wav2vec_layer_statistics,speaker_dependent,emotion_original,layer_mixture,learned_layers_mean_std,1,19968,1536,,,,0.7500413554823762,0.7509469696969697,0.7509469696969697,0.7696006917531655,0.7758620689655172,-1,ensemble,,0.011634069051325857,,,,,,,
wav2vec_layer_statistics,speaker_dependent,emotion_original,layer_mixture,learned_layers_mean_std,2,19968,1536,,,1.2825431999999637,0.7272431558942674,0.7277462121212122,0.7277462121212122,0.7340550078076403,0.7325581395348837,13,seed,27.0,,,,,,,,
wav2vec_layer_statistics,speaker_dependent,emotion_original,layer_mixture,learned_layers_mean_std,2,19968,1536,,,0.716610600000422,0.7257241562422632,0.7286931818181819,0.7286931818181819,0.7351167558452701,0.7325581395348837,42,seed,15.0,,,,,,,,
wav2vec_layer_statistics,speaker_dependent,emotion_original,layer_mixture,learned_layers_mean_std,2,19968,1536,,,1.525055799999791,0.7272270431156879,0.7291666666666667,0.7291666666666667,0.7334799314949048,0.7325581395348837,73,seed,32.0,,,,,,,,
wav2vec_layer_statistics,speaker_dependent,emotion_original,layer_mixture,learned_layers_mean_std,2,19968,1536,,,,0.7232027005636098,0.7230113636363636,0.7230113636363636,0.7278758362428276,0.7267441860465116,-1,ensemble,,0.0007122958591558153,,,,,,,
wav2vec_layer_statistics,speaker_dependent,emotion_original,layer_mixture,learned_layers_mean_std,3,19968,1536,,,0.4010515999998461,0.7229365966593607,0.7387310606060606,0.7387310606060606,0.734544629938842,0.7325581395348837,13,seed,8.0,,,,,,,,
wav2vec_layer_statistics,speaker_dependent,emotion_original,layer_mixture,learned_layers_mean_std,3,19968,1536,,,0.3453372000003583,0.7198107890823529,0.7396780303030304,0.7396780303030304,0.7330523715659403,0.7325581395348837,42,seed,7.0,,,,,,,,
wav2vec_layer_statistics,speaker_dependent,emotion_original,layer_mixture,learned_layers_mean_std,3,19968,1536,,,0.4420468999996956,0.7234316803644535,0.7396780303030304,0.7396780303030304,0.729310006650245,0.7325581395348837,73,seed,9.0,,,,,,,,
wav2vec_layer_statistics,speaker_dependent,emotion_original,layer_mixture,learned_layers_mean_std,3,19968,1536,,,,0.723324142276578,0.7396780303030303,0.7396780303030303,0.7327677816648528,0.7325581395348837,-1,ensemble,,0.0016030053219680338,,,,,,,
wav2vec_layer_statistics,speaker_dependent,emotion_original,layer_mixture,learned_layers_mean_std,4,19968,1536,,,1.6348361999998815,0.7630050457514934,0.7613636363636364,0.7613636363636364,0.7742587145721525,0.7732558139534884,13,seed,31.0,,,,,,,,
wav2vec_layer_statistics,speaker_dependent,emotion_original,layer_mixture,learned_layers_mean_std,4,19968,1536,,,2.3476616000007198,0.8009802716242301,0.8035037878787878,0.8035037878787878,0.8073158424843824,0.8081395348837209,42,seed,46.0,,,,,,,,
wav2vec_layer_statistics,speaker_dependent,emotion_original,layer_mixture,learned_layers_mean_std,4,19968,1536,,,0.7168934000001173,0.7517706246473039,0.7537878787878788,0.7537878787878788,0.7596425134342595,0.7558139534883721,73,seed,15.0,,,,,,,,
wav2vec_layer_statistics,speaker_dependent,emotion_original,layer_mixture,learned_layers_mean_std,4,19968,1536,,,,0.7905027341368527,0.7926136363636364,0.7926136363636364,0.7965117625476713,0.7965116279069767,-1,ensemble,,0.021055269472998735,,,,,,,
wav2vec_layer_statistics,speaker_dependent,emotion_quadrant,layer_mixture,learned_layers_mean_std,0,19968,1536,,,0.4537574999994831,0.6757476776890063,0.6962176916221033,0.6962176916221033,0.6992106403013546,0.6896551724137931,13,seed,9.0,,,,,,,,
wav2vec_layer_statistics,speaker_dependent,emotion_quadrant,layer_mixture,learned_layers_mean_std,0,19968,1536,,,2.6444661999994423,0.7645369808972404,0.7807765151515152,0.7807765151515152,0.7876827663380018,0.7816091954022989,42,seed,44.0,,,,,,,,
wav2vec_layer_statistics,speaker_dependent,emotion_quadrant,layer_mixture,learned_layers_mean_std,0,19968,1536,,,1.2501695999999356,0.7721402832882909,0.7833017676767676,0.7833017676767676,0.7916361812193783,0.7873563218390804,73,seed,24.0,,,,,,,,
wav2vec_layer_statistics,speaker_dependent,emotion_quadrant,layer_mixture,learned_layers_mean_std,0,19968,1536,,,,0.7688307370820668,0.7884636809269162,0.7884636809269162,0.7883280054501626,0.7816091954022989,-1,ensemble,,0.04375802781671127,,,,,,,
wav2vec_layer_statistics,speaker_dependent,emotion_quadrant,layer_mixture,learned_layers_mean_std,1,19968,1536,,,1.8002214999996795,0.7926559498579385,0.7827419011082694,0.7827419011082694,0.819119198400641,0.8218390804597702,13,seed,37.0,,,,,,,,
wav2vec_layer_statistics,speaker_dependent,emotion_quadrant,layer_mixture,learned_layers_mean_std,1,19968,1536,,,1.440759799999796,0.786251936153618,0.7777600170502984,0.7777600170502984,0.8170343890681676,0.8218390804597702,42,seed,30.0,,,,,,,,
wav2vec_layer_statistics,speaker_dependent,emotion_quadrant,layer_mixture,learned_layers_mean_std,1,19968,1536,,,1.973246300000028,0.7854161889474891,0.7727781329923273,0.7727781329923273,0.8149869840742703,0.8218390804597702,73,seed,40.0,,,,,,,,
wav2vec_layer_statistics,speaker_dependent,emotion_quadrant,layer_mixture,learned_layers_mean_std,1,19968,1536,,,,0.7944852897686737,0.783194799658994,0.783194799658994,0.823536669016989,0.8275862068965517,-1,ensemble,,0.003233917523825466,,,,,,,
wav2vec_layer_statistics,speaker_dependent,emotion_quadrant,layer_mixture,learned_layers_mean_std,2,19968,1536,,,0.9765591000004861,0.7337022838028622,0.7255168371696505,0.7255168371696505,0.7730382321929065,0.7790697674418605,13,seed,21.0,,,,,,,,
wav2vec_layer_statistics,speaker_dependent,emotion_quadrant,layer_mixture,learned_layers_mean_std,2,19968,1536,,,0.6587964999998803,0.7326580858913541,0.732576726342711,0.732576726342711,0.7706969235335493,0.7732558139534884,42,seed,14.0,,,,,,,,
wav2vec_layer_statistics,speaker_dependent,emotion_quadrant,layer_mixture,learned_layers_mean_std,2,19968,1536,,,1.2881076000003304,0.7513354005064063,0.7496536658141518,0.7496536658141518,0.7900147353842856,0.7965116279069767,73,seed,28.0,,,,,,,,
wav2vec_layer_statistics,speaker_dependent,emotion_quadrant,layer_mixture,learned_layers_mean_std,2,19968,1536,,,,0.7379267050202131,0.7367060954816709,0.7367060954816709,0.7801142995957185,0.7848837209302325,-1,ensemble,,0.008569060853435017,,,,,,,
wav2vec_layer_statistics,speaker_dependent,emotion_quadrant,layer_mixture,learned_layers_mean_std,3,19968,1536,,,2.0715347999994265,0.7941642999577014,0.7945971867007673,0.7945971867007673,0.8190879937943275,0.8255813953488372,13,seed,45.0,,,,,,,,
wav2vec_layer_statistics,speaker_dependent,emotion_quadrant,layer_mixture,learned_layers_mean_std,3,19968,1536,,,1.994993400000567,0.7763786513786514,0.7720854646206308,0.7720854646206308,0.7934086306179329,0.7965116279069767,42,seed,43.0,,,,,,,,
wav2vec_layer_statistics,speaker_dependent,emotion_quadrant,layer_mixture,learned_layers_mean_std,3,19968,1536,,,0.6599909999995361,0.7289607793027766,0.7358535805626598,0.7358535805626598,0.7561395369813274,0.7674418604651163,73,seed,14.0,,,,,,,,
wav2vec_layer_statistics,speaker_dependent,emotion_quadrant,layer_mixture,learned_layers_mean_std,3,19968,1536,,,,0.8026696725201709,0.8044011082693947,0.8044011082693947,0.8164192448206974,0.8197674418604651,-1,ensemble,,0.027520261209553917,,,,,,,
wav2vec_layer_statistics,speaker_dependent,emotion_quadrant,layer_mixture,learned_layers_mean_std,4,19968,1536,,,1.05927789999987,0.7828741680854356,0.779677483641678,0.779677483641678,0.8107654873786547,0.813953488372093,13,seed,23.0,,,,,,,,
wav2vec_layer_statistics,speaker_dependent,emotion_quadrant,layer_mixture,learned_layers_mean_std,4,19968,1536,,,1.1997411000002103,0.7902332891694593,0.7888937788554158,0.7888937788554158,0.8164032844389103,0.8197674418604651,42,seed,26.0,,,,,,,,
wav2vec_layer_statistics,speaker_dependent,emotion_quadrant,layer_mixture,learned_layers_mean_std,4,19968,1536,,,0.554201799999646,0.7718434343434343,0.777685421994885,0.777685421994885,0.8053265210241956,0.8081395348837209,73,seed,12.0,,,,,,,,
wav2vec_layer_statistics,speaker_dependent,emotion_quadrant,layer_mixture,learned_layers_mean_std,4,19968,1536,,,,0.792440754194776,0.7924652074268443,0.7924652074268443,0.8227859507689584,0.8255813953488372,-1,ensemble,,0.00755734014451092,,,,,,,
wav2vec_layer_statistics,speaker_dependent,emotion_original_eval_quadrant,layer_mixture,learned_layers_mean_std,0,19968,1536,,,1.8841617999996743,0.757760330711254,0.7813428401663696,0.7813428401663696,0.7902054578258597,0.7816091954022989,13,seed,37.0,,,,0.6849735331956319,0.6827651515151515,0.6827651515151515,0.7117958283181184,0.7126436781609196
wav2vec_layer_statistics,speaker_dependent,emotion_original_eval_quadrant,layer_mixture,learned_layers_mean_std,0,19968,1536,,,0.5504970000001776,0.7614939957966206,0.7775363933452168,0.7775363933452168,0.7966766207843815,0.7873563218390804,42,seed,11.0,,,,0.6885955297911268,0.6841856060606061,0.6841856060606061,0.7098786224583062,0.7126436781609196
wav2vec_layer_statistics,speaker_dependent,emotion_original_eval_quadrant,layer_mixture,learned_layers_mean_std,0,19968,1536,,,0.5150186000000758,0.7587862763512696,0.7786597593582887,0.7786597593582887,0.7892835819040244,0.7816091954022989,73,seed,10.0,,,,0.6564863422369972,0.6576704545454546,0.6576704545454546,0.6817771024287923,0.6896551724137931
wav2vec_layer_statistics,speaker_dependent,emotion_original_eval_quadrant,layer_mixture,learned_layers_mean_std,0,19968,1536,,,,0.7581369701700322,0.7798109774212716,0.7798109774212716,0.7901263356441153,0.7816091954022989,-1,ensemble,,0.0015749625752408609,,,0.6981709287790849,0.6941287878787878,0.6941287878787878,0.7206322862302984,0.7241379310344828
wav2vec_layer_statistics,speaker_dependent,emotion_original_eval_quadrant,layer_mixture,learned_layers_mean_std,1,19968,1536,,,1.4907846999994945,0.7770691547287292,0.7712240693378801,0.7712240693378801,0.816106601873293,0.8218390804597702,13,seed,30.0,,,,0.7760554412781386,0.7784090909090908,0.7784090909090908,0.7870639371072732,0.7931034482758621
wav2vec_layer_statistics,speaker_dependent,emotion_original_eval_quadrant,layer_mixture,learned_layers_mean_std,1,19968,1536,,,1.538480399999571,0.773946707086298,0.7688530122193805,0.7688530122193805,0.8069724132958046,0.8103448275862069,42,seed,31.0,,,,0.7316233093323659,0.7339015151515151,0.7339015151515151,0.750562515240008,0.7586206896551724
wav2vec_layer_statistics,speaker_dependent,emotion_original_eval_quadrant,layer_mixture,learned_layers_mean_std,1,19968,1536,,,1.358332399999199,0.7549878131797658,0.7515363029269679,0.7515363029269679,0.7940321766784639,0.7988505747126436,73,seed,27.0,,,,0.7321127953332216,0.734375,0.734375,0.7505860286908255,0.7586206896551724
wav2vec_layer_statistics,speaker_dependent,emotion_original_eval_quadrant,layer_mixture,learned_layers_mean_std,1,19968,1536,,,,0.7795803782505911,0.7742877948280762,0.7742877948280762,0.8130349718757643,0.8160919540229885,-1,ensemble,,0.00975690628359011,,,0.7488888239837477,0.7509469696969697,0.7509469696969697,0.7682031951681927,0.7758620689655172
wav2vec_layer_statistics,speaker_dependent,emotion_original_eval_quadrant,layer_mixture,learned_layers_mean_std,2,19968,1536,,,1.1909777000000759,0.7727286188107083,0.7725383631713555,0.7725383631713555,0.8099831683222868,0.813953488372093,13,seed,25.0,,,,0.7096214675019022,0.7116477272727273,0.7116477272727273,0.7167266056042598,0.7151162790697675
wav2vec_layer_statistics,speaker_dependent,emotion_original_eval_quadrant,layer_mixture,learned_layers_mean_std,2,19968,1536,,,1.9060225000002902,0.8087127898798379,0.8117540494458653,0.8117540494458653,0.8414696360351195,0.8430232558139535,42,seed,40.0,,,,0.7473573720878303,0.7495265151515151,0.7495265151515151,0.7573760687030918,0.7558139534883721
wav2vec_layer_statistics,speaker_dependent,emotion_original_eval_quadrant,layer_mixture,learned_layers_mean_std,2,19968,1536,,,0.7331904000002396,0.7571551036682616,0.7648923699914748,0.7648923699914748,0.7907336523125996,0.7906976744186046,73,seed,15.0,,,,0.7026765811863038,0.7069128787878788,0.7069128787878788,0.7070427026606553,0.7034883720930233
wav2vec_layer_statistics,speaker_dependent,emotion_original_eval_quadrant,layer_mixture,learned_layers_mean_std,2,19968,1536,,,,0.7770461055906344,0.779891304347826,0.779891304347826,0.8167825817349116,0.8197674418604651,-1,ensemble,,0.021591124588372892,,,0.7194202291874565,0.7230113636363636,0.7230113636363636,0.7282667401808139,0.7267441860465116
wav2vec_layer_statistics,speaker_dependent,emotion_original_eval_quadrant,layer_mixture,learned_layers_mean_std,3,19968,1536,,,1.7090651999997135,0.820821133205011,0.8267529838022165,0.8267529838022165,0.8505786165931735,0.8546511627906976,13,seed,33.0,,,,0.7774658310562566,0.7863636363636364,0.7863636363636364,0.7925864426408711,0.7906976744186046
wav2vec_layer_statistics,speaker_dependent,emotion_original_eval_quadrant,layer_mixture,learned_layers_mean_std,3,19968,1536,,,1.8391129999999976,0.8087573925418413,0.8170289855072463,0.8170289855072463,0.8424247329152567,0.8430232558139535,42,seed,37.0,,,,0.7796091904105131,0.7863636363636364,0.7863636363636364,0.7918763606011424,0.7906976744186046
wav2vec_layer_statistics,speaker_dependent,emotion_original_eval_quadrant,layer_mixture,learned_layers_mean_std,3,19968,1536,,,0.3597491999998965,0.7365618235659599,0.7465632992327366,0.7465632992327366,0.7817578207660707,0.7906976744186046,73,seed,7.0,,,,0.7022393471024573,0.7240530303030304,0.7240530303030304,0.7094027704127539,0.7151162790697675
wav2vec_layer_statistics,speaker_dependent,emotion_original_eval_quadrant,layer_mixture,learned_layers_mean_std,3,19968,1536,,,,0.8214950182881879,0.8298167092924127,0.8298167092924127,0.8530894163929471,0.8546511627906976,-1,ensemble,,0.03720418924946336,,,0.781543590075876,0.7931818181818182,0.7931818181818182,0.7925694015124183,0.7906976744186046
wav2vec_layer_statistics,speaker_dependent,emotion_original_eval_quadrant,layer_mixture,learned_layers_mean_std,4,19968,1536,,,0.3516611999993984,0.7631528147342713,0.7495615637559372,0.7495615637559372,0.7985906634866796,0.8023255813953488,13,seed,7.0,,,,0.7057686702770446,0.6998106060606061,0.6998106060606061,0.7121035343225233,0.7151162790697675
wav2vec_layer_statistics,speaker_dependent,emotion_original_eval_quadrant,layer_mixture,learned_layers_mean_std,4,19968,1536,,,1.2394580000000133,0.8553839966265868,0.8553376291227953,0.8553376291227953,0.882025246063205,0.8837209302325582,42,seed,26.0,,,,0.7860984213189723,0.7921401515151516,0.7921401515151516,0.7904494772881915,0.7906976744186046
wav2vec_layer_statistics,speaker_dependent,emotion_original_eval_quadrant,layer_mixture,learned_layers_mean_std,4,19968,1536,,,0.810201600000255,0.8400123755740367,0.8441292722622646,0.8441292722622646,0.870848574057323,0.872093023255814,73,seed,17.0,,,,0.7947540522487846,0.8068181818181818,0.8068181818181818,0.7979344732717231,0.7965116279069767
wav2vec_layer_statistics,speaker_dependent,emotion_original_eval_quadrant,layer_mixture,learned_layers_mean_std,4,19968,1536,,,,0.848628212054862,0.8502873085993291,0.8502873085993291,0.8721578854206826,0.872093023255814,-1,ensemble,,0.04034609954921733,,,0.7869689718790005,0.787405303030303,0.787405303030303,0.792414789670389,0.7906976744186046
wav2vec_sequence,speaker_independent,emotion_original,attentive_statistics,last_layer_attention_mean_std,0,768,1536,,,6.998783300000468,0.3437600255412371,0.3669393106893107,0.3669393106893107,0.36000598173263715,0.3882978723404255,13,seed,6.0,,,,,,,,
wav2vec_sequence,speaker_independent,emotion_original,attentive_statistics,last_layer_attention_mean_std,0,768,1536,,,27.44259249999959,0.3936462522786921,0.38547598235098235,0.38547598235098235,0.4078702660420835,0.40425531914893614,42,seed,25.0,,,,,,,,
wav2vec_sequence,speaker_independent,emotion_original,attentive_statistics,last_layer_attention_mean_std,0,768,1536,,,14.277075999999397,0.36836329941852086,0.35509802697302695,0.35509802697302695,0.3823808185940731,0.3670212765957447,73,seed,12.0,,,,,,,,
wav2vec_sequence,speaker_independent,emotion_original,attentive_statistics,last_layer_attention_mean_std,0,768,1536,,,,0.3916938662183227,0.38893606393606395,0.38893606393606395,0.4077343075261669,0.4095744680851064,-1,ensemble,,0.020366596859975973,,,,,,,
wav2vec_sequence,speaker_independent,emotion_original,attentive_statistics,last_layer_attention_mean_std,1,768,1536,,,16.65298940000048,0.5071865554522204,0.5263694638694638,0.5263694638694638,0.5172542836915376,0.5280898876404494,13,seed,14.0,,,,,,,,
wav2vec_sequence,speaker_independent,emotion_original,attentive_statistics,last_layer_attention_mean_std,1,768,1536,,,10.40675360000023,0.4102249182941783,0.4653627622377622,0.4653627622377622,0.4160056285446985,0.43258426966292135,42,seed,9.0,,,,,,,,
wav2vec_sequence,speaker_independent,emotion_original,attentive_statistics,last_layer_attention_mean_std,1,768,1536,,,22.673648299999513,0.5052971669807369,0.517664627039627,0.517664627039627,0.505821310767866,0.5224719101123596,73,seed,19.0,,,,,,,,
wav2vec_sequence,speaker_independent,emotion_original,attentive_statistics,last_layer_attention_mean_std,1,768,1536,,,,0.5397788854768107,0.5625728438228438,0.5625728438228438,0.5444197112121154,0.550561797752809,-1,ensemble,,0.045269392823509384,,,,,,,
wav2vec_sequence,speaker_independent,emotion_original,attentive_statistics,last_layer_attention_mean_std,2,768,1536,,,32.468223699999726,0.6489434151079108,0.6601010101010101,0.6601010101010101,0.650288236278564,0.6513157894736842,13,seed,28.0,,,,,,,,
wav2vec_sequence,speaker_independent,emotion_original,attentive_statistics,last_layer_attention_mean_std,2,768,1536,,,15.108638600000631,0.5120489044189301,0.5672348484848485,0.5672348484848485,0.5085378603747296,0.5263157894736842,42,seed,12.0,,,,,,,,
wav2vec_sequence,speaker_independent,emotion_original,attentive_statistics,last_layer_attention_mean_std,2,768,1536,,,40.82951270000012,0.43866914277675373,0.4636363636363636,0.4636363636363636,0.4332388643766921,0.4605263157894737,73,seed,33.0,,,,,,,,
wav2vec_sequence,speaker_independent,emotion_original,attentive_statistics,last_layer_attention_mean_std,2,768,1536,,,,0.6102585015359885,0.6230429292929293,0.6230429292929293,0.6088174125648816,0.6118421052631579,-1,ensemble,,0.087139712900756,,,,,,,
wav2vec_sequence,speaker_independent,emotion_original,attentive_statistics,last_layer_attention_mean_std,3,768,1536,,,37.3704944000001,0.41885827408996745,0.4688762626262626,0.4688762626262626,0.4107122792477484,0.45454545454545453,13,seed,30.0,,,,,,,,
wav2vec_sequence,speaker_independent,emotion_original,attentive_statistics,last_layer_attention_mean_std,3,768,1536,,,24.703232700000626,0.4359425189533549,0.45334595959595964,0.45334595959595964,0.4413325834901163,0.461038961038961,42,seed,20.0,,,,,,,,
wav2vec_sequence,speaker_independent,emotion_original,attentive_statistics,last_layer_attention_mean_std,3,768,1536,,,38.80227459999969,0.4363334048713158,0.4864267676767677,0.4864267676767677,0.4289289982518282,0.474025974025974,73,seed,28.0,,,,,,,,
wav2vec_sequence,speaker_independent,emotion_original,attentive_statistics,last_layer_attention_mean_std,3,768,1536,,,,0.45806396886335754,0.5046085858585858,0.5046085858585858,0.4524728026579553,0.4935064935064935,-1,ensemble,,0.008147285916032735,,,,,,,
wav2vec_sequence,speaker_independent,emotion_original,attentive_statistics,last_layer_attention_mean_std,4,768,1536,,,42.099360700000034,0.47074449213226427,0.46724629537129536,0.46724629537129536,0.483132204105378,0.4739583333333333,13,seed,34.0,,,,,,,,
wav2vec_sequence,speaker_independent,emotion_original,attentive_statistics,last_layer_attention_mean_std,4,768,1536,,,30.415383100000327,0.49012422453595805,0.5064883033633034,0.5064883033633034,0.5025292144348025,0.4947916666666667,42,seed,25.0,,,,,,,,
wav2vec_sequence,speaker_independent,emotion_original,attentive_statistics,last_layer_attention_mean_std,4,768,1536,,,14.393887799999902,0.4550268444112753,0.47341720779220775,0.47341720779220775,0.46462918612831805,0.4791666666666667,73,seed,12.0,,,,,,,,
wav2vec_sequence,speaker_independent,emotion_original,attentive_statistics,last_layer_attention_mean_std,4,768,1536,,,,0.5286712012987627,0.530448717948718,0.530448717948718,0.538050222651464,0.5260416666666666,-1,ensemble,,0.014354420803890064,,,,,,,
wav2vec_sequence,speaker_independent,emotion_quadrant,attentive_statistics,last_layer_attention_mean_std,0,768,1536,,,13.986866899999768,0.4509910842680471,0.4464460784313725,0.4464460784313725,0.4972526328027953,0.48936170212765956,13,seed,12.0,,,,,,,,
wav2vec_sequence,speaker_independent,emotion_quadrant,attentive_statistics,last_layer_attention_mean_std,0,768,1536,,,8.760889399999542,0.5130088766452402,0.5326680672268908,0.5326680672268908,0.5452200926088739,0.526595744680851,42,seed,7.0,,,,,,,,
wav2vec_sequence,speaker_independent,emotion_quadrant,attentive_statistics,last_layer_attention_mean_std,0,768,1536,,,6.012496000000283,0.5043802403866011,0.5142682072829132,0.5142682072829132,0.536251238007693,0.5212765957446809,73,seed,5.0,,,,,,,,
wav2vec_sequence,speaker_independent,emotion_quadrant,attentive_statistics,last_layer_attention_mean_std,0,768,1536,,,,0.5195728255637961,0.5116421568627452,0.5116421568627452,0.5709875987381297,0.5478723404255319,-1,ensemble,,0.027428820864346844,,,,,,,
wav2vec_sequence,speaker_independent,emotion_quadrant,attentive_statistics,last_layer_attention_mean_std,1,768,1536,,,9.337007399999493,0.6586628167397782,0.6898552836052836,0.6898552836052836,0.6855625337560101,0.6853932584269663,13,seed,8.0,,,,,,,,
wav2vec_sequence,speaker_independent,emotion_quadrant,attentive_statistics,last_layer_attention_mean_std,1,768,1536,,,10.16906949999975,0.5755513389918836,0.5977806915306916,0.5977806915306916,0.615765406953285,0.6292134831460674,42,seed,9.0,,,,,,,,
wav2vec_sequence,speaker_independent,emotion_quadrant,attentive_statistics,last_layer_attention_mean_std,1,768,1536,,,21.430499699999928,0.531666579993278,0.5242084304584305,0.5242084304584305,0.5685124863079581,0.5730337078651685,73,seed,17.0,,,,,,,,
wav2vec_sequence,speaker_independent,emotion_quadrant,attentive_statistics,last_layer_attention_mean_std,1,768,1536,,,,0.6640407926053025,0.6731740481740482,0.6731740481740482,0.6930270783593901,0.702247191011236,-1,ensemble,,0.05266395979708155,,,,,,,
wav2vec_sequence,speaker_independent,emotion_quadrant,attentive_statistics,last_layer_attention_mean_std,2,768,1536,,,6.230200399999376,0.6513958568045433,0.65625,0.65625,0.6898770159021353,0.6842105263157895,13,seed,6.0,,,,,,,,
wav2vec_sequence,speaker_independent,emotion_quadrant,attentive_statistics,last_layer_attention_mean_std,2,768,1536,,,4.415799099999276,0.4690083632019116,0.5140625,0.5140625,0.49465258127397344,0.5526315789473685,42,seed,4.0,,,,,,,,
wav2vec_sequence,speaker_independent,emotion_quadrant,attentive_statistics,last_layer_attention_mean_std,2,768,1536,,,5.122647299999699,0.5111804042817324,0.5494791666666667,0.5494791666666667,0.5819257933323224,0.6118421052631579,73,seed,5.0,,,,,,,,
wav2vec_sequence,speaker_independent,emotion_quadrant,attentive_statistics,last_layer_attention_mean_std,2,768,1536,,,,0.6503963237372848,0.6494791666666666,0.6494791666666666,0.6878302756298662,0.6973684210526315,-1,ensemble,,0.07796299121852962,,,,,,,
wav2vec_sequence,speaker_independent,emotion_quadrant,attentive_statistics,last_layer_attention_mean_std,3,768,1536,,,10.826553099999728,0.5637969034358511,0.5631894986733696,0.5631894986733696,0.6126779884221789,0.6168831168831169,13,seed,10.0,,,,,,,,
wav2vec_sequence,speaker_independent,emotion_quadrant,attentive_statistics,last_layer_attention_mean_std,3,768,1536,,,6.5541921999993065,0.5346520673486785,0.5274839407903924,0.5274839407903924,0.5749811321102881,0.5974025974025974,42,seed,6.0,,,,,,,,
wav2vec_sequence,speaker_independent,emotion_quadrant,attentive_statistics,last_layer_attention_mean_std,3,768,1536,,,3.2398513999996794,0.5201404714428144,0.5381842619745845,0.5381842619745845,0.5737849068749225,0.5909090909090909,73,seed,3.0,,,,,,,,
wav2vec_sequence,speaker_independent,emotion_quadrant,attentive_statistics,last_layer_attention_mean_std,3,768,1536,,,,0.555589845427222,0.5486925708699902,0.5486925708699902,0.6122485822464353,0.6233766233766234,-1,ensemble,,0.01815333437582898,,,,,,,
wav2vec_sequence,speaker_independent,emotion_quadrant,attentive_statistics,last_layer_attention_mean_std,4,768,1536,,,14.422093199999836,0.5395592363671413,0.5563486842105263,0.5563486842105263,0.5718952125854438,0.5677083333333334,13,seed,14.0,,,,,,,,
wav2vec_sequence,speaker_independent,emotion_quadrant,attentive_statistics,last_layer_attention_mean_std,4,768,1536,,,23.640806999999768,0.5426414768806074,0.5582017543859649,0.5582017543859649,0.5909966643662296,0.59375,42,seed,23.0,,,,,,,,
wav2vec_sequence,speaker_independent,emotion_quadrant,attentive_statistics,last_layer_attention_mean_std,4,768,1536,,,5.197429699999702,0.4584174704537767,0.4857017543859649,0.4857017543859649,0.5234988143926581,0.5625,73,seed,5.0,,,,,,,,
wav2vec_sequence,speaker_independent,emotion_quadrant,attentive_statistics,last_layer_attention_mean_std,4,768,1536,,,,0.5593906053086921,0.5710855263157895,0.5710855263157895,0.6122760692373116,0.6145833333333334,-1,ensemble,,0.03899739256341938,,,,,,,
wav2vec_sequence,speaker_independent,emotion_original_eval_quadrant,attentive_statistics,last_layer_attention_mean_std,0,768,1536,,,13.964756999999736,0.5330049550618655,0.5440651260504201,0.5440651260504201,0.5731499779570707,0.5531914893617021,13,seed,13.0,,,,0.4262135481947227,0.4308753746253746,0.4308753746253746,0.4384072393987679,0.43617021276595747
wav2vec_sequence,speaker_independent,emotion_original_eval_quadrant,attentive_statistics,last_layer_attention_mean_std,0,768,1536,,,31.539490700000897,0.5660479569832071,0.5823879551820728,0.5823879551820728,0.6088182008506974,0.6063829787234043,42,seed,29.0,,,,0.4330295429208473,0.440831043956044,0.440831043956044,0.43961128947416156,0.43617021276595747
wav2vec_sequence,speaker_independent,emotion_original_eval_quadrant,attentive_statistics,last_layer_attention_mean_std,0,768,1536,,,18.137785599999916,0.5616084313709787,0.5689950980392157,0.5689950980392157,0.6050806807379221,0.601063829787234,73,seed,17.0,,,,0.4616565332074908,0.4789949633699634,0.4789949633699634,0.47007661552164864,0.4734042553191489
wav2vec_sequence,speaker_independent,emotion_original_eval_quadrant,attentive_statistics,last_layer_attention_mean_std,0,768,1536,,,,0.5729344835279244,0.5845588235294118,0.5845588235294118,0.6120809461046703,0.6063829787234043,-1,ensemble,,0.014642814774191071,,,0.4651605576100918,0.47331730769230773,0.47331730769230773,0.4753711306754124,0.4734042553191489
wav2vec_sequence,speaker_independent,emotion_original_eval_quadrant,attentive_statistics,last_layer_attention_mean_std,1,768,1536,,,18.61808639999981,0.6865838509316771,0.6767433954933955,0.6767433954933955,0.7001549305604019,0.7078651685393258,13,seed,17.0,,,,0.536458339016991,0.5548149766899767,0.5548149766899767,0.5374274663109561,0.5449438202247191
wav2vec_sequence,speaker_independent,emotion_original_eval_quadrant,attentive_statistics,last_layer_attention_mean_std,1,768,1536,,,20.28221840000151,0.5653639538006984,0.5627428127428127,0.5627428127428127,0.5990598979317754,0.6067415730337079,42,seed,15.0,,,,0.4030200103732788,0.4426354895104895,0.4426354895104895,0.40418527821924566,0.43820224719101125
wav2vec_sequence,speaker_independent,emotion_original_eval_quadrant,attentive_statistics,last_layer_attention_mean_std,1,768,1536,,,30.253774099999646,0.5765350176283599,0.6011315073815073,0.6011315073815073,0.6047826003561836,0.5955056179775281,73,seed,28.0,,,,0.426121239308359,0.45188665501165504,0.45188665501165504,0.4400588767083742,0.46629213483146065
wav2vec_sequence,speaker_independent,emotion_original_eval_quadrant,attentive_statistics,last_layer_attention_mean_std,1,768,1536,,,,0.6595313818394237,0.6738782051282052,0.6738782051282052,0.6737035478547253,0.6741573033707865,-1,ensemble,,0.05470100734285535,,,0.4958377798512923,0.5116185897435896,0.5116185897435896,0.5041488206133307,0.5168539325842697
wav2vec_sequence,speaker_independent,emotion_original_eval_quadrant,attentive_statistics,last_layer_attention_mean_std,2,768,1536,,,20.70187259999875,0.7117088537144638,0.7151041666666667,0.7151041666666667,0.7443521145078685,0.743421052631579,13,seed,18.0,,,,0.573728414489284,0.6078282828282828,0.6078282828282828,0.5695679216846264,0.5789473684210527
wav2vec_sequence,speaker_independent,emotion_original_eval_quadrant,attentive_statistics,last_layer_attention_mean_std,2,768,1536,,,33.48430940000071,0.563708507358393,0.5828125,0.5828125,0.6044650078734144,0.618421052631579,42,seed,32.0,,,,0.4753986971220094,0.49324494949494946,0.49324494949494946,0.49509920463817503,0.5131578947368421
wav2vec_sequence,speaker_independent,emotion_original_eval_quadrant,attentive_statistics,last_layer_attention_mean_std,2,768,1536,,,20.891213300001255,0.6368360828492209,0.6119791666666666,0.6119791666666666,0.6710102764178132,0.6907894736842105,73,seed,20.0,,,,0.49331875540776904,0.5315656565656566,0.5315656565656566,0.4789677076660574,0.5
wav2vec_sequence,speaker_independent,emotion_original_eval_quadrant,attentive_statistics,last_layer_attention_mean_std,2,768,1536,,,,0.7085921017506694,0.7088541666666667,0.7088541666666667,0.7309229051859285,0.7368421052631579,-1,ensemble,,0.06042228859886689,,,0.5877108933164834,0.6126893939393939,0.6126893939393939,0.5787094901756555,0.5921052631578947
wav2vec_sequence,speaker_independent,emotion_original_eval_quadrant,attentive_statistics,last_layer_attention_mean_std,3,768,1536,,,18.716547599999103,0.4412442396313364,0.45421379695573244,0.45421379695573244,0.4941832361187199,0.538961038961039,13,seed,15.0,,,,0.38235444365564,0.4256944444444445,0.4256944444444445,0.3871631687053569,0.43506493506493504
wav2vec_sequence,speaker_independent,emotion_original_eval_quadrant,attentive_statistics,last_layer_attention_mean_std,3,768,1536,,,28.614189100000658,0.5537690442586761,0.5658776707163804,0.5658776707163804,0.589605219808238,0.6298701298701299,42,seed,23.0,,,,0.4206741468517231,0.47108585858585855,0.47108585858585855,0.4291003437146105,0.4805194805194805
wav2vec_sequence,speaker_independent,emotion_original_eval_quadrant,attentive_statistics,last_layer_attention_mean_std,3,768,1536,,,28.55935529999988,0.5512199761794482,0.5502286691802821,0.5502286691802821,0.5927154827571687,0.5974025974025974,73,seed,23.0,,,,0.4990839974358775,0.49614898989898987,0.49614898989898987,0.4985666916411092,0.5
wav2vec_sequence,speaker_independent,emotion_original_eval_quadrant,attentive_statistics,last_layer_attention_mean_std,3,768,1536,,,,0.579078952847192,0.5856549364613881,0.5856549364613881,0.6202943428357286,0.6493506493506493,-1,ensemble,,0.05245420440069943,,,0.49758634890248443,0.5320075757575757,0.5320075757575757,0.5012385058926164,0.538961038961039
wav2vec_sequence,speaker_independent,emotion_original_eval_quadrant,attentive_statistics,last_layer_attention_mean_std,4,768,1536,,,30.415649000000485,0.4752099945410054,0.4676754385964912,0.4676754385964912,0.5336988780724277,0.5208333333333334,13,seed,25.0,,,,0.3897781150917018,0.3880962787212787,0.3880962787212787,0.39772220599799085,0.390625
wav2vec_sequence,speaker_independent,emotion_original_eval_quadrant,attentive_statistics,last_layer_attention_mean_std,4,768,1536,,,37.105430600000545,0.5969555470498283,0.6010855263157895,0.6010855263157895,0.6240477357744675,0.625,42,seed,33.0,,,,0.4852080767113907,0.5033248001998002,0.5033248001998002,0.48552954746061894,0.4895833333333333
wav2vec_sequence,speaker_independent,emotion_original_eval_quadrant,attentive_statistics,last_layer_attention_mean_std,4,768,1536,,,16.48310400000082,0.5999880440972395,0.6131140350877193,0.6131140350877193,0.645311198442185,0.6666666666666666,73,seed,15.0,,,,0.4786991995095437,0.5003902347652348,0.5003902347652348,0.5054507387128669,0.53125
wav2vec_sequence,speaker_independent,emotion_original_eval_quadrant,attentive_statistics,last_layer_attention_mean_std,4,768,1536,,,,0.5996093134939379,0.6099561403508772,0.6099561403508772,0.6411621939458353,0.6458333333333334,-1,ensemble,,0.05811935730802331,,,0.5327396331166594,0.542160964035964,0.542160964035964,0.5378233104075184,0.5364583333333334
wav2vec_sequence,speaker_dependent,emotion_original,attentive_statistics,last_layer_attention_mean_std,0,768,1536,,,57.066651600000114,0.5067350152675014,0.506155303030303,0.506155303030303,0.5251361203099948,0.5229885057471264,13,seed,48.0,,,,,,,,
wav2vec_sequence,speaker_dependent,emotion_original,attentive_statistics,last_layer_attention_mean_std,0,768,1536,,,22.422090100000787,0.43661590538380546,0.4375,0.4375,0.44926037205063524,0.4482758620689655,42,seed,21.0,,,,,,,,
wav2vec_sequence,speaker_dependent,emotion_original,attentive_statistics,last_layer_attention_mean_std,0,768,1536,,,33.94975189999968,0.4868201287035061,0.4848484848484848,0.4848484848484848,0.5001621396592307,0.4942528735632184,73,seed,32.0,,,,,,,,
wav2vec_sequence,speaker_dependent,emotion_original,attentive_statistics,last_layer_attention_mean_std,0,768,1536,,,,0.5284342845484967,0.5284090909090909,0.5284090909090909,0.5439627868038458,0.5402298850574713,-1,ensemble,,0.029502836618560003,,,,,,,
wav2vec_sequence,speaker_dependent,emotion_original,attentive_statistics,last_layer_attention_mean_std,1,768,1536,,,23.009442299999137,0.506800071267,0.5113636363636364,0.5113636363636364,0.5248613980962701,0.5287356321839081,13,seed,22.0,,,,,,,,
wav2vec_sequence,speaker_dependent,emotion_original,attentive_statistics,last_layer_attention_mean_std,1,768,1536,,,32.69306400000096,0.5177897697540554,0.5222537878787878,0.5222537878787878,0.5403993215323264,0.5459770114942529,42,seed,31.0,,,,,,,,
wav2vec_sequence,speaker_dependent,emotion_original,attentive_statistics,last_layer_attention_mean_std,1,768,1536,,,16.036987299999964,0.5023510285146293,0.5,0.5,0.5134493254632354,0.5114942528735632,73,seed,15.0,,,,,,,,
wav2vec_sequence,speaker_dependent,emotion_original,attentive_statistics,last_layer_attention_mean_std,1,768,1536,,,,0.5338867917706939,0.5383522727272727,0.5383522727272727,0.5506571541842186,0.5574712643678161,-1,ensemble,,0.006488641231728357,,,,,,,
wav2vec_sequence,speaker_dependent,emotion_original,attentive_statistics,last_layer_attention_mean_std,2,768,1536,,,7.781278599999496,0.48635095413836626,0.4673295454545454,0.4673295454545454,0.4941737550596864,0.47674418604651164,13,seed,7.0,,,,,,,,
wav2vec_sequence,speaker_dependent,emotion_original,attentive_statistics,last_layer_attention_mean_std,2,768,1536,,,16.20283930000005,0.4997840990230926,0.5014204545454545,0.5014204545454545,0.5164573427135222,0.5174418604651163,42,seed,15.0,,,,,,,,
wav2vec_sequence,speaker_dependent,emotion_original,attentive_statistics,last_layer_attention_mean_std,2,768,1536,,,19.197437400000126,0.47757648784857104,0.5085227272727273,0.5085227272727273,0.4846368780565695,0.5174418604651163,73,seed,18.0,,,,,,,,
wav2vec_sequence,speaker_dependent,emotion_original,attentive_statistics,last_layer_attention_mean_std,2,768,1536,,,,0.49487392279945475,0.5075757575757576,0.5075757575757576,0.5053866082564746,0.5174418604651163,-1,ensemble,,0.009132473403821348,,,,,,,
wav2vec_sequence,speaker_dependent,emotion_original,attentive_statistics,last_layer_attention_mean_std,3,768,1536,,,32.46092310000131,0.5174463674392169,0.5227272727272727,0.5227272727272727,0.5294774284966125,0.5232558139534884,13,seed,30.0,,,,,,,,
wav2vec_sequence,speaker_dependent,emotion_original,attentive_statistics,last_layer_attention_mean_std,3,768,1536,,,17.92038549999961,0.5147169415756784,0.5303977272727273,0.5303977272727273,0.5276782138519202,0.5523255813953488,42,seed,16.0,,,,,,,,
wav2vec_sequence,speaker_dependent,emotion_original,attentive_statistics,last_layer_attention_mean_std,3,768,1536,,,13.515751700000692,0.46294390292497944,0.4744318181818182,0.4744318181818182,0.47151461401955264,0.47093023255813954,73,seed,12.0,,,,,,,,
wav2vec_sequence,speaker_dependent,emotion_original,attentive_statistics,last_layer_attention_mean_std,3,768,1536,,,,0.5664587946768606,0.5627840909090909,0.5627840909090909,0.5823775035291181,0.5755813953488372,-1,ensemble,,0.025074147675327164,,,,,,,
wav2vec_sequence,speaker_dependent,emotion_original,attentive_statistics,last_layer_attention_mean_std,4,768,1536,,,25.986769499999355,0.4635912102782403,0.48011363636363635,0.48011363636363635,0.46920510173701296,0.47674418604651164,13,seed,24.0,,,,,,,,
wav2vec_sequence,speaker_dependent,emotion_original,attentive_statistics,last_layer_attention_mean_std,4,768,1536,,,22.06674059999932,0.5236799990144106,0.5426136363636364,0.5426136363636364,0.5240735315547141,0.5406976744186046,42,seed,20.0,,,,,,,,
wav2vec_sequence,speaker_dependent,emotion_original,attentive_statistics,last_layer_attention_mean_std,4,768,1536,,,22.161713499999678,0.49384510226615486,0.5227272727272727,0.5227272727272727,0.4985687833178653,0.5232558139534884,73,seed,20.0,,,,,,,,
wav2vec_sequence,speaker_dependent,emotion_original,attentive_statistics,last_layer_attention_mean_std,4,768,1536,,,,0.5616272932510298,0.5729166666666666,0.5729166666666666,0.5708759545948418,0.5755813953488372,-1,ensemble,,0.02453134406829941,,,,,,,
wav2vec_sequence,speaker_dependent,emotion_quadrant,attentive_statistics,last_layer_attention_mean_std,0,768,1536,,,20.254451300001165,0.6079669952424883,0.6537897355912062,0.6537897355912062,0.6126861280662301,0.603448275862069,13,seed,18.0,,,,,,,,
wav2vec_sequence,speaker_dependent,emotion_quadrant,attentive_statistics,last_layer_attention_mean_std,0,768,1536,,,50.93846069999927,0.5159405433891397,0.519375742721331,0.519375742721331,0.5482024598536583,0.5344827586206896,42,seed,45.0,,,,,,,,
wav2vec_sequence,speaker_dependent,emotion_quadrant,attentive_statistics,last_layer_attention_mean_std,0,768,1536,,,14.474521600001026,0.535094226896685,0.5708834670231728,0.5708834670231728,0.542357699359614,0.5344827586206896,73,seed,13.0,,,,,,,,
wav2vec_sequence,speaker_dependent,emotion_quadrant,attentive_statistics,last_layer_attention_mean_std,0,768,1536,,,,0.5753613158001873,0.5987355169340463,0.5987355169340463,0.5962162508698019,0.5804597701149425,-1,ensemble,,0.039645893438742336,,,,,,,
wav2vec_sequence,speaker_dependent,emotion_quadrant,attentive_statistics,last_layer_attention_mean_std,1,768,1536,,,24.584975300000224,0.5997554463873933,0.5943449843705598,0.5943449843705598,0.6472342546603846,0.6494252873563219,13,seed,22.0,,,,,,,,
wav2vec_sequence,speaker_dependent,emotion_quadrant,attentive_statistics,last_layer_attention_mean_std,1,768,1536,,,22.900048200001038,0.6099052845888289,0.5923202614379084,0.5923202614379084,0.645900430623259,0.6609195402298851,42,seed,22.0,,,,,,,,
wav2vec_sequence,speaker_dependent,emotion_quadrant,attentive_statistics,last_layer_attention_mean_std,1,768,1536,,,15.467983000000459,0.5674000756525028,0.5563015061096903,0.5563015061096903,0.6008949797366269,0.6091954022988506,73,seed,14.0,,,,,,,,
wav2vec_sequence,speaker_dependent,emotion_quadrant,attentive_statistics,last_layer_attention_mean_std,1,768,1536,,,,0.6199973051767212,0.6065466041489059,0.6065466041489059,0.6583540473581208,0.6724137931034483,-1,ensemble,,0.01812482035965616,,,,,,,
wav2vec_sequence,speaker_dependent,emotion_quadrant,attentive_statistics,last_layer_attention_mean_std,2,768,1536,,,32.11240680000083,0.5004882902700037,0.5261881926683717,0.5261881926683717,0.5479506026896575,0.5465116279069767,13,seed,28.0,,,,,,,,
wav2vec_sequence,speaker_dependent,emotion_quadrant,attentive_statistics,last_layer_attention_mean_std,2,768,1536,,,31.456737599999542,0.6060444764375388,0.6157022591645354,0.6157022591645354,0.6381135838375773,0.6337209302325582,42,seed,26.0,,,,,,,,
wav2vec_sequence,speaker_dependent,emotion_quadrant,attentive_statistics,last_layer_attention_mean_std,2,768,1536,,,47.770012200000565,0.6333131040132584,0.6422900682011936,0.6422900682011936,0.6690326833258026,0.6627906976744186,73,seed,37.0,,,,,,,,
wav2vec_sequence,speaker_dependent,emotion_quadrant,attentive_statistics,last_layer_attention_mean_std,2,768,1536,,,,0.6079946934785645,0.6182331628303496,0.6182331628303496,0.6506574695621957,0.6453488372093024,-1,ensemble,,0.05727915815841346,,,,,,,
wav2vec_sequence,speaker_dependent,emotion_quadrant,attentive_statistics,last_layer_attention_mean_std,3,768,1536,,,48.13204860000042,0.6124084721607941,0.6167945439045184,0.6167945439045184,0.6473950494110332,0.6453488372093024,13,seed,44.0,,,,,,,,
wav2vec_sequence,speaker_dependent,emotion_quadrant,attentive_statistics,last_layer_attention_mean_std,3,768,1536,,,20.438440800000535,0.6436684658971428,0.639386189258312,0.639386189258312,0.6872121243093754,0.6802325581395349,42,seed,17.0,,,,,,,,
wav2vec_sequence,speaker_dependent,emotion_quadrant,attentive_statistics,last_layer_attention_mean_std,3,768,1536,,,46.76301129999956,0.5833664339498617,0.5856244671781756,0.5856244671781756,0.6151986493427006,0.6162790697674418,73,seed,44.0,,,,,,,,
wav2vec_sequence,speaker_dependent,emotion_quadrant,attentive_statistics,last_layer_attention_mean_std,3,768,1536,,,,0.6416943774674757,0.6454337169650468,0.6454337169650468,0.6728252785355264,0.6744186046511628,-1,ensemble,,0.024623751516715933,,,,,,,
wav2vec_sequence,speaker_dependent,emotion_quadrant,attentive_statistics,last_layer_attention_mean_std,4,768,1536,,,16.80717259999983,0.5545008947752998,0.5898055269538646,0.5898055269538646,0.5617764070134265,0.563953488372093,13,seed,16.0,,,,,,,,
wav2vec_sequence,speaker_dependent,emotion_quadrant,attentive_statistics,last_layer_attention_mean_std,4,768,1536,,,21.769706799999767,0.6246714070243482,0.6468969010529113,0.6468969010529113,0.638301689190882,0.6337209302325582,42,seed,20.0,,,,,,,,
wav2vec_sequence,speaker_dependent,emotion_quadrant,attentive_statistics,last_layer_attention_mean_std,4,768,1536,,,7.7343554999988555,0.529272031251632,0.5384362440628425,0.5384362440628425,0.5810279862134868,0.5813953488372093,73,seed,7.0,,,,,,,,
wav2vec_sequence,speaker_dependent,emotion_quadrant,attentive_statistics,last_layer_attention_mean_std,4,768,1536,,,,0.6820802696078432,0.6936717374696915,0.6936717374696915,0.6947407945736435,0.6918604651162791,-1,ensemble,,0.04036147398725341,,,,,,,
wav2vec_sequence,speaker_dependent,emotion_original_eval_quadrant,attentive_statistics,last_layer_attention_mean_std,0,768,1536,,,10.69717060000039,0.6001446953459337,0.6143790849673203,0.6143790849673203,0.6268680016945203,0.632183908045977,13,seed,10.0,,,,0.4265705204047983,0.44554924242424243,0.44554924242424243,0.4375723000644662,0.4425287356321839
wav2vec_sequence,speaker_dependent,emotion_original_eval_quadrant,attentive_statistics,last_layer_attention_mean_std,0,768,1536,,,33.510412200001156,0.5982596321191647,0.5950961824123588,0.5950961824123588,0.63149093457252,0.632183908045977,42,seed,31.0,,,,0.4265376631387797,0.4313446969696969,0.4313446969696969,0.44191104192842207,0.4482758620689655
wav2vec_sequence,speaker_dependent,emotion_original_eval_quadrant,attentive_statistics,last_layer_attention_mean_std,0,768,1536,,,28.122437800000625,0.6634061484262819,0.6776960784313725,0.6776960784313725,0.69658467248242,0.7011494252873564,73,seed,26.0,,,,0.5585191313174858,0.5610795454545454,0.5610795454545454,0.5789785945862739,0.5747126436781609
wav2vec_sequence,speaker_dependent,emotion_original_eval_quadrant,attentive_statistics,last_layer_attention_mean_std,0,768,1536,,,,0.6484806690599374,0.6522393048128342,0.6522393048128342,0.6800247458363522,0.6839080459770115,-1,ensemble,,0.03027583102109208,,,0.5352516322919507,0.5345643939393939,0.5345643939393939,0.5570118973896272,0.5517241379310345
wav2vec_sequence,speaker_dependent,emotion_original_eval_quadrant,attentive_statistics,last_layer_attention_mean_std,1,768,1536,,,22.774401200000284,0.599404761904762,0.5969114094913328,0.5969114094913328,0.6377990276570398,0.6436781609195402,13,seed,22.0,,,,0.506800071267,0.5113636363636364,0.5113636363636364,0.5248613980962701,0.5287356321839081
wav2vec_sequence,speaker_dependent,emotion_original_eval_quadrant,attentive_statistics,last_layer_attention_mean_std,1,768,1536,,,32.49540750000051,0.6021752802088768,0.5974797527706736,0.5974797527706736,0.6526385286206837,0.6494252873563219,42,seed,31.0,,,,0.5177897697540554,0.5222537878787878,0.5222537878787878,0.5403993215323264,0.5459770114942529
wav2vec_sequence,speaker_dependent,emotion_original_eval_quadrant,attentive_statistics,last_layer_attention_mean_std,1,768,1536,,,15.63641749999988,0.5964490745612497,0.5921781756180733,0.5921781756180733,0.6376672876979494,0.6436781609195402,73,seed,15.0,,,,0.5023510285146293,0.5,0.5,0.5134493254632354,0.5114942528735632
wav2vec_sequence,speaker_dependent,emotion_original_eval_quadrant,attentive_statistics,last_layer_attention_mean_std,1,768,1536,,,,0.6243383345039033,0.6150895140664961,0.6150895140664961,0.6644195530888023,0.6666666666666666,-1,ensemble,,0.002338121051541399,,,0.5338867917706939,0.5383522727272727,0.5383522727272727,0.5506571541842186,0.5574712643678161
wav2vec_sequence,speaker_dependent,emotion_original_eval_quadrant,attentive_statistics,last_layer_attention_mean_std,2,768,1536,,,7.629360799999631,0.5823835511139638,0.5999840153452685,0.5999840153452685,0.6223673078955116,0.6162790697674418,13,seed,7.0,,,,0.48635095413836626,0.4673295454545454,0.4673295454545454,0.4941737550596864,0.47674418604651164
wav2vec_sequence,speaker_dependent,emotion_original_eval_quadrant,attentive_statistics,last_layer_attention_mean_std,2,768,1536,,,16.630612400000246,0.6244386832073399,0.6295023444160273,0.6295023444160273,0.6675156383590954,0.6627906976744186,42,seed,15.0,,,,0.4997840990230926,0.5014204545454545,0.5014204545454545,0.5164573427135222,0.5174418604651163
wav2vec_sequence,speaker_dependent,emotion_original_eval_quadrant,attentive_statistics,last_layer_attention_mean_std,2,768,1536,,,19.538224199999604,0.5601411439334335,0.5697197357203752,0.5697197357203752,0.6120288386952614,0.6337209302325582,73,seed,18.0,,,,0.47757648784857104,0.5085227272727273,0.5085227272727273,0.4846368780565695,0.5174418604651163
wav2vec_sequence,speaker_dependent,emotion_original_eval_quadrant,attentive_statistics,last_layer_attention_mean_std,2,768,1536,,,,0.5998510064380073,0.6024083546462063,0.6024083546462063,0.6437761964491576,0.6511627906976745,-1,ensemble,,0.02666152527364593,,,0.49487392279945475,0.5075757575757576,0.5075757575757576,0.5053866082564746,0.5174418604651163
wav2vec_sequence,speaker_dependent,emotion_original_eval_quadrant,attentive_statistics,last_layer_attention_mean_std,3,768,1536,,,31.93278100000134,0.6342047213021055,0.6428228900255755,0.6428228900255755,0.6705057967778894,0.6744186046511628,13,seed,30.0,,,,0.5174463674392169,0.5227272727272727,0.5227272727272727,0.5294774284966125,0.5232558139534884
wav2vec_sequence,speaker_dependent,emotion_original_eval_quadrant,attentive_statistics,last_layer_attention_mean_std,3,768,1536,,,17.62663050000083,0.6532898372624016,0.6594469309462916,0.6594469309462916,0.6850398904462812,0.6918604651162791,42,seed,16.0,,,,0.5147169415756784,0.5303977272727273,0.5303977272727273,0.5276782138519202,0.5523255813953488
wav2vec_sequence,speaker_dependent,emotion_original_eval_quadrant,attentive_statistics,last_layer_attention_mean_std,3,768,1536,,,13.1144830000012,0.5546306259305267,0.5748081841432225,0.5748081841432225,0.5841491101223552,0.5697674418604651,73,seed,12.0,,,,0.46294390292497944,0.4744318181818182,0.4744318181818182,0.47151461401955264,0.47093023255813954
wav2vec_sequence,speaker_dependent,emotion_original_eval_quadrant,attentive_statistics,last_layer_attention_mean_std,3,768,1536,,,,0.6553658570766381,0.6684782608695652,0.6684782608695652,0.6845474113038633,0.6802325581395349,-1,ensemble,,0.04272641426831705,,,0.5664587946768606,0.5627840909090909,0.5627840909090909,0.5823775035291181,0.5755813953488372
wav2vec_sequence,speaker_dependent,emotion_original_eval_quadrant,attentive_statistics,last_layer_attention_mean_std,4,768,1536,,,25.726519599998937,0.5601630872130646,0.5594869963795794,0.5594869963795794,0.5966113377667092,0.6104651162790697,13,seed,24.0,,,,0.4635912102782403,0.48011363636363635,0.48011363636363635,0.46920510173701296,0.47674418604651164
wav2vec_sequence,speaker_dependent,emotion_original_eval_quadrant,attentive_statistics,last_layer_attention_mean_std,4,768,1536,,,21.773253399998794,0.5698757763975155,0.5670109941209686,0.5670109941209686,0.6196013289036546,0.6395348837209303,42,seed,20.0,,,,0.5236799990144106,0.5426136363636364,0.5426136363636364,0.5240735315547141,0.5406976744186046
wav2vec_sequence,speaker_dependent,emotion_original_eval_quadrant,attentive_statistics,last_layer_attention_mean_std,4,768,1536,,,21.416485300000204,0.6340884989877567,0.6481200385292456,0.6481200385292456,0.6548324249673235,0.6511627906976745,73,seed,20.0,,,,0.49384510226615486,0.5227272727272727,0.5227272727272727,0.4985687833178653,0.5232558139534884
wav2vec_sequence,speaker_dependent,emotion_original_eval_quadrant,attentive_statistics,last_layer_attention_mean_std,4,768,1536,,,,0.6565984345589608,0.6548394061181785,0.6548394061181785,0.6919899272255453,0.6976744186046512,-1,ensemble,,0.0328000280821404,,,0.5616272932510298,0.5729166666666666,0.5729166666666666,0.5708759545948418,0.5755813953488372
egemaps,speaker_independent,emotion_original,logistic_regression,l2_reference,0,88,88,676.0,188.0,0.04834800000026007,0.4502577976628934,0.44198822011322014,0.44198822011322014,0.4668527661131061,0.4521276595744681,-1,deterministic,,,,,,,,,
egemaps,speaker_independent,emotion_original,logistic_regression,l2_reference,1,88,88,686.0,178.0,0.04539939999995113,0.483293979927437,0.4833551864801865,0.4833551864801865,0.4832182457994609,0.47752808988764045,-1,deterministic,,,,,,,,,
egemaps,speaker_independent,emotion_original,logistic_regression,l2_reference,2,88,88,712.0,152.0,0.04937380000046687,0.5420430239343098,0.5431186868686868,0.5431186868686868,0.5623862876111869,0.5657894736842105,-1,deterministic,,,,,,,,,
egemaps,speaker_independent,emotion_original,logistic_regression,l2_reference,3,88,88,710.0,154.0,0.04692620000059833,0.45958713272543056,0.494760101010101,0.494760101010101,0.45287964315319934,0.487012987012987,-1,deterministic,,,,,,,,,
egemaps,speaker_independent,emotion_original,logistic_regression,l2_reference,4,88,88,672.0,192.0,0.04635070000040287,0.3991896392703423,0.3960154428904429,0.3960154428904429,0.4180876090273508,0.40625,-1,deterministic,,,,,,,,,
egemaps,speaker_independent,emotion_quadrant,logistic_regression,l2_reference,0,88,88,676.0,188.0,0.03631200000017998,0.5717091942772093,0.5818802521008404,0.5818802521008404,0.6058880492188823,0.5904255319148937,-1,deterministic,,,,,,,,,
egemaps,speaker_independent,emotion_quadrant,logistic_regression,l2_reference,1,88,88,686.0,178.0,0.03548489999957383,0.5323625046451134,0.532051282051282,0.532051282051282,0.576936855686245,0.5674157303370787,-1,deterministic,,,,,,,,,
egemaps,speaker_independent,emotion_quadrant,logistic_regression,l2_reference,2,88,88,712.0,152.0,0.03979749999962223,0.5947770265939138,0.6026041666666666,0.6026041666666666,0.6277339095078045,0.625,-1,deterministic,,,,,,,,,
egemaps,speaker_independent,emotion_quadrant,logistic_regression,l2_reference,3,88,88,710.0,154.0,0.03968149999855086,0.5188312370808955,0.509268956849602,0.509268956849602,0.5599698973205612,0.5714285714285714,-1,deterministic,,,,,,,,,
egemaps,speaker_independent,emotion_quadrant,logistic_regression,l2_reference,4,88,88,672.0,192.0,0.044021399999110145,0.49277735495579883,0.5235087719298246,0.5235087719298246,0.5090945348632984,0.515625,-1,deterministic,,,,,,,,,
egemaps,speaker_dependent,emotion_original,logistic_regression,l2_reference,0,88,88,690.0,174.0,0.043355499999961467,0.4601667742195693,0.4654356060606061,0.4654356060606061,0.46882542031396174,0.46551724137931033,-1,deterministic,,,,,,,,,
egemaps,speaker_dependent,emotion_original,logistic_regression,l2_reference,1,88,88,690.0,174.0,0.05042759999923874,0.5036488624878754,0.5023674242424242,0.5023674242424242,0.5148708732889771,0.5114942528735632,-1,deterministic,,,,,,,,,
egemaps,speaker_dependent,emotion_original,logistic_regression,l2_reference,2,88,88,692.0,172.0,0.04423139999926207,0.48337487446264826,0.49810606060606066,0.49810606060606066,0.48542412928745293,0.4941860465116279,-1,deterministic,,,,,,,,,
egemaps,speaker_dependent,emotion_original,logistic_regression,l2_reference,3,88,88,692.0,172.0,0.046624900000097114,0.5603673471410808,0.5657196969696969,0.5657196969696969,0.588829926120047,0.5930232558139535,-1,deterministic,,,,,,,,,
egemaps,speaker_dependent,emotion_original,logistic_regression,l2_reference,4,88,88,692.0,172.0,0.04653820000021369,0.48226772772443965,0.4834280303030303,0.4834280303030303,0.5050704492929123,0.5058139534883721,-1,deterministic,,,,,,,,,
egemaps,speaker_dependent,emotion_quadrant,logistic_regression,l2_reference,0,88,88,690.0,174.0,0.03904730000067502,0.6186519848076452,0.64657605466429,0.64657605466429,0.6307721231273605,0.632183908045977,-1,deterministic,,,,,,,,,
egemaps,speaker_dependent,emotion_quadrant,logistic_regression,l2_reference,1,88,88,690.0,174.0,0.038422399999035406,0.600450012950013,0.6007388462631429,0.6007388462631429,0.6354956877945385,0.6264367816091954,-1,deterministic,,,,,,,,,
egemaps,speaker_dependent,emotion_quadrant,logistic_regression,l2_reference,2,88,88,692.0,172.0,0.03677779999998165,0.5717275749754653,0.5818147911338448,0.5818147911338448,0.5984673098830156,0.6046511627906976,-1,deterministic,,,,,,,,,
egemaps,speaker_dependent,emotion_quadrant,logistic_regression,l2_reference,3,88,88,692.0,172.0,0.04176189999998314,0.6515603876998523,0.6539322250639387,0.6539322250639387,0.686167574921931,0.686046511627907,-1,deterministic,,,,,,,,,
egemaps,speaker_dependent,emotion_quadrant,logistic_regression,l2_reference,4,88,88,692.0,172.0,0.04809260000001814,0.5761141636141636,0.5887094363437075,0.5887094363437075,0.6056087968878667,0.5988372093023255,-1,deterministic,,,,,,,,,
egemaps,speaker_independent,emotion_original,logistic_regression,elastic_net,0,88,85,,,100.1259300999991,0.44266732247369706,0.4406676656676657,0.4406676656676657,0.45458673382456904,0.44680851063829785,42,deterministic,,,1.0,0.9,,,,,
egemaps,speaker_independent,emotion_original,logistic_regression,elastic_net,1,88,87,,,91.68605899999966,0.5354870963892909,0.5395906177156178,0.5395906177156178,0.5464699775414714,0.5393258426966292,42,deterministic,,,0.1,0.1,,,,,
egemaps,speaker_independent,emotion_original,logistic_regression,elastic_net,2,88,87,,,109.70832669999982,0.48528414954498544,0.49154040404040406,0.49154040404040406,0.5023929617175502,0.506578947368421,42,deterministic,,,0.1,0.1,,,,,
egemaps,speaker_independent,emotion_original,logistic_regression,elastic_net,3,88,87,,,104.71739600000001,0.47787804226580277,0.5225378787878788,0.5225378787878788,0.47007007108444565,0.512987012987013,42,deterministic,,,0.1,0.1,,,,,
egemaps,speaker_independent,emotion_original,logistic_regression,elastic_net,4,88,83,,,93.66570569999931,0.4084207382195356,0.42168248418248416,0.42168248418248416,0.4293527946511295,0.4322916666666667,42,deterministic,,,0.1,0.5,,,,,
egemaps,speaker_independent,emotion_quadrant,logistic_regression,elastic_net,0,88,86,,,55.67462490000071,0.5880317788548151,0.6022934173669467,0.6022934173669467,0.6233213471863157,0.6117021276595744,42,deterministic,,,0.1,0.1,,,,,
egemaps,speaker_independent,emotion_quadrant,logistic_regression,elastic_net,1,88,82,,,56.24833000000035,0.5544385647319255,0.5542929292929293,0.5542929292929293,0.6006659001980726,0.5898876404494382,42,deterministic,,,1.0,0.9,,,,,
egemaps,speaker_independent,emotion_quadrant,logistic_regression,elastic_net,2,88,88,,,63.89223590000074,0.5928751899455044,0.6057291666666667,0.6057291666666667,0.6261037983462407,0.625,42,deterministic,,,10.0,0.5,,,,,
egemaps,speaker_independent,emotion_quadrant,logistic_regression,elastic_net,3,88,77,,,55.79917440000099,0.5912648044795186,0.5943042172880882,0.5943042172880882,0.6159223962648048,0.6233766233766234,42,deterministic,,,0.1,0.5,,,,,
egemaps,speaker_independent,emotion_quadrant,logistic_regression,elastic_net,4,88,73,,,57.145719300000565,0.5238639649306902,0.5771820175438597,0.5771820175438597,0.5142530224107631,0.5260416666666666,42,deterministic,,,0.1,0.5,,,,,
egemaps,speaker_dependent,emotion_original,logistic_regression,elastic_net,0,88,88,,,112.6613099999995,0.46988487613249547,0.47632575757575757,0.47632575757575757,0.47860777958576367,0.47701149425287354,42,deterministic,,,1.0,0.1,,,,,
egemaps,speaker_dependent,emotion_original,logistic_regression,elastic_net,1,88,87,,,111.89786350000031,0.48314470872069426,0.4805871212121212,0.4805871212121212,0.49890572048005444,0.4942528735632184,42,deterministic,,,1.0,0.5,,,,,
egemaps,speaker_dependent,emotion_original,logistic_regression,elastic_net,2,88,88,,,108.63547910000125,0.47001615774665984,0.4881628787878788,0.4881628787878788,0.4711322773798995,0.48255813953488375,42,deterministic,,,1.0,0.5,,,,,
egemaps,speaker_dependent,emotion_original,logistic_regression,elastic_net,3,88,88,,,92.09839410000131,0.5604428530305403,0.5657196969696969,0.5657196969696969,0.5887596880833407,0.5930232558139535,42,deterministic,,,1.0,0.1,,,,,
egemaps,speaker_dependent,emotion_original,logistic_regression,elastic_net,4,88,84,,,106.36527770000066,0.4548238348492153,0.4569128787878788,0.4569128787878788,0.4810873303006131,0.48255813953488375,42,deterministic,,,1.0,0.9,,,,,
egemaps,speaker_dependent,emotion_quadrant,logistic_regression,elastic_net,0,88,85,,,52.52889080000023,0.6392151767151767,0.6754586304218657,0.6754586304218657,0.6455397041603939,0.6436781609195402,42,deterministic,,,1.0,0.9,,,,,
egemaps,speaker_dependent,emotion_quadrant,logistic_regression,elastic_net,1,88,88,,,65.5931956000004,0.595405574255406,0.5982079425973288,0.5982079425973288,0.6197789900439418,0.6091954022988506,42,deterministic,,,10.0,0.1,,,,,
egemaps,speaker_dependent,emotion_quadrant,logistic_regression,elastic_net,2,88,87,,,55.4664916999991,0.5210036524786306,0.5302642796248934,0.5302642796248934,0.5552243048618899,0.5581395348837209,42,deterministic,,,0.1,0.1,,,,,
egemaps,speaker_dependent,emotion_quadrant,logistic_regression,elastic_net,3,88,88,,,52.579667699999845,0.6887415324401627,0.6958120204603581,0.6958120204603581,0.7299939436161162,0.7267441860465116,42,deterministic,,,0.1,0.1,,,,,
egemaps,speaker_dependent,emotion_quadrant,logistic_regression,elastic_net,4,88,88,,,58.045214800000394,0.6074403594771242,0.6237851662404093,0.6237851662404093,0.6330082459340326,0.627906976744186,42,deterministic,,,1.0,0.5,,,,,
